{"type":"FeatureCollection","name":"commerces","crs":{"type":"name","properties":{"name":"urn:ogc:def:crs:OGC:1.3:CRS84"}},"features":[{"type":"Feature","properties":{"osm_id":"node/10062288925","type":"restaurant","name":"Le Dinan","brand":null,"operator":null,"wheelchair":null,"opening_hours":"Mo-Fr 08:45-15:00; Sa 08:45-16:00, 18:30-23:00; Su 08:45-16:00","level":null,"siret":"50765720300018","profession_ref":null,"wikidata":null,"website":null,"phone":"+33 2 43 44 22 81","email":null,"facebook":"https://www.facebook.com/people/LE-DINAN/100063527832168/","address":"2 Rue du Dinan","com_insee":"72356","com_nom":"Thoiré-sur-Dinan","last_update":"2025-08-27"},"geometry":{"type":"Point","coordinates":[0.4488861,47.75363919999571]}},{"type":"Feature","properties":{"osm_id":"node/10209561943","type":"computer","name":"ElCorp","brand":null,"operator":null,"wheelchair":null,"opening_hours":null,"level":null,"siret":"81529692600018","profession_ref":null,"wikidata":null,"website":"https://www.elcorp.fr","phone":"+33 2 52 50 00 33","email":"elvis.k@elcorp.fr","facebook":"https://www.facebook.com/ElCorp72/","address":"22-24 Avenue Jean Jaurès","com_insee":"72071","com_nom":"Montval-sur-Loir","last_update":"2025-07-27"},"geometry":{"type":"Point","coordinates":[0.4166909,47.69318510000969]}},{"type":"Feature","properties":{"osm_id":"node/10274252746","type":"hairdresser","name":"Color & Moi","brand":null,"operator":null,"wheelchair":null,"opening_hours":"Tu 09:00-12:00,14:00-19:00; We 09:00-12:00; Th 09:00-12:00,14:00-19:30; Fr 09:00-18:30; Sa 09:00-16:00","level":null,"siret":"84168116600010","profession_ref":null,"wikidata":null,"website":null,"phone":null,"email":null,"facebook":null,"address":null,"com_insee":"72052","com_nom":"Chahaignes","last_update":"2022-12-19"},"geometry":{"type":"Point","coordinates":[0.5150016,47.741673199998466]}},{"type":"Feature","properties":{"osm_id":"node/10274252747","type":"restaurant","name":"Silex","brand":null,"operator":null,"wheelchair":null,"opening_hours":null,"level":null,"siret":"91132042200015","profession_ref":null,"wikidata":null,"website":"https://silex-restaurant.fr/","phone":"+33 2 43 44 62 62","email":null,"facebook":null,"address":"15 Place de l'Église","com_insee":"72052","com_nom":"Chahaignes","last_update":"2025-06-27"},"geometry":{"type":"Point","coordinates":[0.5145727,47.74178639999846]}},{"type":"Feature","properties":{"osm_id":"node/10274252753","type":"convenience","name":"L'Épicerie de Chahaignes","brand":null,"operator":null,"wheelchair":null,"opening_hours":null,"level":null,"siret":"51243564500019","profession_ref":null,"wikidata":null,"website":null,"phone":null,"email":null,"facebook":null,"address":null,"com_insee":"72052","com_nom":"Chahaignes","last_update":"2025-08-28"},"geometry":{"type":"Point","coordinates":[0.5140078,47.741835999998465]}},{"type":"Feature","properties":{"osm_id":"node/10274252754","type":"bakery","name":"Ma Boulangerie d'Antan","brand":null,"operator":null,"wheelchair":null,"opening_hours":null,"level":null,"siret":"91758145600014","profession_ref":null,"wikidata":null,"website":null,"phone":null,"email":null,"facebook":null,"address":null,"com_insee":"72052","com_nom":"Chahaignes","last_update":"2022-12-19"},"geometry":{"type":"Point","coordinates":[0.5142009,47.741639399998476]}},{"type":"Feature","properties":{"osm_id":"node/10290238634","type":"winery","name":"Domaine de la Raderie","brand":null,"operator":null,"wheelchair":"yes","opening_hours":"Mo-Sa 10:00-12:00,14:00-18:00; Su 10:00-12:00","level":null,"siret":null,"profession_ref":null,"wikidata":null,"website":"https://laraderie.fr/","phone":"+33 2 43 79 14 90","email":null,"facebook":null,"address":null,"com_insee":"72052","com_nom":"Chahaignes","last_update":"2024-11-10"},"geometry":{"type":"Point","coordinates":[0.5145469,47.746855499997295]}},{"type":"Feature","properties":{"osm_id":"node/11194955286","type":"car_wash","name":"Oki","brand":null,"operator":null,"wheelchair":null,"opening_hours":null,"level":null,"siret":null,"profession_ref":null,"wikidata":null,"website":null,"phone":null,"email":null,"facebook":null,"address":null,"com_insee":"72325","com_nom":"Saint-Vincent-du-Lorouër","last_update":"2025-08-30"},"geometry":{"type":"Point","coordinates":[0.4908925,47.82670439997866]}},{"type":"Feature","properties":{"osm_id":"node/11194955293","type":"restaurant","name":"Les Mères Cocottes","brand":null,"operator":null,"wheelchair":null,"opening_hours":"Th-Su 12:00-14:00; Sa 12:00-14:00,19:00-22:00","level":null,"siret":null,"profession_ref":null,"wikidata":null,"website":null,"phone":"+33 2 43 46 80 52","email":null,"facebook":null,"address":null,"com_insee":"72027","com_nom":"Beaumont-sur-Dême","last_update":"2023-09-16"},"geometry":{"type":"Point","coordinates":[0.5691708,47.69430140000944]}},{"type":"Feature","properties":{"osm_id":"node/11194955313","type":"bar","name":"Au Saint-Pierre","brand":null,"operator":null,"wheelchair":null,"opening_hours":"Mo-Sa 07:30-13:30,17:30-19:30; Th off; Su 07:30-13:30","level":null,"siret":"34286741300011","profession_ref":null,"wikidata":null,"website":null,"phone":null,"email":null,"facebook":null,"address":null,"com_insee":"72311","com_nom":"Saint-Pierre-de-Chevillé","last_update":"2023-09-16"},"geometry":{"type":"Point","coordinates":[0.4392573,47.64605210002051]}},{"type":"Feature","properties":{"osm_id":"node/11195035042","type":"bar","name":"Bar du gué","brand":null,"operator":null,"wheelchair":null,"opening_hours":null,"level":null,"siret":"45121865500012","profession_ref":null,"wikidata":null,"website":null,"phone":null,"email":null,"facebook":null,"address":null,"com_insee":"72221","com_nom":"Nogent-sur-Loir","last_update":"2023-09-16"},"geometry":{"type":"Point","coordinates":[0.3946716,47.65507750001846]}},{"type":"Feature","properties":{"osm_id":"node/11195035055","type":"bar","name":"Le Globe Trotteur","brand":null,"operator":null,"wheelchair":null,"opening_hours":null,"level":null,"siret":"92264808400015","profession_ref":null,"wikidata":null,"website":null,"phone":null,"email":null,"facebook":null,"address":null,"com_insee":"72071","com_nom":"Montval-sur-Loir","last_update":"2025-07-27"},"geometry":{"type":"Point","coordinates":[0.41765,47.69409930000949]}},{"type":"Feature","properties":{"osm_id":"node/11195035067","type":"clothes","name":"Vesti Boutique","brand":null,"operator":"La Croix Rouge","wheelchair":null,"opening_hours":null,"level":null,"siret":null,"profession_ref":null,"wikidata":null,"website":null,"phone":"+33 2 43 38 28 22","email":null,"facebook":null,"address":"26 Rue Aristide Briand","com_insee":"72071","com_nom":"Montval-sur-Loir","last_update":"2025-07-25"},"geometry":{"type":"Point","coordinates":[0.4209405,47.69335040000965]}},{"type":"Feature","properties":{"osm_id":"node/11195035068","type":"insurance","name":"MMA","brand":"MMA","operator":null,"wheelchair":null,"opening_hours":null,"level":null,"siret":"53252561500011","profession_ref":null,"wikidata":"Q3331046","website":null,"phone":null,"email":null,"facebook":null,"address":null,"com_insee":"72071","com_nom":"Montval-sur-Loir","last_update":"2023-09-16"},"geometry":{"type":"Point","coordinates":[0.4192159,47.69315950000971]}},{"type":"Feature","properties":{"osm_id":"node/11195035072","type":"chocolate","name":"Mousse et Chocolat","brand":null,"operator":null,"wheelchair":null,"opening_hours":null,"level":null,"siret":"39531209300010","profession_ref":null,"wikidata":null,"website":null,"phone":null,"email":null,"facebook":null,"address":null,"com_insee":"72071","com_nom":"Montval-sur-Loir","last_update":"2023-09-16"},"geometry":{"type":"Point","coordinates":[0.415327,47.68898990001065]}},{"type":"Feature","properties":{"osm_id":"node/11195035073","type":"bakery","name":"Ma Petite Boulangerie","brand":null,"operator":null,"wheelchair":null,"opening_hours":"Tu-Sa 06:30-19:30; Su 06:30-13:30","level":null,"siret":"91280465500013","profession_ref":null,"wikidata":null,"website":null,"phone":"+33 2 43 44 03 78","email":null,"facebook":null,"address":null,"com_insee":"72071","com_nom":"Montval-sur-Loir","last_update":"2023-09-16"},"geometry":{"type":"Point","coordinates":[0.4153209,47.68871320001071]}},{"type":"Feature","properties":{"osm_id":"node/11195035074","type":"bakery","name":"Aux saveurs de Château","brand":null,"operator":null,"wheelchair":null,"opening_hours":null,"level":null,"siret":"82946039300012","profession_ref":null,"wikidata":null,"website":null,"phone":null,"email":null,"facebook":null,"address":null,"com_insee":"72071","com_nom":"Montval-sur-Loir","last_update":"2023-09-16"},"geometry":{"type":"Point","coordinates":[0.4169456,47.6935531000096]}},{"type":"Feature","properties":{"osm_id":"node/11407921586","type":"restaurant","name":"Ô Saule","brand":null,"operator":null,"wheelchair":null,"opening_hours":"Th-Fr 19:30-21:00; Sa-Su 12:00-14:00,19:30-21:00","level":null,"siret":"51181965800036","profession_ref":null,"wikidata":null,"website":"https://www.osaule.zd.fr/","phone":"+33 6 48 20 74 29","email":"osaule@orange.fr","facebook":"https://www.facebook.com/osaule1922/","address":null,"com_insee":"72356","com_nom":"Thoiré-sur-Dinan","last_update":"2024-09-18"},"geometry":{"type":"Point","coordinates":[0.4702933,47.76159809999385]}},{"type":"Feature","properties":{"osm_id":"node/11949533060","type":"beauty","name":"Natur'Elle &zen","brand":null,"operator":null,"wheelchair":null,"opening_hours":"Tu-Fr 09:00-18:30; Sa 09:00-14:00","level":null,"siret":null,"profession_ref":null,"wikidata":null,"website":null,"phone":"+33 9 51 71 94 49","email":null,"facebook":"https://www.facebook.com/naturelleetzen","address":null,"com_insee":"72143","com_nom":"Le Grand-Lucé","last_update":"2026-01-09"},"geometry":{"type":"Point","coordinates":[0.470228,47.86471319996972]}},{"type":"Feature","properties":{"osm_id":"node/11949535176","type":"bar","name":"Bar des sports","brand":null,"operator":null,"wheelchair":null,"opening_hours":"Su,PH -17:00; Sa -19:00","level":null,"siret":"49117455300017","profession_ref":null,"wikidata":null,"website":null,"phone":null,"email":null,"facebook":null,"address":null,"com_insee":"72143","com_nom":"Le Grand-Lucé","last_update":"2025-11-03"},"geometry":{"type":"Point","coordinates":[0.470252,47.864621299969755]}},{"type":"Feature","properties":{"osm_id":"node/1234846885","type":"restaurant","name":"Auberge de Beaumont","brand":null,"operator":null,"wheelchair":null,"opening_hours":"tu-sa:9:00-14:00,18:30-22:00;su:9:00-14:00","level":null,"siret":null,"profession_ref":null,"wikidata":null,"website":"aubergedebeaumont.fr","phone":"+33 2 43 38 96 01","email":null,"facebook":null,"address":null,"com_insee":"72028","com_nom":"Beaumont-Pied-de-Bœuf","last_update":"2026-09-23"},"geometry":{"type":"Point","coordinates":[0.4017743,47.75936759999437]}},{"type":"Feature","properties":{"osm_id":"node/1236219354","type":"post_office","name":"Jupilles - Agence Postale Communale","brand":null,"operator":"La Poste","wheelchair":"no","opening_hours":"Mo,Th 15:00-17:45; Tu,Fr-Sa 09:00-11:45; PH off; 2024 May 20 off","level":null,"siret":null,"profession_ref":"13688A","wikidata":null,"website":null,"phone":"+33243465395","email":null,"facebook":null,"address":"18 Rue du 8 Mai 1945","com_insee":"72153","com_nom":"Jupilles","last_update":"2024-04-06"},"geometry":{"type":"Point","coordinates":[0.4119267,47.79224069998672]}},{"type":"Feature","properties":{"osm_id":"node/12412541128","type":"variety_store","name":"Action","brand":"Action","operator":null,"wheelchair":null,"opening_hours":null,"level":null,"siret":null,"profession_ref":null,"wikidata":"Q2634111","website":null,"phone":null,"email":null,"facebook":null,"address":null,"com_insee":"72071","com_nom":"Montval-sur-Loir","last_update":"2024-12-11"},"geometry":{"type":"Point","coordinates":[0.4244973,47.69330610000966]}},{"type":"Feature","properties":{"osm_id":"node/1274291428","type":"butcher;convenience","name":"Épicerie boucherie la Jupilloise","brand":null,"operator":null,"wheelchair":null,"opening_hours":"Mo-Sa 08:00-13:00,15:30-19:00; We off; Su 08:00-13:00","level":null,"siret":"81218174100016","profession_ref":null,"wikidata":null,"website":null,"phone":"+33 2 43 46 91 54","email":null,"facebook":null,"address":null,"com_insee":"72153","com_nom":"Jupilles","last_update":"2026-01-17"},"geometry":{"type":"Point","coordinates":[0.4127442,47.790911399987024]}},{"type":"Feature","properties":{"osm_id":"node/12954799070","type":"hairdresser","name":"Arnaud Coiffure","brand":null,"operator":null,"wheelchair":null,"opening_hours":null,"level":null,"siret":"48755610200019","profession_ref":null,"wikidata":null,"website":null,"phone":"+33 2 43 44 41 46","email":null,"facebook":null,"address":"4 Rue Saint-Nicolas","com_insee":"72068","com_nom":"La Chartre-sur-le-Loir","last_update":"2025-10-26"},"geometry":{"type":"Point","coordinates":[0.5733899,47.728711300001486]}},{"type":"Feature","properties":{"osm_id":"node/12954851140","type":"bakery","name":"Boulangerie Pâtisserie Duval & Fils","brand":null,"operator":null,"wheelchair":null,"opening_hours":null,"level":null,"siret":"94969985400012","profession_ref":null,"wikidata":null,"website":null,"phone":"+33 2 43 44 17 91","email":null,"facebook":"https://www.facebook.com/109453768741891","address":"14 Place de la République","com_insee":"72068","com_nom":"La Chartre-sur-le-Loir","last_update":"2025-06-26"},"geometry":{"type":"Point","coordinates":[0.5753906,47.728000700001644]}},{"type":"Feature","properties":{"osm_id":"node/12954955018","type":"pharmacy","name":"Nouvelle Pharmacie Principale","brand":null,"operator":null,"wheelchair":null,"opening_hours":null,"level":null,"siret":"80083810400019","profession_ref":"720010107","wikidata":null,"website":null,"phone":"+33 2 43 44 42 58","email":"pharmacieprincipale72@yahoo.fr","facebook":"https://www.facebook.com/102485663856428","address":"1 Place de la Liberté","com_insee":"72068","com_nom":"La Chartre-sur-le-Loir","last_update":"2025-10-26"},"geometry":{"type":"Point","coordinates":[0.5735668,47.728855800001455]}},{"type":"Feature","properties":{"osm_id":"node/12954967607","type":"doityourself","name":"Weldom","brand":"Weldom","operator":null,"wheelchair":null,"opening_hours":"Mo-Sa 09:00-19:00","level":null,"siret":"95132586900026","profession_ref":null,"wikidata":"Q16683226","website":"https://www.weldom.fr/m/weldom-la-chartre-sur-le-loir","phone":"+33 2 72 88 98 23","email":"lachartresurleloir@weldom.fr","facebook":null,"address":"21 Avenue des Déportés","com_insee":"72068","com_nom":"La Chartre-sur-le-Loir","last_update":"2025-09-03"},"geometry":{"type":"Point","coordinates":[0.5763869,47.73458920000014]}},{"type":"Feature","properties":{"osm_id":"node/12954990849","type":"butcher","name":"La Boucherie Parisienne","brand":null,"operator":null,"wheelchair":null,"opening_hours":null,"level":null,"siret":"90300735900016","profession_ref":null,"wikidata":null,"website":null,"phone":"+33 2 43 44 41 36","email":null,"facebook":"https://www.facebook.com/laboucherieparisienne/","address":"26 Rue Nationale","com_insee":"72068","com_nom":"La Chartre-sur-le-Loir","last_update":"2025-10-26"},"geometry":{"type":"Point","coordinates":[0.5748671,47.72791600000167]}},{"type":"Feature","properties":{"osm_id":"node/12955049264","type":"bar","name":"Le Celtique","brand":null,"operator":null,"wheelchair":null,"opening_hours":null,"level":null,"siret":"99001722000015","profession_ref":null,"wikidata":null,"website":null,"phone":"+33 2 43 44 42 91","email":null,"facebook":null,"address":"6 Place de la République","com_insee":"72068","com_nom":"La Chartre-sur-le-Loir","last_update":"2025-10-26"},"geometry":{"type":"Point","coordinates":[0.5751805,47.72785990000168]}},{"type":"Feature","properties":{"osm_id":"node/12955068852","type":"bar","name":"Le Jasnières","brand":null,"operator":null,"wheelchair":null,"opening_hours":null,"level":null,"siret":"91369688600013","profession_ref":null,"wikidata":null,"website":null,"phone":null,"email":null,"facebook":"https://www.facebook.com/BarLeJasnieres/","address":"8 Place de la République","com_insee":"72068","com_nom":"La Chartre-sur-le-Loir","last_update":"2025-06-26"},"geometry":{"type":"Point","coordinates":[0.5752404,47.727884300001676]}},{"type":"Feature","properties":{"osm_id":"node/12955071165","type":"restaurant","name":"B le restaurant","brand":null,"operator":null,"wheelchair":null,"opening_hours":null,"level":null,"siret":"79153471200033","profession_ref":null,"wikidata":null,"website":null,"phone":"+33 2 43 46 55 50","email":null,"facebook":"https://www.facebook.com/636543683473347","address":"1 Place de la République","com_insee":"72068","com_nom":"La Chartre-sur-le-Loir","last_update":"2025-10-26"},"geometry":{"type":"Point","coordinates":[0.5752418,47.72766860000174]}},{"type":"Feature","properties":{"osm_id":"node/12955084664","type":"interior_decoration","name":"Au Coin Du Nid","brand":null,"operator":null,"wheelchair":null,"opening_hours":null,"level":null,"siret":null,"profession_ref":null,"wikidata":null,"website":null,"phone":null,"email":null,"facebook":"https://www.facebook.com/aucoindunid/","address":"15 Rue Nationale","com_insee":"72068","com_nom":"La Chartre-sur-le-Loir","last_update":"2025-06-26"},"geometry":{"type":"Point","coordinates":[0.5743595,47.72823080000159]}},{"type":"Feature","properties":{"osm_id":"node/12955141046","type":"restaurant","name":"L'escale","brand":null,"operator":null,"wheelchair":null,"opening_hours":null,"level":null,"siret":"87907672700012","profession_ref":null,"wikidata":null,"website":null,"phone":"+33 2 43 44 40 03","email":null,"facebook":"https://www.facebook.com/people/Lescale/100057303675885/","address":"66 Avenue des Déportés","com_insee":"72068","com_nom":"La Chartre-sur-le-Loir","last_update":"2025-10-26"},"geometry":{"type":"Point","coordinates":[0.5789267,47.73863109999918]}},{"type":"Feature","properties":{"osm_id":"node/12955141424","type":"doityourself","name":"Point P","brand":"Point P","operator":null,"wheelchair":null,"opening_hours":null,"level":null,"siret":"39039805501288","profession_ref":null,"wikidata":"Q62973104","website":null,"phone":"+33 2 43 44 42 51","email":null,"facebook":null,"address":"Route de Ruillé","com_insee":"72068","com_nom":"La Chartre-sur-le-Loir","last_update":"2025-10-26"},"geometry":{"type":"Point","coordinates":[0.5844126,47.74034959999879]}},{"type":"Feature","properties":{"osm_id":"node/12955144910","type":"bar","name":"Café des Arts","brand":null,"operator":null,"wheelchair":null,"opening_hours":null,"level":null,"siret":"53298122200013","profession_ref":null,"wikidata":null,"website":null,"phone":null,"email":null,"facebook":"https://www.facebook.com/194747327242445","address":"5 Place de la Liberté","com_insee":"72068","com_nom":"La Chartre-sur-le-Loir","last_update":"2025-06-26"},"geometry":{"type":"Point","coordinates":[0.5734835,47.728522800001535]}},{"type":"Feature","properties":{"osm_id":"node/12968856619","type":"pharmacy","name":"Pharmacie du chêne vert","brand":null,"operator":null,"wheelchair":null,"opening_hours":null,"level":null,"siret":"98790113900012","profession_ref":"720013895","wikidata":null,"website":"https://www.pharmacie-du-chene-vert-chateauduloir.fr/","phone":"+33 2 43 79 42 78","email":null,"facebook":null,"address":null,"com_insee":"72071","com_nom":"Montval-sur-Loir","last_update":"2025-09-06"},"geometry":{"type":"Point","coordinates":[0.4318345,47.68604320001135]}},{"type":"Feature","properties":{"osm_id":"node/12968885923","type":"bakery","name":"Marie Blachère","brand":"Marie Blachère","operator":null,"wheelchair":null,"opening_hours":null,"level":null,"siret":"47845579304901","profession_ref":null,"wikidata":"Q62082410","website":"https://boulangeries.marieblachere.com/fr/france-FR/5478/marie-blachere-montval-sur-loir/details","phone":"+33 2 43 79 30 57","email":null,"facebook":null,"address":null,"com_insee":"72071","com_nom":"Montval-sur-Loir","last_update":"2025-07-02"},"geometry":{"type":"Point","coordinates":[0.43032,47.68747330001101]}},{"type":"Feature","properties":{"osm_id":"node/13011817388","type":"bakery","name":"Aux Saveur d'Eme","brand":null,"operator":null,"wheelchair":null,"opening_hours":null,"level":null,"siret":null,"profession_ref":null,"wikidata":null,"website":null,"phone":null,"email":null,"facebook":null,"address":null,"com_insee":"72071","com_nom":"Montval-sur-Loir","last_update":"2025-07-19"},"geometry":{"type":"Point","coordinates":[0.4181681,47.6966378000089]}},{"type":"Feature","properties":{"osm_id":"node/13086312001","type":"cleaning","name":"Destia","brand":null,"operator":null,"wheelchair":null,"opening_hours":"Mo-Fr 09:00-12:30, 13:30-17:00","level":null,"siret":"53048970700048","profession_ref":null,"wikidata":null,"website":null,"phone":"+33 2 43 44 41 98","email":null,"facebook":null,"address":"6 Place de l'Hôtel de Ville","com_insee":"72071","com_nom":"Montval-sur-Loir","last_update":"2025-10-06"},"geometry":{"type":"Point","coordinates":[0.418915,47.695196200009214]}},{"type":"Feature","properties":{"osm_id":"node/13100618484","type":"bakery","name":"Aux Délices de Courdemanche","brand":null,"operator":null,"wheelchair":null,"opening_hours":null,"level":null,"siret":"51808900800032","profession_ref":null,"wikidata":null,"website":null,"phone":"+33 2 43 46 09 18","email":null,"facebook":"https://www.facebook.com/people/Boulangerie-aux-d%C3%A9lices-de-Courdemanche/100088339661936/","address":null,"com_insee":"72103","com_nom":"Courdemanche","last_update":"2025-09-04"},"geometry":{"type":"Point","coordinates":[0.562297,47.81479139998143]}},{"type":"Feature","properties":{"osm_id":"node/13101312317","type":"restaurant","name":"La Planque","brand":null,"operator":null,"wheelchair":null,"opening_hours":"mo-th 07:00-16:00;fr 08:00-23:00","level":null,"siret":"51113361300014","profession_ref":null,"wikidata":null,"website":null,"phone":"+33 2 43 44 96 43","email":null,"facebook":"https://www.facebook.com/Restaurantlesfougeres/","address":null,"com_insee":"72161","com_nom":"Lhomme","last_update":"2026-01-16"},"geometry":{"type":"Point","coordinates":[0.5587631,47.7459013999975]}},{"type":"Feature","properties":{"osm_id":"node/13102738090","type":"hairdresser","name":"Coiff'In","brand":null,"operator":null,"wheelchair":null,"opening_hours":null,"level":null,"siret":"48004914700014","profession_ref":null,"wikidata":null,"website":null,"phone":"+33 2 43 44 69 11","email":null,"facebook":"https://www.facebook.com/SalonCoiffin/","address":null,"com_insee":"72325","com_nom":"Saint-Vincent-du-Lorouër","last_update":"2025-08-28"},"geometry":{"type":"Point","coordinates":[0.4894696,47.82554379997893]}},{"type":"Feature","properties":{"osm_id":"node/13109344268","type":"bakery","name":"La Fournée du Lorouër","brand":null,"operator":null,"wheelchair":null,"opening_hours":"Tu 07:00-19:00; We 08:00-13:00; Th 08:00-15:00; Fr 06:00-19:00; Sa 06:00-13:00","level":null,"siret":"81050784800010","profession_ref":null,"wikidata":null,"website":null,"phone":"+33 6 40 38 32 02","email":null,"facebook":"https://www.facebook.com/beuvierboulangerie/","address":null,"com_insee":"72325","com_nom":"Saint-Vincent-du-Lorouër","last_update":"2026-01-31"},"geometry":{"type":"Point","coordinates":[0.4892625,47.824397499979185]}},{"type":"Feature","properties":{"osm_id":"node/13115450026","type":"interior_decoration","name":"Belle Lurette","brand":null,"operator":null,"wheelchair":null,"opening_hours":null,"level":null,"siret":"92961724900016","profession_ref":null,"wikidata":null,"website":null,"phone":"+33 6 71 75 15 67","email":null,"facebook":null,"address":null,"com_insee":"72068","com_nom":"La Chartre-sur-le-Loir","last_update":"2025-09-02"},"geometry":{"type":"Point","coordinates":[0.5768272,47.72759740000174]}},{"type":"Feature","properties":{"osm_id":"node/13115450027","type":"antiques","name":"Kustom Design","brand":null,"operator":null,"wheelchair":null,"opening_hours":null,"level":null,"siret":null,"profession_ref":null,"wikidata":null,"website":null,"phone":"+33 6 73 90 03 32","email":null,"facebook":null,"address":null,"com_insee":"72068","com_nom":"La Chartre-sur-le-Loir","last_update":"2025-09-02"},"geometry":{"type":"Point","coordinates":[0.5744367,47.72881140000146]}},{"type":"Feature","properties":{"osm_id":"node/13115450028","type":"deli","name":"La Cantine","brand":null,"operator":null,"wheelchair":null,"opening_hours":null,"level":null,"siret":"81492610100027","profession_ref":null,"wikidata":null,"website":"https://lacantine72340.fr/","phone":"+33 2 43 79 51 94","email":null,"facebook":null,"address":null,"com_insee":"72068","com_nom":"La Chartre-sur-le-Loir","last_update":"2025-09-02"},"geometry":{"type":"Point","coordinates":[0.5747931,47.72799490000165]}},{"type":"Feature","properties":{"osm_id":"node/13115450029","type":"driving_school","name":"Flecheau","brand":null,"operator":null,"wheelchair":null,"opening_hours":null,"level":null,"siret":"53031583700019","profession_ref":null,"wikidata":null,"website":null,"phone":"+33 2 43 44 40 11","email":null,"facebook":null,"address":null,"com_insee":"72068","com_nom":"La Chartre-sur-le-Loir","last_update":"2025-09-02"},"geometry":{"type":"Point","coordinates":[0.574165,47.730144500001146]}},{"type":"Feature","properties":{"osm_id":"node/13115450030","type":"clothes","name":"Les Bas Nylon","brand":null,"operator":null,"wheelchair":null,"opening_hours":null,"level":null,"siret":"93250881500010","profession_ref":null,"wikidata":null,"website":null,"phone":"+33 6 98 78 25 96","email":null,"facebook":"https://www.facebook.com/people/LES-BAS-NYLON/61567457524717/","address":null,"com_insee":"72068","com_nom":"La Chartre-sur-le-Loir","last_update":"2025-09-02"},"geometry":{"type":"Point","coordinates":[0.5736286,47.728487300001525]}},{"type":"Feature","properties":{"osm_id":"node/13115450031","type":"antiques","name":"Anima Temporis","brand":null,"operator":null,"wheelchair":null,"opening_hours":null,"level":null,"siret":"90213304000011","profession_ref":null,"wikidata":null,"website":null,"phone":null,"email":null,"facebook":null,"address":null,"com_insee":"72068","com_nom":"La Chartre-sur-le-Loir","last_update":"2025-09-02"},"geometry":{"type":"Point","coordinates":[0.5738211,47.72843630000155]}},{"type":"Feature","properties":{"osm_id":"node/13115450032","type":"antiques","name":"Atelier Vintage et Indus","brand":null,"operator":null,"wheelchair":null,"opening_hours":null,"level":null,"siret":"51244298900046","profession_ref":null,"wikidata":null,"website":null,"phone":"+33 6 81 28 93 25","email":null,"facebook":"https://www.facebook.com/bussonjennyfer/","address":null,"com_insee":"72068","com_nom":"La Chartre-sur-le-Loir","last_update":"2025-09-02"},"geometry":{"type":"Point","coordinates":[0.573919,47.72841280000155]}},{"type":"Feature","properties":{"osm_id":"node/13115450033","type":"books","name":"La Librairie Modeste","brand":null,"operator":null,"wheelchair":null,"opening_hours":null,"level":null,"siret":"38319165700071","profession_ref":null,"wikidata":null,"website":null,"phone":null,"email":null,"facebook":null,"address":null,"com_insee":"72068","com_nom":"La Chartre-sur-le-Loir","last_update":"2025-09-02"},"geometry":{"type":"Point","coordinates":[0.574672,47.72793920000166]}},{"type":"Feature","properties":{"osm_id":"node/13115450034","type":"hairdresser","name":"Céline Coiffure","brand":null,"operator":null,"wheelchair":null,"opening_hours":null,"level":null,"siret":"43255369100010","profession_ref":null,"wikidata":null,"website":null,"phone":"+33 2 43 44 42 40","email":null,"facebook":null,"address":null,"com_insee":"72068","com_nom":"La Chartre-sur-le-Loir","last_update":"2025-09-02"},"geometry":{"type":"Point","coordinates":[0.5747176,47.727892800001676]}},{"type":"Feature","properties":{"osm_id":"node/13115450035","type":"insurance","name":"MMA","brand":"MMA","operator":null,"wheelchair":null,"opening_hours":null,"level":null,"siret":"92259533500014","profession_ref":null,"wikidata":"Q3331046","website":"https://agence.mma.fr/la-chartre-sur-le-loir/","phone":"+33 2 43 44 41 42","email":null,"facebook":null,"address":null,"com_insee":"72068","com_nom":"La Chartre-sur-le-Loir","last_update":"2025-09-02"},"geometry":{"type":"Point","coordinates":[0.57513,47.727651500001734]}},{"type":"Feature","properties":{"osm_id":"node/13115450036","type":"seafood","name":"La Criée Chartraine","brand":null,"operator":null,"wheelchair":null,"opening_hours":null,"level":null,"siret":"88272354700023","profession_ref":null,"wikidata":null,"website":null,"phone":"+33 2 43 46 72 28","email":null,"facebook":null,"address":"28 Rue Nationale","com_insee":"72068","com_nom":"La Chartre-sur-le-Loir","last_update":"2025-12-08"},"geometry":{"type":"Point","coordinates":[0.5749013,47.72786030000168]}},{"type":"Feature","properties":{"osm_id":"node/13115450037","type":"clothes","name":"Au Pays des Merveilles","brand":null,"operator":null,"wheelchair":null,"opening_hours":null,"level":null,"siret":"43939035200011","profession_ref":null,"wikidata":null,"website":null,"phone":"+33 2 43 46 88 01","email":null,"facebook":null,"address":null,"com_insee":"72068","com_nom":"La Chartre-sur-le-Loir","last_update":"2025-09-02"},"geometry":{"type":"Point","coordinates":[0.5742837,47.72838400000156]}},{"type":"Feature","properties":{"osm_id":"node/13115450038","type":"fast_food","name":"Le Bambou","brand":null,"operator":null,"wheelchair":null,"opening_hours":null,"level":null,"siret":"85132002800018","profession_ref":null,"wikidata":null,"website":null,"phone":"+33 2 43 44 46 14","email":null,"facebook":"https://www.facebook.com/people/LE-Bambou/100063877062901/","address":null,"com_insee":"72068","com_nom":"La Chartre-sur-le-Loir","last_update":"2025-09-02"},"geometry":{"type":"Point","coordinates":[0.5740739,47.72846380000154]}},{"type":"Feature","properties":{"osm_id":"node/13115450039","type":"estate_agent","name":"Arthurimmo","brand":null,"operator":null,"wheelchair":null,"opening_hours":null,"level":null,"siret":"83324023700036","profession_ref":null,"wikidata":null,"website":"https://adfoncier.arthurimmo.com/","phone":"+33 2 43 46 49 28","email":null,"facebook":null,"address":null,"com_insee":"72068","com_nom":"La Chartre-sur-le-Loir","last_update":"2025-09-02"},"geometry":{"type":"Point","coordinates":[0.5749302,47.72768310000173]}},{"type":"Feature","properties":{"osm_id":"node/13115450040","type":"interior_decoration","name":"Numéro 21","brand":null,"operator":null,"wheelchair":null,"opening_hours":null,"level":null,"siret":"98350763300029","profession_ref":null,"wikidata":null,"website":null,"phone":null,"email":null,"facebook":null,"address":null,"com_insee":"72068","com_nom":"La Chartre-sur-le-Loir","last_update":"2025-09-02"},"geometry":{"type":"Point","coordinates":[0.5745526,47.728059700001616]}},{"type":"Feature","properties":{"osm_id":"node/13115450041","type":"shoes","name":"A 2 Pas","brand":null,"operator":null,"wheelchair":null,"opening_hours":null,"level":null,"siret":"49073489400010","profession_ref":null,"wikidata":null,"website":null,"phone":"+33 2 43 44 09 12","email":null,"facebook":"https://www.facebook.com/A2pas.net/","address":null,"com_insee":"72068","com_nom":"La Chartre-sur-le-Loir","last_update":"2025-09-02"},"geometry":{"type":"Point","coordinates":[0.5741101,47.72833890000157]}},{"type":"Feature","properties":{"osm_id":"node/13115568706","type":"beauty","name":"Douce Evasion","brand":null,"operator":null,"wheelchair":null,"opening_hours":"Mo-Fr 09:30-18:30; Sa 09:30-16:00","level":null,"siret":"84176512600013","profession_ref":null,"wikidata":null,"website":"https://douce-evasion-elsa.fr/","phone":"+33 6 23 57 93 55","email":null,"facebook":"https://www.facebook.com/Douceevasiondelsa/","address":null,"com_insee":"72068","com_nom":"La Chartre-sur-le-Loir","last_update":"2025-09-03"},"geometry":{"type":"Point","coordinates":[0.5743015,47.730825200000986]}},{"type":"Feature","properties":{"osm_id":"node/13115568707","type":"art","name":"Studio Bercé Claire Coirier","brand":null,"operator":null,"wheelchair":null,"opening_hours":null,"level":null,"siret":"98115020400015","profession_ref":null,"wikidata":null,"website":null,"phone":null,"email":null,"facebook":null,"address":null,"com_insee":"72068","com_nom":"La Chartre-sur-le-Loir","last_update":"2025-09-03"},"geometry":{"type":"Point","coordinates":[0.5737782,47.72897760000142]}},{"type":"Feature","properties":{"osm_id":"node/13115568708","type":"antiques","name":"La Chose","brand":null,"operator":null,"wheelchair":null,"opening_hours":null,"level":null,"siret":null,"profession_ref":null,"wikidata":null,"website":null,"phone":"+33 6 09 25 01 96","email":null,"facebook":null,"address":null,"com_insee":"72068","com_nom":"La Chartre-sur-le-Loir","last_update":"2025-09-03"},"geometry":{"type":"Point","coordinates":[0.573345,47.728587600001504]}},{"type":"Feature","properties":{"osm_id":"node/13115568709","type":"laundry","name":"Laverie","brand":null,"operator":null,"wheelchair":null,"opening_hours":null,"level":null,"siret":"45350936600010","profession_ref":null,"wikidata":null,"website":null,"phone":null,"email":null,"facebook":null,"address":null,"com_insee":"72068","com_nom":"La Chartre-sur-le-Loir","last_update":"2025-09-03"},"geometry":{"type":"Point","coordinates":[0.574971,47.727574100001746]}},{"type":"Feature","properties":{"osm_id":"node/13115568710","type":"optician","name":"Optic 2000","brand":"Optic 2000","operator":null,"wheelchair":null,"opening_hours":null,"level":null,"siret":"98272435300049","profession_ref":null,"wikidata":"Q3354445","website":null,"phone":"+33 2 43 79 09 61","email":null,"facebook":null,"address":null,"com_insee":"72068","com_nom":"La Chartre-sur-le-Loir","last_update":"2025-09-03"},"geometry":{"type":"Point","coordinates":[0.5755718,47.72764750000174]}},{"type":"Feature","properties":{"osm_id":"node/13115568711","type":"hairdresser","name":"Coiffure Bien-être","brand":null,"operator":null,"wheelchair":null,"opening_hours":"Tu-Th 09:00-12:00,14:00-19:00; Fr 09:00-19:00; Sa 09:00-18:00","level":null,"siret":"52355103400011","profession_ref":null,"wikidata":null,"website":"https://coiffurebien-etre.fr/","phone":"+33 2 43 44 41 01","email":null,"facebook":null,"address":null,"com_insee":"72068","com_nom":"La Chartre-sur-le-Loir","last_update":"2025-09-03"},"geometry":{"type":"Point","coordinates":[0.5756828,47.72764180000173]}},{"type":"Feature","properties":{"osm_id":"node/13115568712","type":"interior_decoration","name":"Les Semailles","brand":null,"operator":null,"wheelchair":null,"opening_hours":null,"level":null,"siret":"39468146400019","profession_ref":null,"wikidata":null,"website":null,"phone":"+33 2 43 44 30 17","email":null,"facebook":null,"address":null,"com_insee":"72068","com_nom":"La Chartre-sur-le-Loir","last_update":"2025-09-03"},"geometry":{"type":"Point","coordinates":[0.5755143,47.72809190000162]}},{"type":"Feature","properties":{"osm_id":"node/13115568713","type":"deli","name":"Le Comptoir Gourmand","brand":null,"operator":null,"wheelchair":null,"opening_hours":null,"level":null,"siret":"93263465200014","profession_ref":null,"wikidata":null,"website":null,"phone":null,"email":null,"facebook":"https://www.facebook.com/people/Le-comptoir-gourmand/61566201856831/","address":null,"com_insee":"72068","com_nom":"La Chartre-sur-le-Loir","last_update":"2025-09-03"},"geometry":{"type":"Point","coordinates":[0.575444,47.72803280000163]}},{"type":"Feature","properties":{"osm_id":"node/13116088618","type":"convenience","name":"Vivéco","brand":null,"operator":null,"wheelchair":null,"opening_hours":"Tu-Fr 07:30-12:30,15:00-19:00; Sa 08:00-12:30,15:00-19:00; Su 08:30-12:00","level":null,"siret":"97976233300016","profession_ref":null,"wikidata":null,"website":null,"phone":"+33 2 43 44 43 46","email":null,"facebook":null,"address":null,"com_insee":"72161","com_nom":"Lhomme","last_update":"2025-09-03"},"geometry":{"type":"Point","coordinates":[0.5574978,47.74389529999795]}},{"type":"Feature","properties":{"osm_id":"node/13116088619","type":"laundry","name":"Wash Me","brand":"Wash Me","operator":null,"wheelchair":null,"opening_hours":null,"level":null,"siret":null,"profession_ref":null,"wikidata":"Q113516904","website":"https://stores.revolution-laundry.com/fr-fr/france-fra/lhomme/laverie-revolution-laundry-PX0001Y3","phone":null,"email":null,"facebook":null,"address":null,"com_insee":"72161","com_nom":"Lhomme","last_update":"2025-09-03"},"geometry":{"type":"Point","coordinates":[0.5581999,47.74610019999747]}},{"type":"Feature","properties":{"osm_id":"node/13116088620","type":"beauty","name":"Ô Paradis du bien-être","brand":null,"operator":null,"wheelchair":null,"opening_hours":null,"level":null,"siret":"91302117600015","profession_ref":null,"wikidata":null,"website":"https://www.oparadisdubienetre.com/","phone":"+33 2 43 79 36 53","email":null,"facebook":"https://www.facebook.com/oparadisdubienetre/","address":null,"com_insee":"72161","com_nom":"Lhomme","last_update":"2025-09-03"},"geometry":{"type":"Point","coordinates":[0.5574643,47.74379479999799]}},{"type":"Feature","properties":{"osm_id":"node/13116088621","type":"bakery","name":"La Pépite Gourmande","brand":null,"operator":null,"wheelchair":null,"opening_hours":"Mo-Tu, Th-Sa 07:30-13:00, 15:30-19:00; Su 07:30-13:00","level":null,"siret":"91873813900016","profession_ref":null,"wikidata":null,"website":null,"phone":"+33 2 43 79 04 49","email":null,"facebook":"https://www.facebook.com/100090030039594","address":null,"com_insee":"72161","com_nom":"Lhomme","last_update":"2025-09-03"},"geometry":{"type":"Point","coordinates":[0.5573959,47.743535499998046]}},{"type":"Feature","properties":{"osm_id":"node/13118868562","type":"hairdresser","name":"L'homme et la Femme","brand":null,"operator":null,"wheelchair":null,"opening_hours":null,"level":null,"siret":"85106000400013","profession_ref":null,"wikidata":null,"website":"https://www.lhommeetlafemme.com/","phone":"+33 2 43 44 61 54","email":null,"facebook":null,"address":null,"com_insee":"72161","com_nom":"Lhomme","last_update":"2025-09-04"},"geometry":{"type":"Point","coordinates":[0.5582321,47.743313199998106]}},{"type":"Feature","properties":{"osm_id":"node/13118868563","type":"butcher","name":"Boucherie des Amoureux","brand":null,"operator":null,"wheelchair":null,"opening_hours":"Tu,Fr,Sa 07:30-12:30,15:00-19:00; We,Th,Su 07:30-12:30","level":null,"siret":"88403599900017","profession_ref":null,"wikidata":null,"website":null,"phone":"+33 2 43 44 55 29","email":null,"facebook":"https://www.facebook.com/Laboucheriedesamoureux","address":null,"com_insee":"72161","com_nom":"Lhomme","last_update":"2025-09-04"},"geometry":{"type":"Point","coordinates":[0.5580021,47.743383599998076]}},{"type":"Feature","properties":{"osm_id":"node/13124066809","type":"estate_agent","name":"Nestenn","brand":"Nestenn","operator":null,"wheelchair":null,"opening_hours":null,"level":null,"siret":"83789991300011","profession_ref":null,"wikidata":"Q128788942","website":null,"phone":null,"email":null,"facebook":null,"address":null,"com_insee":"72071","com_nom":"Montval-sur-Loir","last_update":"2025-09-06"},"geometry":{"type":"Point","coordinates":[0.4317331,47.68600060001134]}},{"type":"Feature","properties":{"osm_id":"node/13124066810","type":"optician","name":"François Opticiens","brand":null,"operator":null,"wheelchair":null,"opening_hours":null,"level":null,"siret":"75384812600011","profession_ref":null,"wikidata":null,"website":"https://www.lecollectifdeslunetiers.fr/opticien/france/sarthe/opticien-vouvray-sur-loir/vouvray-chenevert","phone":null,"email":null,"facebook":null,"address":null,"com_insee":"72071","com_nom":"Montval-sur-Loir","last_update":"2025-09-06"},"geometry":{"type":"Point","coordinates":[0.4315098,47.68624120001129]}},{"type":"Feature","properties":{"osm_id":"node/13124066811","type":"hairdresser","name":"Le Studio du Cheveu","brand":null,"operator":null,"wheelchair":null,"opening_hours":null,"level":null,"siret":"80239040100015","profession_ref":null,"wikidata":null,"website":null,"phone":null,"email":null,"facebook":null,"address":null,"com_insee":"72071","com_nom":"Montval-sur-Loir","last_update":"2025-09-06"},"geometry":{"type":"Point","coordinates":[0.4317002,47.68627640001128]}},{"type":"Feature","properties":{"osm_id":"node/13124066812","type":"laundry","name":"Sylver2m","brand":null,"operator":null,"wheelchair":null,"opening_hours":null,"level":null,"siret":"81746144500014","profession_ref":null,"wikidata":null,"website":null,"phone":null,"email":null,"facebook":null,"address":null,"com_insee":"72071","com_nom":"Montval-sur-Loir","last_update":"2025-09-06"},"geometry":{"type":"Point","coordinates":[0.4314266,47.68631790001128]}},{"type":"Feature","properties":{"osm_id":"node/13124066813","type":"clothes","name":"Cache Cache","brand":"Cache Cache","operator":null,"wheelchair":null,"opening_hours":null,"level":null,"siret":"38245605102315","profession_ref":null,"wikidata":"Q63064086","website":null,"phone":null,"email":null,"facebook":null,"address":null,"com_insee":"72071","com_nom":"Montval-sur-Loir","last_update":"2025-09-06"},"geometry":{"type":"Point","coordinates":[0.431377,47.68637390001126]}},{"type":"Feature","properties":{"osm_id":"node/13124066814","type":"perfumery","name":"Une Heure Pour Soi","brand":"Une Heure Pour Soi","operator":null,"wheelchair":null,"opening_hours":null,"level":null,"siret":null,"profession_ref":null,"wikidata":"Q1273376","website":"https://uneheurepoursoi.com/institut/montval-sur-loir/","phone":"+33 2 43 46 59 48","email":null,"facebook":null,"address":null,"com_insee":"72071","com_nom":"Montval-sur-Loir","last_update":"2025-09-06"},"geometry":{"type":"Point","coordinates":[0.4313301,47.68642450001125]}},{"type":"Feature","properties":{"osm_id":"node/13124066815","type":"newsagent","name":"Mag Presse","brand":null,"operator":null,"wheelchair":null,"opening_hours":null,"level":null,"siret":"81056977200017","profession_ref":null,"wikidata":null,"website":null,"phone":null,"email":null,"facebook":null,"address":null,"com_insee":"72071","com_nom":"Montval-sur-Loir","last_update":"2025-09-06"},"geometry":{"type":"Point","coordinates":[0.431373,47.686540900011224]}},{"type":"Feature","properties":{"osm_id":"node/13124217472","type":"restaurant","name":"La Michonnière","brand":null,"operator":null,"wheelchair":null,"opening_hours":null,"level":null,"siret":"52904601300015","profession_ref":null,"wikidata":null,"website":null,"phone":"+33 2 43 44 89 66","email":null,"facebook":"https://www.facebook.com/100047772414687","address":null,"com_insee":"72071","com_nom":"Montval-sur-Loir","last_update":"2025-09-07"},"geometry":{"type":"Point","coordinates":[0.4173759,47.694755400009335]}},{"type":"Feature","properties":{"osm_id":"node/13124217473","type":"restaurant","name":"L'Escale","brand":null,"operator":null,"wheelchair":null,"opening_hours":null,"level":null,"siret":"95347534000014","profession_ref":null,"wikidata":null,"website":null,"phone":null,"email":null,"facebook":null,"address":null,"com_insee":"72071","com_nom":"Montval-sur-Loir","last_update":"2025-09-07"},"geometry":{"type":"Point","coordinates":[0.4172759,47.694846200009316]}},{"type":"Feature","properties":{"osm_id":"node/13124217474","type":"restaurant","name":"Brasserie Castélorienne L'Imprévu","brand":null,"operator":null,"wheelchair":null,"opening_hours":null,"level":null,"siret":"85315684200017","profession_ref":null,"wikidata":null,"website":"https://brasseriecastelorienne.fr/","phone":"+33 2 43 44 04 08","email":null,"facebook":null,"address":null,"com_insee":"72071","com_nom":"Montval-sur-Loir","last_update":"2025-09-07"},"geometry":{"type":"Point","coordinates":[0.4174315,47.695362500009196]}},{"type":"Feature","properties":{"osm_id":"node/13124217475","type":"bar","name":"Le Celtique","brand":null,"operator":null,"wheelchair":null,"opening_hours":null,"level":null,"siret":"93030072800019","profession_ref":null,"wikidata":null,"website":null,"phone":null,"email":null,"facebook":null,"address":null,"com_insee":"72071","com_nom":"Montval-sur-Loir","last_update":"2025-09-07"},"geometry":{"type":"Point","coordinates":[0.4176226,47.69584990000909]}},{"type":"Feature","properties":{"osm_id":"node/13124217476","type":"tattoo","name":"Encre et Paillette","brand":null,"operator":null,"wheelchair":null,"opening_hours":null,"level":null,"siret":null,"profession_ref":null,"wikidata":null,"website":null,"phone":null,"email":null,"facebook":"https://www.facebook.com/100083189181825","address":null,"com_insee":"72071","com_nom":"Montval-sur-Loir","last_update":"2025-09-07"},"geometry":{"type":"Point","coordinates":[0.4181674,47.695945200009035]}},{"type":"Feature","properties":{"osm_id":"node/13124217477","type":"florist","name":"L'Atelier des Emotions","brand":null,"operator":null,"wheelchair":null,"opening_hours":null,"level":null,"siret":"88821059800015","profession_ref":null,"wikidata":null,"website":null,"phone":"+33 2 43 38 29 56","email":null,"facebook":"https://www.facebook.com/robinetvirginie","address":null,"com_insee":"72071","com_nom":"Montval-sur-Loir","last_update":"2025-09-07"},"geometry":{"type":"Point","coordinates":[0.4181202,47.696292700008975]}},{"type":"Feature","properties":{"osm_id":"node/13124217478","type":"hairdresser","name":"Brin D'Malice","brand":null,"operator":null,"wheelchair":null,"opening_hours":null,"level":null,"siret":"89248953500013","profession_ref":null,"wikidata":null,"website":null,"phone":"+33 2 43 44 38 55","email":null,"facebook":"https://www.facebook.com/people/Brin-dMalice/100063781246680/","address":null,"com_insee":"72071","com_nom":"Montval-sur-Loir","last_update":"2025-09-07"},"geometry":{"type":"Point","coordinates":[0.418151,47.695785800009105]}},{"type":"Feature","properties":{"osm_id":"node/13124217479","type":"butcher","name":"Ô Boucher de la Place","brand":null,"operator":null,"wheelchair":null,"opening_hours":null,"level":null,"siret":"95139984900011","profession_ref":null,"wikidata":null,"website":null,"phone":"+33 2 43 79 08 83","email":null,"facebook":"https://www.facebook.com/100089592266423","address":null,"com_insee":"72071","com_nom":"Montval-sur-Loir","last_update":"2025-09-07"},"geometry":{"type":"Point","coordinates":[0.418845,47.69492560000929]}},{"type":"Feature","properties":{"osm_id":"node/13124217480","type":"car_wash","name":"Oki","brand":null,"operator":null,"wheelchair":null,"opening_hours":null,"level":null,"siret":"75398837700028","profession_ref":null,"wikidata":null,"website":null,"phone":null,"email":null,"facebook":null,"address":null,"com_insee":"72071","com_nom":"Montval-sur-Loir","last_update":"2025-09-07"},"geometry":{"type":"Point","coordinates":[0.4266617,47.687373300011025]}},{"type":"Feature","properties":{"osm_id":"node/13124217481","type":"e-cigarette","name":"Barbavape","brand":null,"operator":null,"wheelchair":null,"opening_hours":null,"level":null,"siret":"50481543200043","profession_ref":null,"wikidata":null,"website":"https://barbavape.fr/","phone":"+33 2 43 44 69 05","email":null,"facebook":"https://www.facebook.com/barbavapeshop/","address":null,"com_insee":"72071","com_nom":"Montval-sur-Loir","last_update":"2025-09-07"},"geometry":{"type":"Point","coordinates":[0.4289449,47.68685780001114]}},{"type":"Feature","properties":{"osm_id":"node/13124217482","type":"hairdresser","name":"Zaëna","brand":null,"operator":null,"wheelchair":null,"opening_hours":null,"level":null,"siret":"82296388000031","profession_ref":null,"wikidata":null,"website":"https://www.zaenacoiffure.fr/","phone":"+33 2 43 44 39 73","email":null,"facebook":"https://www.facebook.com/zaenacoiffure/","address":null,"com_insee":"72071","com_nom":"Montval-sur-Loir","last_update":"2025-09-07"},"geometry":{"type":"Point","coordinates":[0.4290462,47.686901200011164]}},{"type":"Feature","properties":{"osm_id":"node/13124217483","type":"greengrocer","name":"Mangeons Frais","brand":"Mangeons Frais","operator":null,"wheelchair":null,"opening_hours":null,"level":null,"siret":"34029254901753","profession_ref":null,"wikidata":"Q130215824","website":null,"phone":null,"email":null,"facebook":null,"address":null,"com_insee":"72071","com_nom":"Montval-sur-Loir","last_update":"2025-09-07"},"geometry":{"type":"Point","coordinates":[0.4302505,47.687586400010986]}},{"type":"Feature","properties":{"osm_id":"node/13124217484","type":"sports","name":"Intersport","brand":"Intersport","operator":null,"wheelchair":null,"opening_hours":"Mo-Sa 09:30-12:30, 14:00-19:00","level":null,"siret":null,"profession_ref":null,"wikidata":"Q666888","website":null,"phone":null,"email":null,"facebook":null,"address":null,"com_insee":"72071","com_nom":"Montval-sur-Loir","last_update":"2025-09-07"},"geometry":{"type":"Point","coordinates":[0.4295182,47.68857220001075]}},{"type":"Feature","properties":{"osm_id":"node/13124217485","type":"tattoo","name":"L'Atelier de Gaël","brand":null,"operator":null,"wheelchair":null,"opening_hours":null,"level":null,"siret":"91297660200017","profession_ref":null,"wikidata":null,"website":"https://latelier-de-gael.jimdosite.com/","phone":null,"email":null,"facebook":"https://www.facebook.com/people/LAtelier-de-Ga%C3%ABl/100083579670058/","address":null,"com_insee":"72071","com_nom":"Montval-sur-Loir","last_update":"2025-09-07"},"geometry":{"type":"Point","coordinates":[0.438448,47.6865793000112]}},{"type":"Feature","properties":{"osm_id":"node/13124250517","type":"photo","name":"Photo Roncière","brand":null,"operator":null,"wheelchair":null,"opening_hours":null,"level":null,"siret":"39376806400031","profession_ref":null,"wikidata":null,"website":null,"phone":"+33 2 43 44 02 01","email":null,"facebook":null,"address":null,"com_insee":"72071","com_nom":"Montval-sur-Loir","last_update":"2025-09-07"},"geometry":{"type":"Point","coordinates":[0.4165276,47.6926802000098]}},{"type":"Feature","properties":{"osm_id":"node/13124250518","type":"hairdresser","name":"Atelier CBA","brand":null,"operator":null,"wheelchair":null,"opening_hours":null,"level":null,"siret":"48808016900029","profession_ref":null,"wikidata":null,"website":null,"phone":null,"email":null,"facebook":"https://www.facebook.com/celinesnault/","address":null,"com_insee":"72071","com_nom":"Montval-sur-Loir","last_update":"2025-09-07"},"geometry":{"type":"Point","coordinates":[0.4153535,47.689649700010506]}},{"type":"Feature","properties":{"osm_id":"node/13124250519","type":"restaurant","name":"Brasserie Elau","brand":null,"operator":null,"wheelchair":null,"opening_hours":null,"level":null,"siret":"81415730100015","profession_ref":null,"wikidata":null,"website":"https://www.brasserie-elau.fr/","phone":"+33 2 52 50 00 32","email":null,"facebook":null,"address":null,"com_insee":"72071","com_nom":"Montval-sur-Loir","last_update":"2025-09-07"},"geometry":{"type":"Point","coordinates":[0.4167898,47.69301060000974]}},{"type":"Feature","properties":{"osm_id":"node/13124250520","type":"convenience","name":"Carrefour Express","brand":"Carrefour Express","operator":null,"wheelchair":null,"opening_hours":null,"level":null,"siret":"82103942700025","profession_ref":null,"wikidata":"Q2940190","website":null,"phone":null,"email":null,"facebook":null,"address":null,"com_insee":"72071","com_nom":"Montval-sur-Loir","last_update":"2025-09-07"},"geometry":{"type":"Point","coordinates":[0.4168615,47.693123800009694]}},{"type":"Feature","properties":{"osm_id":"node/13124250521","type":"sewing","name":"Le Fil de Cathy","brand":null,"operator":null,"wheelchair":null,"opening_hours":null,"level":null,"siret":"91109639400018","profession_ref":null,"wikidata":null,"website":"https://le-fil-de-cathy.fr/","phone":"+33 6 71 28 89 08","email":null,"facebook":"https://www.facebook.com/100082980842389","address":null,"com_insee":"72071","com_nom":"Montval-sur-Loir","last_update":"2025-09-07"},"geometry":{"type":"Point","coordinates":[0.4170708,47.69342130000962]}},{"type":"Feature","properties":{"osm_id":"node/13125681932","type":"bar","name":"Bar Tabac de l'Union","brand":null,"operator":null,"wheelchair":null,"opening_hours":null,"level":null,"siret":"92216546900011","profession_ref":null,"wikidata":null,"website":null,"phone":null,"email":null,"facebook":"https://www.facebook.com/p/Bar-Tabac-de-lUnion-100092165200963/","address":null,"com_insee":"72262","com_nom":"Loir en Vallée","last_update":"2025-09-07"},"geometry":{"type":"Point","coordinates":[0.620987,47.750627399996404]}},{"type":"Feature","properties":{"osm_id":"node/13125681933","type":"restaurant","name":"Le Saint Pierre","brand":null,"operator":null,"wheelchair":null,"opening_hours":null,"level":null,"siret":"52120396800016","profession_ref":null,"wikidata":null,"website":"https://www.lestpierre.fr/","phone":"+33 2 43 79 50 33","email":null,"facebook":"https://www.facebook.com/100063558643890","address":null,"com_insee":"72262","com_nom":"Loir en Vallée","last_update":"2025-09-07"},"geometry":{"type":"Point","coordinates":[0.6214316,47.75058959999641]}},{"type":"Feature","properties":{"osm_id":"node/13125681934","type":"convenience","name":"Le Local Bio du Loir","brand":null,"operator":null,"wheelchair":null,"opening_hours":null,"level":null,"siret":null,"profession_ref":null,"wikidata":null,"website":null,"phone":null,"email":null,"facebook":"https://www.facebook.com/localbioduloir/","address":null,"com_insee":"72262","com_nom":"Loir en Vallée","last_update":"2025-09-07"},"geometry":{"type":"Point","coordinates":[0.6217079,47.750749199996385]}},{"type":"Feature","properties":{"osm_id":"node/13125681935","type":"butcher","name":"Maison Guillard","brand":null,"operator":null,"wheelchair":null,"opening_hours":null,"level":null,"siret":"53452759300014","profession_ref":null,"wikidata":null,"website":null,"phone":null,"email":null,"facebook":null,"address":null,"com_insee":"72262","com_nom":"Loir en Vallée","last_update":"2025-09-07"},"geometry":{"type":"Point","coordinates":[0.6202649,47.75140739999622]}},{"type":"Feature","properties":{"osm_id":"node/13129240499","type":"bakery","name":"Le Fournil de Jupilles","brand":null,"operator":null,"wheelchair":null,"opening_hours":"Tu-Sa 07:00-13:00,16:00-19:00; Su 07:00-13:00","level":null,"siret":"94527969300010","profession_ref":null,"wikidata":null,"website":null,"phone":null,"email":null,"facebook":null,"address":null,"com_insee":"72153","com_nom":"Jupilles","last_update":"2026-01-17"},"geometry":{"type":"Point","coordinates":[0.4129931,47.7905259999871]}},{"type":"Feature","properties":{"osm_id":"node/13129240500","type":"second_hand","name":"Les Petites Trouvailles de Mélanie","brand":null,"operator":null,"wheelchair":null,"opening_hours":"th-su 10:30-12:30,15:00-18:30;sa 10:30-12:00,15:00-18:00","level":null,"siret":"95110805900019","profession_ref":null,"wikidata":null,"website":"https://lespetitestrouvailles.fr/","phone":null,"email":null,"facebook":"https://www.facebook.com/lespetitestrouvaillesdemelanie","address":null,"com_insee":"72153","com_nom":"Jupilles","last_update":"2025-09-08"},"geometry":{"type":"Point","coordinates":[0.4123548,47.79102339998701]}},{"type":"Feature","properties":{"osm_id":"node/13131875474","type":"convenience","name":"Vivéco","brand":null,"operator":null,"wheelchair":null,"opening_hours":null,"level":null,"siret":"74998105600023","profession_ref":null,"wikidata":null,"website":null,"phone":null,"email":null,"facebook":null,"address":null,"com_insee":"72143","com_nom":"Le Grand-Lucé","last_update":"2025-09-09"},"geometry":{"type":"Point","coordinates":[0.4689655,47.865550399969536]}},{"type":"Feature","properties":{"osm_id":"node/13141363571","type":"clothes","name":"Twenty Two - Le Vestiaire de Simone","brand":null,"operator":null,"wheelchair":null,"opening_hours":null,"level":null,"siret":"81508427200039","profession_ref":null,"wikidata":null,"website":null,"phone":null,"email":null,"facebook":null,"address":null,"com_insee":"72068","com_nom":"La Chartre-sur-le-Loir","last_update":"2025-09-13"},"geometry":{"type":"Point","coordinates":[0.5747437,47.72803850000164]}},{"type":"Feature","properties":{"osm_id":"node/13141363572","type":"leather","name":"Joli Regard","brand":null,"operator":null,"wheelchair":null,"opening_hours":"closed","level":null,"siret":"40871446700011","profession_ref":null,"wikidata":null,"website":null,"phone":"+33 2 43 79 18 36","email":null,"facebook":"https://www.facebook.com/people/JOLI-REGARD/100057188542354/","address":null,"com_insee":"72068","com_nom":"La Chartre-sur-le-Loir","last_update":"2025-11-29"},"geometry":{"type":"Point","coordinates":[0.5753177,47.72796130000165]}},{"type":"Feature","properties":{"osm_id":"node/13141363573","type":"funeral_directors","name":"Maison Dupuy","brand":null,"operator":null,"wheelchair":null,"opening_hours":null,"level":null,"siret":"57705054500091","profession_ref":null,"wikidata":null,"website":null,"phone":null,"email":null,"facebook":null,"address":null,"com_insee":"72068","com_nom":"La Chartre-sur-le-Loir","last_update":"2025-09-13"},"geometry":{"type":"Point","coordinates":[0.5756798,47.72802720000164]}},{"type":"Feature","properties":{"osm_id":"node/13141363574","type":"antiques","name":"Les Oiseaux Pas Sages","brand":null,"operator":null,"wheelchair":null,"opening_hours":null,"level":null,"siret":"89130609400030","profession_ref":null,"wikidata":null,"website":null,"phone":null,"email":null,"facebook":null,"address":null,"com_insee":"72068","com_nom":"La Chartre-sur-le-Loir","last_update":"2025-09-13"},"geometry":{"type":"Point","coordinates":[0.5741832,47.72842550000154]}},{"type":"Feature","properties":{"osm_id":"node/13141480596","type":"florist","name":"D’Âme Nature","brand":null,"operator":null,"wheelchair":null,"opening_hours":null,"level":null,"siret":"99142354200018","profession_ref":null,"wikidata":null,"website":null,"phone":"+33 2 43 79 01 35","email":null,"facebook":null,"address":null,"com_insee":"72068","com_nom":"La Chartre-sur-le-Loir","last_update":"2025-11-09"},"geometry":{"type":"Point","coordinates":[0.5759179,47.72760460000173]}},{"type":"Feature","properties":{"osm_id":"node/13155087010","type":"handicraft","name":"Verrerie d'art des coteaux","brand":null,"operator":"Nicolas Pinquier, Lucille Pinquier","wheelchair":null,"opening_hours":"Tu 14:00-18:00; We-Sa 09:00-12:00,14:00-18:00; Su 14:00-18:00","level":null,"siret":null,"profession_ref":null,"wikidata":null,"website":"https://www.verreriedartdescoteaux.com/","phone":null,"email":null,"facebook":null,"address":null,"com_insee":"72262","com_nom":"Loir en Vallée","last_update":"2025-09-19"},"geometry":{"type":"Point","coordinates":[0.6618985,47.76273149999358]}},{"type":"Feature","properties":{"osm_id":"node/13188755028","type":"photographer","name":"F3A Production","brand":null,"operator":null,"wheelchair":null,"opening_hours":null,"level":null,"siret":null,"profession_ref":null,"wikidata":null,"website":null,"phone":"+33 6 35 93 73 25","email":null,"facebook":"https://www.facebook.com/f3aproduction","address":"30 Lotissement de la Croix Caseau","com_insee":"72183","com_nom":"Marçon","last_update":"2025-10-02"},"geometry":{"type":"Point","coordinates":[0.5042165,47.704919500006994]}},{"type":"Feature","properties":{"osm_id":"node/13275779252","type":"pub","name":"Pub WH","brand":null,"operator":null,"wheelchair":null,"opening_hours":null,"level":null,"siret":"85237890000017","profession_ref":null,"wikidata":null,"website":null,"phone":null,"email":null,"facebook":null,"address":null,"com_insee":"72143","com_nom":"Le Grand-Lucé","last_update":"2026-01-09"},"geometry":{"type":"Point","coordinates":[0.4697757,47.864569899969766]}},{"type":"Feature","properties":{"osm_id":"node/13296234878","type":"car_repair","name":"garage carrosserie toutes marques","brand":null,"operator":null,"wheelchair":null,"opening_hours":null,"level":null,"siret":null,"profession_ref":null,"wikidata":null,"website":null,"phone":null,"email":null,"facebook":null,"address":null,"com_insee":"72103","com_nom":"Courdemanche","last_update":"2025-11-11"},"geometry":{"type":"Point","coordinates":[0.5541738,47.79556459998594]}},{"type":"Feature","properties":{"osm_id":"node/1343784755","type":"supermarket","name":"Intermarché","brand":"Intermarché","operator":"Groupement des Mousquetaires","wheelchair":"yes","opening_hours":null,"level":null,"siret":null,"profession_ref":null,"wikidata":"Q3153200","website":null,"phone":"+33 2 43 40 95 57","email":null,"facebook":null,"address":"La Florière","com_insee":"72143","com_nom":"Le Grand-Lucé","last_update":"2024-01-02"},"geometry":{"type":"Point","coordinates":[0.4672765,47.869456599968615]}},{"type":"Feature","properties":{"osm_id":"node/13443739517","type":"optician","name":"Optique du Lucé","brand":null,"operator":null,"wheelchair":null,"opening_hours":null,"level":null,"siret":"90323720400024","profession_ref":null,"wikidata":null,"website":"https://optiqueduluce-legrandluce.monopticien.com/","phone":"+33 2 43 16 36 63","email":null,"facebook":"https://www.facebook.com/opticand.you","address":null,"com_insee":"72143","com_nom":"Le Grand-Lucé","last_update":"2026-01-09"},"geometry":{"type":"Point","coordinates":[0.4690909,47.86515499996964]}},{"type":"Feature","properties":{"osm_id":"node/13482767160","type":"hairdresser","name":"L'atelier Coiffure Audrey Galpin","brand":null,"operator":null,"wheelchair":null,"opening_hours":null,"level":null,"siret":"52092946400011","profession_ref":null,"wikidata":null,"website":null,"phone":"+33 2 43 75 64 24","email":null,"facebook":"https://www.facebook.com/LAtelierCoiffureA.GArtisanCoiffeurLeGrandLuce","address":null,"com_insee":"72143","com_nom":"Le Grand-Lucé","last_update":"2026-01-25"},"geometry":{"type":"Point","coordinates":[0.4692731,47.865100199969646]}},{"type":"Feature","properties":{"osm_id":"node/13482767161","type":"insurance","name":"MMA","brand":"MMA","operator":null,"wheelchair":null,"opening_hours":null,"level":null,"siret":"92259533500022","profession_ref":null,"wikidata":"Q3331046","website":null,"phone":null,"email":null,"facebook":null,"address":null,"com_insee":"72143","com_nom":"Le Grand-Lucé","last_update":"2026-01-25"},"geometry":{"type":"Point","coordinates":[0.4702985,47.86446449996979]}},{"type":"Feature","properties":{"osm_id":"node/13515616577","type":"car_repair","name":"Garage Lucé automobiles","brand":null,"operator":null,"wheelchair":null,"opening_hours":null,"level":null,"siret":"99121966800027","profession_ref":null,"wikidata":null,"website":null,"phone":"+33 6 73 30 23 05","email":null,"facebook":null,"address":null,"com_insee":"72143","com_nom":"Le Grand-Lucé","last_update":"2026-01-31"},"geometry":{"type":"Point","coordinates":[0.4599774,47.86726609996915]}},{"type":"Feature","properties":{"osm_id":"node/13620267989","type":"funeral_directors","name":"Pompes funèbres de Château-du-Loir","brand":null,"operator":"ETS Duluard","wheelchair":null,"opening_hours":null,"level":null,"siret":null,"profession_ref":null,"wikidata":null,"website":null,"phone":null,"email":null,"facebook":null,"address":"14 Rue des Vertolines","com_insee":"72071","com_nom":"Montval-sur-Loir","last_update":"2026-03-05"},"geometry":{"type":"Point","coordinates":[0.4240665,47.69555990000914]}},{"type":"Feature","properties":{"osm_id":"node/1769857329","type":"hairdresser","name":"Debelle Coiffure","brand":null,"operator":null,"wheelchair":null,"opening_hours":null,"level":null,"siret":"50843086500016","profession_ref":null,"wikidata":null,"website":null,"phone":"+33 2 43 44 68 07","email":null,"facebook":null,"address":null,"com_insee":"72153","com_nom":"Jupilles","last_update":"2025-09-12"},"geometry":{"type":"Point","coordinates":[0.4135372,47.79083689998705]}},{"type":"Feature","properties":{"osm_id":"node/1777376821","type":"pub","name":"Le Saint-Vincent","brand":null,"operator":null,"wheelchair":"yes","opening_hours":"Tu-Sa 09:00-19:00","level":null,"siret":"34454198200015","profession_ref":null,"wikidata":null,"website":null,"phone":"+33 2 43 44 86 84","email":null,"facebook":null,"address":"2 Place du 8 Mai 1945","com_insee":"72325","com_nom":"Saint-Vincent-du-Lorouër","last_update":"2026-01-31"},"geometry":{"type":"Point","coordinates":[0.4898514,47.825323699978995]}},{"type":"Feature","properties":{"osm_id":"node/1777376837","type":"car_repair","name":"Garage Nail","brand":null,"operator":null,"wheelchair":null,"opening_hours":null,"level":null,"siret":"51093774100013","profession_ref":null,"wikidata":null,"website":null,"phone":"+33 2 43 46 99 32","email":null,"facebook":null,"address":null,"com_insee":"72325","com_nom":"Saint-Vincent-du-Lorouër","last_update":"2023-09-16"},"geometry":{"type":"Point","coordinates":[0.4903803,47.82649689997872]}},{"type":"Feature","properties":{"osm_id":"node/1778370764","type":"bakery","name":"L'Atelier Gourmand","brand":null,"operator":null,"wheelchair":null,"opening_hours":"Tu-Sa 07:30-12:30; We off","level":null,"siret":null,"profession_ref":null,"wikidata":null,"website":null,"phone":"+33 2 43 40 91 78","email":null,"facebook":null,"address":null,"com_insee":"72248","com_nom":"Pruillé-l'Éguillé","last_update":"2026-01-31"},"geometry":{"type":"Point","coordinates":[0.4313195,47.83689459997626]}},{"type":"Feature","properties":{"osm_id":"node/1780485852","type":"post_office","name":"Saint-Vincent du Lorouër","brand":null,"operator":"La Poste","wheelchair":"no","opening_hours":"Tu-Sa 09:00-12:00; PH off; 2024 May 04,2024 May 18 off","level":null,"siret":null,"profession_ref":"13777A","wikidata":null,"website":null,"phone":"+33243796460","email":null,"facebook":null,"address":"4 Place du 8 Mai 1945","com_insee":"72325","com_nom":"Saint-Vincent-du-Lorouër","last_update":"2024-05-04"},"geometry":{"type":"Point","coordinates":[0.4896619,47.82531729997897]}},{"type":"Feature","properties":{"osm_id":"node/1800752272","type":"restaurant","name":"Le Fer à Cheval","brand":null,"operator":null,"wheelchair":null,"opening_hours":null,"level":null,"siret":"93481689300010","profession_ref":null,"wikidata":null,"website":null,"phone":null,"email":null,"facebook":null,"address":"2 Rue de la Fontaine","com_insee":"72314","com_nom":"Saint-Pierre-du-Lorouër","last_update":"2025-06-24"},"geometry":{"type":"Point","coordinates":[0.5224417,47.80604099998349]}},{"type":"Feature","properties":{"osm_id":"node/1800752286","type":"post_office","name":"Saint-Pierre-du-Lorouër","brand":"La Poste","operator":"La Poste","wheelchair":"no","opening_hours":"Mo-Tu,Th-Sa 09:00-11:45; PH off; 2021 Dec 27-28,Dec 30-31 off","level":null,"siret":null,"profession_ref":"13772A","wikidata":null,"website":null,"phone":"+33243448311","email":null,"facebook":null,"address":null,"com_insee":"72314","com_nom":"Saint-Pierre-du-Lorouër","last_update":"2025-11-16"},"geometry":{"type":"Point","coordinates":[0.5223598,47.80589419998353]}},{"type":"Feature","properties":{"osm_id":"node/2070819911","type":"restaurant","name":"L'Hermitière","brand":null,"operator":null,"wheelchair":null,"opening_hours":null,"level":null,"siret":null,"profession_ref":null,"wikidata":null,"website":null,"phone":null,"email":null,"facebook":null,"address":null,"com_insee":"72325","com_nom":"Saint-Vincent-du-Lorouër","last_update":"2012-12-16"},"geometry":{"type":"Point","coordinates":[0.4578921,47.798348799985284]}},{"type":"Feature","properties":{"osm_id":"node/3041203085","type":"pharmacy","name":"Pharmacie Gaisnon","brand":null,"operator":null,"wheelchair":null,"opening_hours":"Mo-Fr 09:00-12:30,14:15-19:30; Sa 09:00-12:30","level":null,"siret":"83538083300011","profession_ref":"720010404","wikidata":null,"website":null,"phone":"+33 2 43 40 90 53","email":null,"facebook":null,"address":null,"com_insee":"72143","com_nom":"Le Grand-Lucé","last_update":"2025-08-14"},"geometry":{"type":"Point","coordinates":[0.4687225,47.8652945999696]}},{"type":"Feature","properties":{"osm_id":"node/5002719861","type":"supermarket","name":"Super U","brand":"Super U","operator":null,"wheelchair":null,"opening_hours":"Mo-Sa 08:45-19:30; Fr 08:45-20:00; Su 09:30-12:30","level":null,"siret":null,"profession_ref":null,"wikidata":"Q2529029","website":"https://www.magasins-u.com/magasin/superu-lachartresurleloir.m33212","phone":null,"email":null,"facebook":null,"address":null,"com_insee":"72068","com_nom":"La Chartre-sur-le-Loir","last_update":"2025-08-12"},"geometry":{"type":"Point","coordinates":[0.580993,47.739134299999066]}},{"type":"Feature","properties":{"osm_id":"node/5051595055","type":"optician","name":"Optical Center","brand":"Optical Center","operator":null,"wheelchair":null,"opening_hours":"Mo-Sa 10:00-19:00","level":null,"siret":"85187979100016","profession_ref":null,"wikidata":"Q3354448","website":"https://opticien.optical-center.fr/602-opticien-vouvray-chateau-du-loir-optical-center","phone":"+33 2 52 50 00 88","email":null,"facebook":null,"address":null,"com_insee":"72071","com_nom":"Montval-sur-Loir","last_update":"2024-07-15"},"geometry":{"type":"Point","coordinates":[0.429439,47.68886030001068]}},{"type":"Feature","properties":{"osm_id":"node/5051595056","type":"clothes","name":"La Halle","brand":"La Halle","operator":null,"wheelchair":null,"opening_hours":null,"level":null,"siret":"41315173905616","profession_ref":null,"wikidata":"Q100728296","website":null,"phone":null,"email":null,"facebook":null,"address":null,"com_insee":"72071","com_nom":"Montval-sur-Loir","last_update":"2025-02-03"},"geometry":{"type":"Point","coordinates":[0.4313165,47.68827890001083]}},{"type":"Feature","properties":{"osm_id":"node/5051595058","type":"optician","name":"Alain Afflelou","brand":"Alain Afflelou","operator":null,"wheelchair":null,"opening_hours":null,"level":null,"siret":"79086202300021","profession_ref":null,"wikidata":"Q2829511","website":null,"phone":null,"email":null,"facebook":null,"address":null,"com_insee":"72071","com_nom":"Montval-sur-Loir","last_update":"2025-09-07"},"geometry":{"type":"Point","coordinates":[0.4311985,47.687852800010916]}},{"type":"Feature","properties":{"osm_id":"node/5051595059","type":"electronics","name":"MDA","brand":"MDA","operator":null,"wheelchair":null,"opening_hours":null,"level":null,"siret":"32712724700598","profession_ref":null,"wikidata":"Q121069178","website":null,"phone":null,"email":null,"facebook":null,"address":null,"com_insee":"72071","com_nom":"Montval-sur-Loir","last_update":"2025-09-07"},"geometry":{"type":"Point","coordinates":[0.4310376,47.6883656000108]}},{"type":"Feature","properties":{"osm_id":"node/5554455880","type":"bakery","name":"Boulangerie Pâtisserie Rottier","brand":null,"operator":null,"wheelchair":null,"opening_hours":null,"level":null,"siret":"41347380200028","profession_ref":null,"wikidata":null,"website":null,"phone":null,"email":null,"facebook":"https://www.facebook.com/RottierLaurent07","address":null,"com_insee":"72115","com_nom":"Dissay-sous-Courcillon","last_update":"2023-09-16"},"geometry":{"type":"Point","coordinates":[0.4722511,47.66487850001621]}},{"type":"Feature","properties":{"osm_id":"node/5888702464","type":"variety_store","name":"Menuiserie Delaroue","brand":null,"operator":null,"wheelchair":null,"opening_hours":"Mo,Tu,Th 08:00-12:00,14:00-18:00; Fr 08:00-12:00,13:00-17:00","level":null,"siret":null,"profession_ref":null,"wikidata":null,"website":"https://menuiserie-delaroue.fr/","phone":null,"email":null,"facebook":null,"address":null,"com_insee":"72376","com_nom":"Villaines-sous-Lucé","last_update":"2025-05-04"},"geometry":{"type":"Point","coordinates":[0.484916,47.86626379996939]}},{"type":"Feature","properties":{"osm_id":"node/5888788376","type":"bar","name":"La Luciole","brand":null,"operator":null,"wheelchair":"no","opening_hours":"Mo-Fr 08:00-15:00","level":null,"siret":null,"profession_ref":null,"wikidata":null,"website":null,"phone":null,"email":null,"facebook":null,"address":null,"com_insee":"72376","com_nom":"Villaines-sous-Lucé","last_update":"2025-11-02"},"geometry":{"type":"Point","coordinates":[0.4813157,47.86547119996957]}},{"type":"Feature","properties":{"osm_id":"node/6196549615","type":"garden_centre","name":"LaMaison.fr","brand":null,"operator":null,"wheelchair":null,"opening_hours":null,"level":null,"siret":"35366941902094","profession_ref":null,"wikidata":null,"website":"https://www.lamaison.fr/stores/montval-sur-loir-lamaison-fr#47.684063,0.418587","phone":"+33 2 43 44 24 94","email":null,"facebook":null,"address":null,"com_insee":"72071","com_nom":"Montval-sur-Loir","last_update":"2025-09-07"},"geometry":{"type":"Point","coordinates":[0.4185744,47.684188800011775]}},{"type":"Feature","properties":{"osm_id":"node/6196555925","type":"doityourself","name":"Point P","brand":"Point P","operator":null,"wheelchair":null,"opening_hours":null,"level":null,"siret":null,"profession_ref":null,"wikidata":"Q3393350","website":null,"phone":null,"email":null,"facebook":null,"address":null,"com_insee":"72173","com_nom":"Luceau","last_update":"2019-06-19"},"geometry":{"type":"Point","coordinates":[0.4001013,47.71849130000385]}},{"type":"Feature","properties":{"osm_id":"node/6416315295","type":"garden_centre","name":"Point Vert","brand":"Point Vert","operator":null,"wheelchair":null,"opening_hours":null,"level":null,"siret":null,"profession_ref":null,"wikidata":"Q68458819","website":null,"phone":null,"email":null,"facebook":null,"address":null,"com_insee":"72143","com_nom":"Le Grand-Lucé","last_update":"2024-12-17"},"geometry":{"type":"Point","coordinates":[0.4762461,47.861123499970574]}},{"type":"Feature","properties":{"osm_id":"node/7041383416","type":"bakery","name":"L'atelier gourmand","brand":null,"operator":null,"wheelchair":"yes","opening_hours":"Tu-Fr 06:30-19:00; Sa 06:30-18:30; Su 07:00-12:30","level":null,"siret":"83023048800017","profession_ref":null,"wikidata":null,"website":null,"phone":null,"email":null,"facebook":null,"address":null,"com_insee":"72143","com_nom":"Le Grand-Lucé","last_update":"2025-11-02"},"geometry":{"type":"Point","coordinates":[0.4702916,47.86456049996977]}},{"type":"Feature","properties":{"osm_id":"node/7056330550","type":"wholesale","name":"Agrial","brand":null,"operator":null,"wheelchair":null,"opening_hours":null,"level":null,"siret":null,"profession_ref":null,"wikidata":null,"website":null,"phone":null,"email":null,"facebook":null,"address":null,"com_insee":"72068","com_nom":"La Chartre-sur-le-Loir","last_update":"2019-12-14"},"geometry":{"type":"Point","coordinates":[0.583708,47.7419684999984]}},{"type":"Feature","properties":{"osm_id":"node/7110361639","type":"post_office","name":"Le Grande-Luce","brand":null,"operator":"La Poste","wheelchair":"yes","opening_hours":"Mo-Tu,Th-Fr 09:00-12:00,14:00-16:45; We,Sa 09:00-12:00; PH off; 2024 May 20 off","level":null,"siret":null,"profession_ref":"13683A","wikidata":null,"website":null,"phone":null,"email":null,"facebook":null,"address":null,"com_insee":"72143","com_nom":"Le Grand-Lucé","last_update":"2025-08-14"},"geometry":{"type":"Point","coordinates":[0.4687696,47.8657497999695]}},{"type":"Feature","properties":{"osm_id":"node/7110361640","type":"bar","name":"Le Ronsard","brand":null,"operator":null,"wheelchair":null,"opening_hours":null,"level":null,"siret":"84404882700019","profession_ref":null,"wikidata":null,"website":null,"phone":null,"email":null,"facebook":null,"address":null,"com_insee":"72143","com_nom":"Le Grand-Lucé","last_update":"2025-08-14"},"geometry":{"type":"Point","coordinates":[0.4695058,47.8648495999697]}},{"type":"Feature","properties":{"osm_id":"node/7110361641","type":"butcher","name":"JM créatraiteur","brand":null,"operator":null,"wheelchair":null,"opening_hours":null,"level":null,"siret":"49123941400015","profession_ref":null,"wikidata":null,"website":null,"phone":null,"email":null,"facebook":null,"address":null,"com_insee":"72143","com_nom":"Le Grand-Lucé","last_update":"2026-01-23"},"geometry":{"type":"Point","coordinates":[0.4695251,47.864784699969725]}},{"type":"Feature","properties":{"osm_id":"node/7110361642","type":"florist","name":"L'Atelier","brand":null,"operator":null,"wheelchair":null,"opening_hours":null,"level":null,"siret":"98037658600015","profession_ref":null,"wikidata":null,"website":null,"phone":null,"email":null,"facebook":null,"address":null,"com_insee":"72143","com_nom":"Le Grand-Lucé","last_update":"2026-01-09"},"geometry":{"type":"Point","coordinates":[0.469768,47.86504859996966]}},{"type":"Feature","properties":{"osm_id":"node/7110361643","type":"bakery","name":"L'épi Lucéen","brand":null,"operator":null,"wheelchair":null,"opening_hours":null,"level":null,"siret":"82198655100017","profession_ref":null,"wikidata":null,"website":null,"phone":null,"email":null,"facebook":null,"address":null,"com_insee":"72143","com_nom":"Le Grand-Lucé","last_update":"2025-08-14"},"geometry":{"type":"Point","coordinates":[0.4696885,47.86503269996965]}},{"type":"Feature","properties":{"osm_id":"node/7110361644","type":"driving_school","name":"École de conduite Matrot","brand":null,"operator":null,"wheelchair":null,"opening_hours":null,"level":null,"siret":"87823978900026","profession_ref":null,"wikidata":null,"website":"https://ecoleconduitematrot.wixsite.com/parigne","phone":"+33 2 43 75 25 10","email":null,"facebook":null,"address":null,"com_insee":"72143","com_nom":"Le Grand-Lucé","last_update":"2026-01-09"},"geometry":{"type":"Point","coordinates":[0.4695756,47.86501689996967]}},{"type":"Feature","properties":{"osm_id":"node/7283283605","type":"pharmacy","name":"Pharmacie du Centre","brand":null,"operator":null,"wheelchair":null,"opening_hours":"Mo-Fr 08:45-12:30,14:00-19:30; Sa 08:45-12:30,14:00-18:00","level":null,"siret":"88043376800012","profession_ref":"720010131","wikidata":null,"website":null,"phone":"+33 2 43 44 00 03","email":null,"facebook":null,"address":null,"com_insee":"72071","com_nom":"Montval-sur-Loir","last_update":"2025-07-29"},"geometry":{"type":"Point","coordinates":[0.4178075,47.69424510000943]}},{"type":"Feature","properties":{"osm_id":"node/7387294068","type":"restaurant","name":"Le Grand Hôtel","brand":null,"operator":null,"wheelchair":null,"opening_hours":null,"level":null,"siret":null,"profession_ref":null,"wikidata":null,"website":"https://grand-hotel-chateau-du-loir.com/","phone":null,"email":null,"facebook":"https://www.facebook.com/grand.hotel.chateauduloir/","address":null,"com_insee":"72071","com_nom":"Montval-sur-Loir","last_update":"2023-11-08"},"geometry":{"type":"Point","coordinates":[0.4176971,47.69555240000913]}},{"type":"Feature","properties":{"osm_id":"node/7519714331","type":"bar","name":"Le Welcome","brand":null,"operator":null,"wheelchair":null,"opening_hours":null,"level":null,"siret":"48366539400035","profession_ref":null,"wikidata":null,"website":null,"phone":null,"email":null,"facebook":"https://www.facebook.com/Le-Welcome-1684205094972162","address":null,"com_insee":"72071","com_nom":"Montval-sur-Loir","last_update":"2021-08-04"},"geometry":{"type":"Point","coordinates":[0.4401758,47.68561730001143]}},{"type":"Feature","properties":{"osm_id":"node/7572843904","type":"laundry","name":"Laverie Wash.ME","brand":null,"operator":"Wash.ME","wheelchair":null,"opening_hours":"24/7","level":null,"siret":null,"profession_ref":null,"wikidata":null,"website":null,"phone":null,"email":null,"facebook":null,"address":null,"com_insee":"72143","com_nom":"Le Grand-Lucé","last_update":"2025-11-03"},"geometry":{"type":"Point","coordinates":[0.4674269,47.86976179996856]}},{"type":"Feature","properties":{"osm_id":"node/7625699257","type":"car_repair","name":"Garage Philippe Allain","brand":null,"operator":null,"wheelchair":null,"opening_hours":null,"level":null,"siret":null,"profession_ref":null,"wikidata":null,"website":null,"phone":null,"email":null,"facebook":null,"address":null,"com_insee":"72115","com_nom":"Dissay-sous-Courcillon","last_update":"2020-06-16"},"geometry":{"type":"Point","coordinates":[0.4718167,47.66469210001626]}},{"type":"Feature","properties":{"osm_id":"node/7767015669","type":"cinema","name":"Les Récollets","brand":null,"operator":"Ciné Off","wheelchair":null,"opening_hours":null,"level":null,"siret":null,"profession_ref":"104164","wikidata":"Q61860078","website":"http://cine-off.fr/salle/montval-sur-loir/","phone":null,"email":null,"facebook":null,"address":null,"com_insee":"72071","com_nom":"Montval-sur-Loir","last_update":"2020-07-29"},"geometry":{"type":"Point","coordinates":[0.4156831,47.69683040000886]}},{"type":"Feature","properties":{"osm_id":"node/7783633835","type":"restaurant","name":"Self Express","brand":null,"operator":null,"wheelchair":null,"opening_hours":null,"level":null,"siret":null,"profession_ref":null,"wikidata":null,"website":null,"phone":null,"email":null,"facebook":null,"address":null,"com_insee":"72115","com_nom":"Dissay-sous-Courcillon","last_update":"2024-05-11"},"geometry":{"type":"Point","coordinates":[0.4697715,47.650650800019484]}},{"type":"Feature","properties":{"osm_id":"node/7840370514","type":"fast_food","name":"Subito","brand":null,"operator":null,"wheelchair":null,"opening_hours":null,"level":null,"siret":null,"profession_ref":null,"wikidata":null,"website":null,"phone":null,"email":null,"facebook":null,"address":null,"com_insee":"72071","com_nom":"Montval-sur-Loir","last_update":"2020-08-24"},"geometry":{"type":"Point","coordinates":[0.4188893,47.6953097000092]}},{"type":"Feature","properties":{"osm_id":"node/7840370517","type":"jewelry","name":"Oriades","brand":null,"operator":null,"wheelchair":null,"opening_hours":null,"level":null,"siret":null,"profession_ref":null,"wikidata":null,"website":null,"phone":null,"email":null,"facebook":null,"address":null,"com_insee":"72071","com_nom":"Montval-sur-Loir","last_update":"2020-08-24"},"geometry":{"type":"Point","coordinates":[0.4184747,47.69468860000934]}},{"type":"Feature","properties":{"osm_id":"node/7840370518","type":"restaurant","name":"Aux Papilles de Château","brand":null,"operator":null,"wheelchair":null,"opening_hours":null,"level":null,"siret":"47893229600054","profession_ref":null,"wikidata":null,"website":"https://www.auxpapillesdechateau.fr/","phone":"+33 2 43 79 38 61","email":null,"facebook":"https://www.facebook.com/auxpapillesdechateau","address":null,"com_insee":"72071","com_nom":"Montval-sur-Loir","last_update":"2025-07-27"},"geometry":{"type":"Point","coordinates":[0.4181772,47.6944982000094]}},{"type":"Feature","properties":{"osm_id":"node/7847368431","type":"restaurant","name":"Hôtel de la Gare","brand":null,"operator":null,"wheelchair":null,"opening_hours":null,"level":null,"siret":null,"profession_ref":null,"wikidata":null,"website":null,"phone":null,"email":null,"facebook":null,"address":null,"com_insee":"72071","com_nom":"Montval-sur-Loir","last_update":"2020-08-26"},"geometry":{"type":"Point","coordinates":[0.4147902,47.6836446000119]}},{"type":"Feature","properties":{"osm_id":"node/7847368432","type":"bar","name":"Les Voyageurs","brand":null,"operator":null,"wheelchair":null,"opening_hours":null,"level":null,"siret":"43399623800021","profession_ref":null,"wikidata":null,"website":null,"phone":null,"email":null,"facebook":null,"address":null,"com_insee":"72071","com_nom":"Montval-sur-Loir","last_update":"2025-07-27"},"geometry":{"type":"Point","coordinates":[0.4148365,47.683857300011844]}},{"type":"Feature","properties":{"osm_id":"node/8043232955","type":"restaurant","name":"La Brasserie WiFi","brand":null,"operator":null,"wheelchair":null,"opening_hours":null,"level":null,"siret":"82780066500016","profession_ref":null,"wikidata":null,"website":null,"phone":null,"email":null,"facebook":null,"address":null,"com_insee":"72071","com_nom":"Montval-sur-Loir","last_update":"2025-09-06"},"geometry":{"type":"Point","coordinates":[0.4312779,47.68666220001119]}},{"type":"Feature","properties":{"osm_id":"node/8397374617","type":"hearing_aids","name":"Entendre","brand":"Entendre","operator":null,"wheelchair":null,"opening_hours":"Mo-Fr 09:30-12:30, 14:00-18:00","level":null,"siret":"89017614200051","profession_ref":null,"wikidata":null,"website":"https://www.entendre-chateau-du-loir.fr","phone":"+33 2 49 88 08 99","email":null,"facebook":null,"address":"56 Rue Aristide Briand","com_insee":"72071","com_nom":"Montval-sur-Loir","last_update":"2025-07-29"},"geometry":{"type":"Point","coordinates":[0.4193781,47.6944983000094]}},{"type":"Feature","properties":{"osm_id":"node/8425185703","type":"post_office","name":"Relais Poste","brand":"La Poste","operator":null,"wheelchair":"no","opening_hours":"Tu,Fr 08:30-12:30,16:00-19:00; We-Th,Sa-Su 08:30-12:30; PH off; 2024 May 19 08:30-12:30","level":null,"siret":null,"profession_ref":"13638A","wikidata":null,"website":null,"phone":null,"email":null,"facebook":null,"address":null,"com_insee":"72262","com_nom":"Loir en Vallée","last_update":"2024-04-06"},"geometry":{"type":"Point","coordinates":[0.679425,47.79886399998517]}},{"type":"Feature","properties":{"osm_id":"node/8425185705","type":"post_office","name":"Courdemanche","brand":"La Poste","operator":null,"wheelchair":"no","opening_hours":"Mo-Tu,Th-Sa 09:00-12:00; PH off; 2021 Dec 27-28,Dec 30-31 off","level":null,"siret":null,"profession_ref":"13662A","wikidata":null,"website":null,"phone":null,"email":null,"facebook":null,"address":null,"com_insee":"72103","com_nom":"Courdemanche","last_update":"2021-12-28"},"geometry":{"type":"Point","coordinates":[0.5624159,47.81449349998152]}},{"type":"Feature","properties":{"osm_id":"node/8425185706","type":"post_office","name":"La Poste","brand":"La Poste","operator":null,"wheelchair":"no","opening_hours":"Mo-Tu,Th-Sa 09:00-12:00; PH off; 2024 May 06-07,2024 May 20 off","level":null,"siret":null,"profession_ref":"13755A","wikidata":null,"website":null,"phone":null,"email":null,"facebook":null,"address":null,"com_insee":"72279","com_nom":"Saint-Georges-de-la-Couée","last_update":"2024-05-04"},"geometry":{"type":"Point","coordinates":[0.5838511,47.84122329997526]}},{"type":"Feature","properties":{"osm_id":"node/8425185707","type":"post_office","name":"La Poste","brand":"La Poste","operator":null,"wheelchair":"no","opening_hours":"Mo-Tu,Th 09:15-11:45; Fr 09:15-11:45,14:30-17:00; Sa 09:00-12:30; PH off; 2024 May 10-11,2024 May 20 off","level":null,"siret":null,"profession_ref":"13715A","wikidata":null,"website":null,"phone":null,"email":null,"facebook":null,"address":null,"com_insee":"72210","com_nom":"Montreuil-le-Henri","last_update":"2024-05-04"},"geometry":{"type":"Point","coordinates":[0.5665607,47.86712159996915]}},{"type":"Feature","properties":{"osm_id":"node/8425185710","type":"post_office","name":"La Poste","brand":"La Poste","operator":null,"wheelchair":"no","opening_hours":"Mo-Tu,Th-Sa 09:15-12:00; PH off; 2024 May 06-07,2024 May 10-11,2024 May 20-21 off","level":null,"siret":null,"profession_ref":"13737A","wikidata":null,"website":null,"phone":null,"email":null,"facebook":null,"address":null,"com_insee":"72248","com_nom":"Pruillé-l'Éguillé","last_update":"2024-05-04"},"geometry":{"type":"Point","coordinates":[0.4322262,47.836972099976244]}},{"type":"Feature","properties":{"osm_id":"node/8425621525","type":"post_office","name":"Relais Poste","brand":"La Poste","operator":null,"wheelchair":"no","opening_hours":"Mo-Tu,Th-Sa 07:00-20:00; Su 07:00-14:00; PH off; 2024 May 19 07:00-14:00; 2024 May 20 off","level":null,"siret":null,"profession_ref":"15606D","wikidata":null,"website":null,"phone":null,"email":null,"facebook":null,"address":null,"com_insee":"72262","com_nom":"Loir en Vallée","last_update":"2024-04-06"},"geometry":{"type":"Point","coordinates":[0.6566228,47.76220829999371]}},{"type":"Feature","properties":{"osm_id":"node/8425621527","type":"post_office","name":"Poste Annexe","brand":"La Poste","operator":null,"wheelchair":"no","opening_hours":"Tu-We,Fr-Sa 09:00-12:00; Th 09:30-12:30; PH off; 2024 May 04,2024 May 07 off","level":null,"siret":null,"profession_ref":"14492D","wikidata":null,"website":null,"phone":null,"email":null,"facebook":null,"address":null,"com_insee":"72262","com_nom":"Loir en Vallée","last_update":"2024-05-04"},"geometry":{"type":"Point","coordinates":[0.6226348,47.750769099996354]}},{"type":"Feature","properties":{"osm_id":"node/8425621528","type":"post_office","name":"Relais Poste","brand":"La Poste","operator":null,"wheelchair":"no","opening_hours":"Tu-Sa 07:30-12:30,15:00-19:00; Su 08:30-12:00; PH off; 2024 May 19 08:30-12:00","level":null,"siret":null,"profession_ref":"13692A","wikidata":null,"website":null,"phone":null,"email":null,"facebook":null,"address":null,"com_insee":"72161","com_nom":"Lhomme","last_update":"2024-04-06"},"geometry":{"type":"Point","coordinates":[0.5574662,47.743880999997984]}},{"type":"Feature","properties":{"osm_id":"node/8425621529","type":"post_office","name":"Relais Poste","brand":"La Poste","operator":null,"wheelchair":"no","opening_hours":"Mo,Th-Sa 08:30-12:30,15:00-19:00; Tu 08:30-12:30; PH off; 2024 May 20 off","level":null,"siret":null,"profession_ref":"13632A","wikidata":null,"website":null,"phone":null,"email":null,"facebook":null,"address":null,"com_insee":"72052","com_nom":"Chahaignes","last_update":"2024-04-06"},"geometry":{"type":"Point","coordinates":[0.5139771,47.74188969999843]}},{"type":"Feature","properties":{"osm_id":"node/8425621530","type":"post_office","name":"La Poste","brand":"La Poste","operator":null,"wheelchair":"no","opening_hours":"Mo-Tu 15:00-18:00; Th-Fr 09:00-12:00; Sa 09:00-11:30; PH off; 2024 Apr 08-09,2024 Apr 19,2024 May 20 off","level":null,"siret":null,"profession_ref":"13703A","wikidata":null,"website":null,"phone":null,"email":null,"facebook":null,"address":null,"com_insee":"72183","com_nom":"Marçon","last_update":"2024-04-06"},"geometry":{"type":"Point","coordinates":[0.5091447,47.7100464000058]}},{"type":"Feature","properties":{"osm_id":"node/8425621531","type":"post_office","name":"Vouvray sur Loir","brand":"La Poste","operator":null,"wheelchair":"no","opening_hours":"Mo-Fr 08:45-12:15; PH off; 2024 May 07,2024 May 20 off","level":null,"siret":null,"profession_ref":"13810A","wikidata":null,"website":null,"phone":null,"email":null,"facebook":null,"address":null,"com_insee":"72071","com_nom":"Montval-sur-Loir","last_update":"2024-05-04"},"geometry":{"type":"Point","coordinates":[0.463391,47.69670350000887]}},{"type":"Feature","properties":{"osm_id":"node/8425621532","type":"post_office","name":"Poste Annexe","brand":"La Poste","operator":null,"wheelchair":"no","opening_hours":"Mo-Tu,Th-Fr 12:45-16:30; Sa 10:45-12:00; PH off; 2024 May 20 off","level":null,"siret":null,"profession_ref":"13794A","wikidata":null,"website":null,"phone":null,"email":null,"facebook":null,"address":null,"com_insee":"72356","com_nom":"Thoiré-sur-Dinan","last_update":"2024-04-06"},"geometry":{"type":"Point","coordinates":[0.4475808,47.75358109999571]}},{"type":"Feature","properties":{"osm_id":"node/8425621533","type":"post_office","name":"BEAUMONT PIED DE BOEUF","brand":"La Poste","operator":null,"wheelchair":"no","opening_hours":"Mo-Tu,Th-Fr 09:00-11:30; week 02-53/2 Sa 09:00-11:30; PH off; 2022 Jan 3-4,Jan 6-7 off","level":null,"siret":null,"profession_ref":"13620A","wikidata":null,"website":null,"phone":null,"email":null,"facebook":null,"address":null,"com_insee":"72028","com_nom":"Beaumont-Pied-de-Bœuf","last_update":"2022-01-08"},"geometry":{"type":"Point","coordinates":[0.4013356,47.75960049999432]}},{"type":"Feature","properties":{"osm_id":"node/8521078442","type":"association","name":"Le Coin de l'Atre","brand":null,"operator":"A.T.R.E. Chantier","wheelchair":null,"opening_hours":null,"level":null,"siret":"43126235100049","profession_ref":null,"wikidata":null,"website":null,"phone":"+33 2 43 79 41 20","email":"accueil@atre72.org","facebook":"https://www.facebook.com/Le-coin-de-lATRE-la-recyclerie-de-la-Vall%C3%A9e-du-Loir-643049346118515/","address":"38 Route de Château du Loir","com_insee":"72173","com_nom":"Luceau","last_update":"2023-12-28"},"geometry":{"type":"Point","coordinates":[0.40534,47.70499000000697]}},{"type":"Feature","properties":{"osm_id":"node/8750613345","type":"post_office","name":"Poste Annexe","brand":"La Poste","operator":null,"wheelchair":"no","opening_hours":"Mo-Tu,Sa 09:00-12:00; Th 09:30-12:00,14:00-17:00; Fr 09:30-12:00; PH off; 2024 May 06-07,2024 May 10-11,2024 May 20-21 off","level":null,"siret":null,"profession_ref":"13771A","wikidata":null,"website":null,"phone":null,"email":null,"facebook":null,"address":null,"com_insee":"72311","com_nom":"Saint-Pierre-de-Chevillé","last_update":"2024-04-06"},"geometry":{"type":"Point","coordinates":[0.438046,47.64600890002053]}},{"type":"Feature","properties":{"osm_id":"node/8817697372","type":"car_repair","name":"Garage Hertereau","brand":null,"operator":null,"wheelchair":null,"opening_hours":null,"level":null,"siret":null,"profession_ref":null,"wikidata":null,"website":null,"phone":null,"email":null,"facebook":null,"address":null,"com_insee":"72183","com_nom":"Marçon","last_update":"2021-06-28"},"geometry":{"type":"Point","coordinates":[0.5130503,47.71297850000512]}},{"type":"Feature","properties":{"osm_id":"node/8853571750","type":"bakery","name":"La Fabri'k Pains","brand":null,"operator":null,"wheelchair":null,"opening_hours":null,"level":null,"siret":null,"profession_ref":null,"wikidata":null,"website":null,"phone":null,"email":null,"facebook":null,"address":null,"com_insee":"72262","com_nom":"Loir en Vallée","last_update":"2025-09-12"},"geometry":{"type":"Point","coordinates":[0.6564686,47.762272099993694]}},{"type":"Feature","properties":{"osm_id":"node/8871628923","type":"bar","name":"Le P'tit Marçonnais","brand":null,"operator":null,"wheelchair":null,"opening_hours":null,"level":null,"siret":"80027080300011","profession_ref":null,"wikidata":null,"website":null,"phone":null,"email":null,"facebook":null,"address":null,"com_insee":"72183","com_nom":"Marçon","last_update":"2025-08-27"},"geometry":{"type":"Point","coordinates":[0.5106188,47.70991870000582]}},{"type":"Feature","properties":{"osm_id":"node/9209348570","type":"optician","name":"Optic 2000","brand":"Optic 2000","operator":null,"wheelchair":null,"opening_hours":null,"level":null,"siret":"98272435300072","profession_ref":null,"wikidata":"Q3354445","website":null,"phone":null,"email":null,"facebook":null,"address":null,"com_insee":"72071","com_nom":"Montval-sur-Loir","last_update":"2025-07-27"},"geometry":{"type":"Point","coordinates":[0.4173397,47.696063400009045]}},{"type":"Feature","properties":{"osm_id":"node/9209348571","type":"hairdresser","name":"Espace Coiffure","brand":null,"operator":null,"wheelchair":null,"opening_hours":null,"level":null,"siret":"90752481300017","profession_ref":null,"wikidata":null,"website":null,"phone":null,"email":null,"facebook":null,"address":null,"com_insee":"72071","com_nom":"Montval-sur-Loir","last_update":"2025-07-27"},"geometry":{"type":"Point","coordinates":[0.4174121,47.69600560000904]}},{"type":"Feature","properties":{"osm_id":"node/9374542954","type":"pharmacy","name":"Pharmacie Bracquemond","brand":null,"operator":null,"wheelchair":null,"opening_hours":null,"level":null,"siret":"90934767600019","profession_ref":"720010222","wikidata":null,"website":null,"phone":"+33243448022","email":null,"facebook":null,"address":null,"com_insee":"72103","com_nom":"Courdemanche","last_update":"2023-07-30"},"geometry":{"type":"Point","coordinates":[0.5633289,47.81658039998103]}},{"type":"Feature","properties":{"osm_id":"node/9609730950","type":"bakery","name":"La Sucrerie","brand":null,"operator":null,"wheelchair":null,"opening_hours":null,"level":null,"siret":"88258584700016","profession_ref":null,"wikidata":null,"website":null,"phone":null,"email":null,"facebook":null,"address":null,"com_insee":"72183","com_nom":"Marçon","last_update":"2022-03-26"},"geometry":{"type":"Point","coordinates":[0.5106034,47.710324100005735]}},{"type":"Feature","properties":{"osm_id":"node/9845529192","type":"bakery","name":"Aux Délices Ruillacois","brand":null,"operator":null,"wheelchair":null,"opening_hours":null,"level":null,"siret":"80509744100028","profession_ref":null,"wikidata":null,"website":null,"phone":"+33 2 43 44 12 90","email":null,"facebook":"https://www.facebook.com/C.BoutardRuilleArtins","address":null,"com_insee":"72262","com_nom":"Loir en Vallée","last_update":"2025-09-07"},"geometry":{"type":"Point","coordinates":[0.6204176,47.75138439999621]}},{"type":"Feature","properties":{"osm_id":"way/1123455529","type":"supermarket","name":"Aldi","brand":"Aldi","operator":null,"wheelchair":null,"opening_hours":"Mo-Sa 08:30-19:30; Su 08:30-12:30","level":null,"siret":"44433078101202","profession_ref":null,"wikidata":"Q41171373","website":null,"phone":null,"email":null,"facebook":null,"address":null,"com_insee":"72071","com_nom":"Montval-sur-Loir","last_update":"2026-02-23"},"geometry":{"type":"Point","coordinates":[0.426814246601974,47.69066392200193]}},{"type":"Feature","properties":{"osm_id":"way/1374366050","type":"doityourself","name":"Bricomarché","brand":"Bricomarché","operator":null,"wheelchair":null,"opening_hours":null,"level":null,"siret":"83764755100022","profession_ref":null,"wikidata":"Q2925147","website":null,"phone":null,"email":null,"facebook":null,"address":null,"com_insee":"72071","com_nom":"Montval-sur-Loir","last_update":"2026-03-13"},"geometry":{"type":"Point","coordinates":[0.426448718915086,47.685096347993]}},{"type":"Feature","properties":{"osm_id":"way/1451093006","type":"car_wash","name":"Le Lavage U","brand":null,"operator":null,"wheelchair":null,"opening_hours":null,"level":null,"siret":null,"profession_ref":null,"wikidata":null,"website":null,"phone":null,"email":null,"facebook":null,"address":null,"com_insee":"72068","com_nom":"La Chartre-sur-le-Loir","last_update":"2026-01-27"},"geometry":{"type":"Point","coordinates":[0.587916514739833,47.74114114800717]}},{"type":"Feature","properties":{"osm_id":"way/1488512950","type":"yes","name":"Street-Bike","brand":null,"operator":null,"wheelchair":null,"opening_hours":null,"level":null,"siret":null,"profession_ref":null,"wikidata":null,"website":null,"phone":null,"email":null,"facebook":null,"address":null,"com_insee":"72071","com_nom":"Montval-sur-Loir","last_update":"2026-03-13"},"geometry":{"type":"Point","coordinates":[0.42904700000076,47.68454580025847]}},{"type":"Feature","properties":{"osm_id":"way/166282508","type":"bar","name":"Le Saint-Jacques","brand":null,"operator":"La Brass'Vie de Jupilles","wheelchair":null,"opening_hours":null,"level":null,"siret":"83894211800020","profession_ref":null,"wikidata":null,"website":null,"phone":null,"email":null,"facebook":null,"address":"3 Place André Ricordeau","com_insee":"72153","com_nom":"Jupilles","last_update":"2025-09-12"},"geometry":{"type":"Point","coordinates":[0.412952526969697,47.79045582828188]}},{"type":"Feature","properties":{"osm_id":"way/166282513","type":"bar","name":"Le Bistrot Chouette","brand":null,"operator":null,"wheelchair":null,"opening_hours":"We-Th 10:00-18:00; Fr-Sa 10:00-24:00; Su 09:00-15:00","level":null,"siret":"89913522200011","profession_ref":null,"wikidata":null,"website":null,"phone":null,"email":null,"facebook":null,"address":"4 Place André Ricordeau","com_insee":"72153","com_nom":"Jupilles","last_update":"2025-09-08"},"geometry":{"type":"Point","coordinates":[0.412818125727892,47.79036042749577]}},{"type":"Feature","properties":{"osm_id":"way/166283805","type":"gift","name":"Bidule","brand":null,"operator":null,"wheelchair":null,"opening_hours":null,"level":null,"siret":null,"profession_ref":null,"wikidata":null,"website":null,"phone":"+33 2 43 44 63 85","email":null,"facebook":"https://www.facebook.com/people/Bidule/100057542436378/","address":"19 Place André Ricordeau","com_insee":"72153","com_nom":"Jupilles","last_update":"2025-08-28"},"geometry":{"type":"Point","coordinates":[0.412971717423479,47.79070689734819]}},{"type":"Feature","properties":{"osm_id":"way/180872008","type":"vehicle_inspection","name":"Sécuritest","brand":null,"operator":null,"wheelchair":null,"opening_hours":null,"level":null,"siret":null,"profession_ref":null,"wikidata":null,"website":null,"phone":null,"email":null,"facebook":null,"address":null,"com_insee":"72071","com_nom":"Montval-sur-Loir","last_update":"2026-02-20"},"geometry":{"type":"Point","coordinates":[0.433791999993817,47.6868990001308]}},{"type":"Feature","properties":{"osm_id":"way/180872246","type":"car_wash","name":"E.Leclerc Station de lavage","brand":null,"operator":null,"wheelchair":null,"opening_hours":null,"level":null,"siret":null,"profession_ref":null,"wikidata":null,"website":null,"phone":null,"email":null,"facebook":null,"address":null,"com_insee":"72071","com_nom":"Montval-sur-Loir","last_update":"2026-02-20"},"geometry":{"type":"Point","coordinates":[0.433730837304167,47.68730592175383]}},{"type":"Feature","properties":{"osm_id":"way/180872453","type":"variety_store","name":"GiFi","brand":"GiFi","operator":null,"wheelchair":null,"opening_hours":null,"level":null,"siret":"47872562502630","profession_ref":null,"wikidata":"Q3105439","website":null,"phone":null,"email":null,"facebook":null,"address":"49 Rue Nationale","com_insee":"72071","com_nom":"Montval-sur-Loir","last_update":"2026-02-20"},"geometry":{"type":"Point","coordinates":[0.429704455730602,47.68811993884541]}},{"type":"Feature","properties":{"osm_id":"way/240038478","type":"driving_school","name":"École de Conduite Castelorienne","brand":null,"operator":null,"wheelchair":null,"opening_hours":null,"level":null,"siret":"82271896100011","profession_ref":null,"wikidata":null,"website":null,"phone":"+33 6 11 39 51 92","email":null,"facebook":"https://www.facebook.com/ecoledeconduitecastel/","address":null,"com_insee":"72071","com_nom":"Montval-sur-Loir","last_update":"2025-09-07"},"geometry":{"type":"Point","coordinates":[0.415134500001199,47.6954870000245]}},{"type":"Feature","properties":{"osm_id":"way/240371941","type":"furniture","name":"Gauthier","brand":null,"operator":null,"wheelchair":null,"opening_hours":null,"level":null,"siret":"35294964800013","profession_ref":null,"wikidata":null,"website":null,"phone":null,"email":null,"facebook":null,"address":null,"com_insee":"72071","com_nom":"Montval-sur-Loir","last_update":"2026-02-16"},"geometry":{"type":"Point","coordinates":[0.425411161777556,47.692963624940134]}},{"type":"Feature","properties":{"osm_id":"way/240371947","type":"doityourself","name":"Mr.Bricolage","brand":"Mr.Bricolage","operator":null,"wheelchair":null,"opening_hours":null,"level":null,"siret":null,"profession_ref":null,"wikidata":"Q3141657","website":null,"phone":null,"email":null,"facebook":null,"address":"9 Rue Sainte-Cécile","com_insee":"72071","com_nom":"Montval-sur-Loir","last_update":"2025-05-30"},"geometry":{"type":"Point","coordinates":[0.424227522749945,47.693633670505136]}},{"type":"Feature","properties":{"osm_id":"way/240489855","type":"cafe","name":"Le Carnot 1895","brand":null,"operator":null,"wheelchair":null,"opening_hours":null,"level":null,"siret":"90521731100018","profession_ref":null,"wikidata":null,"website":null,"phone":null,"email":null,"facebook":null,"address":"4 Rue Henri Dunant","com_insee":"72071","com_nom":"Montval-sur-Loir","last_update":"2025-07-29"},"geometry":{"type":"Point","coordinates":[0.415710904995724,47.68924960088788]}},{"type":"Feature","properties":{"osm_id":"way/240490306","type":"supermarket","name":"Lidl","brand":"Lidl","operator":null,"wheelchair":null,"opening_hours":"th-mo 9:00-14:00,17:30:23:00","level":null,"siret":"34326262216137","profession_ref":null,"wikidata":"Q151954","website":null,"phone":null,"email":null,"facebook":null,"address":null,"com_insee":"72071","com_nom":"Montval-sur-Loir","last_update":"2026-02-08"},"geometry":{"type":"Point","coordinates":[0.429025192613816,47.68617498291959]}},{"type":"Feature","properties":{"osm_id":"way/305125975","type":"restaurant","name":"Chez Fred","brand":null,"operator":null,"wheelchair":null,"opening_hours":null,"level":null,"siret":"91163931800029","profession_ref":null,"wikidata":null,"website":"https://www.chezfredlhomme.fr/","phone":"+33 2 43 46 10 65","email":null,"facebook":null,"address":"12 Rue du Val de Loir","com_insee":"72161","com_nom":"Lhomme","last_update":"2025-09-03"},"geometry":{"type":"Point","coordinates":[0.557332953545618,47.7430959590892]}},{"type":"Feature","properties":{"osm_id":"way/305127165","type":"car_repair","name":"Breteau","brand":null,"operator":null,"wheelchair":null,"opening_hours":null,"level":null,"siret":"83098521400022","profession_ref":null,"wikidata":null,"website":null,"phone":"+33 2 43 44 43 81","email":null,"facebook":null,"address":null,"com_insee":"72161","com_nom":"Lhomme","last_update":"2026-01-27"},"geometry":{"type":"Point","coordinates":[0.563972248699993,47.7434054452665]}},{"type":"Feature","properties":{"osm_id":"way/339178226","type":"pharmacy","name":"Pharmacie de la Vallée du Loir","brand":null,"operator":null,"wheelchair":null,"opening_hours":null,"level":null,"siret":"94836828700017","profession_ref":"720010719","wikidata":null,"website":null,"phone":null,"email":null,"facebook":null,"address":null,"com_insee":"72262","com_nom":"Loir en Vallée","last_update":"2025-09-07"},"geometry":{"type":"Point","coordinates":[0.617883703247612,47.74998652731317]}},{"type":"Feature","properties":{"osm_id":"way/339178260","type":"garden_centre","name":"La Jardinerie","brand":null,"operator":null,"wheelchair":null,"opening_hours":null,"level":null,"siret":"47790972500012","profession_ref":null,"wikidata":null,"website":null,"phone":"+33 2 43 44 52 82","email":null,"facebook":null,"address":null,"com_insee":"72262","com_nom":"Loir en Vallée","last_update":"2025-09-07"},"geometry":{"type":"Point","coordinates":[0.596652237986689,47.743391105876626]}},{"type":"Feature","properties":{"osm_id":"way/339178279","type":"car_repair","name":"Touet Automobile","brand":null,"operator":null,"wheelchair":null,"opening_hours":null,"level":null,"siret":"93259558000014","profession_ref":null,"wikidata":null,"website":"https://touet-automobile.fr/","phone":"+33 2 43 38 86 42","email":null,"facebook":null,"address":null,"com_insee":"72262","com_nom":"Loir en Vallée","last_update":"2025-08-28"},"geometry":{"type":"Point","coordinates":[0.610439779556062,47.748054814480454]}},{"type":"Feature","properties":{"osm_id":"way/349605482","type":"pub","name":"Au Bon Coin","brand":null,"operator":null,"wheelchair":null,"opening_hours":null,"level":null,"siret":null,"profession_ref":null,"wikidata":null,"website":null,"phone":null,"email":null,"facebook":null,"address":null,"com_insee":"72262","com_nom":"Loir en Vallée","last_update":"2021-01-02"},"geometry":{"type":"Point","coordinates":[0.690729345841585,47.77087983838737]}},{"type":"Feature","properties":{"osm_id":"way/349605542","type":"restaurant","name":"Au Jardin des Saveurs","brand":null,"operator":null,"wheelchair":null,"opening_hours":null,"level":null,"siret":"53465854700011","profession_ref":null,"wikidata":null,"website":null,"phone":null,"email":null,"facebook":null,"address":null,"com_insee":"72262","com_nom":"Loir en Vallée","last_update":"2025-08-28"},"geometry":{"type":"Point","coordinates":[0.701352024372361,47.77090244981327]}},{"type":"Feature","properties":{"osm_id":"way/47521315","type":"supermarket","name":"Centre Commercial E.Leclerc","brand":"Centre Commercial E.Leclerc","operator":"E. Leclerc","wheelchair":null,"opening_hours":null,"level":null,"siret":"57725102800046","profession_ref":null,"wikidata":"Q1273376","website":null,"phone":null,"email":null,"facebook":null,"address":null,"com_insee":"72071","com_nom":"Montval-sur-Loir","last_update":"2026-02-20"},"geometry":{"type":"Point","coordinates":[0.431267257099005,47.68596612472181]}},{"type":"Feature","properties":{"osm_id":"way/503577617","type":"fast_food","name":"McDonald's Vouvray-sur-Loir","brand":"McDonald's","operator":null,"wheelchair":null,"opening_hours":"Mo-Su 10:00-23:00","level":null,"siret":"52897871100026","profession_ref":null,"wikidata":"Q38076","website":"https://www.mcdonalds.fr/restaurants/mcdonalds-vouvray-sur-loir/1317","phone":"+33 2 43 44 53 46","email":null,"facebook":null,"address":null,"com_insee":"72071","com_nom":"Montval-sur-Loir","last_update":"2025-07-29"},"geometry":{"type":"Point","coordinates":[0.43240499366083,47.687385707354956]}},{"type":"Feature","properties":{"osm_id":"way/517708407","type":"clothes","name":"DistriCenter","brand":"DistriCenter","operator":null,"wheelchair":null,"opening_hours":null,"level":null,"siret":"49382182101423","profession_ref":null,"wikidata":"Q121840469","website":null,"phone":null,"email":null,"facebook":null,"address":null,"com_insee":"72071","com_nom":"Montval-sur-Loir","last_update":"2026-02-20"},"geometry":{"type":"Point","coordinates":[0.429920207035343,47.687735908934066]}},{"type":"Feature","properties":{"osm_id":"way/580839503","type":"post_office","name":"Dissay-sous-Courcillon","brand":null,"operator":"La Poste","wheelchair":"no","opening_hours":"Mo-We,Sa 09:00-11:45; Th-Fr 14:00-16:45; PH off; 2024 Apr 06,2024 Apr 08-12,2024 May 20 off","level":null,"siret":null,"profession_ref":"13668A","wikidata":null,"website":null,"phone":"+33243442751","email":null,"facebook":null,"address":null,"com_insee":"72115","com_nom":"Dissay-sous-Courcillon","last_update":"2025-07-29"},"geometry":{"type":"Point","coordinates":[0.472594277826922,47.6647298517394]}},{"type":"Feature","properties":{"osm_id":"way/625657675","type":"outpost","name":"E.Leclerc Drive","brand":"E.Leclerc Drive","operator":null,"wheelchair":null,"opening_hours":null,"level":null,"siret":null,"profession_ref":null,"wikidata":"Q1273376","website":null,"phone":null,"email":null,"facebook":null,"address":null,"com_insee":"72071","com_nom":"Montval-sur-Loir","last_update":"2026-02-20"},"geometry":{"type":"Point","coordinates":[0.429931552284735,47.68661031433268]}},{"type":"Feature","properties":{"osm_id":"way/72925802","type":"post_office","name":"La Poste","brand":null,"operator":"La Poste","wheelchair":"yes","opening_hours":"Mo-Fr 09:00-12:00,14:00-17:00; Sa 09:00-12:00; PH off; 2024 May 20 off","level":null,"siret":null,"profession_ref":"13642A","wikidata":null,"website":null,"phone":null,"email":null,"facebook":null,"address":null,"com_insee":"72071","com_nom":"Montval-sur-Loir","last_update":"2026-02-18"},"geometry":{"type":"Point","coordinates":[0.418747692320312,47.69428264384946]}},{"type":"Feature","properties":{"osm_id":"way/74527823","type":"yes","name":"Marbrerie","brand":null,"operator":null,"wheelchair":null,"opening_hours":null,"level":null,"siret":null,"profession_ref":null,"wikidata":null,"website":null,"phone":null,"email":null,"facebook":null,"address":null,"com_insee":"72068","com_nom":"La Chartre-sur-le-Loir","last_update":"2019-12-14"},"geometry":{"type":"Point","coordinates":[0.584945581103451,47.7449588631988]}},{"type":"Feature","properties":{"osm_id":"way/74529602","type":"post_office","name":"La Chartre sur le Loir","brand":null,"operator":"La Poste","wheelchair":"yes","opening_hours":"Mo-Fr 09:00-12:00,14:00-17:00; Sa 09:00-12:00; PH off; 2024 May 20 off","level":null,"siret":null,"profession_ref":"13641A","wikidata":null,"website":null,"phone":null,"email":null,"facebook":null,"address":null,"com_insee":"72068","com_nom":"La Chartre-sur-le-Loir","last_update":"2025-07-27"},"geometry":{"type":"Point","coordinates":[0.573723252719122,47.72967167621583]}},{"type":"Feature","properties":{"osm_id":"way/74530337","type":"beauty","name":"Hair Nails Chic","brand":null,"operator":null,"wheelchair":null,"opening_hours":null,"level":null,"siret":null,"profession_ref":null,"wikidata":null,"website":null,"phone":"+33 2 43 44 10 27","email":null,"facebook":"https://www.facebook.com/aurelieCoiffeuseStylisteOngulaire/","address":null,"com_insee":"72068","com_nom":"La Chartre-sur-le-Loir","last_update":"2025-09-03"},"geometry":{"type":"Point","coordinates":[0.581750772563073,47.74044219188933]}},{"type":"Feature","properties":{"osm_id":"way/74530745","type":"garden_centre","name":"LaMaison.fr","brand":null,"operator":null,"wheelchair":null,"opening_hours":null,"level":null,"siret":null,"profession_ref":null,"wikidata":null,"website":"https://www.lamaison.fr/stores/la-chartre-sur-le-loir-lamaison-fr#47.747957,0.561012","phone":"+33 2 43 44 41 07","email":null,"facebook":"https://www.facebook.com/lamaison.fr.lachartresurleloir/","address":null,"com_insee":"72068","com_nom":"La Chartre-sur-le-Loir","last_update":"2025-09-03"},"geometry":{"type":"Point","coordinates":[0.581873458086745,47.74184463905884]}},{"type":"Feature","properties":{"osm_id":"way/74530800","type":"restaurant","name":"La Luna","brand":null,"operator":null,"wheelchair":null,"opening_hours":null,"level":null,"siret":"43220705800012","profession_ref":null,"wikidata":null,"website":null,"phone":"+33 2 43 44 41 48","email":null,"facebook":null,"address":"23 Rue Carnot","com_insee":"72068","com_nom":"La Chartre-sur-le-Loir","last_update":"2025-09-03"},"geometry":{"type":"Point","coordinates":[0.573086011253149,47.72706119443937]}},{"type":"Feature","properties":{"osm_id":"0","type":"supermarket","name":"AMC Gedibois","brand":"","operator":"","wheelchair":null,"opening_hours":"mo-fr 08:00-12:00,13:45-17:45","level":null,"siret":"95159604800011","profession_ref":null,"wikidata":"Q2818601","website":"gedibois.fr","phone":"0249121002","email":null,"facebook":"https://www.facebook.com/8aHuitLaChartreSurLeLoir/","address":"Place Jeanne Bourin","com_insee":"72068","com_nom":"La Chartre-sur-le-Loir","last_update":"2025-10-26"},"geometry":{"type":"Point","coordinates":[0.574748987760348,47.72858681086556]}},{"type":"Feature","properties":{"osm_id":"way/86653399","type":"doityourself","name":"Bricomarché","brand":"Bricomarché","operator":"Groupement des Mousquetaires","wheelchair":null,"opening_hours":null,"level":null,"siret":null,"profession_ref":null,"wikidata":"Q2925147","website":null,"phone":null,"email":null,"facebook":null,"address":null,"com_insee":"72173","com_nom":"Luceau","last_update":"2019-06-19"},"geometry":{"type":"Point","coordinates":[0.405971734769997,47.70446777961882]}},{"type":"Feature","properties":{"osm_id":"0","type":"producteur local","name":"Les Fruits de Beaumont","brand":null,"operator":null,"wheelchair":null,"opening_hours":null,"level":null,"siret":null,"profession_ref":null,"wikidata":null,"website":null,"phone":"0243440941","email":null,"facebook":null,"address":"La Pétouserie 72500 Beaumont-Pied-de-Boeuf","com_insee":"72028","com_nom":"Beaumont-Pied-de-Bœuf","last_update":null},"geometry":{"type":"Point","coordinates":[0.392373211191822,47.73639471239092]}},{"type":"Feature","properties":{"osm_id":"0","type":"doityourself","name":"Espace Bois et Décoration","brand":null,"operator":null,"wheelchair":null,"opening_hours":"mo-fr 8:30-12:00,13:30-18:00","level":null,"siret":null,"profession_ref":null,"wikidata":null,"website":"espaceboisdeco.fr","phone":"0243441523","email":null,"facebook":null,"address":"Le Petit Coq 72500 Beaumont-Pied-de-Boeuf","com_insee":"72028","com_nom":"Beaumont-Pied-de-Bœuf","last_update":null},"geometry":{"type":"Point","coordinates":[0.371844883200421,47.74812636805199]}},{"type":"Feature","properties":{"osm_id":"0","type":"informatique","name":"R.F.T Informatique","brand":null,"operator":null,"wheelchair":null,"opening_hours":"mo-fr 9:00-12:00,14:00-22:00","level":null,"siret":null,"profession_ref":null,"wikidata":null,"website":"http://rftinformatique.com/","phone":"+33 7 50 93 99 41","email":null,"facebook":null,"address":"La Vallée de Vauboin 72340 Beaumont-sur-Dême","com_insee":"72027","com_nom":"Beaumont-sur-Dême","last_update":null},"geometry":{"type":"Point","coordinates":[0.581995841288976,47.691440390844036]}},{"type":"Feature","properties":{"osm_id":"0","type":"winery","name":"Domaine Marc-Alexandre SAROT","brand":null,"operator":null,"wheelchair":null,"opening_hours":"mo-sa 9:00-18:00","level":null,"siret":null,"profession_ref":null,"wikidata":null,"website":null,"phone":"06 33 84 17 99","email":null,"facebook":null,"address":"2 La Montrée 72340 Chahaignes","com_insee":"72052","com_nom":"Chahaignes","last_update":null},"geometry":{"type":"Point","coordinates":[0.521562196896751,47.75790195924667]}},{"type":"Feature","properties":{"osm_id":"0","type":"artisan","name":"Elec'Clim innovation","brand":null,"operator":null,"wheelchair":null,"opening_hours":"mo-fr 8:00-18:00","level":null,"siret":null,"profession_ref":null,"wikidata":null,"website":"https://www.elecclim-innovation.fr/","phone":"06 52 29 94 76","email":null,"facebook":null,"address":"32 route de la forêt de Bercé 72340 Chahaignes","com_insee":"72052","com_nom":"Chahaignes","last_update":null},"geometry":{"type":"Point","coordinates":[0.506736520591388,47.74887173590823]}},{"type":"Feature","properties":{"osm_id":"0","type":"producteur local","name":"Ferme de la Besnerie","brand":null,"operator":null,"wheelchair":null,"opening_hours":"we 14:00-16:30;sa 10:00-12:00","level":null,"siret":null,"profession_ref":null,"wikidata":null,"website":null,"phone":null,"email":null,"facebook":null,"address":null,"com_insee":"72052","com_nom":"Chahaignes","last_update":null},"geometry":{"type":"Point","coordinates":[0.494416643829677,47.73149918843334]}},{"type":"Feature","properties":{"osm_id":"0","type":"winery","name":"Les Vignes de l'Ange Vin","brand":null,"operator":null,"wheelchair":null,"opening_hours":null,"level":null,"siret":null,"profession_ref":null,"wikidata":null,"website":null,"phone":"0243449220","email":null,"facebook":null,"address":null,"com_insee":"72052","com_nom":"Chahaignes","last_update":null},"geometry":{"type":"Point","coordinates":[0.527570464580423,47.75424397579479]}},{"type":"Feature","properties":{"osm_id":"0","type":"menuisier","name":"L'Atelier Evrard Nicolas","brand":null,"operator":null,"wheelchair":null,"opening_hours":null,"level":null,"siret":null,"profession_ref":null,"wikidata":null,"website":null,"phone":"0689447121","email":null,"facebook":null,"address":"2 Le Haut Perray 72340 Chahaignes","com_insee":"72052","com_nom":"Chahaignes","last_update":null},"geometry":{"type":"Point","coordinates":[0.5253389188036,47.766538360269735]}},{"type":"Feature","properties":{"osm_id":"0","type":"service","name":"DMT Elagage","brand":null,"operator":null,"wheelchair":null,"opening_hours":"mo-fr 8:00-18:00","level":null,"siret":null,"profession_ref":null,"wikidata":null,"website":null,"phone":"0643700200","email":null,"facebook":null,"address":"16 Rte de Villebourg, 72500 Dissay-sous-Courcillon","com_insee":"72115","com_nom":"Dissay-sous-Courcillon","last_update":null},"geometry":{"type":"Point","coordinates":[0.477225798280896,47.66536560110908]}},{"type":"Feature","properties":{"osm_id":"0","type":"beauty","name":"Les Rituels de Charlyne","brand":null,"operator":null,"wheelchair":null,"opening_hours":"mo 9:00-18:00;we 9:30-19:00;th-fr 09:00-19:00;sa 10:00-16:30","level":null,"siret":null,"profession_ref":null,"wikidata":null,"website":"http://planity.com/les-rituels-de-charlyne-72500-dissay-sous-courcillon","phone":"0243465276","email":null,"facebook":null,"address":"3 bis rue du Chemin de Fer 72500 Dissay-sous-Courcillon","com_insee":"72115","com_nom":"Dissay-sous-Courcillon","last_update":null},"geometry":{"type":"Point","coordinates":[0.471661320038784,47.663302063400344]}},{"type":"Feature","properties":{"osm_id":"0","type":"couverture/charpente","name":"Rivière Mathias S.B.I","brand":null,"operator":null,"wheelchair":null,"opening_hours":"mo-th 09:00-18:00;fr 09:00-17:00","level":null,"siret":null,"profession_ref":null,"wikidata":null,"website":null,"phone":"0683959832","email":null,"facebook":null,"address":"Moulin de Courdamont, 72500 Dissay-sous-Courcillon","com_insee":"72115","com_nom":"Dissay-sous-Courcillon","last_update":null},"geometry":{"type":"Point","coordinates":[0.441930885617666,47.68230021777893]}},{"type":"Feature","properties":{"osm_id":"0","type":"clotures","name":"Clôtures Blot-Chauvin","brand":null,"operator":null,"wheelchair":null,"opening_hours":"tu-su 14:00-18:00","level":null,"siret":null,"profession_ref":null,"wikidata":null,"website":"http://www.clotures-blotchauvin72.com/?utm_source=gmb","phone":"0243443097","email":null,"facebook":null,"address":null,"com_insee":"72134","com_nom":"Flée","last_update":null},"geometry":{"type":"Point","coordinates":[0.454100103472594,47.73189918876866]}},{"type":"Feature","properties":{"osm_id":"0","type":"museum","name":"Carnuta, maison de l'Homme et de la Forêt","brand":null,"operator":null,"wheelchair":null,"opening_hours":"tu-sa 14:00-18:00","level":null,"siret":null,"profession_ref":null,"wikidata":null,"website":"carnuta.fr","phone":"0243381031","email":null,"facebook":null,"address":null,"com_insee":"72153","com_nom":"Jupilles","last_update":null},"geometry":{"type":"Point","coordinates":[0.413344750641024,47.79061175781759]}},{"type":"Feature","properties":{"osm_id":"0","type":"producteur local","name":"EURL Miel Jolivet Lemoine","brand":null,"operator":null,"wheelchair":null,"opening_hours":"mo-th 14:00-17:00","level":null,"siret":null,"profession_ref":null,"wikidata":null,"website":"http://www.eurlmieljolivetlemoine.fr/","phone":"0965232323","email":null,"facebook":null,"address":"10 route de, La Mercerie, 72500 Jupilles","com_insee":"72153","com_nom":"Jupilles","last_update":null},"geometry":{"type":"Point","coordinates":[0.414489249668195,47.78578998092124]}},{"type":"Feature","properties":{"osm_id":"0","type":"producteur local","name":"GAEC La Lisière de Bercé","brand":null,"operator":null,"wheelchair":null,"opening_hours":"mo-sa 17:00-19:00","level":null,"siret":null,"profession_ref":null,"wikidata":null,"website":null,"phone":"0243444059","email":null,"facebook":"https://www.facebook.com/lisieredeberce72/?locale=fr_FR","address":null,"com_insee":"72153","com_nom":"Jupilles","last_update":null},"geometry":{"type":"Point","coordinates":[0.409807730909371,47.795563245192156]}},{"type":"Feature","properties":{"osm_id":"0","type":"producteur local","name":"Le Dinan aux Chandelles","brand":null,"operator":null,"wheelchair":null,"opening_hours":null,"level":null,"siret":null,"profession_ref":null,"wikidata":null,"website":null,"phone":"0243799249","email":null,"facebook":null,"address":null,"com_insee":"72153","com_nom":"Jupilles","last_update":null},"geometry":{"type":"Point","coordinates":[0.418540830483057,47.780285988634965]}},{"type":"Feature","properties":{"osm_id":"0","type":"service","name":"Les P'tites Mains du Moulin","brand":null,"operator":null,"wheelchair":null,"opening_hours":"mo-sa 09:00-18:00","level":null,"siret":null,"profession_ref":null,"wikidata":null,"website":null,"phone":"0672627632","email":null,"facebook":null,"address":null,"com_insee":"72153","com_nom":"Jupilles","last_update":null},"geometry":{"type":"Point","coordinates":[0.431287098305922,47.77764057204146]}},{"type":"Feature","properties":{"osm_id":"0","type":"producteur local","name":"Le Verger du Petit Pavillon","brand":null,"operator":null,"wheelchair":null,"opening_hours":"mo-fr 8:00-12:00,13:30-17:30","level":null,"siret":null,"profession_ref":null,"wikidata":null,"website":"https://www.vergerdupetitpavillon.com/","phone":"0243464378","email":null,"facebook":null,"address":null,"com_insee":"72160","com_nom":"Lavernat","last_update":null},"geometry":{"type":"Point","coordinates":[0.35016626396664,47.71389802293604]}},{"type":"Feature","properties":{"osm_id":"0","type":"plombier","name":"SARL Denis Rousier","brand":null,"operator":null,"wheelchair":null,"opening_hours":"mo-th 08:00-12:00,13:30-17:00;fr 08:00-12:00","level":null,"siret":null,"profession_ref":null,"wikidata":null,"website":null,"phone":"0243790287","email":null,"facebook":null,"address":null,"com_insee":"72161","com_nom":"Lhomme","last_update":null},"geometry":{"type":"Point","coordinates":[0.567614387104441,47.742332645083486]}},{"type":"Feature","properties":{"osm_id":"0","type":"car_repair","name":"A.L réparation moto","brand":null,"operator":null,"wheelchair":null,"opening_hours":"mo-fr 09:00-12:00,13:30-18:00","level":null,"siret":null,"profession_ref":null,"wikidata":null,"website":null,"phone":"0686081616","email":"a.l.reparationmoto@gmail.com","facebook":null,"address":null,"com_insee":"72173","com_nom":"Luceau","last_update":null},"geometry":{"type":"Point","coordinates":[0.38698186899608,47.70642516191215]}},{"type":"Feature","properties":{"osm_id":"0","type":"chaudronnerie","name":"Chaudronnerie OGER Sarl","brand":null,"operator":null,"wheelchair":null,"opening_hours":"mo-th 07:45-12:00,13:30-17:45;fr 08:00-12:00","level":null,"siret":null,"profession_ref":null,"wikidata":null,"website":null,"phone":"0243445081","email":null,"facebook":null,"address":null,"com_insee":"72262","com_nom":"Loir en Vallée","last_update":null},"geometry":{"type":"Point","coordinates":[0.611913002414477,47.74756889481248]}},{"type":"Feature","properties":{"osm_id":"0","type":"plombier","name":"EIRL Losito Anthony","brand":null,"operator":null,"wheelchair":null,"opening_hours":"mo-fr 08:00-18:00","level":null,"siret":null,"profession_ref":null,"wikidata":null,"website":null,"phone":"0647081473","email":null,"facebook":null,"address":null,"com_insee":"72262","com_nom":"Loir en Vallée","last_update":null},"geometry":{"type":"Point","coordinates":[0.629630761056811,47.7750726830584]}},{"type":"Feature","properties":{"osm_id":"way/74531014","type":"supermarket","name":"8 à Huit","brand":"8 à Huit","operator":null,"wheelchair":null,"opening_hours":null,"level":null,"siret":"95159604800011","profession_ref":null,"wikidata":"Q2818601","website":null,"phone":"+33 9 67 81 89 14","email":null,"facebook":"https://www.facebook.com/8aHuitLaChartreSurLeLoir/","address":"Place Jeanne Bourin","com_insee":"72068","com_nom":"La Chartre-sur-le-Loir","last_update":"2025-10-26"},"geometry":{"type":"Point","coordinates":[0.574748987760348,47.72858681086556]}},{"type":"Feature","properties":{"osm_id":"node/14109972651","type":"caterer","name":"Ô Saveurs de Bercé","brand":null,"operator":null,"wheelchair":null,"opening_hours":null,"level":null,"siret":"84907435600015","profession_ref":null,"wikidata":null,"website":"https://osaveursdeberce.fr/","phone":"+33 2 43 46 91 82","email":"osaveursdeberce@gmail.com","facebook":"https://www.facebook.com/osaveursdeberce","address":null,"com_insee":"72071","com_nom":"Montval-sur-Loir","last_update":"2026-09-23"},"geometry":{"type":"Point","coordinates":[0.4280551,47.6899661]}}]}