{"type": "FeatureCollection", "features": [{"type": "Feature", "geometry": {"type": "LineString", "coordinates": [[0.3840791, 47.8035755], [0.3835503, 47.8034317], [0.3812199, 47.8032577], [0.3796069, 47.8035456], [0.3785426, 47.8034377], [0.3780956, 47.8032282], [0.3776761, 47.8028571], [0.3771023, 47.8021746], [0.3769928, 47.8020173], [0.3759261, 47.8013464], [0.3750378, 47.8007249], [0.3735469, 47.799773], [0.3729099, 47.7993014], [0.3728931, 47.799289], [0.372277, 47.7985577], [0.3721379, 47.7983001], [0.3721382, 47.7982617], [0.3721878, 47.7972114], [0.3721213, 47.79669], [0.3721288, 47.7963033], [0.3723155, 47.7958241], [0.3723874, 47.7955706], [0.3724153, 47.7954723], [0.3724307, 47.7954181], [0.3723922, 47.7952463], [0.3722459, 47.7951156], [0.3724173, 47.7946289], [0.3724303, 47.7945736], [0.3724966, 47.7943139], [0.3725052, 47.7942738], [0.3725286, 47.7941192], [0.3724974, 47.7936199], [0.3721192, 47.7932246], [0.3720183, 47.7929644], [0.3720612, 47.7925197], [0.372153, 47.7922062], [0.3723219, 47.7918836], [0.3727759, 47.7915104], [0.373051, 47.7912902], [0.3741484, 47.790499], [0.3747187, 47.7895189], [0.3751272, 47.7893009], [0.3767332, 47.789193], [0.3771417, 47.7889749], [0.3776987, 47.7883545], [0.3778404, 47.788132], [0.3782539, 47.7877791], [0.3784823, 47.7870182], [0.3789603, 47.7863119], [0.3789243, 47.786243], [0.3788765, 47.7862227], [0.3788752, 47.7861823], [0.3789101, 47.7860917], [0.3790379, 47.7860239], [0.3793276, 47.7858179], [0.379454, 47.7852702], [0.3794744, 47.7849549], [0.3803013, 47.7847546], [0.3809166, 47.7843601], [0.3824772, 47.7836666], [0.3830825, 47.7835418], [0.3835582, 47.7835193], [0.3844865, 47.7834753], [0.3846218, 47.7834414], [0.3851601, 47.7833067], [0.3854986, 47.7831774], [0.3857086, 47.782911], [0.3857852, 47.7826424], [0.3860603, 47.7824221], [0.3863988, 47.7822928], [0.3866755, 47.7820275], [0.3871727, 47.7818389], [0.387344, 47.7817283], [0.3876028, 47.7816826], [0.3877799, 47.7815366], [0.3879218, 47.7813831], [0.3880619, 47.7813349], [0.388236, 47.7813339], [0.3884385, 47.7813007], [0.3886082, 47.7812118], [0.3887158, 47.78122], [0.3887317, 47.7811989], [0.3886975, 47.781121], [0.3887439, 47.7810651], [0.3888815, 47.7810262], [0.3889694, 47.7810676], [0.3891437, 47.780967], [0.3894531, 47.7809044], [0.3897248, 47.780774], [0.3908636, 47.7806581], [0.3914038, 47.7804872], [0.3926089, 47.7797668], [0.3930887, 47.7797674], [0.3934241, 47.7795296], [0.3938477, 47.7793584], [0.3960116, 47.7785848], [0.3964134, 47.7785465], [0.3970803, 47.7785576], [0.3991314, 47.7790415], [0.4005937, 47.7792007], [0.402196, 47.7791824], [0.403865, 47.7791651], [0.4043953, 47.7792638], [0.4076257, 47.7803519], [0.4090529, 47.7804733], [0.4094899, 47.7804727], [0.4106303, 47.7803116], [0.4116438, 47.7799685], [0.4123888, 47.7796659], [0.4127115, 47.7796849], [0.4135867, 47.7797155], [0.4148533, 47.7797966], [0.4152036, 47.779815], [0.4156794, 47.7798644], [0.4158994, 47.7797712], [0.4169754, 47.7795148], [0.4182076, 47.779312], [0.4188746, 47.779323], [0.4200702, 47.7794776], [0.4213374, 47.7794985], [0.4223996, 47.7796509], [0.4232, 47.779664], [0.4242037, 47.7795905], [0.4248104, 47.7794205], [0.4253553, 47.7791146], [0.4259132, 47.778449], [0.4264581, 47.7781431], [0.4273216, 47.7776984], [0.4275509, 47.7777225], [0.4276217, 47.7775289], [0.4277749, 47.7771071], [0.4278371, 47.7770421], [0.4281459, 47.777207], [0.4284249, 47.7771787], [0.428669, 47.7772174], [0.4289262, 47.7772312], [0.4290881, 47.7771817], [0.4297002, 47.7769447], [0.4299185, 47.7768687], [0.4307556, 47.7768646], [0.4312986, 47.7768304], [0.4315272, 47.7767851], [0.4316197, 47.776746], [0.431652, 47.7766499], [0.4318365, 47.7765413], [0.4320335, 47.7764183], [0.4320917, 47.7763546], [0.4320714, 47.7762493], [0.4320312, 47.7761449], [0.4318836, 47.7757873], [0.4318376, 47.7757213], [0.4318764, 47.7756545], [0.4319383, 47.7755166], [0.432046, 47.7754487], [0.4321584, 47.7754047], [0.432266, 47.7754178], [0.4323542, 47.7754251], [0.4324872, 47.7754028], [0.4325554, 47.775338], [0.4326974, 47.7753319], [0.4327746, 47.7753217], [0.4328251, 47.7752963], [0.43295, 47.775319], [0.4330447, 47.7753145], [0.4331216, 47.7751697], [0.4331743, 47.7751164], [0.4333965, 47.775098], [0.4334354, 47.7750435], [0.4333686, 47.7749866], [0.4333012, 47.774971], [0.4332066, 47.7749708], [0.4331743, 47.7749485], [0.4332818, 47.7748111], [0.4333471, 47.7747894], [0.4334439, 47.7747185], [0.4335329, 47.7747099], [0.4335641, 47.7746607], [0.4336414, 47.7743923], [0.4338459, 47.7743233], [0.4339759, 47.7742811], [0.4346937, 47.7744126], [0.4347737, 47.7744675], [0.4348049, 47.7744675], [0.4348505, 47.7744675], [0.4349557, 47.7744674], [0.435067, 47.7744674], [0.4352966, 47.7744009], [0.4353065, 47.7743215], [0.4352621, 47.7742224], [0.4352931, 47.7741541], [0.4359657, 47.774032], [0.4364562, 47.7739032], [0.4371575, 47.7738395], [0.4376938, 47.7735135], [0.4378671, 47.7733547], [0.437668, 47.7731137], [0.4376211, 47.772991], [0.4376973, 47.772912], [0.4376601, 47.7728774], [0.4373657, 47.7726944], [0.4381204, 47.7721784], [0.4382571, 47.7721496], [0.4384158, 47.7722049], [0.4385032, 47.7721883], [0.4385761, 47.7721063], [0.4388313, 47.7721213], [0.4391038, 47.7721818], [0.4391932, 47.7721653], [0.4394979, 47.7721734], [0.4397096, 47.7721901], [0.439871, 47.7721499], [0.4400669, 47.7722087], [0.440151, 47.7723008], [0.4404711, 47.7721952], [0.4408804, 47.7721964], [0.4413255, 47.7721779], [0.4414856, 47.7722621], [0.4416411, 47.7722694], [0.4416996, 47.7721562], [0.441785, 47.7721168], [0.4419051, 47.7721646], [0.4419718, 47.7722242], [0.4425477, 47.7720025], [0.4426668, 47.7720146], [0.4427462, 47.7719526], [0.4428097, 47.771939], [0.4428517, 47.771878], [0.4427641, 47.7717353], [0.4430775, 47.7715851], [0.4431922, 47.77146], [0.4431406, 47.77132], [0.4430578, 47.7711925], [0.4430854, 47.7710842], [0.4432125, 47.7709895], [0.4432553, 47.7709117], [0.4431848, 47.7708181], [0.443316, 47.7706251], [0.4432662, 47.7705577], [0.4433906, 47.7705087], [0.4433676, 47.7704565], [0.443311, 47.7704472], [0.4434266, 47.7703384], [0.443485, 47.7701101], [0.4435281, 47.7700355], [0.4434542, 47.7698573], [0.4433565, 47.7698419], [0.4433675, 47.7697798], [0.4430118, 47.7691283], [0.4430074, 47.7690181], [0.4435251, 47.7681101], [0.443709, 47.7680504], [0.4439481, 47.7680557], [0.4441739, 47.7679351], [0.4441307, 47.7676827], [0.4442193, 47.7674088], [0.444146, 47.7673133], [0.4441529, 47.7672309], [0.4439086, 47.7669908], [0.4438478, 47.7667567], [0.4438674, 47.7666971], [0.4440755, 47.766653], [0.4441213, 47.7665152], [0.444153, 47.7664371], [0.4443577, 47.7663116], [0.4443569, 47.766214], [0.4449592, 47.7656833], [0.4452778, 47.7654164], [0.445387, 47.7652622], [0.4456661, 47.7651042], [0.4457527, 47.7649842], [0.4460192, 47.7648297], [0.4461989, 47.7647241], [0.4462504, 47.7646952], [0.4463158, 47.7644978], [0.4463923, 47.7644132], [0.4463503, 47.7643616], [0.4462157, 47.7643248], [0.446403, 47.764071], [0.4465399, 47.7640077], [0.4465889, 47.7639318], [0.4466659, 47.7638871], [0.4466895, 47.7638067], [0.4467104, 47.7637023], [0.4467694, 47.7636467], [0.4468301, 47.7635896], [0.4469997, 47.7633824], [0.447107, 47.7632171], [0.4470579, 47.7630939], [0.4471019, 47.7629994], [0.4472162, 47.7629966], [0.4473013, 47.7628658], [0.4473448, 47.7626227], [0.4475725, 47.7625863], [0.447613, 47.762499], [0.447569, 47.7623742], [0.4476351, 47.7621617], [0.4478299, 47.762106], [0.4477906, 47.7620001], [0.44792, 47.7618585], [0.4477699, 47.7617235], [0.447784, 47.7616619], [0.4478217, 47.7614619], [0.4479365, 47.7613894], [0.4480335, 47.761115], [0.4479973, 47.7610016], [0.4481414, 47.7602223], [0.4480863, 47.7598593], [0.4480983, 47.7596154], [0.4481731, 47.7594539], [0.4483903, 47.7592385], [0.448605, 47.7591544], [0.4487616, 47.758931], [0.4488441, 47.7588778], [0.4492524, 47.7588331], [0.449752, 47.7586324], [0.4499593, 47.7584553], [0.4503597, 47.7580757], [0.4504063, 47.7580234], [0.450432, 47.7579944], [0.4506615, 47.7576965], [0.4509095, 47.7576345], [0.4511818, 47.7575862], [0.4513713, 47.7575228], [0.4514846, 47.7571539], [0.4516168, 47.7566146], [0.4515674, 47.7563733], [0.4516884, 47.7563554], [0.4518128, 47.7563056], [0.4522301, 47.756065], [0.4524653, 47.7558831], [0.4525793, 47.7557636], [0.4525924, 47.7553765], [0.4525679, 47.7553149], [0.4524827, 47.7553276], [0.452341, 47.755408], [0.4522151, 47.7554078], [0.4521958, 47.7553597], [0.4522073, 47.7552846], [0.4522754, 47.7552582], [0.4522121, 47.7551851], [0.4521982, 47.7550681], [0.4522752, 47.7550618], [0.4521402, 47.7550071], [0.4520374, 47.7549371], [0.4520432, 47.754859], [0.4521537, 47.7548123], [0.4519159, 47.7545722], [0.4516348, 47.7541762], [0.4516238, 47.753947], [0.4517137, 47.7535685], [0.451736, 47.7534748], [0.4518003, 47.7533543], [0.451673, 47.7529424], [0.4517331, 47.752681], [0.4519626, 47.7518042], [0.4520955, 47.7510228], [0.4520788, 47.7506809], [0.4520487, 47.7502731], [0.4521031, 47.7498446], [0.4523929, 47.7494382], [0.4532243, 47.7488468], [0.453238, 47.748837], [0.4533869, 47.748737], [0.4535381, 47.7486387], [0.453678, 47.7485123], [0.4540325, 47.7481725], [0.4546986, 47.7476827], [0.4548685, 47.7475776], [0.4552381, 47.747188], [0.4553263, 47.7470317], [0.4550648, 47.7467299], [0.4550575, 47.7466648], [0.4550128, 47.7466384], [0.4548679, 47.746693], [0.4548075, 47.7466874], [0.4547796, 47.7466163], [0.4547433, 47.7465887], [0.4547035, 47.7465906], [0.4546523, 47.746612], [0.4545152, 47.7466344], [0.4544845, 47.7466647], [0.4544084, 47.74668], [0.4543579, 47.7467282], [0.4542406, 47.7466903], [0.4541138, 47.7466748], [0.4540224, 47.7465769], [0.453777, 47.7464614], [0.4537566, 47.7464275], [0.4537229, 47.7463713], [0.4537498, 47.7463338], [0.4536881, 47.7461843], [0.4536566, 47.7461032], [0.4536643, 47.7459291], [0.4538424, 47.7459232], [0.4538577, 47.7458657], [0.4537776, 47.7457073], [0.4539539, 47.7454813], [0.4539102, 47.7452631], [0.4538519, 47.7450834], [0.4537831, 47.744871], [0.4537362, 47.7446738], [0.4537871, 47.7443181], [0.4537163, 47.744057], [0.4538946, 47.7436603], [0.4542973, 47.7434239], [0.4544481, 47.7432904], [0.4546839, 47.7433436], [0.4548095, 47.7432561], [0.4547785, 47.7431637], [0.45467, 47.7430739], [0.4548577, 47.7429553], [0.4550449, 47.7429341], [0.4551553, 47.7428562], [0.4551291, 47.7426242], [0.4553237, 47.7425355], [0.4554636, 47.7425837], [0.4556234, 47.7427354], [0.4557527, 47.7427425], [0.4558861, 47.7427088], [0.4559879, 47.7425531], [0.4561495, 47.7422844], [0.456402, 47.742252], [0.4564506, 47.7422418], [0.4565142, 47.7420104], [0.4566847, 47.7419451], [0.4571518, 47.7420172], [0.4572638, 47.7419967], [0.4572485, 47.7416801], [0.4572615, 47.7414979], [0.4573812, 47.7414098], [0.4573694, 47.7413188], [0.4572976, 47.7412434], [0.4574657, 47.7410716], [0.4577137, 47.7410213], [0.4578801, 47.741005], [0.4579996, 47.7409498], [0.4581912, 47.7408114], [0.4583239, 47.7407585], [0.4586221, 47.7404071], [0.4586879, 47.7402749], [0.4586925, 47.7399997], [0.4586365, 47.7396932], [0.4584712, 47.739506], [0.4581415, 47.7392932], [0.4573578, 47.7383262], [0.4570089, 47.7379614], [0.4564536, 47.7373426], [0.4560234, 47.7366467], [0.4558809, 47.736476], [0.4558608, 47.7350751], [0.4558823, 47.7349197], [0.4559264, 47.7348394], [0.4561438, 47.7345602], [0.455718, 47.7343225], [0.45559, 47.7342026], [0.45616, 47.733641], [0.4561948, 47.7336093], [0.456218, 47.7335763], [0.4563482, 47.7332396], [0.4564159, 47.7329628], [0.4567614, 47.7324434], [0.4569466, 47.7323652], [0.4570551, 47.7319907], [0.4570385, 47.731888], [0.4565496, 47.7316247], [0.4571072, 47.7311036], [0.4571388, 47.7310134], [0.4570219, 47.7309663], [0.4570741, 47.7308836], [0.4572695, 47.7308331], [0.4573688, 47.7307206], [0.4586226, 47.7302802], [0.4587107, 47.7301915], [0.4587819, 47.7300835], [0.4590477, 47.7294731], [0.4591752, 47.7293561], [0.4593777, 47.7293675], [0.4593791, 47.7293236], [0.4594705, 47.7291812], [0.4595783, 47.7291049], [0.4596367, 47.7288956], [0.4599713, 47.7284871], [0.4603711, 47.7278335], [0.4604021, 47.7277178], [0.4603563, 47.7274617], [0.4604091, 47.727367], [0.4605453, 47.7273307], [0.4607524, 47.7272993], [0.4608644, 47.7272402], [0.4609438, 47.7271718], [0.4609143, 47.7269965], [0.4608875, 47.7268709], [0.4607653, 47.7267227], [0.4606751, 47.7266471], [0.4607637, 47.7265994], [0.4608575, 47.7265501], [0.460941, 47.7262422], [0.4609317, 47.7261204], [0.4612288, 47.7259592], [0.461322, 47.7259219], [0.4612148, 47.7257261], [0.4612512, 47.7256054], [0.4613949, 47.7255709], [0.4614801, 47.725542], [0.4614563, 47.7253532], [0.46149, 47.7251314], [0.4614692, 47.724881], [0.4613188, 47.7246876], [0.4613033, 47.7245383], [0.4614088, 47.7240391], [0.4614738, 47.7237949], [0.4613697, 47.723672], [0.4614173, 47.7235789], [0.4612212, 47.7230746], [0.4613954, 47.7229895], [0.4615819, 47.7228584], [0.4616703, 47.7228141], [0.4617318, 47.7228018], [0.4619211, 47.7226126], [0.4623692, 47.7224257], [0.4624738, 47.722464], [0.4626913, 47.7225835], [0.4627977, 47.7225858], [0.4628602, 47.7225265], [0.4628525, 47.7224758], [0.4627708, 47.7224089], [0.462715, 47.7223058], [0.4628077, 47.7221204], [0.4627457, 47.7219578], [0.4627679, 47.7219074], [0.4628106, 47.7218957], [0.4631296, 47.7219578], [0.4632104, 47.7219747], [0.4633719, 47.7218446], [0.4634901, 47.7217758], [0.463495, 47.7217299], [0.4634683, 47.7217075], [0.4631955, 47.7216695], [0.4632718, 47.7213528], [0.4633748, 47.7213739], [0.4637387, 47.7208827], [0.4637735, 47.720463], [0.4636062, 47.7201985], [0.4633611, 47.7202033], [0.4633529, 47.7201519], [0.4633387, 47.7200621], [0.4633954, 47.7199303], [0.4635246, 47.7198557], [0.4635401, 47.719758], [0.4635656, 47.7195661], [0.4637673, 47.7194023], [0.4638807, 47.7192474], [0.4640081, 47.719174], [0.4639763, 47.7190523], [0.4638844, 47.7189885], [0.4638733, 47.7189204], [0.4639149, 47.7188766], [0.4645908, 47.7186628], [0.4643973, 47.7182784], [0.4644178, 47.7180649], [0.4644604, 47.7175557], [0.464526, 47.7174082], [0.4644806, 47.717349], [0.4643482, 47.7173598], [0.4641732, 47.7174637], [0.4640821, 47.71746], [0.4638685, 47.7173132], [0.4638861, 47.7172126], [0.4639474, 47.7171009], [0.4642464, 47.7169501], [0.4644887, 47.7168716], [0.4647721, 47.7166776], [0.4649526, 47.7164625], [0.4656797, 47.7162201], [0.4658618, 47.716231], [0.4660985, 47.7163184], [0.4661612, 47.7163849], [0.4662925, 47.7163569], [0.4665125, 47.7162976], [0.4666299, 47.7161695], [0.4668951, 47.7160289], [0.4668374, 47.715849], [0.4668723, 47.7157941], [0.4666456, 47.7156983], [0.4665088, 47.7156359], [0.4662727, 47.715437], [0.4661323, 47.7154484], [0.4659605, 47.7153296], [0.4659124, 47.7151748], [0.4659035, 47.7150961], [0.4660345, 47.7148035], [0.4663596, 47.714611], [0.4664727, 47.7144985], [0.4666471, 47.7142883], [0.4668146, 47.7142355], [0.4673445, 47.7133023], [0.4675321, 47.7131473], [0.4678718, 47.7131514], [0.4680328, 47.7131371], [0.4682699, 47.7129976], [0.4684461, 47.7126608], [0.4684319, 47.7125355], [0.4685063, 47.7124653], [0.4684837, 47.7122012], [0.4685565, 47.7120607], [0.4686595, 47.7119243], [0.4687584, 47.7118717], [0.4687762, 47.711819], [0.468711, 47.7117508], [0.4685955, 47.7116233], [0.4686251, 47.7115367], [0.4686983, 47.7114921], [0.4687753, 47.7114732], [0.4688084, 47.7114175], [0.4687887, 47.7113023], [0.4688456, 47.7112796], [0.4690692, 47.7112195], [0.4690791, 47.7111718], [0.4690238, 47.711109], [0.4690033, 47.7110606], [0.4690561, 47.7109659], [0.4691857, 47.7109089], [0.4692715, 47.7109193], [0.4693833, 47.7109663], [0.4694282, 47.7109296], [0.4695041, 47.7107772], [0.4695923, 47.7107719], [0.4696475, 47.7108155], [0.4696781, 47.7109239], [0.469703, 47.7109202], [0.4698692, 47.7109415], [0.4699722, 47.7107767], [0.4700994, 47.710633], [0.4701631, 47.7105776], [0.470269, 47.7103911], [0.4704493, 47.7103333], [0.4705676, 47.7102258], [0.4707836, 47.7096931], [0.4707401, 47.709369], [0.4707888, 47.70918], [0.4709386, 47.7088728], [0.4713553, 47.7088965], [0.4715416, 47.7088643], [0.4715949, 47.7087638], [0.471601, 47.7086393], [0.4720023, 47.7085005], [0.4721348, 47.7083945], [0.4723037, 47.7083123], [0.4726954, 47.7082617], [0.4729067, 47.7081937], [0.4732188, 47.7080897], [0.4734768, 47.7080127], [0.4735964, 47.7079136], [0.473758, 47.7077998], [0.4739305, 47.7077552], [0.4741787, 47.7077357], [0.4743022, 47.7077261], [0.4746837, 47.7076994], [0.4748243, 47.7076492], [0.4751885, 47.7074612], [0.4754189, 47.7073317], [0.4754585, 47.707247], [0.4754505, 47.7071783], [0.4753927, 47.7070367], [0.4759144, 47.7068709], [0.4760233, 47.7068362], [0.4765132, 47.7066805], [0.4766231, 47.7065903], [0.476699, 47.7065409], [0.4768134, 47.7064776], [0.4768885, 47.7064309], [0.4769609, 47.7063738]]}, "properties": {"name": "Le Dinan", "waterway": "stream", "ref:sandre": "M1344800"}}, {"type": "Feature", "geometry": {"type": "LineString", "coordinates": [[0.4939921, 47.7896208], [0.4942355, 47.7902994], [0.494814, 47.7909383], [0.4948745, 47.7911191], [0.4955927, 47.7915803], [0.4968352, 47.7923196], [0.4976123, 47.7930066], [0.4986485, 47.7939225], [0.4990322, 47.7943495], [0.5002544, 47.7951458], [0.501101, 47.7957575], [0.5014341, 47.7957812], [0.5023051, 47.7963507], [0.50289, 47.7967331], [0.5036068, 47.7972392], [0.5059171, 47.7979952], [0.5073694, 47.7984678], [0.5078923, 47.7987908], [0.5082771, 47.7992467], [0.5087519, 47.7991499], [0.5093092, 47.7995092], [0.5093746, 47.7995517], [0.5099153, 47.7999029], [0.5109016, 47.8003729], [0.511833, 47.8009822], [0.5119585, 47.8012356], [0.5121573, 47.8014464], [0.5129541, 47.802111], [0.5134339, 47.80237], [0.5141551, 47.8026269], [0.5143663, 47.8026247], [0.5149041, 47.8027719], [0.5150588, 47.8027418], [0.5159281, 47.8030365], [0.5171829, 47.8034081], [0.5176328, 47.8034869], [0.5180423, 47.8035251], [0.5185344, 47.8035697], [0.5190736, 47.8036927], [0.5196709, 47.8038965], [0.520018, 47.8039896], [0.5213154, 47.8044882], [0.5215083, 47.8045813], [0.5216183, 47.8045287], [0.5216839, 47.804543], [0.5224436, 47.8046857], [0.5232481, 47.8049413], [0.5233316, 47.805024], [0.5233771, 47.8051089], [0.523516, 47.8052607], [0.5237319, 47.8055848], [0.5237928, 47.805788], [0.5238491, 47.8060642], [0.5238597, 47.8061218], [0.5238922, 47.8063862], [0.5238102, 47.8067255], [0.5236647, 47.806813], [0.5233059, 47.806896], [0.5233892, 47.8070739], [0.5231827, 47.8072782], [0.5230829, 47.8074845], [0.5228598, 47.8078062], [0.5228265, 47.8079642]]}, "properties": {"name": "Court s'Il Pleut", "waterway": "stream", "ref:sandre": "M1317700"}}, {"type": "Feature", "geometry": {"type": "LineString", "coordinates": [[0.3589674, 47.7704146], [0.3611411, 47.7705768], [0.3627998, 47.7708299], [0.3654584, 47.7716486], [0.3661022, 47.7717404], [0.3664526, 47.7716834], [0.3665776, 47.7716554], [0.3673126, 47.771491], [0.3685762, 47.7716023], [0.3707151, 47.7715034], [0.3738243, 47.7722306], [0.3757698, 47.7719484], [0.3763133, 47.7716877], [0.3763792, 47.7716191], [0.3768684, 47.7711122], [0.3774151, 47.7707616], [0.3783603, 47.7704626], [0.3792289, 47.7704322], [0.379357, 47.7704777], [0.3803964, 47.7708467], [0.3814729, 47.7710996], [0.3828132, 47.7709422], [0.3836999, 47.7704172], [0.3840466, 47.7700632], [0.3841899, 47.7697957], [0.3844633, 47.7696203], [0.3853417, 47.7693202], [0.3857418, 47.7692736], [0.3864739, 47.7695165], [0.3871146, 47.769794], [0.3877465, 47.7699172], [0.3882542, 47.7699537], [0.3886025, 47.7695546], [0.3891442, 47.7693388], [0.389816, 47.7692151], [0.3911812, 47.7689957], [0.3916147, 47.7688748], [0.3920814, 47.7686463], [0.3922574, 47.7681333], [0.3926938, 47.7680108], [0.3932945, 47.7677352], [0.3934611, 47.7676915], [0.3934778, 47.7676118], [0.3930358, 47.7669297], [0.3926546, 47.7666206], [0.3923608, 47.7663277], [0.3920095, 47.7659245], [0.3921749, 47.7649361], [0.3924466, 47.7648057], [0.3931899, 47.7645482], [0.3933901, 47.7642051], [0.393451, 47.7640239], [0.3937005, 47.7638333], [0.3940491, 47.7640547], [0.3943791, 47.7642796], [0.3945676, 47.7642914], [0.3949592, 47.7642727], [0.3950451, 47.7642492], [0.3950451, 47.7641795], [0.3950259, 47.7640612], [0.3951006, 47.7640417], [0.3952598, 47.7640741], [0.3955466, 47.7639577], [0.3958117, 47.7640071], [0.3960147, 47.7640125], [0.3961594, 47.7640352], [0.3962172, 47.7639915], [0.3961679, 47.7639225], [0.3963873, 47.7638801], [0.3964539, 47.7638263], [0.3965259, 47.763836], [0.396588, 47.7638795], [0.3967535, 47.7638556], [0.3969335, 47.7639363], [0.3970155, 47.7639363], [0.3970747, 47.7638419], [0.3973923, 47.7637528], [0.3977656, 47.763617], [0.3980607, 47.7632995], [0.3984409, 47.7632165], [0.3986241, 47.7629782], [0.3986237, 47.7627429], [0.3990221, 47.7626459], [0.3992114, 47.7624444], [0.3993501, 47.7621725], [0.3994996, 47.7620996], [0.3995454, 47.7619569], [0.399559, 47.7618489], [0.3996161, 47.7616749], [0.3998667, 47.7608466], [0.4000446, 47.760086], [0.4000624, 47.7600115], [0.400125, 47.7598916], [0.4002086, 47.7597488], [0.400248, 47.7595463], [0.4004908, 47.7593419], [0.4006596, 47.7588928], [0.4008078, 47.7587373], [0.4009322, 47.7586885], [0.4011179, 47.7583415], [0.4011782, 47.7582653], [0.4013349, 47.7582248], [0.4013325, 47.7581356], [0.4015544, 47.7579751], [0.401621, 47.7577407], [0.4018017, 47.7576789], [0.4019686, 47.7574568], [0.4016701, 47.7573691], [0.4016891, 47.7573415], [0.4017412, 47.757266], [0.4019162, 47.7570121], [0.4023148, 47.7563602], [0.4024541, 47.7561964], [0.4023888, 47.7559192], [0.4024925, 47.7556387], [0.4024659, 47.7553461], [0.4026189, 47.7548089], [0.4027241, 47.7546578], [0.4028988, 47.7545013], [0.4027506, 47.7543676], [0.4027735, 47.7542267], [0.4025395, 47.7534389], [0.4026338, 47.753345], [0.4028688, 47.7531109], [0.403075, 47.7528177], [0.4032581, 47.752303], [0.4032884, 47.7522451], [0.403395, 47.752085], [0.4037065, 47.7518581], [0.4040722, 47.7516451], [0.4044123, 47.7515235], [0.4044485, 47.7513305], [0.4046328, 47.7511994], [0.404733, 47.7510014], [0.404721, 47.7508733], [0.4047596, 47.7507987], [0.4048759, 47.7507059], [0.4050659, 47.7506495], [0.4053568, 47.7504806], [0.4056523, 47.7500962], [0.4059238, 47.7496004], [0.4058738, 47.7495095], [0.4059895, 47.7494301], [0.4061487, 47.749109], [0.4062597, 47.7490458], [0.406671, 47.7483557], [0.4071038, 47.7478474], [0.4071088, 47.7475637], [0.4072702, 47.7474371], [0.4072846, 47.7473268], [0.4074607, 47.7472522], [0.4074848, 47.7471663], [0.4075716, 47.7471549], [0.4075355, 47.7470479], [0.4076417, 47.7469302], [0.4077727, 47.7468249], [0.4079406, 47.7464949], [0.40807, 47.7463765], [0.4081279, 47.7463321], [0.4082528, 47.7463108], [0.4083022, 47.7462599], [0.4084645, 47.7462636], [0.4085239, 47.7462315], [0.4085035, 47.7461437], [0.4086083, 47.7460848], [0.4088243, 47.7460619], [0.4089464, 47.7459328], [0.4091406, 47.745848], [0.4103331, 47.7454033], [0.4105746, 47.745366], [0.4106984, 47.7453131], [0.4108477, 47.7452998], [0.4110393, 47.7452131], [0.4112065, 47.7451325], [0.411305, 47.7451522], [0.4113374, 47.7452318], [0.4113622, 47.7454515], [0.4114167, 47.7455753], [0.411498, 47.745657], [0.4116508, 47.7456846], [0.4117893, 47.7456673], [0.411908, 47.7456069], [0.4119358, 47.7454366], [0.4119821, 47.7453913], [0.4122235, 47.7454097], [0.4122337, 47.7454805], [0.4122806, 47.7455355], [0.4123636, 47.745528], [0.4124381, 47.7454684], [0.412489, 47.7454417], [0.4125548, 47.7455027], [0.4126903, 47.7454338], [0.4128693, 47.7454806], [0.4131813, 47.7452256], [0.413391, 47.745176], [0.413761, 47.7451436], [0.4141073, 47.7449515], [0.4143278, 47.7448575], [0.4144085, 47.7448554], [0.4144424, 47.7447514], [0.4147241, 47.744585], [0.4148388, 47.7444789], [0.4149543, 47.7444116], [0.415178, 47.7443701], [0.4154914, 47.7442607], [0.4157476, 47.7442587], [0.4158839, 47.7442385], [0.4160133, 47.744125], [0.4162006, 47.7440613], [0.4166669, 47.7440019], [0.4169741, 47.7439584], [0.4171164, 47.7439907], [0.4172497, 47.7439724], [0.4173648, 47.743946], [0.4174287, 47.7438486], [0.4174232, 47.7436714], [0.4177915, 47.7434527], [0.4179741, 47.743484], [0.4180046, 47.743413], [0.4180758, 47.7433991], [0.4181184, 47.7433516], [0.4182116, 47.7433595], [0.4183471, 47.7433548], [0.418467, 47.7432876], [0.4185018, 47.7431661], [0.4185539, 47.7431586], [0.418722, 47.7431643], [0.4188085, 47.7431323], [0.4187718, 47.7430897], [0.4188236, 47.7430598], [0.4188561, 47.7430722], [0.4189465, 47.7431344], [0.419099, 47.7430777], [0.4193235, 47.7428741], [0.4195456, 47.7426035], [0.4196149, 47.7425982], [0.4198027, 47.742584], [0.4198388, 47.7425519], [0.4199106, 47.7424671], [0.4203625, 47.7424365], [0.421345, 47.7423549], [0.4216015, 47.7424053], [0.4216513, 47.7424763], [0.4217429, 47.7425424], [0.4220545, 47.7425563], [0.4222015, 47.7425227], [0.4226756, 47.7421306], [0.4228994, 47.7419513], [0.4230802, 47.7417486], [0.4233089, 47.7414988], [0.4233844, 47.7412521], [0.423344, 47.7410221], [0.4234307, 47.7408979], [0.423637, 47.7406529], [0.4237826, 47.7404801], [0.4240464, 47.7403249], [0.4241672, 47.7403276], [0.42452, 47.7401182], [0.4248218, 47.7400502], [0.4248766, 47.7400175], [0.4250614, 47.7398023], [0.4251132, 47.7398015], [0.4251388, 47.7398662], [0.4252159, 47.7399067], [0.425333, 47.7398968], [0.4254542, 47.7398315], [0.4255479, 47.7398269], [0.4260055, 47.7396528], [0.4260315, 47.7396213], [0.4260183, 47.7395385], [0.4260117, 47.7394695], [0.4260686, 47.7394232], [0.4261117, 47.7394251], [0.4261788, 47.7394655], [0.426279, 47.7394765], [0.4262982, 47.7394361], [0.4263234, 47.7393338], [0.4263483, 47.7392965], [0.4264344, 47.7393014], [0.426632, 47.7394068], [0.4266942, 47.7394004], [0.4267646, 47.7393457], [0.426762, 47.7392806], [0.4267608, 47.7392185], [0.4268122, 47.7392155], [0.426949, 47.7392924], [0.4269839, 47.739355], [0.4270676, 47.7393556], [0.4272127, 47.7393], [0.4273195, 47.7392369], [0.4273703, 47.7391189], [0.4273629, 47.739048], [0.4272911, 47.7389556], [0.4272359, 47.7389224], [0.4269669, 47.7388396], [0.4269863, 47.738766], [0.4270274, 47.7386685], [0.4271821, 47.7386698], [0.427332, 47.7386391], [0.4275981, 47.7385898], [0.4276902, 47.738546], [0.4277636, 47.7383316], [0.4278538, 47.7381675], [0.4283631, 47.7378273], [0.4284869, 47.737813], [0.4285734, 47.7378512], [0.4286239, 47.7378204], [0.4286251, 47.737732], [0.4286532, 47.7376421], [0.4287456, 47.7376261], [0.4288439, 47.7377124], [0.4289067, 47.7377192], [0.429093, 47.7376872], [0.4292701, 47.7376177], [0.4293055, 47.7375397], [0.4292687, 47.7374228], [0.4292323, 47.7373583], [0.4291761, 47.7373675], [0.4291525, 47.7373022], [0.4292395, 47.737259], [0.4294154, 47.7372511], [0.429614, 47.7371177], [0.4296133, 47.7370424], [0.4295059, 47.7369397], [0.4295487, 47.7368395], [0.4294076, 47.7367576], [0.4293903, 47.7366922], [0.4294476, 47.7364901], [0.4294374, 47.7363919], [0.429615, 47.7363206], [0.4296064, 47.7362692], [0.4295335, 47.736254], [0.4293784, 47.7361405], [0.4292271, 47.7361748], [0.4290116, 47.7362219], [0.4289092, 47.7361473], [0.4289243, 47.7360452], [0.4289563, 47.7360075], [0.4290769, 47.7359847], [0.4291863, 47.7359608], [0.4291869, 47.7357906], [0.4292567, 47.7357801], [0.429374, 47.7358008], [0.42941, 47.7357708], [0.4293818, 47.7357325], [0.4293236, 47.7356838], [0.4291854, 47.735668], [0.4291804, 47.7356093], [0.4292686, 47.7355825], [0.4293315, 47.7355243], [0.4294968, 47.7356601], [0.4295339, 47.7356449], [0.4295275, 47.7354541], [0.4295003, 47.7352704], [0.4292704, 47.7352907], [0.4292491, 47.7352434], [0.4295128, 47.735145], [0.4296228, 47.735124], [0.4296949, 47.7350703], [0.4296465, 47.7349946], [0.4297984, 47.7348277], [0.4297581, 47.7347181], [0.4297225, 47.7346396], [0.4296392, 47.7346313], [0.4295528, 47.7345282], [0.4295623, 47.7344315], [0.4295574, 47.7343079], [0.4295285, 47.734221], [0.4296437, 47.7341575], [0.4296656, 47.7341293], [0.4295885, 47.7340615], [0.4294903, 47.7340359], [0.4294806, 47.7338482], [0.4297825, 47.7336175], [0.4299281, 47.7336421], [0.4301566, 47.7336174], [0.4302541, 47.733593], [0.4302657, 47.7335496], [0.4302085, 47.7333943], [0.4300085, 47.7332577], [0.4299359, 47.7331304], [0.4298884, 47.7330378], [0.4299042, 47.7329732], [0.4299882, 47.7328377], [0.4300024, 47.7327421], [0.4298287, 47.732521], [0.4297202, 47.7324163], [0.4295735, 47.7323821], [0.4295817, 47.7323429], [0.4296984, 47.7322827], [0.4296878, 47.7321142], [0.4296614, 47.7319443], [0.4295243, 47.7318762], [0.4295765, 47.7317464], [0.4297207, 47.7314792], [0.429763, 47.7313257], [0.4298007, 47.7310301], [0.4297648, 47.7309435], [0.4296142, 47.7308294], [0.4294871, 47.7307362], [0.4293742, 47.7306041], [0.4292824, 47.7305198], [0.4292476, 47.7304046], [0.4292043, 47.7303087], [0.4292485, 47.7302721], [0.4293804, 47.7302231], [0.4294221, 47.7301706], [0.4293716, 47.7301092], [0.4293097, 47.7300965], [0.429214, 47.7298647], [0.4290941, 47.7298055], [0.4290482, 47.7297194], [0.4290907, 47.7296714], [0.4290046, 47.7293834], [0.4290596, 47.7292182], [0.4290541, 47.7291036], [0.4290061, 47.7288832], [0.4291943, 47.7287451], [0.4291784, 47.728716], [0.4287443, 47.7283974], [0.4285803, 47.7282978], [0.4283323, 47.7283668], [0.4282208, 47.7284186], [0.4281378, 47.7284061], [0.4277759, 47.72835], [0.4274387, 47.7281795], [0.4272416, 47.727982], [0.4273459, 47.7278821], [0.4274461, 47.7278364], [0.4274606, 47.7277654], [0.4274311, 47.7276604], [0.4272942, 47.7276189], [0.4272268, 47.7275141], [0.4270481, 47.727145], [0.4268474, 47.7267805], [0.4264871, 47.7265284], [0.4261241, 47.7259254], [0.4264531, 47.7259074], [0.4265078, 47.7258549], [0.4265056, 47.7258181], [0.4264507, 47.7257966], [0.4264164, 47.7258033], [0.4262513, 47.7256787], [0.4261944, 47.7256002], [0.426139, 47.7252991], [0.4257666, 47.724819], [0.4256968, 47.7247412], [0.425675, 47.7246295], [0.4256749, 47.7244388], [0.4256479, 47.7242508], [0.4255914, 47.7240216], [0.4253809, 47.7234704], [0.4253233, 47.7233584], [0.425223, 47.7232795], [0.4251137, 47.7232557], [0.4249977, 47.7232031], [0.4249887, 47.7231347], [0.4251287, 47.7230123], [0.4251399, 47.7229855], [0.4251192, 47.7229567], [0.4250079, 47.7229381], [0.4248809, 47.7228905], [0.4248398, 47.7227948], [0.4248875, 47.7226606], [0.4248148, 47.7225983], [0.4246515, 47.722486], [0.4244122, 47.7223518], [0.4242889, 47.7222285], [0.4241837, 47.7222336], [0.4240677, 47.7222325], [0.4240194, 47.7221727], [0.4239451, 47.722049], [0.4239093, 47.7219542], [0.4239331, 47.7218437], [0.4238317, 47.721761], [0.4238182, 47.7217096], [0.424054, 47.7216166], [0.4240562, 47.7215733], [0.4240176, 47.7215183], [0.4239225, 47.7214929], [0.42379, 47.7214357], [0.4237707, 47.7213625], [0.4236472, 47.7212622], [0.4235165, 47.7212144], [0.4235123, 47.7211601], [0.4235717, 47.7210252], [0.42351, 47.7208535], [0.4234515, 47.720816], [0.423306, 47.7207993], [0.4231738, 47.7208149], [0.4231383, 47.7208516], [0.4230628, 47.7209014], [0.423002, 47.7208847], [0.422869, 47.7208918], [0.4226769, 47.7208499], [0.4226192, 47.720767], [0.4226077, 47.7206879], [0.4224709, 47.7204246], [0.422206, 47.7201889], [0.4220598, 47.7201607], [0.4219009, 47.7201582], [0.421849, 47.7201264], [0.4218153, 47.7200533], [0.4218595, 47.7199799], [0.4219004, 47.7199732], [0.4217364, 47.7197473], [0.4215925, 47.7196389], [0.4215286, 47.7195532], [0.4215193, 47.7194797], [0.421514, 47.7193241], [0.4216557, 47.7191828], [0.4216127, 47.7190034], [0.42168, 47.7188878], [0.4217135, 47.718801], [0.4216682, 47.7187661], [0.4215147, 47.7187538], [0.4214254, 47.7186905], [0.4213914, 47.7186241], [0.4213775, 47.7184136], [0.4213108, 47.7182873], [0.4212357, 47.7182309], [0.4212401, 47.7181752], [0.4212011, 47.7181447], [0.4211002, 47.7181512], [0.421022, 47.7180925], [0.4210276, 47.7180445], [0.4210812, 47.7179789], [0.4211597, 47.7179654], [0.4211696, 47.7179295], [0.4210678, 47.717856], [0.4209678, 47.7178767], [0.4209383, 47.7179483], [0.4208543, 47.7179749], [0.4207961, 47.7179375], [0.420663, 47.7177757], [0.4206535, 47.7176726], [0.4205966, 47.7175126], [0.4205041, 47.7174799], [0.4204293, 47.7175165], [0.4203612, 47.7174832], [0.4203774, 47.717419], [0.4203241, 47.7173806], [0.4201784, 47.7173751], [0.4200415, 47.7173228], [0.4199328, 47.7172442], [0.4197659, 47.7172224], [0.4196201, 47.717218], [0.4194452, 47.7171812], [0.4191948, 47.7170289], [0.4190507, 47.7168286], [0.4190012, 47.7166162], [0.418953, 47.7165418], [0.4188246, 47.716448], [0.4185712, 47.7163909], [0.4185497, 47.7163335], [0.4185866, 47.7161789], [0.41857, 47.7159902], [0.4186305, 47.7158821], [0.4186308, 47.7158121], [0.418535, 47.7157475], [0.4185081, 47.7156681], [0.4186204, 47.7155623], [0.418598, 47.7153943], [0.4187218, 47.7153162], [0.4186725, 47.7151541], [0.4187723, 47.7150851], [0.4186942, 47.7148093], [0.4187749, 47.714709], [0.4189305, 47.7146707], [0.4189878, 47.7146705], [0.4190317, 47.7144044], [0.4193733, 47.7140235], [0.419521, 47.7138583], [0.4196182, 47.7137352], [0.4194055, 47.7135771], [0.4190716, 47.7134426], [0.418224, 47.7131571], [0.417548, 47.7128663], [0.416814, 47.7125786], [0.4164182, 47.7124679], [0.4161265, 47.7124303], [0.4157884, 47.7124025], [0.415513, 47.7124071], [0.4154105, 47.7124373], [0.4153457, 47.7125069], [0.4152248, 47.7124723], [0.4150521, 47.7123889], [0.41468, 47.7122388], [0.4143086, 47.7121222], [0.4141188, 47.7120527], [0.4140585, 47.7120195], [0.413969, 47.7120191], [0.4139443, 47.7119469], [0.4140491, 47.7119255], [0.4141038, 47.7119156], [0.4140925, 47.7117641], [0.4140651, 47.7116983], [0.4141537, 47.7116239], [0.4141719, 47.7115893], [0.4140898, 47.7115334], [0.4141419, 47.7114804], [0.4141714, 47.7114095], [0.4141096, 47.7113128], [0.4141948, 47.711219], [0.4142802, 47.7112131], [0.4143998, 47.7112715], [0.4144253, 47.711177], [0.4143034, 47.7110291], [0.4141962, 47.7109712], [0.4141478, 47.7108409], [0.414101, 47.7108246], [0.4140833, 47.7107313], [0.4140719, 47.7106594], [0.4140398, 47.7104996], [0.4141294, 47.7102614], [0.4140539, 47.7101212], [0.4142237, 47.7098832], [0.4144753, 47.709943], [0.4145741, 47.7099468], [0.4146071, 47.7098999], [0.4146086, 47.7097269], [0.4147011, 47.7097325], [0.4148048, 47.7097693], [0.4149303, 47.7097946], [0.4150262, 47.7097765], [0.4150615, 47.7097031], [0.41506, 47.7095995], [0.415013, 47.7095051], [0.4149252, 47.709493], [0.4147703, 47.7095592], [0.414694, 47.7095834], [0.4146537, 47.7095566], [0.414846, 47.7092763], [0.4148175, 47.7092126], [0.414709, 47.7091483], [0.4145606, 47.7091325], [0.4144282, 47.7091456], [0.4143713, 47.7091173], [0.4143756, 47.7090634], [0.4141983, 47.7085722], [0.414109, 47.7081798], [0.4141259, 47.7079742], [0.4140145, 47.7074851], [0.4138346, 47.7070575], [0.4136549, 47.7065791], [0.4136364, 47.7064642], [0.4136709, 47.7063538], [0.4137266, 47.7062585], [0.4134435, 47.705665], [0.4133855, 47.7055581], [0.4134148, 47.7054209], [0.4134521, 47.7053171], [0.4137378, 47.7049895], [0.4137803, 47.7049616], [0.4138047, 47.7049016], [0.4137382, 47.70483], [0.413768, 47.7047663], [0.4138169, 47.7044834], [0.4139204, 47.7044244], [0.4140443, 47.7041467], [0.4141442, 47.703965], [0.4142966, 47.7039319], [0.4142954, 47.7038393], [0.4144912, 47.7036728], [0.4146057, 47.7035475], [0.4147228, 47.7033284], [0.4148298, 47.703276], [0.4147372, 47.7031032], [0.4147274, 47.7030179], [0.4147852, 47.7026394], [0.4149251, 47.7024875], [0.4149201, 47.7023185], [0.4150347, 47.7021892], [0.4150493, 47.7021307], [0.4149952, 47.7020467], [0.4150372, 47.7019812], [0.4150357, 47.7018752], [0.4149901, 47.7018483], [0.4149076, 47.7018353], [0.4148979, 47.7017948], [0.4149396, 47.7017657], [0.4150156, 47.70165], [0.414972, 47.7015646], [0.4149817, 47.7013726], [0.4151222, 47.7012946], [0.4155636, 47.7007178], [0.4154697, 47.7006271], [0.4156417, 47.7004668], [0.4156328, 47.7004242], [0.4156691, 47.7003549], [0.4158585, 47.7002282], [0.4161417, 47.6998605], [0.4161733, 47.6997294], [0.4162484, 47.6996189], [0.4163704, 47.6995356], [0.4164218, 47.699435], [0.4164849, 47.699332], [0.416504, 47.6992189], [0.4164338, 47.6991143], [0.4163653, 47.6990553], [0.4161586, 47.6990141], [0.4161173, 47.6989884], [0.4161092, 47.6989569], [0.4162042, 47.698796], [0.4163077, 47.6986574], [0.4164396, 47.6985312], [0.4166686, 47.6984725], [0.4167363, 47.6984714], [0.4167743, 47.6984462], [0.4167672, 47.6983938], [0.4167336, 47.6982926], [0.4167714, 47.6980377], [0.4168099, 47.6979238], [0.4168799, 47.6978366], [0.4169588, 47.6977667], [0.4170622, 47.6975273], [0.4172353, 47.6973345], [0.4173741, 47.6972255], [0.4174169, 47.6971429], [0.417576, 47.6967395], [0.4176246, 47.6965788], [0.4176057, 47.6963748], [0.4176409, 47.6961342], [0.4176382, 47.6960703], [0.417609, 47.696037], [0.4174718, 47.695935], [0.4173611, 47.6958492], [0.4173286, 47.695824], [0.4171634, 47.69567], [0.4170533, 47.6955781], [0.4169873, 47.6955255], [0.4168724, 47.6953957], [0.4167542, 47.695237], [0.4167348, 47.6951401], [0.4167452, 47.6950392], [0.4166287, 47.6950105], [0.4165695, 47.694957], [0.4165106, 47.6947821], [0.4162408, 47.69437], [0.416136, 47.69421], [0.4159824, 47.6940343], [0.4159712, 47.6939884], [0.4159941, 47.693955], [0.4160766, 47.6939269], [0.4163862, 47.6938412], [0.4166195, 47.6937794], [0.4166768, 47.6937288], [0.4166351, 47.6936346], [0.4163273, 47.6932455], [0.4159195, 47.6929092], [0.4158813, 47.6927663], [0.4155282, 47.6923029], [0.4155406, 47.6922678], [0.4155737, 47.6922302], [0.4157707, 47.6921198], [0.4159566, 47.6920399], [0.4161271, 47.6919576], [0.4161655, 47.6919245], [0.4161658, 47.6918802], [0.4160976, 47.6917736], [0.4159032, 47.6914463], [0.4158253, 47.6912456], [0.4157736, 47.6911002], [0.4157743, 47.6910076], [0.415851, 47.6908841], [0.4159642, 47.6907438], [0.4160785, 47.6906218], [0.4162621, 47.6904837], [0.4164398, 47.6902931], [0.4164617, 47.690239], [0.4164315, 47.6901659], [0.4163761, 47.6900368], [0.4163928, 47.6898761], [0.4164505, 47.6897652], [0.4166308, 47.6895374], [0.4167708, 47.6893993], [0.416889, 47.6892516], [0.4170111, 47.6891481], [0.4171157, 47.6890308], [0.4171657, 47.688979], [0.4172122, 47.6888738], [0.4172169, 47.6887868], [0.4172, 47.6886483], [0.4171613, 47.6885433], [0.417117, 47.6884639], [0.4170245, 47.6883709], [0.4168662, 47.6882229], [0.4167952, 47.6881136], [0.4167777, 47.6880215], [0.4167774, 47.6879153], [0.4169131, 47.6867989], [0.416889, 47.6867567], [0.4168253, 47.686716], [0.4167598, 47.6866805], [0.4160057, 47.6864181], [0.4156179, 47.6862689], [0.4155265, 47.6862227], [0.4154648, 47.6861681], [0.4154272, 47.6861169], [0.4153951, 47.6860435], [0.415374, 47.6859436], [0.4153829, 47.6858099], [0.4154165, 47.6856192], [0.4154386, 47.6854941], [0.4154427, 47.6853885], [0.4154114, 47.6849395], [0.4154082, 47.68472], [0.4153598, 47.6846536], [0.4152878, 47.6846197], [0.4151814, 47.6846038], [0.4148777, 47.6845937], [0.4148063, 47.6845791], [0.4147406, 47.6845322], [0.4145186, 47.6843101], [0.4141159, 47.6840281], [0.4136268, 47.683902], [0.4133429, 47.683872], [0.4130038, 47.6838706], [0.4129443, 47.6838703], [0.4126157, 47.6839155], [0.4119401, 47.6840873], [0.4117747, 47.6841113], [0.4116274, 47.6841111], [0.4113867, 47.6841108], [0.4110001, 47.684084], [0.410453, 47.6839829], [0.4096691, 47.6838556], [0.4092952, 47.6837792], [0.4087154, 47.6836329], [0.408109, 47.6835263], [0.4075562, 47.6834583], [0.4074589, 47.6834266], [0.407402, 47.6833915], [0.4072305, 47.683279], [0.4067724, 47.6831633], [0.4066678, 47.6831609], [0.4065145, 47.6831907], [0.4063892, 47.683192], [0.4058986, 47.683052], [0.4055786, 47.6829851], [0.4054014, 47.6829568], [0.4052148, 47.6829754], [0.405066, 47.682954], [0.4049756, 47.6829153], [0.4048019, 47.6828988], [0.40464, 47.6829146], [0.4041327, 47.6829636], [0.4039805, 47.6829611], [0.4037628, 47.68296], [0.4035472, 47.6829846], [0.4033742, 47.682955], [0.4032101, 47.6828903], [0.4031247, 47.6828745], [0.4028316, 47.6828859], [0.4026972, 47.6828849], [0.4025388, 47.6828716], [0.4024045, 47.6828212], [0.4022865, 47.6828407], [0.4013122, 47.682745], [0.4012523, 47.6827118], [0.4011985, 47.6825751], [0.4011597, 47.6825532], [0.4010491, 47.6825306], [0.4007976, 47.6822328], [0.4007409, 47.6822217], [0.4006584, 47.6822453], [0.4004719, 47.682318], [0.4003555, 47.6823231], [0.4001828, 47.6823231], [0.3999359, 47.682342], [0.399782, 47.6823429], [0.3995789, 47.6823976], [0.3994195, 47.6824087], [0.399256, 47.6824128], [0.3991405, 47.6824136], [0.3990363, 47.6824078], [0.3989546, 47.6823887], [0.3989457, 47.6823768], [0.3989423, 47.6823571], [0.399015, 47.6822838], [0.3990481, 47.6822296], [0.3990506, 47.6821665], [0.3990314, 47.6820715], [0.3990436, 47.6820154], [0.399101, 47.6819422], [0.3991058, 47.6819026], [0.3990701, 47.6818626], [0.3990161, 47.6818109], [0.3989745, 47.6818001], [0.3989239, 47.6817975], [0.3987283, 47.6819651], [0.398644, 47.6820259], [0.3986003, 47.6820435], [0.3984004, 47.682063], [0.398311, 47.6820668], [0.3982443, 47.682079], [0.3981664, 47.6821145], [0.3980875, 47.6821249], [0.3978661, 47.682141], [0.3977963, 47.6821428], [0.3977277, 47.6821353], [0.3976282, 47.6820939], [0.3974306, 47.6819958], [0.3973574, 47.6819794], [0.3972647, 47.6819768], [0.3971534, 47.6819973], [0.3971004, 47.6819971], [0.397058, 47.6819745], [0.3969555, 47.6818908], [0.3968819, 47.6818676], [0.3967824, 47.6818555], [0.3967218, 47.6818483], [0.3966979, 47.681832], [0.3966929, 47.6818015], [0.3967029, 47.6817611], [0.3967911, 47.6817239], [0.3968383, 47.6816956], [0.3968497, 47.6816409], [0.3968553, 47.6815872], [0.3968314, 47.6815567], [0.396767, 47.6815396], [0.3964546, 47.6814594], [0.3955858, 47.6812167], [0.3955654, 47.6811888], [0.3955706, 47.6811438], [0.3957451, 47.6807881], [0.3957268, 47.6807485], [0.3927324, 47.6800293], [0.39266, 47.6799679], [0.3925784, 47.6798886], [0.3923718, 47.6798534], [0.3922257, 47.6798625], [0.3921208, 47.6798255], [0.3919803, 47.6796809], [0.3915704, 47.6794636], [0.3912829, 47.6793836], [0.3910778, 47.6792999], [0.3906393, 47.6792039], [0.3905348, 47.6791585], [0.3904587, 47.6791623], [0.3902695, 47.6792509], [0.3900926, 47.6793411], [0.390008, 47.6793489], [0.3899021, 47.6793326], [0.3895246, 47.6791673], [0.3893775, 47.6790711], [0.3890468, 47.679076], [0.3885279, 47.6789865], [0.3884124, 47.6789575], [0.3882238, 47.6787896], [0.3879158, 47.6783016], [0.3878349, 47.6781958], [0.3876832, 47.6781507], [0.3872299, 47.6780641], [0.3869522, 47.6780342], [0.386698, 47.6779466], [0.3865378, 47.6779083], [0.3860804, 47.6779033], [0.3856805, 47.6776918], [0.3855113, 47.6776685], [0.3852957, 47.6777107], [0.3849727, 47.6776853], [0.384796, 47.6777713], [0.3846917, 47.6777634], [0.3845873, 47.677718], [0.3844523, 47.6778314], [0.3843566, 47.6778569], [0.384203, 47.677809], [0.3840379, 47.6777457], [0.3839379, 47.6777752], [0.3838316, 47.6778075], [0.3837198, 47.6777869], [0.3835868, 47.6776563], [0.383469, 47.6774679], [0.3833035, 47.6774128], [0.3829756, 47.6772852]]}, "properties": {"name": "L'Yre", "waterway": "stream", "ref:sandre": "M1365100"}}, {"type": "Feature", "geometry": {"type": "LineString", "coordinates": [[0.3812418, 47.8204558], [0.3815248, 47.8203109], [0.3818635, 47.8201817], [0.3826645, 47.8201951], [0.3845968, 47.8203174], [0.3851307, 47.8203263], [0.3854906, 47.8197408], [0.3855663, 47.8196176], [0.3866685, 47.8197776], [0.3873499, 47.8199136], [0.3888751, 47.820209], [0.3895978, 47.8205359], [0.3897263, 47.820673], [0.3901169, 47.8209494], [0.3903232, 47.8209801], [0.3903904, 47.8209901], [0.3909954, 47.8214311], [0.3916497, 47.8215409], [0.392757, 47.8218031], [0.3939535, 47.821958], [0.394813, 47.8221972], [0.395267, 47.8225646], [0.3952148, 47.8227455], [0.3953858, 47.8229308], [0.3955173, 47.8232287], [0.3956767, 47.8233664], [0.396205, 47.8233956], [0.396626, 47.8234923], [0.3967585, 47.8237574], [0.3969245, 47.8237709], [0.3970406, 47.8238486], [0.3971533, 47.8239454], [0.3972753, 47.8242623], [0.3974895, 47.8245173], [0.397661, 47.8246735], [0.3979336, 47.8248713], [0.3979229, 47.8250362], [0.3981101, 47.8251758], [0.3985057, 47.8253173], [0.3985786, 47.8254978], [0.3987217, 47.8255239], [0.3987163, 47.8255837], [0.3986145, 47.8256094], [0.3986542, 47.8257864], [0.3985879, 47.8258304], [0.3987058, 47.8258622], [0.3987044, 47.825924], [0.3988164, 47.8259522], [0.399137, 47.8263174], [0.3992607, 47.8265893], [0.3995878, 47.8267747], [0.4001071, 47.8271881], [0.4002203, 47.8272568], [0.4010219, 47.8277431], [0.4015257, 47.8278522], [0.4017513, 47.8278901], [0.4022738, 47.8282136], [0.4032576, 47.8284866], [0.4032983, 47.8286058], [0.4035766, 47.8287014], [0.4039019, 47.8286707], [0.4047613, 47.8288303], [0.4053256, 47.8289432], [0.4064237, 47.8298117], [0.4073378, 47.8300194], [0.4075454, 47.8301822], [0.4080714, 47.8304237], [0.4084555, 47.8308799], [0.4092485, 47.8311179], [0.4097076, 47.8313504], [0.4105258, 47.8316727], [0.4115393, 47.8324152], [0.4130568, 47.832935], [0.4149131, 47.8333254], [0.4149978, 47.8333007], [0.4150525, 47.833485], [0.4151206, 47.8335582], [0.4150694, 47.8336122], [0.41517, 47.8339066], [0.4153267, 47.8341124], [0.4154127, 47.8342124], [0.4154447, 47.8342697], [0.415462, 47.8343006], [0.4154684, 47.8343117], [0.415668, 47.8343869], [0.4158979, 47.8344126], [0.4161303, 47.8344222], [0.4162531, 47.8345786], [0.4164786, 47.8348023], [0.4164639, 47.8348551], [0.4165471, 47.8349509], [0.416555, 47.8350349], [0.4165129, 47.8350891], [0.416558, 47.8351434], [0.416805, 47.835326], [0.4170701, 47.8355759], [0.4171903, 47.8356532], [0.4173003, 47.8357297], [0.4174485, 47.8358599], [0.4175513, 47.8359003], [0.4176167, 47.8359584], [0.4176228, 47.8360351], [0.4177063, 47.8360752], [0.4178999, 47.8360867], [0.4179916, 47.8361726], [0.4180568, 47.8362428], [0.41816, 47.8363173], [0.4182541, 47.8363265], [0.4183178, 47.836378], [0.4183751, 47.8364467], [0.4185155, 47.8364907], [0.4186542, 47.8365695], [0.4187116, 47.8366341], [0.418871, 47.8366642], [0.4190111, 47.8367757], [0.419038, 47.8368325], [0.4191512, 47.8368854], [0.4191827, 47.8369859], [0.4192374, 47.8370443], [0.4192732, 47.8371779], [0.4194794, 47.8372418], [0.4196296, 47.8371512], [0.4198211, 47.8372046], [0.4198912, 47.8372593], [0.4200697, 47.8372694], [0.4202763, 47.8372638], [0.4203585, 47.8373209], [0.4204905, 47.8373504], [0.4207037, 47.8375166], [0.4210703, 47.837772], [0.4212253, 47.8378286], [0.4215514, 47.8378605], [0.4216401, 47.8378892], [0.4217276, 47.8379176], [0.4220952, 47.8380301], [0.4226214, 47.8380664], [0.4225306, 47.8383054], [0.4239044, 47.8387225], [0.4241501, 47.8388228], [0.4242896, 47.8388653], [0.4249071, 47.8389736], [0.4252904, 47.8389675], [0.4254208, 47.8389138], [0.4255801, 47.8390072], [0.4262325, 47.8390219], [0.426316, 47.8389671], [0.4263565, 47.8388978], [0.4265237, 47.8389197], [0.4266847, 47.8388643], [0.4267493, 47.8388669], [0.4271447, 47.8388883], [0.4274528, 47.8389904], [0.4275258, 47.8390782], [0.4276386, 47.8391124], [0.4277188, 47.8390576], [0.4278721, 47.8391562], [0.4279771, 47.8391427], [0.428441, 47.8392257], [0.4286196, 47.8392206], [0.4286527, 47.8393007], [0.4287278, 47.8393477], [0.4289236, 47.8394722], [0.4289889, 47.8395145], [0.4290865, 47.8394804], [0.4291606, 47.8395201], [0.4293127, 47.8395417], [0.429418, 47.8395214], [0.4296445, 47.8394358], [0.4297149, 47.8393728], [0.4298743, 47.8394172], [0.4300371, 47.8394276], [0.4300591, 47.8394258], [0.4300854, 47.8394026], [0.4301551, 47.8393906], [0.4301861, 47.8394094], [0.4302209, 47.8395224], [0.4303021, 47.839548], [0.4303548, 47.839539], [0.4303817, 47.8395045], [0.4304653, 47.8395166], [0.4305289, 47.8395225], [0.4305459, 47.8394855], [0.4305853, 47.8394717], [0.4307942, 47.8395024], [0.4309735, 47.839452], [0.4312299, 47.8395077], [0.4314491, 47.8394661], [0.4318571, 47.8395624], [0.4326299, 47.8394835], [0.433092, 47.8394667], [0.4331692, 47.8394516], [0.4335159, 47.8394512], [0.4337282, 47.8394215], [0.4339405, 47.8394384], [0.4341365, 47.8394253], [0.4343245, 47.8394181], [0.4346255, 47.8394237], [0.4348426, 47.839356], [0.4351535, 47.839333], [0.4352718, 47.8393067], [0.4354365, 47.8393274], [0.4354852, 47.8393472], [0.4356066, 47.8393267], [0.4357226, 47.8393801], [0.4358867, 47.8393974], [0.4360529, 47.8393716], [0.4361296, 47.8393869], [0.4361643, 47.8394342], [0.4362886, 47.8394732], [0.4365265, 47.8394615], [0.4381448, 47.839517], [0.4384096, 47.8394028], [0.4389192, 47.839242], [0.4390996, 47.8392358], [0.4393731, 47.839223], [0.4394735, 47.8393446], [0.4405472, 47.8394307], [0.4406841, 47.8393884], [0.4408479, 47.8393729], [0.4413734, 47.8392892], [0.44155, 47.8392311], [0.4416109, 47.8392191], [0.4416656, 47.8392397], [0.4417915, 47.8393678], [0.4419703, 47.8394211], [0.4422686, 47.8394399], [0.4423027, 47.8395553], [0.4423605, 47.8396347], [0.4424438, 47.8397097], [0.4424754, 47.8397986], [0.4425553, 47.8398276], [0.4426313, 47.8399189], [0.4427163, 47.8399593], [0.4428451, 47.8399735], [0.4428807, 47.8399564], [0.4429926, 47.8398308], [0.4430649, 47.8398287], [0.4432475, 47.8399173], [0.4433735, 47.8400228], [0.4435248, 47.8400932], [0.4436179, 47.8400885], [0.4439619, 47.8400468], [0.4440391, 47.8399769], [0.4441528, 47.8400151], [0.4442493, 47.8401185], [0.4443626, 47.8401088], [0.4444216, 47.8400195], [0.4445839, 47.8400501], [0.4446333, 47.8401296], [0.4446527, 47.8401318], [0.4447098, 47.8400063], [0.4446975, 47.8399595], [0.4449224, 47.8399743], [0.4451004, 47.8399832], [0.4452529, 47.8399847], [0.4455063, 47.8399287], [0.4463578, 47.8398716], [0.4467418, 47.8398599], [0.4469113, 47.8398618], [0.4470696, 47.8398583], [0.447153, 47.8398848], [0.4472321, 47.8399278], [0.4474101, 47.8400077], [0.4474927, 47.8400387], [0.4475971, 47.8400815], [0.4476597, 47.8401138], [0.4478614, 47.8401451], [0.4479981, 47.8400947], [0.4482635, 47.8400363], [0.448349, 47.8400316], [0.4484094, 47.8400672], [0.4485169, 47.8401264], [0.448674, 47.8401249], [0.4488067, 47.8400945], [0.4489384, 47.8400554], [0.4490462, 47.84002], [0.4490955, 47.8399919], [0.4491382, 47.8399564], [0.449193, 47.8399421], [0.4494361, 47.8401803], [0.4495155, 47.8401708], [0.4495781, 47.8401601], [0.4497423, 47.8402398], [0.4507067, 47.8404202], [0.4509527, 47.8405336], [0.4512694, 47.8406452], [0.4513843, 47.8406943], [0.4514083, 47.8407193], [0.4515072, 47.8407154], [0.4516742, 47.8407718], [0.4518247, 47.8407594], [0.4519993, 47.8407007], [0.4521129, 47.8407225], [0.4524477, 47.8405683], [0.4526434, 47.8405581], [0.4528267, 47.8406333], [0.452938, 47.8406851], [0.4532139, 47.8407531], [0.4533607, 47.8406755], [0.453478, 47.8406734], [0.4535407, 47.8407285], [0.4535691, 47.8407977], [0.4536676, 47.8407871], [0.4537204, 47.8407504], [0.4537598, 47.8406213], [0.453841, 47.8406094], [0.4539855, 47.8407175], [0.454206, 47.8407535], [0.4544057, 47.8407159], [0.4548138, 47.8406867], [0.4550847, 47.8406479], [0.4552333, 47.8406818], [0.4555013, 47.8405961], [0.455573, 47.8405925], [0.4556215, 47.8406199], [0.4557084, 47.8406006], [0.4557444, 47.8405647], [0.4558262, 47.8405486], [0.4559331, 47.8405608], [0.4560331, 47.8405313], [0.4562166, 47.8405481], [0.4564655, 47.8405591], [0.4567886, 47.8404915], [0.4569776, 47.8403971], [0.4571443, 47.8403698], [0.457344, 47.8403323], [0.4574776, 47.8402604], [0.4575582, 47.8402202], [0.457661, 47.8402978], [0.4578337, 47.8403305], [0.4579386, 47.8403126], [0.458081, 47.840283], [0.4582456, 47.8402446], [0.4583784, 47.8403005], [0.4585331, 47.8402401], [0.4585555, 47.8401712], [0.4584932, 47.8401133], [0.4585918, 47.8400935], [0.4586614, 47.8401115], [0.4586443, 47.8401841], [0.4587294, 47.840217], [0.4589023, 47.8401734], [0.4590015, 47.8402523], [0.4591679, 47.8402852], [0.4592625, 47.8402362], [0.4593978, 47.840241], [0.4594446, 47.8402822], [0.4596311, 47.8402918], [0.4597536, 47.8403365], [0.4601652, 47.840457], [0.4602301, 47.8405697], [0.4607044, 47.8406277], [0.4609951, 47.8406706], [0.4611873, 47.8406749], [0.4613541, 47.840591], [0.4614431, 47.8405985], [0.4615477, 47.8406774], [0.4616382, 47.8407123], [0.4617463, 47.8406636], [0.4617883, 47.8406353], [0.4619969, 47.8406381], [0.4621651, 47.8406345], [0.4622909, 47.8406683], [0.4623453, 47.8406093], [0.4624173, 47.8405781], [0.4625028, 47.8406037], [0.4625879, 47.8406366], [0.4626832, 47.8406278], [0.4627892, 47.8405681], [0.4628931, 47.840605], [0.4629642, 47.8406468], [0.4632083, 47.8406449], [0.4633062, 47.8406927], [0.4634395, 47.8406847], [0.4635526, 47.8407547], [0.4636899, 47.8408289], [0.4640462, 47.8410096], [0.4642927, 47.8410132], [0.46438, 47.8410241], [0.4644656, 47.8410979], [0.4643937, 47.8412387], [0.4644067, 47.8412651], [0.4644571, 47.8412711], [0.4645612, 47.8412539], [0.4646908, 47.8413146], [0.4646978, 47.8413933], [0.4647811, 47.8414151], [0.4649309, 47.8413948], [0.4651154, 47.8414463], [0.4652454, 47.8414492], [0.4652931, 47.8415816], [0.4653972, 47.8416715], [0.4658617, 47.8417621], [0.4659682, 47.8417462], [0.4660234, 47.8418369], [0.4661412, 47.8418121], [0.4663312, 47.8418619], [0.4664802, 47.84192], [0.4665348, 47.8419686], [0.4666781, 47.8419755], [0.4667239, 47.8419254], [0.4668556, 47.8419484], [0.4670057, 47.8419845], [0.4671318, 47.842011], [0.4672994, 47.8419637], [0.4674, 47.8419038], [0.4676416, 47.8418964], [0.4678235, 47.8418913], [0.4679236, 47.8419501], [0.4681407, 47.8420005], [0.4681878, 47.8420362], [0.4683825, 47.8419894], [0.4687159, 47.8423235], [0.4688455, 47.8423902], [0.4688942, 47.8424479], [0.4691399, 47.8425226], [0.4693831, 47.8425937], [0.4694879, 47.8425577], [0.4695805, 47.8424941], [0.469819, 47.8424939], [0.4699268, 47.8425072], [0.4700744, 47.8424857], [0.4702344, 47.8425359], [0.470388, 47.8426105], [0.470739, 47.8428628], [0.4717909, 47.8431378], [0.4729537, 47.8433095], [0.4735784, 47.843285], [0.4743283, 47.8433052], [0.4756297, 47.8434689], [0.4757596, 47.8434718], [0.4772586, 47.8432239], [0.4776377, 47.843245], [0.4777996, 47.8432486], [0.4778814, 47.8432942], [0.4780429, 47.8433179], [0.4781652, 47.8432549], [0.4782788, 47.8431497], [0.4784494, 47.8431534], [0.4784572, 47.8432722], [0.4785756, 47.8432894], [0.4786778, 47.8432497], [0.4787795, 47.8431662], [0.4788592, 47.8431442], [0.479046, 47.8431483], [0.4790462, 47.8433126], [0.4792932, 47.8434166], [0.4796773, 47.8434342], [0.47977, 47.84348], [0.4800005, 47.8434212], [0.4801573, 47.8434867], [0.4802381, 47.8435523], [0.4803743, 47.8435389], [0.4804685, 47.8435538], [0.4806021, 47.8434819], [0.480675, 47.8434324], [0.4807423, 47.843443], [0.4808314, 47.8433939], [0.4809487, 47.8434348], [0.4810694, 47.8433498], [0.4812197, 47.8433805], [0.4813946, 47.8432949], [0.4815686, 47.843286], [0.482203, 47.8433665], [0.4825087, 47.8434077], [0.4827832, 47.843428], [0.4828146, 47.8434722], [0.4828849, 47.843566], [0.4829587, 47.8435757], [0.4830773, 47.8435893], [0.483259, 47.8435896], [0.4833388, 47.8436205], [0.4835428, 47.843605], [0.4838334, 47.8436515], [0.484064, 47.8435909], [0.4843565, 47.8435973], [0.4846748, 47.8435733], [0.4848423, 47.8435861], [0.4849061, 47.8434999], [0.4848911, 47.8432495], [0.4848558, 47.8431958], [0.4849564, 47.8431323], [0.4850784, 47.84302], [0.4852399, 47.8428776], [0.4853193, 47.842748], [0.4855381, 47.8426524], [0.4856547, 47.8426513], [0.485708, 47.8424481], [0.4855169, 47.8423636], [0.4854869, 47.84231], [0.4855706, 47.8422626], [0.4857901, 47.8422637], [0.4859357, 47.8422155], [0.485858, 47.8421484], [0.4857874, 47.8420392], [0.4857854, 47.8419698], [0.4856894, 47.8418801], [0.485752, 47.8417629], [0.4858211, 47.8416786], [0.4859667, 47.8417015]]}, "properties": {"name": "Chabosson", "waterway": "stream"}}, {"type": "Feature", "geometry": {"type": "LineString", "coordinates": [[0.4702344, 47.8425359], [0.4706431, 47.8424995], [0.4717471, 47.8426535], [0.4724961, 47.8427467], [0.4727807, 47.8428588], [0.4737484, 47.8429714], [0.4742605, 47.8430338], [0.4744204, 47.8429789], [0.4745518, 47.842896], [0.4748188, 47.8428691], [0.4751296, 47.8428887], [0.4752804, 47.8429085], [0.4754747, 47.8429821], [0.4756609, 47.842999], [0.475765, 47.8429775], [0.4758792, 47.8430257], [0.47609, 47.8430942], [0.4762156, 47.8431317], [0.4763686, 47.8431642], [0.476453, 47.8432117], [0.476587, 47.8431873], [0.4767618, 47.8431619], [0.4769361, 47.8432005], [0.4771208, 47.8431936], [0.4772586, 47.8432239]]}, "properties": {"name": "Chabosson", "waterway": "stream"}}, {"type": "Feature", "geometry": {"type": "LineString", "coordinates": [[0.4567423, 47.7973311], [0.4568562, 47.797336], [0.4570922, 47.797424], [0.457048, 47.7975193], [0.4571138, 47.7976135], [0.4572854, 47.7976162], [0.4574207, 47.797702], [0.4573737, 47.7977587], [0.4574531, 47.7978746], [0.4576774, 47.7978543], [0.457814, 47.7979462], [0.4578753, 47.7979874], [0.4582518, 47.798097], [0.4597336, 47.7987859], [0.4609586, 47.7992753], [0.460855, 47.7993785], [0.4609851, 47.7994556], [0.4609414, 47.7994949], [0.4610717, 47.7995784], [0.4611408, 47.7995789], [0.4613182, 47.7997481], [0.4614344, 47.7996328], [0.4630782, 47.8002442], [0.4629594, 47.8003765], [0.4629832, 47.8003943], [0.463083, 47.8004765], [0.463165, 47.8005363], [0.4634521, 47.8005222], [0.4640413, 47.8008416], [0.4643494, 47.8011585], [0.4649959, 47.8017536], [0.465571, 47.80216], [0.4659078, 47.802398], [0.4668229, 47.8029524], [0.467147, 47.8032275], [0.4671375, 47.8034972], [0.466931, 47.8036738], [0.4669605, 47.803911], [0.4674562, 47.8042623], [0.4675738, 47.8042834], [0.4678493, 47.8041383], [0.4686802, 47.8051862], [0.468801, 47.805548], [0.46906, 47.805777], [0.4690536, 47.8059569], [0.4689154, 47.8060896], [0.4689663, 47.8065402], [0.4694779, 47.8071781], [0.4718868, 47.8089259], [0.4725971, 47.809612], [0.4736475, 47.8101236], [0.4756894, 47.8109208], [0.4773046, 47.8113487], [0.4775118, 47.8113753], [0.4784749, 47.81146], [0.4787387, 47.8115542], [0.4799894, 47.8120689], [0.4804423, 47.8124809], [0.4820377, 47.8126862], [0.4824923, 47.8130533], [0.4828865, 47.8132395], [0.48329, 47.8131559], [0.4839756, 47.8133476], [0.4840628, 47.8133962], [0.4841445, 47.8134025], [0.4843069, 47.8134811], [0.4844453, 47.8134692], [0.4845765, 47.8135423], [0.4847865, 47.813537], [0.4850305, 47.8136186], [0.4854084, 47.8136843], [0.4856803, 47.8137587], [0.485715, 47.8138022], [0.485909, 47.8138308], [0.4860086, 47.8138811], [0.4860726, 47.8139539], [0.4863302, 47.8140588], [0.4871774, 47.814657], [0.4873729, 47.814795], [0.4880246, 47.8152552], [0.489097, 47.8154865], [0.4899428, 47.8157803], [0.4903307, 47.8161463], [0.4908615, 47.8162447], [0.4912651, 47.8161611], [0.4918344, 47.8162143], [0.4922375, 47.8164976], [0.4924246, 47.8165625], [0.4925563, 47.8166094], [0.4925761, 47.8166165], [0.4927163, 47.8166657], [0.4928453, 47.8167025], [0.4931552, 47.8167911], [0.4934373, 47.816985], [0.494692, 47.8174747], [0.4949938, 47.8175962], [0.494937, 47.8181083], [0.4949551, 47.8181348], [0.4950415, 47.8181451], [0.4950999, 47.8181812], [0.4952294, 47.8181747], [0.4956255, 47.8183655], [0.4958725, 47.8184109], [0.4959484, 47.8183554], [0.4960324, 47.8184432], [0.4962643, 47.8185348]]}, "properties": {"name": "L'Hermitière", "waterway": "stream"}}, {"type": "Feature", "geometry": {"type": "LineString", "coordinates": [[0.383757, 47.8412646], [0.3838789, 47.8415815], [0.3840787, 47.8420872], [0.3840945, 47.842188], [0.3845143, 47.8424375], [0.3845365, 47.8424867], [0.3850413, 47.8429687], [0.3856702, 47.843686], [0.3857787, 47.8438061], [0.3857954, 47.8439321], [0.3857585, 47.8440166], [0.3857783, 47.8440948], [0.3857278, 47.8442855], [0.3857956, 47.8443837], [0.3857974, 47.844459], [0.3858439, 47.8447463], [0.3858712, 47.8452242], [0.3859368, 47.8457368], [0.3859925, 47.8460287], [0.3860191, 47.8462932], [0.3860369, 47.8464756], [0.3860805, 47.847106], [0.3859337, 47.8474634], [0.3852908, 47.8485234], [0.3849648, 47.8491071], [0.3847855, 47.8496033], [0.3846911, 47.8498388], [0.3846827, 47.8498598], [0.3845806, 47.850165], [0.3845794, 47.8502204], [0.3846879, 47.8505236]]}, "properties": {"name": "Narais", "waterway": "stream"}}, {"type": "Feature", "geometry": {"type": "LineString", "coordinates": [[0.5134661, 47.905808], [0.513127, 47.9057177], [0.5126365, 47.9056549], [0.5119762, 47.9056217], [0.5115511, 47.9055551], [0.5114506, 47.9056313], [0.511268, 47.9055893], [0.5111765, 47.9055397], [0.5108916, 47.9055557], [0.5107204, 47.9055866], [0.5106383, 47.9055968], [0.5104931, 47.9055828], [0.5100999, 47.9055973], [0.5100549, 47.9055562], [0.5096314, 47.9055956], [0.5095445, 47.9055528], [0.5094089, 47.9055729], [0.5093175, 47.9056264], [0.5090401, 47.905611], [0.5089526, 47.9055817], [0.5087853, 47.9056268], [0.5082591, 47.9056874], [0.5080276, 47.9057376], [0.5079796, 47.9057363], [0.5078621, 47.9057505], [0.5077595, 47.9057807], [0.5075977, 47.9057939], [0.5073689, 47.905871], [0.5072371, 47.9059198], [0.5070194, 47.906007], [0.5069155, 47.9060214], [0.5067231, 47.9061665], [0.5064456, 47.9061489], [0.5063424, 47.9061712], [0.5061984, 47.9062281], [0.5060171, 47.906246], [0.5053214, 47.9063758], [0.5043051, 47.9064608], [0.5032779, 47.9064321], [0.502893, 47.9063763], [0.5026512, 47.9064247], [0.5025571, 47.9063295], [0.5024848, 47.9063201], [0.5025088, 47.9062116], [0.5023746, 47.9061203], [0.5023005, 47.9061487], [0.5022902, 47.9060695], [0.5021608, 47.9060256], [0.5021183, 47.9060294], [0.5020934, 47.905961], [0.5019223, 47.9059067], [0.5017854, 47.9059195], [0.5012435, 47.9058098], [0.5010612, 47.9058406], [0.5009484, 47.905745], [0.5006943, 47.9057552], [0.5005836, 47.9057133], [0.5006588, 47.9056628], [0.5004832, 47.9055058], [0.5003075, 47.9055447], [0.5002606, 47.9054947], [0.5002487, 47.9054502], [0.5001904, 47.9054426], [0.500119, 47.9054616], [0.500088, 47.905423], [0.4997809, 47.9053137], [0.499682, 47.9051236], [0.4982638, 47.9044458], [0.4977843, 47.9043956], [0.4979496, 47.90423], [0.497395, 47.9036812], [0.4947449, 47.9014919], [0.4937586, 47.9008415], [0.4932192, 47.9005849], [0.4928239, 47.9002457], [0.4923738, 47.8999389], [0.492041, 47.8996792], [0.4918239, 47.8994981], [0.491716, 47.8992895], [0.4916333, 47.8991142], [0.4914369, 47.8990541], [0.491504, 47.898973], [0.4913929, 47.8989348], [0.4913592, 47.8987398], [0.4913887, 47.8986779], [0.4912549, 47.8984249], [0.4911468, 47.8983721], [0.4911714, 47.8983237], [0.4911282, 47.8982951], [0.4911383, 47.8982414], [0.4910664, 47.8981483], [0.4910566, 47.8980431], [0.4909176, 47.8977576], [0.490915, 47.897676], [0.4908063, 47.8975877], [0.4908379, 47.897518], [0.4907835, 47.8974755], [0.4907567, 47.8973443], [0.4906602, 47.897245], [0.4906318, 47.8971807], [0.4905796, 47.897126], [0.4904643, 47.89681], [0.490362, 47.896604], [0.4900799, 47.8961607], [0.4900399, 47.8961141], [0.489974, 47.8960036], [0.4899268, 47.8957816], [0.4899492, 47.8957365], [0.4899808, 47.8954703], [0.4898732, 47.895265], [0.4897879, 47.8952331], [0.4896886, 47.8951978], [0.489537, 47.8951056], [0.4893352, 47.8948663], [0.4893471, 47.894788], [0.489447, 47.8947375], [0.489351, 47.894653], [0.4893559, 47.8945566], [0.4893109, 47.8944848], [0.4892922, 47.8943291], [0.4886272, 47.8938665], [0.4881879, 47.8933367], [0.4878841, 47.8930978], [0.487838, 47.8930208], [0.4875093, 47.8927456], [0.4873916, 47.8926403], [0.4868782, 47.8923059], [0.4865733, 47.8917113], [0.4864357, 47.8915363], [0.4864666, 47.8909066], [0.4865801, 47.8908935], [0.4866361, 47.8908344], [0.4868163, 47.890816], [0.4868555, 47.8907611], [0.4869459, 47.8907452], [0.4868539, 47.8906583], [0.4868539, 47.8905891], [0.4867872, 47.8905273], [0.486845, 47.8903091], [0.4866484, 47.8901178], [0.4866492, 47.8898734], [0.4867165, 47.8896068], [0.4866825, 47.8894693], [0.4864153, 47.8892184], [0.4860401, 47.8888609], [0.485861, 47.8885686], [0.485867, 47.888321], [0.4857247, 47.8881432], [0.4854628, 47.8880643], [0.4852531, 47.8880313], [0.4852284, 47.8879171], [0.4851278, 47.8878742], [0.4851018, 47.8877884], [0.4850263, 47.8877258], [0.4852196, 47.8876001], [0.4850446, 47.8874744], [0.4849999, 47.8874003], [0.4849216, 47.8873945], [0.484704, 47.8871501], [0.4848196, 47.8871323], [0.4848232, 47.8870593], [0.4845152, 47.8869347], [0.4845137, 47.8868413], [0.4842496, 47.8866852], [0.484139, 47.8864756], [0.4839106, 47.8863285], [0.4841021, 47.8862393], [0.4841322, 47.8861181], [0.4842061, 47.8860872], [0.4841619, 47.8858791], [0.4839631, 47.8853711], [0.4840308, 47.8853441], [0.4841428, 47.8851516], [0.4842462, 47.8851377], [0.4843047, 47.8849278], [0.4845646, 47.8846735], [0.4846767, 47.884477], [0.4846555, 47.8844528], [0.4847268, 47.8844343], [0.4847017, 47.8843806], [0.4848815, 47.8843271], [0.4848382, 47.8842501], [0.4847755, 47.8842228], [0.4847632, 47.884168], [0.4846806, 47.8841547], [0.4846603, 47.8840359], [0.4847045, 47.8838703], [0.4846767, 47.883821], [0.4847708, 47.88375], [0.4847395, 47.8836477], [0.4847597, 47.8836035], [0.484755, 47.88349], [0.4848049, 47.8832958], [0.484873, 47.8832607], [0.4848925, 47.8831068], [0.4851203, 47.8831403], [0.4851362, 47.8830448], [0.4850824, 47.8830335], [0.4851131, 47.882961], [0.4850591, 47.8828928], [0.4851241, 47.8828597], [0.4852501, 47.8826879], [0.4852988, 47.882494], [0.4852906, 47.8823516], [0.4851472, 47.8822591], [0.4851433, 47.8822144], [0.4850331, 47.8821835], [0.48503, 47.8820596], [0.4849748, 47.8820157], [0.4849768, 47.8819122], [0.484848, 47.8818911], [0.4848229, 47.8818479], [0.4847175, 47.8818435], [0.4846953, 47.8818024], [0.4847907, 47.881766], [0.4848202, 47.881594], [0.4847733, 47.8815645], [0.4849091, 47.8814416], [0.4849318, 47.8813466], [0.4848752, 47.8813312], [0.4848297, 47.8813363], [0.4848104, 47.8812973], [0.4849156, 47.8812448], [0.4848357, 47.8811496], [0.4847126, 47.8811347], [0.4847326, 47.8810965], [0.484877, 47.8810449], [0.4848884, 47.8809964], [0.4848244, 47.8809463], [0.4846963, 47.880911], [0.4847243, 47.8808129], [0.4847139, 47.8807487], [0.4847093, 47.8806813], [0.4846462, 47.880639], [0.4846764, 47.8805929], [0.4847266, 47.8805229], [0.4846332, 47.8804569], [0.484502, 47.8804523], [0.4843593, 47.8804086], [0.484273, 47.8803193], [0.4841525, 47.8801788], [0.4836981, 47.8798261], [0.483561, 47.8795277], [0.4834493, 47.8794984], [0.4833714, 47.8795031], [0.4833312, 47.8794989], [0.4830613, 47.8792453], [0.4829928, 47.8791678], [0.4824149, 47.8788741], [0.4823173, 47.8787433], [0.4822047, 47.8787108], [0.4821449, 47.8786472], [0.4819241, 47.8785563], [0.4819093, 47.8784929], [0.4816599, 47.8782882], [0.481522, 47.8781623], [0.4812701, 47.8781412], [0.4811971, 47.8780988], [0.4811916, 47.8780477], [0.4809272, 47.8779597], [0.4808439, 47.8778744], [0.4806843, 47.8778021], [0.4799927, 47.877506], [0.4790543, 47.8771531], [0.4781593, 47.8767484], [0.4775055, 47.8762712], [0.4769686, 47.8760756], [0.4767736, 47.8759181], [0.4765946, 47.8758327], [0.4762312, 47.8757893], [0.4747313, 47.8751324], [0.4746245, 47.8751564], [0.4744536, 47.8752562], [0.4737741, 47.8749529], [0.4733841, 47.8748407], [0.4732798, 47.8747505], [0.4732352, 47.8746852], [0.4731464, 47.8746084], [0.473086, 47.8745908], [0.4730632, 47.8745835], [0.4730451, 47.8745715], [0.4730438, 47.8745494], [0.4730277, 47.8745314], [0.4730123, 47.8745265], [0.4729632, 47.8745166], [0.4728855, 47.8744968], [0.4727887, 47.8744234], [0.4727302, 47.8743226], [0.4727154, 47.8739675], [0.4727524, 47.873658], [0.472802, 47.8735844], [0.4726809, 47.8735], [0.4726633, 47.8733571], [0.4726132, 47.8732683], [0.4726393, 47.8731705], [0.4725681, 47.8730332], [0.4725797, 47.8729487], [0.4726607, 47.8728629], [0.472682, 47.8727772], [0.4726554, 47.8727098], [0.4725606, 47.8727264], [0.4724749, 47.8725801], [0.4723737, 47.8725089], [0.4723247, 47.872421], [0.4722543, 47.8723964], [0.4721996, 47.872294], [0.4721115, 47.8722381], [0.4720918, 47.8721393], [0.4721845, 47.8718354], [0.4722587, 47.8717379], [0.4719884, 47.8715891], [0.4717061, 47.8713142], [0.4715229, 47.8711752], [0.4712922, 47.8710034], [0.4712589, 47.8709201], [0.4716266, 47.8706457], [0.4718376, 47.8705434], [0.4718925, 47.8704469], [0.4719734, 47.8704078], [0.4720117, 47.8703655], [0.4721613, 47.8703186], [0.4720146, 47.8700446], [0.4724572, 47.8699646], [0.4727698, 47.8698433], [0.4729463, 47.8698577], [0.4737325, 47.8697622], [0.4737796, 47.8697242], [0.4737819, 47.8696145], [0.4737998, 47.8695255], [0.4738598, 47.8695025], [0.4739354, 47.8694981], [0.4739686, 47.869479], [0.4739397, 47.8693869], [0.4739495, 47.869362], [0.4739753, 47.8693481], [0.4741283, 47.8693825], [0.4741606, 47.8693747], [0.4741887, 47.8693122], [0.4742205, 47.8693038], [0.4742894, 47.8693139], [0.4743349, 47.8692936], [0.4743804, 47.8692276], [0.4750114, 47.8687991], [0.4750919, 47.8687029], [0.4752776, 47.8686036], [0.4755091, 47.8683975], [0.4754999, 47.8683567], [0.4754557, 47.8683224], [0.4754099, 47.8682104], [0.4750758, 47.8680914], [0.4750718, 47.8680625], [0.4751282, 47.8679683], [0.4752552, 47.867914], [0.4753469, 47.8679034], [0.475374, 47.8678839], [0.4754378, 47.8677356], [0.4756061, 47.8676268], [0.4756432, 47.86757], [0.4756302, 47.8674645], [0.4756654, 47.8674271], [0.4757917, 47.8674432], [0.4758516, 47.8674226], [0.4758793, 47.867352], [0.4758619, 47.8672124], [0.475895, 47.867137], [0.4760426, 47.8670519], [0.4762302, 47.8670591], [0.4765348, 47.8669398], [0.4766521, 47.8669348], [0.4767029, 47.8668973], [0.4767181, 47.8668179], [0.4768232, 47.8667827], [0.4769259, 47.8667357], [0.4769879, 47.8666857], [0.4772231, 47.8664446], [0.4772718, 47.8664203], [0.4774312, 47.8662471], [0.4774868, 47.8662051], [0.4775765, 47.8661771], [0.4776554, 47.8660286], [0.4776915, 47.8658435], [0.4777444, 47.8657502], [0.4777964, 47.8652704], [0.4778188, 47.8651191], [0.4780789, 47.8645987], [0.4781614, 47.864486], [0.4781822, 47.8644262], [0.4781835, 47.8643697], [0.4781923, 47.864325], [0.4783798, 47.8640882], [0.4784886, 47.8638916], [0.4786211, 47.8637083], [0.4788538, 47.8635321], [0.4788561, 47.8633762], [0.4788065, 47.8632629], [0.4787815, 47.8630943], [0.4787796, 47.8630404], [0.4787976, 47.8629804], [0.4788794, 47.8629436], [0.4789824, 47.8627463], [0.4790445, 47.8626866], [0.4791644, 47.8626576], [0.4792195, 47.8626316], [0.4792773, 47.8625181], [0.4793114, 47.8623881], [0.4794123, 47.8623092], [0.4794292, 47.8622598], [0.4793821, 47.8622432], [0.4792775, 47.8622739], [0.4790727, 47.8622478], [0.4789638, 47.862183], [0.478722, 47.8621532], [0.4784199, 47.8621092], [0.4783481, 47.8620502], [0.4783055, 47.8619609], [0.4783782, 47.86176], [0.4784026, 47.8616456], [0.4784022, 47.8614678], [0.4784265, 47.8614023], [0.4784547, 47.8613744], [0.478498, 47.8612921], [0.4785785, 47.86111], [0.47867, 47.8609663], [0.4787398, 47.8606464], [0.4787294, 47.8606216], [0.4787094, 47.8605068], [0.4787826, 47.8604517], [0.4788329, 47.860404], [0.4788745, 47.860295], [0.4789003, 47.8602022], [0.4789615, 47.8601526], [0.4789982, 47.8600995], [0.4790104, 47.8600452], [0.4791428, 47.8598255], [0.4792503, 47.8597646], [0.4793327, 47.8596286], [0.479388, 47.8595443], [0.4795003, 47.8594082], [0.4796585, 47.8590943], [0.4797031, 47.859026], [0.4797764, 47.8589668], [0.479813, 47.8589245], [0.4798585, 47.8587776], [0.479912, 47.8587098], [0.4801707, 47.8584573], [0.4802392, 47.858319], [0.4803872, 47.8581809], [0.4804824, 47.8581745], [0.48053, 47.8581367], [0.480577, 47.8580821], [0.4806121, 47.8579812], [0.4806684, 47.8578956], [0.4807554, 47.8578538], [0.4807916, 47.8578203], [0.4808247, 47.8577262], [0.480935, 47.8576199], [0.4810354, 47.8575342], [0.4811021, 47.8574475], [0.4811138, 47.8573222], [0.4810824, 47.8572885], [0.4811452, 47.8572044], [0.4811729, 47.8571073], [0.4811624, 47.8570399], [0.4811578, 47.8570108], [0.4810724, 47.8569004], [0.4809316, 47.8568899], [0.4808171, 47.8568054], [0.480786, 47.8567012], [0.4807939, 47.8566337], [0.4808345, 47.8565722], [0.4807926, 47.8565022], [0.4808295, 47.8564259], [0.4807607, 47.8562882], [0.4808713, 47.8561871], [0.4811474, 47.8561566], [0.4812585, 47.8561692], [0.4814626, 47.8560867], [0.4815971, 47.8560324], [0.4817502, 47.8559891], [0.4819513, 47.8558249], [0.4820925, 47.8557142], [0.4822511, 47.8556791], [0.4823235, 47.8554938], [0.4824161, 47.8554512], [0.4825081, 47.8552968], [0.4825699, 47.8551438], [0.4826057, 47.8550897], [0.4825999, 47.8549596], [0.4827409, 47.8549159], [0.4828585, 47.8547316], [0.4831167, 47.8545728], [0.4831808, 47.8545579], [0.483602, 47.8541508], [0.4836643, 47.8539226], [0.484, 47.8535989], [0.4840486, 47.8535288], [0.4840124, 47.8534671], [0.4838764, 47.8534702], [0.4836271, 47.8533225], [0.4835148, 47.8533343], [0.4834167, 47.8533037], [0.4833755, 47.8531585], [0.4835409, 47.8529834], [0.4835151, 47.8528305], [0.4836357, 47.8523355], [0.4834841, 47.8521635], [0.4835449, 47.8519678], [0.4841283, 47.8515134], [0.4841909, 47.8513422], [0.4841536, 47.8512398], [0.483889, 47.850785], [0.4837969, 47.8506916], [0.4838563, 47.8504634], [0.4836988, 47.8501633], [0.4836365, 47.8498308], [0.4836634, 47.8497116], [0.4835704, 47.8495125], [0.4835638, 47.8492767], [0.4834609, 47.8490327], [0.4834345, 47.8487071], [0.4833464, 47.8484086], [0.4831096, 47.8478143], [0.4829971, 47.8473974], [0.483081, 47.8472226], [0.4832596, 47.8468994], [0.4832401, 47.8468035], [0.4833474, 47.8466454], [0.4832869, 47.8465242], [0.4832874, 47.8463881], [0.4834454, 47.8462433], [0.4836831, 47.8461937], [0.4841149, 47.846111], [0.4841639, 47.8460958], [0.4841502, 47.8460062], [0.484156, 47.8459494], [0.4840372, 47.8458473], [0.4840403, 47.8457298], [0.4842553, 47.8456028], [0.4842817, 47.8455111], [0.4842053, 47.8454109], [0.4842133, 47.845371], [0.4844072, 47.8452585], [0.4845177, 47.8450943], [0.4845616, 47.8449369], [0.4847181, 47.8449444], [0.485576, 47.8444269], [0.4858683, 47.8441246], [0.4859492, 47.8438257], [0.4862311, 47.8434866], [0.486677, 47.8428788], [0.4866615, 47.8426997], [0.4865214, 47.8425403], [0.4865889, 47.8423733], [0.4863483, 47.8422319], [0.4862515, 47.842051], [0.4860671, 47.8418702], [0.4859667, 47.8417015], [0.485955, 47.8416657], [0.4860027, 47.8415174], [0.4862351, 47.8412056], [0.4863549, 47.8407878], [0.4865766, 47.8406342], [0.4866048, 47.8401183], [0.4867536, 47.8400084], [0.4868895, 47.8398204], [0.4869786, 47.8396314], [0.4870093, 47.839433], [0.4870189, 47.8392667], [0.4871113, 47.8391966], [0.4872672, 47.8391543], [0.4873365, 47.8390634], [0.4873367, 47.8388725], [0.4873799, 47.8386662], [0.4874837, 47.8384227], [0.487543, 47.8382869], [0.4876079, 47.8381928], [0.4877328, 47.8381377], [0.4877935, 47.8381299], [0.4878633, 47.8381166], [0.4879164, 47.8380552], [0.4879015, 47.8379228], [0.488048, 47.8378477], [0.4881385, 47.8377412], [0.4882582, 47.8377144], [0.4884202, 47.837718], [0.4886013, 47.8376789], [0.4886892, 47.8376269], [0.4887052, 47.8374053], [0.4887649, 47.8372961], [0.4890008, 47.837228], [0.4892273, 47.8371299], [0.4894234, 47.8370099], [0.489459, 47.8369693], [0.4895149, 47.8369305], [0.4895743, 47.8368815], [0.4897395, 47.8367453], [0.489791, 47.8366879], [0.4898859, 47.8365421], [0.4899025, 47.8365019], [0.4899366, 47.8364662], [0.4899578, 47.8364336], [0.4899881, 47.8364131], [0.4900937, 47.836334], [0.490153, 47.8363053], [0.4902321, 47.8363235], [0.4902979, 47.8362952], [0.4903437, 47.8362511], [0.4904571, 47.8361731], [0.4905466, 47.8359662], [0.4905284, 47.8358889], [0.4905354, 47.8358235], [0.490595, 47.8357611], [0.4906284, 47.8357056], [0.4906346, 47.8356673], [0.4907108, 47.8356365], [0.4907957, 47.8356058], [0.4909666, 47.8355628], [0.4910218, 47.8355108], [0.4909908, 47.8354244], [0.4908439, 47.8353254], [0.4906934, 47.8352599], [0.490641, 47.8352189], [0.4906428, 47.8351834], [0.4906655, 47.8351188], [0.4907343, 47.8349687], [0.4909332, 47.8348518], [0.4910318, 47.8347897], [0.491018, 47.8345521], [0.491079, 47.834379], [0.4911729, 47.8342539], [0.4912956, 47.8341678], [0.4914109, 47.8341467], [0.4915338, 47.834098], [0.4915743, 47.8340404], [0.4915308, 47.8339391], [0.4914747, 47.8338811], [0.4913467, 47.8337127], [0.4912647, 47.8335926], [0.4912711, 47.833448], [0.4913461, 47.8332604], [0.4912391, 47.8331462], [0.4910663, 47.8330863], [0.4910283, 47.8330558], [0.4910231, 47.8330102], [0.4910305, 47.8329483], [0.4910808, 47.8328887], [0.4911738, 47.832873], [0.4912539, 47.8328511], [0.4913052, 47.8327901], [0.491332, 47.8325985], [0.491425, 47.8324911], [0.4915951, 47.8324239], [0.4917815, 47.8323836], [0.4919298, 47.8324046], [0.4920187, 47.8324425], [0.4921004, 47.8324087], [0.4921843, 47.832229], [0.4921196, 47.8320214], [0.4922002, 47.8319906], [0.4923863, 47.8319562], [0.4924321, 47.8319159], [0.4924237, 47.8318181], [0.4924159, 47.8315252], [0.4923204, 47.8313191], [0.4923623, 47.8312697], [0.4925078, 47.8310777], [0.4926844, 47.8309663], [0.4928445, 47.8308338], [0.4929476, 47.8307], [0.493033, 47.8305688], [0.4930507, 47.8304746], [0.4930092, 47.8304234], [0.4929348, 47.8304188], [0.4927582, 47.8304386], [0.4925952, 47.8304498], [0.4925437, 47.830425], [0.4924492, 47.8302899], [0.4924275, 47.8301948], [0.4923242, 47.8301511], [0.4920444, 47.8301243], [0.4919107, 47.8300741], [0.4917932, 47.8298704], [0.4918003, 47.8298144], [0.4918721, 47.8297834], [0.4919465, 47.829788], [0.4920936, 47.8295606], [0.4924096, 47.8292008], [0.4924408, 47.8290093], [0.4923536, 47.8289069], [0.4923433, 47.8288475], [0.492402, 47.8288133], [0.4924838, 47.828756], [0.49251, 47.8286678], [0.4925343, 47.8285294], [0.4927102, 47.8283626], [0.4927874, 47.8282895], [0.4931733, 47.8282092], [0.4946031, 47.8275161], [0.4946624, 47.8274701], [0.4946078, 47.8273886], [0.4946264, 47.8273066], [0.4947369, 47.8270193], [0.4946967, 47.8269415], [0.4946802, 47.8268288], [0.494754, 47.8267565], [0.4948876, 47.826718], [0.4951879, 47.8265936], [0.4953926, 47.8264057], [0.496106, 47.8260993], [0.4961462, 47.8260375], [0.4961525, 47.8257135], [0.496136, 47.8255417], [0.4963575, 47.825005], [0.4964295, 47.8243399], [0.4964249, 47.8241131], [0.4965396, 47.8238731], [0.4967483, 47.8230637], [0.4968827, 47.8222342], [0.4968914, 47.8216903], [0.4969455, 47.8214786], [0.4969775, 47.821361], [0.4969291, 47.8212727], [0.4967446, 47.8211844], [0.4965611, 47.821074], [0.4963197, 47.820844], [0.4962893, 47.8207915], [0.496308, 47.8207683], [0.4962687, 47.820627], [0.4961194, 47.820538], [0.49601, 47.8204838], [0.4959179, 47.8202083], [0.4958049, 47.8200354], [0.4957728, 47.8199863], [0.4956766, 47.8197506], [0.4956783, 47.8197151], [0.4958384, 47.8195826], [0.4958765, 47.8194282], [0.4959776, 47.8193358], [0.4959597, 47.819297], [0.4962536, 47.8188465], [0.4962643, 47.8185348], [0.4964065, 47.818362], [0.4964954, 47.8181964], [0.4967649, 47.818081], [0.4969778, 47.8179142], [0.49716, 47.8178701], [0.4978742, 47.8175134], [0.4980842, 47.817472], [0.4982858, 47.8174764], [0.4983582, 47.817455], [0.4983984, 47.8173952], [0.4983556, 47.8171313], [0.4984084, 47.8170227], [0.4984544, 47.8169419], [0.4984769, 47.8168981], [0.498372, 47.816786], [0.4983819, 47.816679], [0.4980389, 47.8165012], [0.49801, 47.8164401], [0.4980573, 47.8163822], [0.4983226, 47.8163594], [0.4985211, 47.8161671], [0.4986943, 47.816112], [0.4990551, 47.8160481], [0.4991953, 47.8159433], [0.4994383, 47.8160798], [0.499513, 47.816057], [0.4997362, 47.8158881], [0.4997733, 47.8158934], [0.4998758, 47.8159296], [0.4999797, 47.8160218], [0.5000115, 47.8160509], [0.5000413, 47.8160486], [0.500062, 47.8160283], [0.5003708, 47.8157238], [0.500479, 47.8156878], [0.5005535, 47.8155763], [0.5007556, 47.8154373], [0.5011312, 47.8150907], [0.5012654, 47.8150611], [0.501333, 47.8149783], [0.5013168, 47.8149498], [0.5011981, 47.8148408], [0.5012097, 47.8147368], [0.501071, 47.8146768], [0.5010611, 47.8145628], [0.5011801, 47.8143924], [0.5012924, 47.8143394], [0.5014744, 47.8143212], [0.5018041, 47.8143801], [0.5018839, 47.8144314], [0.5020011, 47.814825], [0.502029, 47.8148375], [0.5023859, 47.8146738], [0.5024177, 47.8146286], [0.5025692, 47.8145831], [0.5026417, 47.8143992], [0.5027277, 47.8143678], [0.5029719, 47.8142423], [0.5030259, 47.814191], [0.5031208, 47.8141819], [0.5032662, 47.8140566], [0.5034302, 47.8140351], [0.5034812, 47.8140069], [0.503533, 47.8139631], [0.5035607, 47.8139031], [0.5037297, 47.8138409], [0.5040902, 47.8136721], [0.5042032, 47.8136777], [0.5043791, 47.8135707], [0.5045508, 47.8135818], [0.5046514, 47.8135827], [0.5047597, 47.8134597], [0.5050062, 47.8134725], [0.5050509, 47.8134453], [0.5050898, 47.8133154], [0.5051157, 47.8132786], [0.5051976, 47.8132747], [0.5053029, 47.8133444], [0.5053814, 47.8133344], [0.5054445, 47.8132833], [0.5053932, 47.8131705], [0.5057817, 47.8130629], [0.5059667, 47.8130889], [0.5061475, 47.813074], [0.5064048, 47.813112], [0.5065266, 47.8130979], [0.5066233, 47.8130561], [0.5066751, 47.8130102], [0.5067734, 47.8129026], [0.506967, 47.8128472], [0.5070456, 47.8128583], [0.5071865, 47.8129304], [0.5072543, 47.8129392], [0.5075624, 47.8129229], [0.5076958, 47.81286], [0.5079462, 47.8127859], [0.5080694, 47.8128043], [0.508118, 47.812796], [0.5083299, 47.8126814], [0.5085383, 47.8126389], [0.5087571, 47.8125433], [0.5091053, 47.8124359], [0.5092649, 47.8123766], [0.5094066, 47.8123661], [0.5095099, 47.8123485], [0.509775, 47.812257], [0.5098196, 47.8122016], [0.5099381, 47.812108], [0.5099965, 47.8120349], [0.5102526, 47.8119737], [0.5103051, 47.81198], [0.510451, 47.8119478], [0.5104062, 47.8118787], [0.5104553, 47.8118216], [0.5105921, 47.8117619], [0.5106211, 47.8116536], [0.5106961, 47.8115073], [0.5108388, 47.8114154], [0.5110172, 47.811363], [0.5111425, 47.8112644], [0.5112508, 47.811236], [0.5114104, 47.8111076], [0.5115503, 47.810812], [0.5117201, 47.8104058], [0.5117267, 47.8103487], [0.5118059, 47.8103231], [0.5118395, 47.8102861], [0.5118321, 47.8102571], [0.511759, 47.8101786], [0.5117547, 47.8101534], [0.5117912, 47.8101261], [0.5119991, 47.8100685], [0.512095, 47.810061], [0.5121637, 47.8100462], [0.512296, 47.8099641], [0.512406, 47.8099147], [0.512546, 47.8098099], [0.5126292, 47.8097902], [0.5126709, 47.8097911], [0.5128253, 47.8098425], [0.5128845, 47.8098438], [0.5129402, 47.809828], [0.5130438, 47.8096107], [0.513259, 47.8094949], [0.5136016, 47.8094447], [0.5136874, 47.8094177], [0.5137835, 47.8093814], [0.5138554, 47.8093001], [0.5138989, 47.8092736], [0.5139804, 47.809258], [0.5140762, 47.809321], [0.5141783, 47.8093203], [0.5144149, 47.8092805], [0.5150861, 47.8093419], [0.5152678, 47.8092276], [0.5155716, 47.8092752], [0.5156309, 47.8092736], [0.5157928, 47.8091706], [0.5158708, 47.8091643], [0.5159471, 47.8091838], [0.515993, 47.8092305], [0.5160281, 47.8092349], [0.5161726, 47.8092358], [0.5163556, 47.8092649], [0.5164684, 47.8092555], [0.5165364, 47.809255], [0.5166577, 47.8091443], [0.5168546, 47.8089963], [0.5171925, 47.8088602], [0.5174905, 47.8087615], [0.5175561, 47.8087659], [0.5176376, 47.8088493], [0.517698, 47.8088675], [0.5178718, 47.8088594], [0.5180672, 47.8088814], [0.5182007, 47.8088463], [0.5183312, 47.8087648], [0.5194885, 47.8082543], [0.5196364, 47.8082697], [0.5198012, 47.8083097], [0.5199324, 47.8082973], [0.5210083, 47.8080227], [0.5212381, 47.8079515], [0.5214643, 47.807811], [0.5216578, 47.8077395], [0.5219795, 47.8076922], [0.5221755, 47.8076998], [0.522337, 47.8077546], [0.5227432, 47.8079039], [0.5228265, 47.8079642], [0.5228485, 47.8080432], [0.5228932, 47.8080958], [0.5231672, 47.8081881], [0.523266, 47.8082302], [0.5233223, 47.8083002], [0.5233535, 47.808417], [0.5234261, 47.8084712], [0.5237262, 47.8086608], [0.523868, 47.8087134], [0.5240528, 47.8087113], [0.5241954, 47.8086799], [0.5243445, 47.8085484], [0.524478, 47.8084854], [0.5257897, 47.8080021], [0.526017, 47.8079701], [0.5262768, 47.8079855], [0.5267196, 47.8080528], [0.526862, 47.8080664], [0.5272322, 47.8081016], [0.5273215, 47.808083], [0.5273961, 47.808037], [0.5275301, 47.8078654], [0.5277049, 47.8077597], [0.5278967, 47.8076577], [0.5280373, 47.8075177], [0.5281253, 47.8073738], [0.5281888, 47.8072651], [0.5282161, 47.8072054], [0.5282635, 47.8071463], [0.5282466, 47.8070969], [0.5281959, 47.8070915], [0.5279573, 47.8071327], [0.5278778, 47.8071323], [0.5278424, 47.8070976], [0.5278019, 47.8069356], [0.5276595, 47.8067878], [0.5276279, 47.8066978], [0.5276715, 47.8066172], [0.5279117, 47.806407], [0.5279952, 47.8063251], [0.5280475, 47.806264], [0.5280702, 47.8061883], [0.5280632, 47.8061513], [0.5280671, 47.8060283], [0.5281352, 47.8059196], [0.528342, 47.8057592], [0.5283452, 47.8056928], [0.5283322, 47.8055994], [0.5282355, 47.8054962], [0.5279414, 47.8053461], [0.5278664, 47.8052833], [0.5279043, 47.805223], [0.5279963, 47.805196], [0.5281756, 47.8051773], [0.5282983, 47.8051424], [0.5283949, 47.8050866], [0.5284565, 47.8050643], [0.5288136, 47.8052587], [0.5290177, 47.8052524], [0.529197, 47.8053013], [0.5293173, 47.8052825], [0.5294869, 47.8051992], [0.5295547, 47.8050795], [0.5298264, 47.8048933], [0.529871, 47.8047923], [0.5297611, 47.8045238], [0.5297999, 47.804307], [0.5298772, 47.8041964], [0.5298995, 47.8041059], [0.5298753, 47.8038565], [0.5299159, 47.8036662], [0.5299674, 47.8035307], [0.5305905, 47.8029311], [0.5311614, 47.802294], [0.5312059, 47.80221], [0.5311397, 47.8020872], [0.5317651, 47.8015332], [0.532047, 47.8012874], [0.5321702, 47.8010654], [0.5321838, 47.8009686], [0.5320868, 47.8007359], [0.5321207, 47.800591], [0.5322298, 47.8004749], [0.5322844, 47.800464], [0.5324886, 47.8005261], [0.5325619, 47.8005003], [0.5326239, 47.8004288], [0.5325045, 47.8001911], [0.5324328, 47.8001585], [0.5322085, 47.8001869], [0.5321599, 47.8001708], [0.5321633, 47.8001323], [0.5322589, 47.8000635], [0.5327301, 47.7999342], [0.5329151, 47.7998266], [0.5333029, 47.7997427], [0.5335537, 47.799761], [0.5338862, 47.7996673], [0.5340163, 47.7995767], [0.5341478, 47.799557], [0.5342255, 47.7995297], [0.5343149, 47.7994587], [0.5343923, 47.7993702], [0.5344292, 47.7992659], [0.5345533, 47.799201], [0.5351011, 47.799018], [0.5354502, 47.7988098], [0.5355577, 47.798692], [0.5355762, 47.7985701], [0.5356254, 47.7985057], [0.5358488, 47.7983635], [0.5359686, 47.7983221], [0.5364098, 47.7982178], [0.5366774, 47.7981152], [0.5369631, 47.797969], [0.5371209, 47.7978984], [0.5371819, 47.7978214], [0.5373301, 47.7975477], [0.537435, 47.7969647], [0.5372725, 47.7967998], [0.5371845, 47.7967385], [0.5371508, 47.7966892], [0.5371272, 47.7965211], [0.5371805, 47.7962536], [0.5371487, 47.7959796], [0.537193, 47.7958529], [0.5370265, 47.7954773], [0.5369434, 47.7954074], [0.5367803, 47.7949452], [0.5364863, 47.794736], [0.5364291, 47.7947089], [0.5364407, 47.794606], [0.5368433, 47.7943309], [0.5370012, 47.7942797], [0.5370794, 47.7942434], [0.5371185, 47.794179], [0.5370681, 47.794055], [0.5368562, 47.7939655], [0.5361071, 47.7921333], [0.5359278, 47.7919856], [0.5358396, 47.7919666], [0.5355608, 47.7919691], [0.5354483, 47.7920912], [0.5352921, 47.7920621], [0.5352293, 47.7920103], [0.5351458, 47.7920246], [0.535084, 47.7920511], [0.5349327, 47.7919856], [0.534888, 47.7919203], [0.5349253, 47.7918052], [0.5348154, 47.7914752], [0.5345196, 47.7913019], [0.5344394, 47.7911408], [0.534203, 47.7909036], [0.5343069, 47.7906129], [0.5342876, 47.7904972], [0.5341454, 47.7903151], [0.534153, 47.7901074], [0.53429, 47.7899252], [0.5343199, 47.7896755], [0.5341429, 47.7894182], [0.5341116, 47.7892719], [0.5341775, 47.7892126], [0.5345264, 47.7890714], [0.5346414, 47.7886885], [0.534728, 47.7886676], [0.5348597, 47.7886917], [0.5350152, 47.7886875], [0.5351633, 47.7886512], [0.5352798, 47.7887114], [0.5360816, 47.7885162], [0.5362645, 47.787983], [0.5365127, 47.7878776], [0.5365372, 47.7878356], [0.5365528, 47.7876963], [0.5364532, 47.7873285], [0.5359502, 47.7871568], [0.5357741, 47.7870241], [0.5357373, 47.7869459], [0.5357888, 47.7867094], [0.5358922, 47.7865544], [0.5360549, 47.7859738], [0.5364194, 47.785408], [0.536518, 47.7853237], [0.5366724, 47.7852951], [0.5368058, 47.7849035], [0.5369089, 47.7848662], [0.5370662, 47.7849683], [0.5372038, 47.7849621], [0.5372728, 47.7849317], [0.5373063, 47.7844398], [0.5374176, 47.7843481], [0.5376615, 47.7841887], [0.5377069, 47.7841813], [0.5378476, 47.7842299], [0.5381892, 47.7842418], [0.5386726, 47.7843508], [0.538761, 47.7843391], [0.5388715, 47.784264], [0.5390408, 47.7840636], [0.5391871, 47.7839454], [0.5392262, 47.7838582], [0.5391928, 47.7836822], [0.5392102, 47.7835529], [0.5390254, 47.7832477], [0.5391792, 47.7830203], [0.5392437, 47.7829648], [0.5395526, 47.782907], [0.5396238, 47.7828782], [0.5396852, 47.7827702], [0.5396687, 47.7826667], [0.5395906, 47.7825573], [0.5395774, 47.7824796], [0.5397443, 47.7823777], [0.5401493, 47.7823584], [0.5404104, 47.7822176], [0.5406407, 47.7819604], [0.5407746, 47.7817587], [0.5408342, 47.7816754], [0.5407751, 47.7816168], [0.5407305, 47.7815848], [0.5407289, 47.7815468], [0.5408837, 47.7814041], [0.5412178, 47.7811832], [0.5412536, 47.7811407], [0.5412569, 47.7810945], [0.5412422, 47.7810494], [0.5411826, 47.7810003], [0.5410714, 47.7809714], [0.5408866, 47.7809522], [0.5408079, 47.7809255], [0.5406562, 47.7808487], [0.5406036, 47.7807239], [0.5407209, 47.7806004], [0.541067, 47.780447], [0.5412306, 47.7803663], [0.5412746, 47.7803172], [0.5413928, 47.7796499], [0.5409786, 47.7792199], [0.5406751, 47.7791178], [0.5403365, 47.7788729], [0.5402874, 47.7787458], [0.5404443, 47.7783614], [0.5404677, 47.7780613], [0.5405761, 47.778017], [0.5406945, 47.7780039], [0.5410462, 47.7780909], [0.541196, 47.7780505], [0.541272, 47.7778606], [0.5411405, 47.7777098], [0.540841, 47.7775453], [0.5408153, 47.777476], [0.541016, 47.7772607], [0.5410544, 47.7771921], [0.540901, 47.7768598], [0.5409429, 47.7766099], [0.5407518, 47.7764968], [0.5407046, 47.7763712], [0.5408066, 47.7760713], [0.5408141, 47.7759624], [0.5410685, 47.7757623], [0.5410896, 47.7757067], [0.5410857, 47.7756412], [0.54106, 47.7756002], [0.5404638, 47.7753584], [0.538713, 47.7740691], [0.5383965, 47.7736824], [0.5382745, 47.7733728], [0.5383277, 47.7730762], [0.5383013, 47.7729424], [0.5378826, 47.7726427], [0.5372888, 47.7709818], [0.5370693, 47.7707097], [0.5369487, 47.7704957], [0.5368926, 47.7704473], [0.5366631, 47.7702495], [0.5361076, 47.7699715], [0.5360515, 47.7699383], [0.5360073, 47.7699014], [0.5359563, 47.7698212], [0.5359215, 47.7697297], [0.5359044, 47.7696599], [0.536193, 47.7695501], [0.5363107, 47.769456], [0.5373311, 47.7695851], [0.5376031, 47.7695987], [0.5376743, 47.7695084], [0.5377846, 47.7693097], [0.5380256, 47.7692432], [0.5383525, 47.7691708], [0.5384638, 47.7691125], [0.5385299, 47.7690345], [0.5385659, 47.7689574], [0.5385879, 47.7685888], [0.5386951, 47.768521], [0.538922, 47.7684605], [0.5390238, 47.7685063], [0.5391878, 47.7686048], [0.5392585, 47.7686235], [0.5393966, 47.7685377], [0.5395365, 47.7683632], [0.5398692, 47.7681663], [0.5399111, 47.7680613], [0.5396524, 47.7676711], [0.5396399, 47.767593], [0.5400948, 47.7659862], [0.5401096, 47.7659585], [0.5404076, 47.7653978], [0.5407763, 47.7647847], [0.5409451, 47.7646694], [0.5411919, 47.7635955], [0.5411453, 47.763424], [0.5409847, 47.7632268], [0.5408625, 47.7629114], [0.5408523, 47.7626603], [0.5409847, 47.7623987], [0.5414205, 47.7620558], [0.5415668, 47.7616977], [0.541402, 47.7613733], [0.5421325, 47.7601868], [0.5423626, 47.7601076], [0.5425312, 47.7600583], [0.5425992, 47.7599881], [0.5424844, 47.7598767], [0.5420518, 47.7595497], [0.5420758, 47.7594318], [0.5421822, 47.7593313], [0.5421957, 47.7592413], [0.542108, 47.7591428], [0.541888, 47.759107], [0.5417931, 47.7590613], [0.5418395, 47.7589595], [0.5419581, 47.7588936], [0.5419974, 47.7588446], [0.5417075, 47.7587231], [0.5416161, 47.7587024], [0.5416301, 47.7585694], [0.541797, 47.7579687], [0.5417467, 47.7578225], [0.5417221, 47.7576524], [0.5418616, 47.757466], [0.5418422, 47.7573929], [0.5415252, 47.757189], [0.541502, 47.7571279], [0.5415307, 47.7570393], [0.5419551, 47.7569053], [0.5420258, 47.7568253], [0.542259, 47.7566586], [0.5424101, 47.7566079], [0.5425031, 47.7565041], [0.5430091, 47.7560613], [0.5433179, 47.7559193], [0.5434521, 47.7558099], [0.5435015, 47.7556964], [0.5440512, 47.7554243], [0.5440878, 47.7553414], [0.5443319, 47.7552894], [0.5444902, 47.7552575], [0.5445716, 47.7551932], [0.5445233, 47.7551085], [0.5444014, 47.7549253], [0.5442979, 47.7547645], [0.544369, 47.7546427], [0.5444896, 47.7545792], [0.5446743, 47.7545391], [0.5447671, 47.7545103], [0.5448418, 47.7544502], [0.5447991, 47.7543876], [0.5446894, 47.7543588], [0.5446885, 47.7542399], [0.5448099, 47.7541588], [0.5448776, 47.7541074], [0.5449665, 47.7538846], [0.5450883, 47.7537948], [0.5450157, 47.7536743], [0.5450312, 47.7536218], [0.5452702, 47.7534022], [0.5453642, 47.753347], [0.5455511, 47.7532629], [0.5455946, 47.7531713], [0.5455558, 47.7530252], [0.5457054, 47.7529006], [0.5459589, 47.7527871], [0.5461323, 47.7527116], [0.5461397, 47.7525552], [0.5461647, 47.7520251], [0.5464049, 47.7510877], [0.5467397, 47.7506016], [0.5467906, 47.7505277], [0.5468929, 47.7498643], [0.5468817, 47.7496878], [0.5466902, 47.7490468], [0.5469054, 47.7485966], [0.5470874, 47.7482642], [0.5471583, 47.7479355], [0.5474983, 47.7471891], [0.5475675, 47.7468978], [0.5474897, 47.746784], [0.5472995, 47.7467052], [0.5464401, 47.7455405], [0.5454581, 47.7451954], [0.5438798, 47.744657], [0.5437408, 47.7446236], [0.543659, 47.7446001], [0.5434927, 47.7445316], [0.5433331, 47.7444941], [0.5432305, 47.7444874], [0.5431259, 47.7444793], [0.5430273, 47.7444586], [0.542225, 47.744084], [0.5421631, 47.7439301], [0.5422941, 47.7436479], [0.5421978, 47.7429512], [0.5423063, 47.7422185], [0.5425095, 47.7401587], [0.542533, 47.7400919], [0.5427136, 47.7394319], [0.5421893, 47.739196], [0.5419774, 47.7388434], [0.5419283, 47.7386398], [0.541807, 47.7385799], [0.5413849, 47.7385312], [0.5409388, 47.7384379], [0.5407436, 47.7383992], [0.5406098, 47.7383084], [0.5404737, 47.7380535], [0.5404222, 47.7377616], [0.5402466, 47.7374715], [0.5401073, 47.7373804], [0.539894, 47.7371952], [0.5394527, 47.7370007], [0.5391929, 47.7368953], [0.5390646, 47.7368823], [0.5387361, 47.736761], [0.5386845, 47.7367408], [0.538602, 47.7367411], [0.5384219, 47.7366845], [0.5383148, 47.736564], [0.538078, 47.7359941], [0.5377429, 47.7352416], [0.5373433, 47.7345478], [0.5371487, 47.7342453], [0.5371917, 47.7341258], [0.5372094, 47.7339379]]}, "properties": {"name": "La Veuve", "waterway": "river", "ref:sandre": "M13-0300"}}, {"type": "Feature", "geometry": {"type": "LineString", "coordinates": [[0.5359044, 47.7696599], [0.5358651, 47.7695093], [0.5358083, 47.7694022], [0.5348151, 47.7684226], [0.5338453, 47.7675344], [0.5336994, 47.7672653], [0.5337723, 47.7669055], [0.5340468, 47.7664518], [0.5344275, 47.7662895], [0.5350509, 47.7661642], [0.5351428, 47.7661257], [0.5349248, 47.7652971], [0.5351994, 47.7648405], [0.5366091, 47.764047], [0.5370738, 47.7637744]]}, "properties": {"name": "La Veuve", "waterway": "river", "ref:sandre": "M13-0300"}}, {"type": "Feature", "geometry": {"type": "LineString", "coordinates": [[0.5383249, 47.7771932], [0.5374244, 47.7771731], [0.5368953, 47.7765648], [0.5370463, 47.7761938], [0.5370308, 47.7752539], [0.5368949, 47.7748188], [0.536741, 47.7744967], [0.5365931, 47.7737781], [0.536481, 47.7735835], [0.5359604, 47.7731798], [0.5361054, 47.7726801], [0.5358459, 47.7723965], [0.5357035, 47.7720745], [0.535688, 47.7717635], [0.5356353, 47.7715948], [0.5363144, 47.7710861], [0.5364404, 47.7709866], [0.5365482, 47.77076], [0.5368926, 47.7704473]]}, "properties": {"name": "La Veuve", "waterway": "river", "ref:sandre": "M13-0300"}}, {"type": "Feature", "geometry": {"type": "LineString", "coordinates": [[0.5372888, 47.7709818], [0.5373642, 47.7706422], [0.5377779, 47.7704922], [0.538097, 47.770387], [0.5382006, 47.770249], [0.5383124, 47.7698771], [0.5383231, 47.7697716], [0.5383525, 47.7691708]]}, "properties": {"name": "La Veuve", "waterway": "river", "ref:sandre": "M13-0300"}}, {"type": "Feature", "geometry": {"type": "LineString", "coordinates": [[0.541016, 47.7772607], [0.5383249, 47.7771932], [0.5382857, 47.7760303], [0.5379704, 47.7746301], [0.5378073, 47.774271], [0.5378826, 47.7726427]]}, "properties": {"name": "La Veuve", "waterway": "river", "ref:sandre": "M13-0300"}}, {"type": "Feature", "geometry": {"type": "LineString", "coordinates": [[0.5386845, 47.7367408], [0.5387042, 47.736673], [0.5387833, 47.736598], [0.5389583, 47.7365305], [0.5390689, 47.736469], [0.5391205, 47.7363656], [0.5389705, 47.736281], [0.538948, 47.7362363], [0.5389812, 47.7361474], [0.5391939, 47.7361182], [0.5393833, 47.7361284], [0.5395259, 47.7360809], [0.5396274, 47.7360285], [0.5397555, 47.7360387], [0.5398759, 47.7360324], [0.5400677, 47.7361605], [0.5401202, 47.7361755], [0.5401917, 47.7361535], [0.5402226, 47.7360865], [0.5401479, 47.7358503], [0.5402267, 47.7354517], [0.5402844, 47.7352521], [0.5403707, 47.7349884]]}, "properties": {"name": "La Veuve", "waterway": "river", "ref:sandre": "M13-0300"}}, {"type": "Feature", "geometry": {"type": "LineString", "coordinates": [[0.5409847, 47.7623987], [0.5407594, 47.7624541], [0.5407191, 47.7622705], [0.5403054, 47.7621675], [0.5402417, 47.7620825], [0.5402585, 47.762019], [0.5403979, 47.7619212], [0.5404178, 47.7618633], [0.5403604, 47.7616787], [0.5405411, 47.7614916], [0.5405267, 47.7613481], [0.5388803, 47.7613501], [0.5388976, 47.7612844], [0.5390116, 47.7609114], [0.539312, 47.7606734], [0.5393314, 47.7598892], [0.5394779, 47.7596237], [0.5393976, 47.7589744], [0.5390649, 47.7588968], [0.5394038, 47.7584306], [0.5394986, 47.7577025], [0.5396208, 47.7571346], [0.5399215, 47.7569387], [0.5401956, 47.756855], [0.5403558, 47.7568209], [0.540469, 47.7567857], [0.5406041, 47.756647], [0.5405948, 47.756482], [0.540661, 47.7562609], [0.5404166, 47.7560793], [0.5403805, 47.7558337], [0.5404303, 47.7556771], [0.5405993, 47.7556355], [0.5407007, 47.7558008], [0.5407874, 47.7558249], [0.54104, 47.7558614], [0.5411821, 47.7558471], [0.5414297, 47.7554439], [0.5415868, 47.7554407], [0.5421842, 47.7555705], [0.5422766, 47.7555129], [0.5422499, 47.7553277], [0.5422932, 47.7552362], [0.5423821, 47.7550828], [0.5424217, 47.7550044], [0.5423681, 47.7547813], [0.5424139, 47.7546236], [0.5420976, 47.7540792], [0.5422787, 47.7536957], [0.5424204, 47.7535079], [0.5423633, 47.7533564], [0.5425089, 47.7531774], [0.5425427, 47.7530076], [0.5423319, 47.7528412], [0.5423374, 47.7527256], [0.542415, 47.7526261], [0.5423804, 47.7525646], [0.5420487, 47.7523519], [0.5420982, 47.752233], [0.5423528, 47.7521233], [0.5424825, 47.7520653], [0.5424941, 47.7520157], [0.5423965, 47.7518813], [0.5424182, 47.7518148], [0.5424795, 47.7517865], [0.5425703, 47.7517713], [0.5426698, 47.7517672], [0.5428104, 47.7518216], [0.5429391, 47.7518338], [0.5430043, 47.7518243], [0.5433517, 47.7509721], [0.5436842, 47.7508749], [0.5441892, 47.7505961], [0.5443076, 47.750583], [0.5444182, 47.750587], [0.5444836, 47.7505712], [0.5445454, 47.7505336], [0.5445498, 47.7504901], [0.5445964, 47.7500426], [0.5448174, 47.7495677], [0.5447558, 47.7493061], [0.5448804, 47.7489509], [0.5448751, 47.7488902], [0.5448093, 47.7488657], [0.5446429, 47.7488621], [0.5444795, 47.7487617], [0.5444336, 47.7486264], [0.5444872, 47.7485978], [0.5445915, 47.7486033], [0.5446943, 47.7485692], [0.5447586, 47.7485221], [0.5447867, 47.7484445], [0.5447106, 47.7483076], [0.5447013, 47.748198], [0.5446436, 47.7480359], [0.5446657, 47.7478811], [0.5446182, 47.7477799], [0.5446225, 47.7476886], [0.5446994, 47.747513], [0.5446841, 47.7474212], [0.5446218, 47.7473571], [0.5443149, 47.7472173], [0.5442213, 47.7470567], [0.5441125, 47.7470263], [0.5438558, 47.7471251], [0.543725, 47.7471441], [0.543683, 47.7471303], [0.5436823, 47.7470957], [0.5437105, 47.747062], [0.5437254, 47.7470257], [0.5436929, 47.7468923], [0.5436307, 47.7468155], [0.5433467, 47.7466941], [0.5432229, 47.7465778], [0.5431676, 47.7465509], [0.543099, 47.7465844], [0.5430036, 47.7466003], [0.5429797, 47.7465936], [0.5429478, 47.7465353], [0.5429466, 47.7464379], [0.5429461, 47.7463507], [0.5428417, 47.7462651], [0.5422383, 47.7459994], [0.5418089, 47.7457301], [0.5416922, 47.7456187], [0.5416232, 47.7455488], [0.5415542, 47.7455003], [0.5411056, 47.7453229], [0.5406603, 47.7452201], [0.5406205, 47.745117], [0.5408115, 47.7450158], [0.540776, 47.7443602], [0.5403266, 47.7442616], [0.5402014, 47.7441363], [0.540139, 47.7439059], [0.5401905, 47.7437938], [0.5405317, 47.7435887], [0.5404865, 47.7434924], [0.5401223, 47.7434159], [0.540048, 47.7432027], [0.5399966, 47.7431671], [0.5399133, 47.7429008], [0.5394547, 47.7426658], [0.5392486, 47.7424801], [0.5381096, 47.7422323], [0.5380108, 47.7421423], [0.5379202, 47.7419441], [0.5387792, 47.7406994], [0.5388864, 47.7405364], [0.5390473, 47.7398679], [0.5394064, 47.7390982], [0.5393922, 47.7389167], [0.5394911, 47.7384966], [0.5391646, 47.7379321], [0.5392148, 47.7378475], [0.5393277, 47.7376085], [0.5393702, 47.7372964], [0.5393298, 47.7370545], [0.5390646, 47.7368823]]}, "properties": {"name": "La Veuve", "waterway": "river", "ref:sandre": "M13-0300"}}, {"type": "Feature", "geometry": {"type": "LineString", "coordinates": [[0.540048, 47.7432027], [0.5401794, 47.7430285], [0.5402419, 47.7428062], [0.5405127, 47.7426874], [0.5407567, 47.7425296], [0.5412922, 47.7425425], [0.5413948, 47.7425476], [0.541427, 47.742502], [0.5412675, 47.7423513], [0.5411371, 47.74207], [0.5411617, 47.7418219], [0.5412436, 47.7416647], [0.5414073, 47.7414494], [0.5414969, 47.741361], [0.5419818, 47.7411394], [0.5420069, 47.7410722], [0.5417979, 47.7408061], [0.5416201, 47.7406827], [0.5416546, 47.7405051], [0.5418639, 47.7404986], [0.5421428, 47.7403306], [0.5421998, 47.74016], [0.5422496, 47.7400752], [0.5423664, 47.7400909], [0.542533, 47.7400919]]}, "properties": {"name": "La Veuve", "waterway": "river", "ref:sandre": "M13-0300"}}, {"type": "Feature", "geometry": {"type": "LineString", "coordinates": [[0.5401096, 47.7659585], [0.5386498, 47.7655359], [0.5382353, 47.765608], [0.5374987, 47.7652619], [0.5373095, 47.7648187], [0.5372168, 47.7643869], [0.5372555, 47.7641058], [0.5370738, 47.7637744], [0.5374658, 47.7636925], [0.5384114, 47.7634294], [0.5392266, 47.7633348], [0.5398393, 47.7633216], [0.5401306, 47.7632173], [0.5405232, 47.7630731], [0.5406239, 47.7628479], [0.5408523, 47.7626603]]}, "properties": {"name": "La Veuve", "waterway": "river", "ref:sandre": "M13-0300"}}, {"type": "Feature", "geometry": {"type": "LineString", "coordinates": [[0.5467397, 47.7506016], [0.5465548, 47.7505466], [0.5465779, 47.7504148], [0.5465865, 47.7502908], [0.546551, 47.750212], [0.5464278, 47.7501561], [0.5462831, 47.7500907], [0.5462187, 47.7500364], [0.546221, 47.7499866], [0.546289, 47.7499466], [0.5462847, 47.7498571], [0.5462612, 47.7496897], [0.5461209, 47.7496642], [0.5456212, 47.7494364], [0.545229, 47.7492502], [0.5452773, 47.7491006], [0.5452836, 47.7488864], [0.5452341, 47.7486725], [0.5451276, 47.7486405], [0.5447867, 47.7484445]]}, "properties": {"name": "La Veuve", "waterway": "river", "ref:sandre": "M13-0300"}}, {"type": "Feature", "geometry": {"type": "LineString", "coordinates": [[0.7027965, 47.7676815], [0.7028409, 47.7675719], [0.7026733, 47.7675025], [0.7026237, 47.7674529], [0.7026277, 47.7673997], [0.7027068, 47.7672645], [0.7027766, 47.7671275], [0.7027631, 47.7670121], [0.7023662, 47.7668418], [0.7020792, 47.7666948], [0.7016165, 47.7664749], [0.7014653, 47.7664942], [0.7012366, 47.766546], [0.70115, 47.7666577], [0.7010127, 47.7667677], [0.7008779, 47.7668632], [0.7008384, 47.7670659], [0.700783, 47.7671237], [0.7007469, 47.7671399], [0.7006416, 47.76711], [0.7005411, 47.7670286], [0.7004586, 47.7669287], [0.7004502, 47.7668701], [0.7005591, 47.766707], [0.7005706, 47.7666411], [0.7005098, 47.7665254], [0.7003708, 47.7664384], [0.7001156, 47.766404], [0.6999405, 47.7664364], [0.6998274, 47.7664326], [0.6995657, 47.7663482], [0.6991852, 47.7663087], [0.6989946, 47.7662503], [0.6988623, 47.7661884], [0.6987599, 47.7659913], [0.6986727, 47.7659764], [0.6983233, 47.7660437], [0.6981249, 47.766054], [0.6980238, 47.7660458], [0.697963, 47.7660108], [0.6979112, 47.7659458], [0.6978873, 47.76583], [0.6979001, 47.7657112], [0.6979849, 47.7654359], [0.6980173, 47.7652574], [0.6982022, 47.7649283], [0.6981974, 47.7647786], [0.6981324, 47.7647139], [0.6979533, 47.7646811], [0.697744, 47.764639], [0.6976532, 47.7645956], [0.6975148, 47.7645285], [0.69741, 47.7644193], [0.6973595, 47.7642922], [0.6972794, 47.7642609], [0.6971142, 47.7642489], [0.6970018, 47.7642846], [0.6967731, 47.7644173], [0.696731, 47.7644311], [0.6966539, 47.7644335], [0.6965757, 47.7644092], [0.6965131, 47.7643356], [0.69643, 47.7642596], [0.6963518, 47.7642466], [0.6962507, 47.7642668], [0.6960665, 47.7642814], [0.6959883, 47.764245], [0.6959413, 47.7641544], [0.6958908, 47.7640872], [0.6953551, 47.7637628], [0.6951758, 47.7636673], [0.6950193, 47.763643], [0.694774, 47.7637384], [0.6945652, 47.7638003], [0.6944267, 47.7638185], [0.6942937, 47.763791], [0.6942269, 47.7637129], [0.6941457, 47.7636842], [0.6940578, 47.7637151], [0.6940106, 47.7637457], [0.6939804, 47.76381], [0.6939702, 47.7638992], [0.6939361, 47.7639361], [0.6938698, 47.7639393], [0.6937995, 47.7638995], [0.6937624, 47.7638639], [0.6937395, 47.7637894], [0.6937034, 47.7637401], [0.6936384, 47.7637279], [0.6935517, 47.7638], [0.6934579, 47.7639464], [0.6934025, 47.7641058], [0.6932785, 47.7643574], [0.6932123, 47.7644764], [0.6930727, 47.7646285], [0.6929294, 47.7646811], [0.6928353, 47.7646902], [0.6927144, 47.7646662], [0.6925697, 47.7645975], [0.6924625, 47.7644888], [0.6923348, 47.7642691], [0.692294, 47.7641238], [0.6921336, 47.7639192], [0.6920036, 47.7638618], [0.6918314, 47.7638286], [0.6915137, 47.7638003], [0.6913493, 47.7638421], [0.6913127, 47.7638733], [0.6911321, 47.7643913], [0.6910806, 47.7644439], [0.6910156, 47.7644638], [0.6907803, 47.7644684], [0.6906097, 47.7645207], [0.6905343, 47.7645805], [0.6903015, 47.7649278], [0.6902351, 47.7649553], [0.6899975, 47.7650362], [0.689826, 47.7651472], [0.6897928, 47.7651687], [0.6895918, 47.7651962], [0.6894786, 47.7652719], [0.6893249, 47.7653242], [0.6892774, 47.7653537], [0.6891897, 47.7654676], [0.6891168, 47.7655209], [0.6887277, 47.7655182], [0.687978, 47.765626], [0.6873291, 47.7655487], [0.6866276, 47.7654795], [0.6862509, 47.7654075], [0.6855551, 47.7653978], [0.6850921, 47.7654097], [0.6840384, 47.7654445], [0.6838095, 47.7655304], [0.6832802, 47.7659294], [0.6829506, 47.766157]]}, "properties": {"name": "La Braye", "waterway": "stream", "ref:sandre": "M12-0300"}}, {"type": "Feature", "geometry": {"type": "LineString", "coordinates": [[0.7033135, 47.7710934], [0.7031341, 47.7708684], [0.7030198, 47.7707141], [0.7029786, 47.7706629], [0.7028163, 47.7704153], [0.7024189, 47.7699373], [0.7022337, 47.7696419], [0.7015789, 47.7687131], [0.70116, 47.7684089], [0.7005918, 47.7681532], [0.6984878, 47.7671047], [0.6966148, 47.7662794], [0.6964, 47.7662538], [0.6961525, 47.7662244], [0.694347, 47.7660399], [0.6916362, 47.7657649], [0.6896477, 47.7655933], [0.6891168, 47.7655209]]}, "properties": {"name": "La Braye", "waterway": "stream", "ref:sandre": "M12-0300"}}, {"type": "Feature", "geometry": {"type": "LineString", "coordinates": [[0.7027965, 47.7676815], [0.7020703, 47.7676118], [0.701558, 47.7677629], [0.7014496, 47.7677837], [0.7008791, 47.7677048], [0.700693, 47.7676599]]}, "properties": {"name": "La Braye", "waterway": "stream", "ref:sandre": "M12-0300"}}, {"type": "Feature", "geometry": {"type": "LineString", "coordinates": [[0.7029786, 47.7706629], [0.7032405, 47.7701774], [0.7033529, 47.7698788], [0.7033508, 47.7698659], [0.7033362, 47.7697801], [0.7032774, 47.7694226], [0.7033537, 47.76921], [0.7033741, 47.7690944], [0.703312, 47.7690144], [0.7032635, 47.7689903], [0.7031724, 47.7689777], [0.7030643, 47.7690029], [0.7029543, 47.7689917], [0.7029194, 47.7689396], [0.7029126, 47.7688796], [0.7030078, 47.7686426], [0.7031269, 47.7684856], [0.703263, 47.7683869], [0.7035278, 47.7683578], [0.7036313, 47.7683222], [0.7036782, 47.7682647], [0.7036915, 47.7682024], [0.7035615, 47.7678999], [0.7034826, 47.7678465], [0.7032298, 47.7677794], [0.7029819, 47.767798], [0.7028808, 47.7677543], [0.7027965, 47.7676815]]}, "properties": {"name": "La Braye", "waterway": "stream", "ref:sandre": "M12-0300"}}, {"type": "Feature", "geometry": {"type": "LineString", "coordinates": [[0.5563003, 47.9267412], [0.5559397, 47.926634], [0.5561608, 47.9262542], [0.5563601, 47.9259854], [0.5564453, 47.9257945], [0.5564482, 47.9255757], [0.5564707, 47.9253202], [0.5565849, 47.9247665], [0.5575353, 47.9235851], [0.5578104, 47.9234514], [0.5582046, 47.9233584], [0.558505, 47.9232584], [0.5586291, 47.9232249], [0.5588881, 47.9232425], [0.5589987, 47.9232398], [0.5596767, 47.9227664], [0.5596585, 47.9226445], [0.5597243, 47.9219452], [0.5597495, 47.9218875], [0.5598668, 47.9218067], [0.5598432, 47.9216416], [0.559768, 47.9216209], [0.5597879, 47.9215149], [0.5598493, 47.9214811], [0.5598588, 47.921406], [0.5597614, 47.9211911], [0.559781, 47.9209004], [0.5598168, 47.9207757], [0.5598335, 47.9206425], [0.5598896, 47.9205293], [0.5598765, 47.9204577], [0.5598252, 47.9204054], [0.5600124, 47.9202689], [0.5601426, 47.9202937], [0.5603188, 47.9201991], [0.5607034, 47.9200557], [0.5611544, 47.9199298], [0.5614398, 47.9199258], [0.562638, 47.9198198], [0.5630719, 47.919835], [0.563365, 47.9197941], [0.5635021, 47.919802], [0.563673, 47.9197876], [0.5639052, 47.9197714], [0.5640168, 47.9197497], [0.5641342, 47.9197291], [0.5642452, 47.9197515], [0.5643019, 47.9197517], [0.5643549, 47.9197037], [0.5644342, 47.9195106], [0.5645633, 47.9194019], [0.5646971, 47.9192241], [0.5648219, 47.9192378], [0.5648938, 47.9192323], [0.5649345, 47.919192], [0.5649466, 47.9190938], [0.5649241, 47.919052], [0.5649582, 47.9189785], [0.5647892, 47.9185209], [0.5648294, 47.9184735], [0.5647114, 47.9183333], [0.5645708, 47.9183132], [0.564475, 47.9181962], [0.5645282, 47.918098], [0.5643628, 47.9179312], [0.5642137, 47.9178244], [0.564106, 47.9176446], [0.5642676, 47.9175302], [0.5640789, 47.9174567], [0.5640719, 47.9174253], [0.5642132, 47.9172948], [0.564116, 47.9172062], [0.56417, 47.9171803], [0.5642168, 47.9171288], [0.5641696, 47.9170994], [0.56411, 47.9170655], [0.5641404, 47.9169299], [0.5641888, 47.916843], [0.5641374, 47.916752], [0.5642217, 47.9166438], [0.5643193, 47.9164975], [0.5643787, 47.9164917], [0.5645028, 47.9164808], [0.5645368, 47.9164539], [0.5644911, 47.9163713], [0.5646568, 47.9162364], [0.564771, 47.9162778], [0.5648905, 47.9161845], [0.5647889, 47.916122], [0.564701, 47.9160378], [0.5646712, 47.9160202], [0.5646595, 47.9159787], [0.5646768, 47.9159457], [0.5647311, 47.9159142], [0.5647641, 47.9158645], [0.5647657, 47.9157844], [0.5647409, 47.915683], [0.5647659, 47.9156225], [0.5647833, 47.9155668], [0.564563, 47.9151781], [0.564579, 47.9151302], [0.5645889, 47.9150537], [0.5644602, 47.9148927], [0.5643965, 47.9148793], [0.564359, 47.9148678], [0.5643571, 47.9148415], [0.5644095, 47.914805], [0.5644257, 47.914706], [0.5643463, 47.9145098], [0.5643334, 47.9144904], [0.5642104, 47.9143451], [0.564199, 47.9142952], [0.5642116, 47.9142074], [0.5641198, 47.9141167], [0.5641039, 47.9139382], [0.5641693, 47.9139169], [0.564228, 47.9138819], [0.5641933, 47.9138336], [0.5641961, 47.9137954], [0.5642842, 47.9136971], [0.5643024, 47.9136237], [0.5644576, 47.9134659], [0.5645727, 47.9130169], [0.5645989, 47.912999], [0.5647681, 47.912994], [0.5648208, 47.9129717], [0.5648106, 47.9128984], [0.5648122, 47.9128629], [0.5648519, 47.9128283], [0.5649474, 47.9127955], [0.565039, 47.9128017], [0.5651159, 47.9128261], [0.5656334, 47.9128456], [0.5657626, 47.9129058], [0.5658137, 47.9129197], [0.5659213, 47.9129], [0.5663435, 47.9129246], [0.5665467, 47.9128927], [0.5666274, 47.9129278], [0.5667716, 47.9129358], [0.5669647, 47.9129853], [0.5672013, 47.9129378], [0.567275, 47.9129876], [0.5674468, 47.9130154], [0.5675487, 47.9130268], [0.5676408, 47.9130004], [0.5677196, 47.912985], [0.5678192, 47.9129317], [0.5680107, 47.912879], [0.5680556, 47.9128964], [0.5683866, 47.9129075], [0.5687286, 47.9128103], [0.5689004, 47.9127136], [0.5691035, 47.9125211], [0.5690907, 47.9124125], [0.5694279, 47.9119076], [0.5694541, 47.9117958], [0.5693264, 47.9117168], [0.5694151, 47.911544], [0.569494, 47.911245], [0.5697331, 47.9109549], [0.5697965, 47.9107252], [0.5698086, 47.9106815], [0.5698782, 47.9105996], [0.5699274, 47.9105675], [0.5700058, 47.9105521], [0.5701308, 47.9104965], [0.570189, 47.9104355], [0.570207, 47.9103697], [0.5703446, 47.9103003], [0.5704957, 47.9101991], [0.5710667, 47.9100255], [0.5712255, 47.9100585], [0.5713104, 47.9100829], [0.5718631, 47.9099821], [0.5719205, 47.9099372], [0.5719694, 47.9099432], [0.5720121, 47.9099261], [0.5720297, 47.9098672], [0.5722265, 47.9097158], [0.5722859, 47.9096578], [0.572318, 47.9095461], [0.5725078, 47.9092881], [0.5724986, 47.9092286], [0.5726779, 47.9090999], [0.5727033, 47.9090673], [0.5727114, 47.9090223], [0.5726935, 47.9089898], [0.5726416, 47.9089506], [0.5726234, 47.9088609], [0.5726174, 47.9087965], [0.5727081, 47.9085816], [0.5726923, 47.9085371], [0.5726921, 47.90851], [0.5727198, 47.9084925], [0.5727832, 47.9084777], [0.5728091, 47.9084663], [0.5728202, 47.9084193], [0.5728391, 47.9083675], [0.5729278, 47.9083232], [0.5729636, 47.9082908], [0.5729594, 47.9082526], [0.5728553, 47.908149], [0.5728357, 47.9081355], [0.5728087, 47.9081029], [0.5728117, 47.908026], [0.5729204, 47.9076778], [0.5731784, 47.9076326], [0.5734459, 47.9073103], [0.574394, 47.9064432], [0.5745019, 47.9063241], [0.5749041, 47.9062458], [0.5749601, 47.9061999], [0.5750843, 47.9060196], [0.5751354, 47.9058487], [0.5752369, 47.9057513], [0.5753543, 47.9054279], [0.575346, 47.9053172], [0.5753795, 47.9052347], [0.5754742, 47.9051679], [0.575558, 47.9049886], [0.5757839, 47.9048793], [0.5759149, 47.9046684], [0.5762019, 47.9045767], [0.576217, 47.9044847], [0.5763875, 47.9042946], [0.5764248, 47.9041867], [0.5764259, 47.9039912], [0.5763751, 47.9039268], [0.5764101, 47.9038678], [0.5765102, 47.9037431], [0.5766382, 47.9037114], [0.5767046, 47.9036169], [0.5768617, 47.9027468], [0.576877, 47.9025923], [0.5768204, 47.9024779], [0.5766863, 47.9023056], [0.5766007, 47.9022839], [0.5765794, 47.9022502], [0.5766025, 47.9022244], [0.5767029, 47.9021555], [0.5766984, 47.9021087], [0.5765676, 47.9019814], [0.5765098, 47.9018556], [0.5763511, 47.9017943], [0.5763018, 47.9017101], [0.5762079, 47.9016415], [0.5762362, 47.9016062], [0.5763364, 47.9016199], [0.5764035, 47.9016111], [0.5764549, 47.90149], [0.5764166, 47.901415], [0.5764257, 47.9013819], [0.5763934, 47.901256], [0.5764472, 47.9012013], [0.5764544, 47.9011612], [0.5763961, 47.9010381], [0.576491, 47.9009633], [0.5764956, 47.900734], [0.5765227, 47.9006107], [0.5765229, 47.9005262], [0.576472, 47.9004739], [0.5764556, 47.9004351], [0.5764652, 47.9003508], [0.57666, 47.9002167], [0.5767745, 47.9000872], [0.5767643, 47.9000204], [0.5768575, 47.8999418], [0.5769905, 47.8999062], [0.57707, 47.8997529], [0.5772509, 47.8994718], [0.5774311, 47.8993548], [0.5771263, 47.8991273], [0.5771823, 47.8988606], [0.5771877, 47.8988399], [0.5771754, 47.8987096], [0.5774043, 47.8983595], [0.5775455, 47.8980861], [0.578492, 47.8975736], [0.5785444, 47.8974522], [0.5787037, 47.8970409], [0.5786889, 47.896959], [0.5786852, 47.8968866], [0.5787159, 47.8968058], [0.5788918, 47.8965396], [0.5789259, 47.8961921], [0.5786688, 47.8958694], [0.5786196, 47.8957984], [0.5785746, 47.8956624], [0.5785825, 47.8955683], [0.5786513, 47.8954556], [0.5786203, 47.8953183], [0.5785424, 47.8952366], [0.5784345, 47.8949048], [0.5782861, 47.8945828], [0.5782929, 47.8945526], [0.5783215, 47.8944249], [0.578343, 47.8942636], [0.5782595, 47.8940078], [0.5782411, 47.8932504], [0.57823, 47.8930381], [0.5783069, 47.8928834], [0.5783549, 47.8924799], [0.578818, 47.8916572], [0.5788646, 47.8914737], [0.5788647, 47.8911575], [0.5788174, 47.8910446], [0.578701, 47.8909126], [0.5782504, 47.8904966], [0.5779979, 47.8900908], [0.577811, 47.8898434], [0.5774593, 47.8892472], [0.5773689, 47.8890585], [0.5773924, 47.8890541], [0.5776026, 47.888968], [0.5775859, 47.8887948], [0.5776442, 47.8886096], [0.5776517, 47.8885724], [0.5775543, 47.8884702], [0.57742, 47.888378], [0.5774242, 47.8883202], [0.5773635, 47.8882433], [0.5773763, 47.8881876], [0.5776895, 47.8879518], [0.5777207, 47.8878454], [0.5779215, 47.887671], [0.5782199, 47.887534], [0.5783666, 47.8874222], [0.5784651, 47.8874076], [0.5784923, 47.8873886], [0.5784736, 47.8873509], [0.5783735, 47.8872751], [0.578375, 47.8872113], [0.5783994, 47.887096], [0.5785042, 47.8870079], [0.5787739, 47.8866092], [0.5790433, 47.8864028], [0.5792305, 47.8862379], [0.5793332, 47.8860702], [0.5798769, 47.8856468], [0.579943, 47.8856394], [0.5801891, 47.8856191], [0.5807007, 47.8854463], [0.5810443, 47.8854329], [0.5811492, 47.8854047], [0.5816122, 47.8852731], [0.5817946, 47.8853359], [0.581898, 47.8854666], [0.5819921, 47.8855128], [0.582067, 47.885535], [0.582351, 47.8855469], [0.5825126, 47.8854943], [0.5826362, 47.8854353], [0.5827195, 47.885298], [0.5827541, 47.8850419], [0.582823, 47.8846727], [0.5830992, 47.8841037], [0.5831538, 47.8840544], [0.5833332, 47.8839048], [0.5836033, 47.8837062], [0.5837192, 47.8836114], [0.5838706, 47.8835952], [0.5839745, 47.8835349], [0.5840628, 47.8834563], [0.5841816, 47.8834754], [0.5842968, 47.883439], [0.5844648, 47.8833718], [0.5845978, 47.883269], [0.5847216, 47.8831848], [0.5848313, 47.8831479], [0.5850653, 47.8829889], [0.5851784, 47.8829453], [0.5858369, 47.8823101], [0.5858829, 47.8821208], [0.5861433, 47.8820021], [0.5863114, 47.8818932], [0.5863346, 47.88175], [0.5863909, 47.8816928], [0.5866026, 47.8813003], [0.5866181, 47.8812116], [0.5867319, 47.8811517], [0.5867917, 47.88106], [0.5867596, 47.8808026], [0.5867963, 47.8807172], [0.5867684, 47.8806735], [0.5866843, 47.8806449], [0.5866422, 47.8805109], [0.5865518, 47.880371], [0.5865354, 47.880204], [0.5866009, 47.8800521], [0.5865147, 47.8799449], [0.5864468, 47.8797222], [0.5863553, 47.8796063], [0.5863092, 47.8794951], [0.5862492, 47.8794383], [0.5863651, 47.8793344], [0.5866131, 47.8793288], [0.5866491, 47.8792903], [0.5866658, 47.8791484], [0.5865874, 47.879102], [0.5865675, 47.8790528], [0.5866061, 47.8790022], [0.586733, 47.8789588], [0.5868471, 47.8786699], [0.586749, 47.87859], [0.5866606, 47.8785237], [0.5866441, 47.8784895], [0.5866914, 47.8784255], [0.5866867, 47.8783522], [0.5864547, 47.8783175], [0.5865193, 47.8781848], [0.5865826, 47.8781224], [0.5868447, 47.8780304], [0.5868498, 47.8777907], [0.5867535, 47.8776532], [0.5866651, 47.8776053], [0.5864842, 47.8775974], [0.5864471, 47.8775289], [0.5865426, 47.8771652], [0.5866374, 47.877033], [0.586717, 47.8767489], [0.5866201, 47.8764948], [0.5867338, 47.8762168], [0.5869235, 47.8759471], [0.5874166, 47.8756067], [0.5873835, 47.8754949], [0.5874059, 47.8754622], [0.587577, 47.8754562], [0.5877571, 47.8752588], [0.5878298, 47.8752513], [0.5884366, 47.8751923], [0.5886342, 47.8751436], [0.5886973, 47.8749553], [0.588917, 47.8749518], [0.5892145, 47.8749634], [0.5893326, 47.8749334], [0.5896276, 47.8749559], [0.5900784, 47.8750047], [0.5902112, 47.8750508], [0.590441, 47.8750881], [0.5908265, 47.8749811], [0.5910109, 47.8748265], [0.5913113, 47.8742419], [0.5912382, 47.8739709], [0.5906423, 47.8731402], [0.5903818, 47.8728131], [0.5903503, 47.8726026], [0.5901541, 47.8724581], [0.5899363, 47.8723102], [0.5899328, 47.8721971], [0.5898161, 47.8719345], [0.5897695, 47.8716382], [0.5898097, 47.8713803], [0.5898278, 47.8712073], [0.5898906, 47.8711124], [0.5898745, 47.8708953], [0.5897872, 47.8707797], [0.5895215, 47.8700859], [0.5893412, 47.8699792], [0.5889718, 47.8697844], [0.5889906, 47.8695085], [0.5889981, 47.869263], [0.5889296, 47.8691447], [0.5887545, 47.8689906], [0.5884209, 47.8688792], [0.5884122, 47.8687899], [0.5884327, 47.8686869], [0.5886158, 47.8685748], [0.5886516, 47.8685095], [0.5883645, 47.868308], [0.5882047, 47.8683223], [0.5880579, 47.8683192], [0.5880073, 47.8682816], [0.5881401, 47.8680676], [0.5884332, 47.8676958], [0.5885697, 47.8674887], [0.5891944, 47.8667405], [0.5893072, 47.866564], [0.5898996, 47.865429], [0.5900693, 47.8654583], [0.5902125, 47.8654444], [0.5903237, 47.8653567], [0.5903265, 47.8652538], [0.5901463, 47.8651023], [0.5901404, 47.8650561], [0.590163, 47.8649577], [0.590029, 47.8647288], [0.5900633, 47.8646644], [0.5901388, 47.8646334], [0.5902916, 47.8646222], [0.5904222, 47.8645378], [0.5904867, 47.8644989], [0.5905435, 47.8645317], [0.5906066, 47.8646145], [0.5906663, 47.8646157], [0.5907317, 47.8645261], [0.5906683, 47.864451], [0.590527, 47.864153], [0.5905538, 47.8641267], [0.5908291, 47.8640846], [0.5910081, 47.8640922], [0.5913257, 47.8638747], [0.5913991, 47.8637652], [0.591532, 47.8636013], [0.5915061, 47.8634226], [0.5913093, 47.8633686], [0.5913056, 47.8633264], [0.5911726, 47.863063], [0.5910292, 47.8629642], [0.5908479, 47.8629432], [0.590727, 47.8629732], [0.5905751, 47.8631175], [0.5904657, 47.863142], [0.5902042, 47.8628875], [0.5902189, 47.8628169], [0.5903366, 47.8627964], [0.5904094, 47.8627615], [0.5903943, 47.8626577], [0.5902686, 47.862544], [0.5901962, 47.8626325], [0.5900611, 47.862599], [0.589955, 47.8627366], [0.589693, 47.8626775], [0.5895001, 47.8625393], [0.5894523, 47.8622202], [0.589377, 47.8621248], [0.5891269, 47.862177], [0.5890678, 47.8620812], [0.5890664, 47.861926], [0.5890499, 47.8618528], [0.5889993, 47.8616544], [0.5889388, 47.8615478], [0.5885862, 47.8612524], [0.588387, 47.8608209], [0.5882069, 47.860502], [0.587981, 47.8599965], [0.587742, 47.8596878], [0.5875804, 47.8593367], [0.5875061, 47.8591598], [0.5874582, 47.8587507], [0.587455, 47.8584527], [0.587432, 47.8582434], [0.5874188, 47.8581607], [0.5873931, 47.8581213], [0.5873519, 47.8580386], [0.5872644, 47.8579602], [0.5869197, 47.8578734], [0.5862425, 47.8574989], [0.5857085, 47.8571545], [0.5857867, 47.8570633], [0.585942, 47.8569382], [0.5859345, 47.8568547], [0.585896, 47.8567964], [0.5857122, 47.8567494], [0.5856778, 47.8566931], [0.5855672, 47.8566218], [0.5855956, 47.856563], [0.5856213, 47.8565003], [0.585569, 47.8564609], [0.5854188, 47.8564482], [0.5852949, 47.8562816], [0.5852995, 47.856183], [0.5852145, 47.8560969], [0.5851554, 47.8559903], [0.5852049, 47.8558745], [0.585241, 47.8558024], [0.5852156, 47.8557061], [0.585274, 47.8556748], [0.5853884, 47.8556331], [0.5853936, 47.8555518], [0.5852486, 47.8554252], [0.5852211, 47.8553432], [0.5852594, 47.8552252], [0.5853552, 47.8550921], [0.5853603, 47.8550127], [0.5854939, 47.8547722], [0.5855403, 47.8546314], [0.5857468, 47.8544758], [0.5857101, 47.8544099], [0.5855296, 47.8543419], [0.5855223, 47.8543149], [0.585561, 47.854219], [0.5855348, 47.8541696], [0.5855831, 47.8540806], [0.5855838, 47.8540039], [0.5856045, 47.8539258], [0.5856859, 47.8538892], [0.5857547, 47.8538485], [0.5857472, 47.8537947], [0.5856393, 47.8537292], [0.5855601, 47.853535], [0.5854816, 47.8535228], [0.5852514, 47.8531914], [0.5848403, 47.8527709], [0.584608, 47.8526143], [0.5842615, 47.8524065], [0.5838957, 47.8521346], [0.5837327, 47.8519618], [0.5835218, 47.8516065], [0.5832496, 47.8510995], [0.583059, 47.8507392], [0.5832952, 47.8502497], [0.5836341, 47.8497569], [0.5837563, 47.8495898], [0.5838264, 47.8494938], [0.583834, 47.8494834], [0.5839211, 47.8494297], [0.5841559, 47.8493574], [0.584439, 47.8492486], [0.5846934, 47.8491026], [0.5848302, 47.8489158], [0.5852043, 47.8487053], [0.5845921, 47.8483456], [0.5846606, 47.8480347], [0.5845091, 47.8478036], [0.5837192, 47.8473482], [0.583706, 47.8472042], [0.5836758, 47.8471192], [0.5835893, 47.847081], [0.5833472, 47.8471468], [0.5831961, 47.847063], [0.5830691, 47.846275], [0.5830757, 47.8461329], [0.5833156, 47.8460247], [0.5834185, 47.845579], [0.5835475, 47.8455001], [0.5836759, 47.8454316], [0.5836589, 47.8452917], [0.5834011, 47.8451966], [0.5832114, 47.8450688], [0.583288, 47.8446858], [0.5832508, 47.844224], [0.5832564, 47.8440186], [0.5833213, 47.8438856], [0.5834318, 47.8437826], [0.5836007, 47.8436017], [0.583592, 47.8434514], [0.5833511, 47.8429932], [0.5831473, 47.8428334], [0.5826267, 47.8426478], [0.5825987, 47.8426367], [0.5824653, 47.8425838], [0.5821472, 47.842039], [0.5820596, 47.8419041], [0.5820464, 47.8416573], [0.5821641, 47.8414088], [0.5826519, 47.8409076], [0.5824748, 47.8408459], [0.582379, 47.8408017], [0.5823468, 47.8407378], [0.5824064, 47.8406772], [0.582501, 47.8406607], [0.5825869, 47.8406652], [0.5827673, 47.840532], [0.5828964, 47.8399347], [0.5829351, 47.8397978], [0.5830107, 47.8395892], [0.5831357, 47.8395936], [0.5832762, 47.8395821], [0.5832905, 47.8395344], [0.5832602, 47.8394622], [0.5831872, 47.8394416], [0.5831033, 47.8394217], [0.583047, 47.8393598], [0.583022, 47.8391736], [0.5829529, 47.8390099], [0.582936, 47.8389688], [0.5830127, 47.8388526], [0.5831377, 47.838539], [0.5831038, 47.8383256], [0.5830419, 47.8382653], [0.5828488, 47.8382036], [0.5826444, 47.8380968], [0.5825691, 47.8380388], [0.582643, 47.8379238], [0.5826105, 47.8378846], [0.5825047, 47.8378696], [0.5820987, 47.8379648], [0.5820253, 47.8379466], [0.5819864, 47.837883], [0.5820552, 47.8377128], [0.5820153, 47.8375479], [0.5821509, 47.8373752], [0.5820437, 47.8371833], [0.5818033, 47.8371155], [0.5817788, 47.8370278], [0.5818418, 47.836983], [0.5820912, 47.8368589], [0.5821437, 47.8367524], [0.5820997, 47.8366771], [0.581864, 47.8366696], [0.5814906, 47.8366796], [0.5813771, 47.8365824], [0.5812687, 47.8363764], [0.5812564, 47.8363133], [0.5811375, 47.8363339], [0.5810098, 47.8363786], [0.5809079, 47.8363598], [0.580683, 47.8362038], [0.5805169, 47.835807], [0.5803652, 47.8356731], [0.5803017, 47.8354834], [0.5803893, 47.8350787], [0.5802905, 47.834892], [0.5803578, 47.8347594], [0.580462, 47.8346289], [0.5804135, 47.834583], [0.5801931, 47.834546], [0.5801962, 47.8344787], [0.5801115, 47.8344308], [0.5798606, 47.8340952], [0.5798784, 47.8340308], [0.5800797, 47.8339603], [0.5800196, 47.8339403], [0.5798576, 47.8338409], [0.5796907, 47.8335694], [0.5796452, 47.8334737], [0.579757, 47.8331589], [0.5796933, 47.8331196], [0.5794199, 47.8331323], [0.5793583, 47.8330649], [0.5792258, 47.832692], [0.5793092, 47.832609], [0.5793201, 47.8325357], [0.5792098, 47.8323987], [0.5787676, 47.8320778], [0.5786965, 47.8320538], [0.5785585, 47.8321157], [0.5784937, 47.8321169], [0.578384, 47.8320472], [0.5782769, 47.8319228], [0.5779857, 47.831656], [0.5776367, 47.8313208], [0.5773512, 47.8310917], [0.5773234, 47.8309353], [0.5773127, 47.8308466], [0.5770059, 47.8306962], [0.5769444, 47.8306732], [0.576683, 47.8305757], [0.5764746, 47.830499], [0.5761588, 47.8300578], [0.5759978, 47.8300306], [0.5754719, 47.8298347], [0.5754232, 47.8296873], [0.5754505, 47.8296181], [0.5753976, 47.8295621], [0.5754214, 47.8293308], [0.5753964, 47.8291122], [0.5753356, 47.8289077], [0.5754033, 47.8285677], [0.5753464, 47.828478], [0.5753328, 47.8283742], [0.5755013, 47.8283317], [0.5755929, 47.8283124], [0.5755941, 47.8282489], [0.5755184, 47.828213], [0.5753443, 47.8282428], [0.5751093, 47.8281744], [0.5750686, 47.8280924], [0.575117, 47.8280088], [0.5753269, 47.8278864], [0.5755762, 47.8277048], [0.5755964, 47.8276647], [0.5755329, 47.8276228], [0.5753504, 47.8276084], [0.5751746, 47.8276716], [0.5748532, 47.8276049], [0.5746837, 47.8275343], [0.5746022, 47.8273757], [0.5745935, 47.8272821], [0.5744149, 47.8271814], [0.5742752, 47.8269229], [0.5741917, 47.8268239], [0.5743225, 47.8266011], [0.5743291, 47.8264585], [0.5741592, 47.8263985], [0.5739346, 47.8261646], [0.5738447, 47.826071], [0.573841, 47.8259828], [0.573809, 47.8258834], [0.5736928, 47.8258244], [0.573597, 47.8258548], [0.5734377, 47.8258577], [0.5733116, 47.8258637], [0.5732347, 47.8258459], [0.5731604, 47.8258132], [0.5731235, 47.8257301], [0.5730802, 47.8256669], [0.5729648, 47.8256204], [0.5729067, 47.8255768], [0.5728802, 47.8254705], [0.5728198, 47.8254199], [0.5727662, 47.8253905], [0.5726589, 47.8254464], [0.5725777, 47.8255029], [0.5724676, 47.8255058], [0.5722954, 47.8254387], [0.572095, 47.8254151], [0.5716402, 47.8253455], [0.5715602, 47.8252662], [0.5714586, 47.8251442], [0.5713464, 47.8249911], [0.5713158, 47.8249508], [0.5711153, 47.8248726], [0.5710058, 47.8248068], [0.5708988, 47.8247446], [0.5708012, 47.8247055], [0.5707495, 47.8246357], [0.5707487, 47.8245405], [0.570732, 47.8244773], [0.5706835, 47.8244052], [0.570706, 47.8242798], [0.5706742, 47.8242081], [0.570635, 47.8241761], [0.5705542, 47.8242031], [0.5704558, 47.8242084], [0.5704838, 47.8241243], [0.5704289, 47.824072], [0.5702923, 47.8240641], [0.5699145, 47.8239455], [0.5698736, 47.8238698], [0.569839, 47.8238321], [0.569733, 47.8238615], [0.5695981, 47.8238358], [0.5695366, 47.8236952], [0.5693336, 47.8236151], [0.5692674, 47.8235203], [0.5692234, 47.8233977], [0.5691624, 47.823303], [0.5690884, 47.8232627], [0.5689592, 47.8233375], [0.5688794, 47.8234221], [0.5687901, 47.8234273], [0.5686404, 47.8232725], [0.5686326, 47.8231578], [0.5686709, 47.8230669], [0.5685465, 47.822985], [0.5683313, 47.8228306], [0.568171, 47.822732], [0.5680184, 47.8226935], [0.567858, 47.8227095], [0.5677128, 47.8227928], [0.5675714, 47.8228497], [0.5674123, 47.8228375], [0.5672739, 47.8227746], [0.5672577, 47.8226738], [0.5672545, 47.822575], [0.5669743, 47.8223823], [0.5669232, 47.8222889], [0.566822, 47.8222369], [0.5668636, 47.8221381], [0.5668924, 47.8220764], [0.5668164, 47.8220399], [0.5667191, 47.821983], [0.5666927, 47.8218962], [0.566671, 47.8218249], [0.5665755, 47.8217307], [0.5665534, 47.8215707], [0.5662013, 47.821004], [0.5660698, 47.8207932], [0.5659477, 47.8206073], [0.5658829, 47.8204261], [0.5658942, 47.8202959], [0.5660151, 47.8201751], [0.5659527, 47.8200539], [0.5658976, 47.8198906], [0.5659676, 47.8197769], [0.5658935, 47.8197006], [0.5656104, 47.8195883], [0.5653612, 47.8194049], [0.5652043, 47.8192574], [0.5648703, 47.8189251], [0.5648102, 47.8188091], [0.5647753, 47.8184303], [0.564803, 47.8178297], [0.5643984, 47.8171091], [0.5642008, 47.8168105], [0.5641763, 47.8165082], [0.5641118, 47.8163695], [0.5637846, 47.816066], [0.5637553, 47.8160009], [0.5638467, 47.8158957], [0.5639574, 47.8157742], [0.564033, 47.815357], [0.5638721, 47.8147681], [0.5638742, 47.8147232], [0.5638934, 47.8146854], [0.5639978, 47.8146251], [0.564136, 47.8145633], [0.5641816, 47.8145429], [0.5644654, 47.8144663], [0.5646835, 47.8144073], [0.5646753, 47.8143549], [0.5646687, 47.8141256], [0.5647313, 47.8139362], [0.5647858, 47.8138761], [0.5647766, 47.8138077], [0.5646732, 47.8136761], [0.5644584, 47.8134529], [0.5644665, 47.8133236], [0.5642529, 47.81312], [0.5645288, 47.8130535], [0.564529, 47.8130062], [0.5644954, 47.8128412], [0.5645717, 47.8127997], [0.5647514, 47.8128466], [0.5648742, 47.812827], [0.5650133, 47.8127701], [0.5650623, 47.8126946], [0.5652082, 47.8126684], [0.5651591, 47.8124809], [0.5651614, 47.812389], [0.5652292, 47.8123529], [0.5652883, 47.8123277], [0.5653846, 47.8122114], [0.5653806, 47.8120777], [0.5653572, 47.8120034], [0.565265, 47.8118107], [0.5651795, 47.8116948], [0.5650901, 47.8115731], [0.5650783, 47.8115172], [0.5652718, 47.8114448], [0.5653966, 47.8114725], [0.5654397, 47.8113453], [0.5653763, 47.811156], [0.5652911, 47.8111208], [0.5651554, 47.8111945], [0.5650404, 47.8111795], [0.5649807, 47.8111309], [0.5649847, 47.8110001], [0.5649075, 47.8109289], [0.5649135, 47.8108441], [0.5649245, 47.8107859], [0.5650317, 47.8107046], [0.5651534, 47.8106195], [0.565266, 47.8105996], [0.5653412, 47.8105818], [0.5653688, 47.8105656], [0.5654738, 47.8104871], [0.5654484, 47.8104114], [0.5654055, 47.8103117], [0.5654142, 47.810259], [0.565482, 47.8101797], [0.5654743, 47.8101224], [0.5654261, 47.810049], [0.565307, 47.8098558], [0.565141, 47.809784], [0.5649026, 47.8094476], [0.5646686, 47.8091921], [0.5644145, 47.8090586], [0.56441, 47.8089791], [0.5643001, 47.8088988], [0.5640901, 47.8088387], [0.5639722, 47.8088835], [0.5638467, 47.8089156], [0.5637669, 47.8089432], [0.5637865, 47.8090536], [0.5638534, 47.8090828], [0.5638707, 47.8091542], [0.5638227, 47.8092075], [0.5635891, 47.8091663], [0.5634299, 47.8090794], [0.5634021, 47.8090106], [0.5634153, 47.8089496], [0.5635271, 47.8088573], [0.5635228, 47.808794], [0.5634315, 47.8087607], [0.5632784, 47.8087816], [0.5632179, 47.8088116], [0.5631399, 47.8086734], [0.5630615, 47.8086459], [0.5630318, 47.8086355], [0.5628045, 47.8086634], [0.5626371, 47.8086995], [0.5622176, 47.8087505], [0.5619924, 47.8087329], [0.5615438, 47.8085711], [0.5613291, 47.8084655], [0.5610525, 47.8082391], [0.5608786, 47.8080305], [0.5608462, 47.8078662], [0.5609325, 47.807602], [0.5609223, 47.807414], [0.5610328, 47.8072214], [0.5610228, 47.8070189], [0.5610985, 47.8068697], [0.5610269, 47.8065502], [0.5608212, 47.8063507], [0.5608491, 47.8060756], [0.5608718, 47.8058467], [0.5607775, 47.8056274], [0.5607851, 47.805529], [0.5605265, 47.8053766], [0.5603658, 47.8053007], [0.5600891, 47.8051522], [0.5597711, 47.8050168], [0.5595892, 47.8049336], [0.559493, 47.8047535], [0.5594662, 47.8047124], [0.5593739, 47.8046717], [0.559235, 47.8046211], [0.5590737, 47.8046018], [0.5589385, 47.8045848], [0.5588935, 47.8045398], [0.5588841, 47.8043492], [0.558881, 47.8043033], [0.558762, 47.8042761], [0.5586059, 47.8042005], [0.5584666, 47.8040477], [0.5583821, 47.8039543], [0.5581229, 47.8038465], [0.557845, 47.8036907], [0.5577316, 47.8037112], [0.5576435, 47.8036917], [0.5575357, 47.8036489], [0.5571627, 47.8036797], [0.5569903, 47.8037289], [0.5569522, 47.8038162], [0.5568455, 47.8038598], [0.5565953, 47.8037839], [0.556278, 47.8034146], [0.555952, 47.8028741], [0.55574, 47.8019804], [0.5556951, 47.8019224], [0.5556165, 47.8016485], [0.55558, 47.8013128], [0.5556214, 47.8006563], [0.555677, 47.8003823], [0.5557118, 47.8001805], [0.5556687, 47.8000404], [0.5555341, 47.7998418], [0.555397, 47.7996979], [0.5551522, 47.7995076], [0.5550554, 47.799398], [0.55494, 47.7992762], [0.5547294, 47.7992692], [0.5545804, 47.799291], [0.5544124, 47.7992836], [0.5543219, 47.7992418], [0.5541819, 47.7991516], [0.5540532, 47.7990167], [0.5538121, 47.7986763], [0.5537211, 47.7985659], [0.5535498, 47.7984725], [0.5535069, 47.798322], [0.5535166, 47.7981951], [0.5534147, 47.7981605], [0.5533162, 47.7981684], [0.5531633, 47.798195], [0.5531235, 47.7981767], [0.5531179, 47.7980993], [0.5531519, 47.7979667], [0.5531423, 47.7978568], [0.5530434, 47.7977164], [0.5530224, 47.7975339], [0.5530516, 47.7973464], [0.553028, 47.79722], [0.5528879, 47.7970525], [0.5526792, 47.7967155], [0.5526029, 47.7965852], [0.5524587, 47.796465], [0.5522876, 47.7963666], [0.5522614, 47.7963336], [0.5522716, 47.7962752], [0.5523178, 47.7961965], [0.5522999, 47.796145], [0.5519352, 47.7959153], [0.5518409, 47.7957575], [0.5515524, 47.7955619], [0.5514159, 47.7955129], [0.5512291, 47.7955138], [0.551165, 47.7954601], [0.5511802, 47.7954131], [0.5512598, 47.7953712], [0.5513507, 47.795327], [0.5513928, 47.7952581], [0.5513806, 47.795203], [0.5512575, 47.7951455], [0.5511211, 47.7951364], [0.5510559, 47.7952235], [0.550906, 47.795305], [0.5507785, 47.7953409], [0.5506501, 47.7952796], [0.5505259, 47.7951672], [0.5505505, 47.7949596], [0.5505586, 47.7948651], [0.5504975, 47.7948289], [0.5503053, 47.7947849], [0.5498894, 47.7947785], [0.5496563, 47.7948196], [0.5494619, 47.7948628], [0.5492213, 47.7948265], [0.5490744, 47.7948046], [0.5489281, 47.7948464], [0.5487361, 47.7948397], [0.5485074, 47.7948249], [0.5483275, 47.7947562], [0.5481995, 47.7946862], [0.5480672, 47.7946684], [0.5478014, 47.7946552], [0.5476213, 47.7945529], [0.5474011, 47.7943973], [0.5471428, 47.7942659], [0.5469534, 47.7941659], [0.5468484, 47.7941561], [0.5466895, 47.7941527], [0.5464767, 47.7941158], [0.5461023, 47.7940143], [0.5456281, 47.7939106], [0.5452546, 47.7938689], [0.5449108, 47.7938653], [0.544575, 47.7938456], [0.5443425, 47.7937185], [0.5441557, 47.7936783], [0.5438462, 47.7936904], [0.5436654, 47.7936803], [0.5435904, 47.7936238], [0.5434929, 47.7935371], [0.5432008, 47.7933854], [0.5430261, 47.793337], [0.5428032, 47.793244], [0.5426756, 47.7932054], [0.5421329, 47.7930299], [0.5410274, 47.7927085], [0.540856, 47.7926224], [0.5404627, 47.7924812], [0.5401829, 47.7924364], [0.5399233, 47.7924192], [0.5392976, 47.7922962], [0.5390549, 47.7922361], [0.5388484, 47.7921518], [0.5386158, 47.7920207], [0.5384737, 47.7919227], [0.5382772, 47.7918195], [0.5381268, 47.7917797], [0.5380925, 47.791771], [0.5380209, 47.7917636], [0.5380077, 47.7917391], [0.5379845, 47.7917134], [0.5379035, 47.7916923], [0.5378243, 47.7916935], [0.5377713, 47.7917185], [0.5375125, 47.7917158], [0.5368509, 47.7917113], [0.5359824, 47.7917042], [0.5354705, 47.7917281], [0.5351224, 47.7916682], [0.5349363, 47.7915886], [0.5348154, 47.7914752]]}, "properties": {"name": "L'Étangsort", "waterway": "stream", "ref:sandre": "M1324000"}}, {"type": "Feature", "geometry": {"type": "LineString", "coordinates": [[0.55574, 47.8019804], [0.5561161, 47.8019937], [0.5567159, 47.8020304], [0.5567592, 47.8019744], [0.55677, 47.8018593], [0.5566781, 47.8013656], [0.5567554, 47.8006128], [0.5568693, 47.7998591], [0.5568874, 47.7995234], [0.5568333, 47.79945], [0.5566964, 47.799359], [0.5564041, 47.7992875], [0.5563488, 47.7992951], [0.5562863, 47.7992885], [0.5562449, 47.7992242], [0.5561965, 47.7991403], [0.5560767, 47.7990743], [0.5558865, 47.7990579], [0.5558, 47.799116], [0.5557258, 47.7992483], [0.5557001, 47.79935], [0.5556372, 47.7994068], [0.5555596, 47.7993893], [0.5554569, 47.7993466], [0.555184, 47.7993575], [0.5550852, 47.7993354], [0.55494, 47.7992762]]}, "properties": {"name": "L'Étangsort", "waterway": "stream", "ref:sandre": "M1324000"}}, {"type": "Feature", "geometry": {"type": "LineString", "coordinates": [[0.5658935, 47.8197006], [0.566032, 47.8195091], [0.5659641, 47.8194578], [0.5657804, 47.8191921], [0.5656641, 47.8188658], [0.5658549, 47.8186654], [0.5657897, 47.8183083], [0.5657336, 47.8181319], [0.5657166, 47.8180587], [0.5655427, 47.8178404], [0.5652163, 47.8176956], [0.5651557, 47.8174286], [0.5649536, 47.817251], [0.5649373, 47.8171621], [0.5649784, 47.817035], [0.5647834, 47.8167041], [0.5646963, 47.8165683], [0.564655, 47.8165143], [0.5646979, 47.8164089], [0.564913, 47.8161221], [0.5648992, 47.8160431], [0.5647875, 47.8158694], [0.5648057, 47.815669], [0.564726, 47.815561], [0.5648962, 47.8153353], [0.5649125, 47.8151644], [0.5647139, 47.81484], [0.5647221, 47.8146542], [0.5646835, 47.8144073]]}, "properties": {"name": "L'Étangsort", "waterway": "stream", "ref:sandre": "M1324000"}}, {"type": "Feature", "geometry": {"type": "LineString", "coordinates": [[0.5994335, 47.7365238], [0.5991223, 47.7363777], [0.5987817, 47.7361738], [0.5983713, 47.7358672], [0.5981514, 47.7357355], [0.5979395, 47.7356705], [0.5978, 47.7356218], [0.5977115, 47.735584], [0.5971107, 47.7353639], [0.5967271, 47.7352322], [0.5966735, 47.7352376], [0.5966493, 47.7352701], [0.5966654, 47.7353639], [0.596644, 47.7354523], [0.5965555, 47.7354739], [0.5964321, 47.7354703], [0.5963355, 47.7354234], [0.596188, 47.7353494], [0.5960619, 47.7353512], [0.595893, 47.7353368], [0.5957079, 47.7353134], [0.5955657, 47.7353242], [0.5953565, 47.7353783], [0.5951714, 47.7354613], [0.5947772, 47.7355876], [0.594053, 47.7357643], [0.5938598, 47.7357662], [0.5936855, 47.7358094], [0.593259, 47.7359231], [0.5930659, 47.7359087], [0.5929077, 47.7359159], [0.5927682, 47.7359574], [0.5926153, 47.7360403], [0.5922183, 47.736071], [0.591926, 47.7361071], [0.5915397, 47.7361378], [0.5911428, 47.7361089], [0.5909845, 47.7361414], [0.5908826, 47.7361792], [0.5907029, 47.7362857], [0.5904561, 47.7363921], [0.5903113, 47.7364156], [0.589799, 47.73643], [0.589335, 47.7364264], [0.5885974, 47.7365076], [0.588254, 47.7366284], [0.5879375, 47.7366879], [0.5874972, 47.7367592], [0.5871841, 47.7368398], [0.5869214, 47.7369705], [0.5868464, 47.7369357], [0.5867967, 47.7369126], [0.5861355, 47.736534], [0.5859494, 47.7364258], [0.5857392, 47.7363673], [0.5855383, 47.7363827], [0.5853372, 47.7363625], [0.5847486, 47.7363009], [0.5841495, 47.7363877], [0.5839687, 47.7363606], [0.5837656, 47.7361881], [0.5833637, 47.7361047], [0.5820132, 47.7359509], [0.5809196, 47.7357522], [0.5804094, 47.7357647], [0.5785999, 47.7362457], [0.5782962, 47.7363317], [0.5780807, 47.7363746], [0.5776371, 47.7364629], [0.5772222, 47.7365063], [0.5768973, 47.7364617], [0.5767122, 47.7363736], [0.5763968, 47.7363089], [0.57602, 47.7362719], [0.5756138, 47.7363126], [0.5751572, 47.7363261], [0.5748144, 47.7362057], [0.5743708, 47.7361237], [0.5735896, 47.7360868], [0.5730063, 47.7360512], [0.5727533, 47.7359414], [0.5723363, 47.7355669], [0.5719961, 47.7352985], [0.5716524, 47.7351983], [0.5711486, 47.7350251], [0.5705565, 47.7348094], [0.570063, 47.7346916], [0.5697837, 47.7346796], [0.5696212, 47.7347069], [0.5693029, 47.7349443], [0.5676611, 47.7353854], [0.5670511, 47.7356166], [0.5669176, 47.7356673], [0.5667135, 47.7357448], [0.5663371, 47.7359892], [0.5656835, 47.73624], [0.565278, 47.7363257], [0.5648573, 47.7363106], [0.5646555, 47.7363934], [0.5645292, 47.7366112], [0.5625897, 47.7371503], [0.5621954, 47.7373929], [0.5615433, 47.7381813], [0.5612187, 47.7384065], [0.5607313, 47.7385267], [0.5605435, 47.7384937], [0.559975, 47.7385077], [0.5592686, 47.7383446], [0.5587979, 47.7383838], [0.5582928, 47.7383295], [0.5561994, 47.7378379], [0.5547275, 47.7377619], [0.5546591, 47.7377503], [0.5541044, 47.7376567], [0.5531876, 47.7373933], [0.5521071, 47.7373179], [0.5514352, 47.7373354], [0.5512579, 47.7373117], [0.5508153, 47.7372525], [0.54994, 47.7370219], [0.5485618, 47.7366934], [0.5482349, 47.7365094], [0.5475911, 47.7363882], [0.5469069, 47.7361182], [0.5462354, 47.7358907], [0.545792, 47.7358621], [0.5453537, 47.7359426], [0.5448827, 47.7359876], [0.5444908, 47.7359066], [0.5441457, 47.7357454], [0.5439439, 47.7356092], [0.5436559, 47.7355924]]}, "properties": {"name": "La Boire", "waterway": "stream"}}, {"type": "Feature", "geometry": {"type": "LineString", "coordinates": [[0.4467273, 47.8958375], [0.4470357, 47.8951721], [0.447489, 47.8945049], [0.4479477, 47.8937298], [0.4481649, 47.8934924], [0.448519, 47.8931759], [0.4488382, 47.8928917], [0.4488704, 47.8926489], [0.4497126, 47.8918719], [0.4504568, 47.8913098], [0.4506388, 47.8911754], [0.4508791, 47.8911517], [0.4512363, 47.8910634], [0.4517923, 47.8909597], [0.4519151, 47.8908952], [0.4521904, 47.8907972], [0.4523864, 47.8907185], [0.45289, 47.8906018], [0.4532985, 47.890628], [0.4535541, 47.8905717], [0.4544463, 47.8903279], [0.4550767, 47.8901045], [0.4559353, 47.8897847], [0.4562821, 47.8897094], [0.4564225, 47.8896848], [0.4566243, 47.8896867], [0.4567027, 47.8896475], [0.4569888, 47.8894891], [0.4572775, 47.8893979], [0.4574315, 47.8893367], [0.4575664, 47.8892632], [0.4577204, 47.8891599], [0.4577923, 47.8890138], [0.4578661, 47.8889073], [0.4580782, 47.8887393], [0.4581633, 47.8886436], [0.4584651, 47.888525], [0.4586091, 47.8884663], [0.4586308, 47.8883542], [0.4587432, 47.8881616], [0.4590288, 47.8880154], [0.459063, 47.8879807], [0.4590662, 47.8878885], [0.459239, 47.8877474], [0.4593679, 47.8877283], [0.459544, 47.8873342], [0.4595754, 47.8872825], [0.4596362, 47.8871852], [0.4597624, 47.8871142], [0.4598575, 47.8869871], [0.4600636, 47.8868591], [0.4602035, 47.8868297]]}, "properties": {"name": "Ruisseau de Madrelle", "waterway": "ditch", "ref:sandre": "M1314100"}}, {"type": "Feature", "geometry": {"type": "LineString", "coordinates": [[0.3299947, 47.7173928], [0.3300674, 47.7169006], [0.3301547, 47.7165846], [0.3302901, 47.7163464], [0.3304708, 47.716194], [0.3304295, 47.7160786], [0.3302896, 47.7158297], [0.3303601, 47.7151735], [0.3302217, 47.7144763], [0.330432, 47.7139026], [0.3304162, 47.7136242], [0.3302109, 47.713382], [0.3302095, 47.7133436], [0.3302057, 47.7131558], [0.3302779, 47.7129247], [0.3308722, 47.711884], [0.3309223, 47.7117257], [0.3311535, 47.7114861], [0.3311697, 47.7110351], [0.3310613, 47.7106941], [0.3311929, 47.7105395], [0.3319364, 47.7107331], [0.3321459, 47.7105339], [0.3325622, 47.7101866], [0.3329928, 47.709752], [0.3331882, 47.7096036], [0.3334417, 47.7093759], [0.3335442, 47.7092933], [0.3335578, 47.7092799], [0.3336452, 47.7091552], [0.333716, 47.708912], [0.3341901, 47.7083176], [0.3351501, 47.7074699], [0.3353743, 47.7073287], [0.3355823, 47.7072527], [0.3357763, 47.7069424], [0.33598, 47.706569], [0.3358153, 47.706434], [0.3360883, 47.7060994], [0.3360052, 47.705951], [0.3357642, 47.704649], [0.335178, 47.7038921], [0.3346759, 47.7035153], [0.3346729, 47.7034475], [0.3349037, 47.7033208], [0.3349586, 47.7031984], [0.3350714, 47.7031267], [0.3355911, 47.7030973], [0.3356402, 47.7029179], [0.3356464, 47.7028642], [0.3356728, 47.7026277], [0.3357887, 47.7022744], [0.3364206, 47.7017852], [0.3363896, 47.7017196], [0.3365273, 47.7015342], [0.3366198, 47.7015178], [0.3366173, 47.7014312], [0.3367096, 47.7012834], [0.3365935, 47.7011818], [0.3367881, 47.7011368], [0.3368483, 47.7010347], [0.3369406, 47.7008869], [0.3368357, 47.7008334], [0.3369495, 47.7007573], [0.3369221, 47.7006654], [0.3370985, 47.7006201], [0.3371104, 47.7005214], [0.3371894, 47.7004985], [0.3372058, 47.7003567], [0.3373099, 47.7002927], [0.3378012, 47.6986116], [0.3378691, 47.6984511], [0.3378726, 47.6983808], [0.3378726, 47.6982902], [0.3382503, 47.6971737], [0.3382714, 47.6970289], [0.3381762, 47.6967855], [0.3382196, 47.6966984], [0.3384411, 47.6965305], [0.338456, 47.6964195], [0.3388485, 47.6961767], [0.3390419, 47.6959757], [0.3392505, 47.6955678], [0.3393354, 47.6955651], [0.3395529, 47.6955885], [0.3395603, 47.6955648], [0.3395801, 47.6955007], [0.3395945, 47.6954457], [0.3398613, 47.6947965], [0.3398602, 47.6945044], [0.3399187, 47.6943898], [0.3401858, 47.6940915], [0.3402525, 47.693906], [0.3404934, 47.6935824], [0.3405279, 47.6934008], [0.3404775, 47.6931771], [0.3404799, 47.6930844], [0.3406645, 47.6928785], [0.3408327, 47.6927664], [0.3410981, 47.6926799], [0.3411832, 47.6926278], [0.3411847, 47.6925103], [0.3412802, 47.6922977], [0.3412094, 47.6922497], [0.3408058, 47.6921738], [0.3407991, 47.6920809], [0.3408492, 47.6919507], [0.3408817, 47.6918077], [0.3409432, 47.6915073], [0.340942, 47.6914309]]}, "properties": {"name": "Le Ponceau", "waterway": "stream"}}, {"type": "Feature", "geometry": {"type": "LineString", "coordinates": [[0.4619649, 47.8213675], [0.4620413, 47.8213081], [0.4621688, 47.8213045], [0.4624182, 47.8213351], [0.4625443, 47.8213261], [0.4626725, 47.8212631], [0.4626945, 47.8212523], [0.4628822, 47.821173], [0.4630271, 47.8210794], [0.4630887, 47.8209533], [0.4632202, 47.820793], [0.4636627, 47.8203914], [0.4638103, 47.8202815], [0.4639605, 47.8202131], [0.4641992, 47.8201555], [0.4644111, 47.8200888], [0.4645693, 47.8200852], [0.4646954, 47.819997], [0.4649448, 47.8199501], [0.465154, 47.8199231], [0.4652694, 47.8198817], [0.4655054, 47.8197646], [0.4655591, 47.8197142], [0.4659051, 47.8195503], [0.4664978, 47.819417], [0.4667741, 47.8194152], [0.4668921, 47.8194513], [0.4669484, 47.8195179], [0.467096, 47.819599], [0.4672247, 47.8196206], [0.4673025, 47.8195665], [0.4673722, 47.8195323], [0.4674554, 47.8195377], [0.4676083, 47.8195755], [0.4676458, 47.8195485], [0.4678711, 47.8194639], [0.4680401, 47.8193954], [0.4681849, 47.8192766], [0.4683378, 47.8191523], [0.46848, 47.819064], [0.4685846, 47.8191361], [0.468834, 47.8192442], [0.4693758, 47.8193774], [0.4697514, 47.8194098], [0.4701376, 47.8194225], [0.4705453, 47.8194152], [0.4710093, 47.8193486], [0.4716825, 47.8192658], [0.4719561, 47.8192423], [0.4728386, 47.8192568], [0.4732543, 47.8192964], [0.4744828, 47.8194098], [0.474582, 47.8194098], [0.4747671, 47.8194549], [0.4748502, 47.8194927], [0.4749843, 47.8194927], [0.4751909, 47.8195269], [0.4753786, 47.8195359], [0.4755449, 47.8195755], [0.4757783, 47.8195881], [0.4759285, 47.8195972], [0.4760385, 47.8195773], [0.4761726, 47.8196152], [0.4762852, 47.8196098], [0.4763147, 47.8196386], [0.4764667, 47.8196234], [0.4765534, 47.8196494], [0.4766795, 47.8196494], [0.4768109, 47.8196908], [0.476878, 47.8196836], [0.4769316, 47.8196728], [0.4770604, 47.8196728], [0.4771757, 47.8197196], [0.4772723, 47.8197124], [0.4773447, 47.8197034], [0.4774439, 47.819734], [0.47757, 47.8197214], [0.4776692, 47.8197538], [0.4777792, 47.8197755], [0.4779938, 47.8197484], [0.4783881, 47.8196638], [0.4787207, 47.8196998], [0.4793403, 47.8196638], [0.4799384, 47.8196602], [0.4804051, 47.8197034], [0.4808933, 47.8198169], [0.4813921, 47.8199844], [0.4817703, 47.8201266], [0.4822719, 47.8202347], [0.4825991, 47.8203194], [0.48287, 47.820467], [0.4830873, 47.8205895], [0.4831758, 47.8206814], [0.4832053, 47.8207642], [0.4831302, 47.8208362], [0.4830176, 47.8209101], [0.483039, 47.8209677], [0.4831436, 47.8210289], [0.4832051, 47.8210562], [0.4832495, 47.8210759], [0.4832938, 47.8210956], [0.4833904, 47.821173], [0.4835218, 47.8213963], [0.4837015, 47.8215134], [0.4840127, 47.8216827], [0.4843748, 47.8217457], [0.4848146, 47.821816], [0.4853725, 47.8218682], [0.485622, 47.821816], [0.4858607, 47.8217637], [0.4860029, 47.8217565], [0.4861209, 47.8217997], [0.4863542, 47.8218358], [0.4868236, 47.821825], [0.4869604, 47.8218304], [0.4870757, 47.821906], [0.4873171, 47.8219873], [0.4877172, 47.8220925], [0.4877853, 47.8221131], [0.4879108, 47.8221509], [0.4880033, 47.8221788], [0.4882302, 47.8222409], [0.4883467, 47.8222866], [0.4883579, 47.8223097], [0.488376, 47.8223628], [0.488396, 47.8223785], [0.4886217, 47.8223878], [0.4886735, 47.8223706], [0.4887091, 47.8223555], [0.4887584, 47.822368], [0.4888169, 47.8224061], [0.4889444, 47.8224578], [0.4890367, 47.8224591], [0.4891769, 47.8225409], [0.4892034, 47.8225777], [0.4891778, 47.8226], [0.4890902, 47.8226387], [0.4890945, 47.822666], [0.4891104, 47.822688], [0.4891627, 47.822698], [0.4893797, 47.8226552], [0.4895495, 47.822749], [0.4898029, 47.8228085], [0.4898905, 47.8228301], [0.4900396, 47.8228055], [0.4901174, 47.8227945], [0.4902217, 47.8228399], [0.4902339, 47.8228808], [0.4901518, 47.8229406], [0.4901044, 47.8229656], [0.490135, 47.8229954], [0.4901871, 47.8230296], [0.4901548, 47.8230739], [0.4901142, 47.8231136], [0.4901224, 47.8231386], [0.4902573, 47.8231764], [0.4905157, 47.8232494], [0.4905611, 47.8232846], [0.4906335, 47.8232697], [0.4907197, 47.8233186], [0.4908412, 47.8232997], [0.4909114, 47.8233291], [0.4910237, 47.8233075], [0.4911274, 47.823279], [0.491275, 47.8233341], [0.4913768, 47.8234104], [0.4916078, 47.8235578], [0.4916455, 47.8235572], [0.4917056, 47.8234709], [0.4917279, 47.8234339], [0.4917526, 47.8234192], [0.4920055, 47.8235495], [0.4922524, 47.8235824], [0.4923373, 47.8236175], [0.492524, 47.8236122], [0.4928414, 47.8237604], [0.4930931, 47.8238193], [0.4933669, 47.8241817], [0.4935182, 47.8242504], [0.4940154, 47.8243743], [0.4943024, 47.8244434], [0.4949283, 47.8245374], [0.4951416, 47.82453], [0.4952731, 47.8244605]]}, "properties": {"name": "Ruisseau de la Fontaine des Roches", "waterway": "stream", "ref:sandre": "M1316800"}}, {"type": "Feature", "geometry": {"type": "LineString", "coordinates": [[0.5124792, 47.7476533], [0.5129383, 47.747333], [0.5136667, 47.7467935], [0.5138499, 47.746695], [0.5139461, 47.7466077], [0.5140787, 47.7464139], [0.5140372, 47.7459957], [0.514072, 47.7455821], [0.5141348, 47.7453642], [0.5140848, 47.7453136], [0.5140486, 47.7452249], [0.5140475, 47.7451542], [0.5142258, 47.7449353], [0.5142385, 47.7449198], [0.5139109, 47.7447787], [0.5146486, 47.7436419], [0.5148247, 47.7435043], [0.514834, 47.7434416], [0.5150166, 47.7433361], [0.5150605, 47.7433082], [0.5151113, 47.7433113], [0.5154216, 47.743436], [0.5155935, 47.7434368], [0.5156052, 47.7434665], [0.5159698, 47.7435511], [0.5160416, 47.7435448], [0.516118, 47.7435926], [0.5162037, 47.7435975], [0.5164544, 47.7436583], [0.5164973, 47.7436454], [0.5165132, 47.7435858], [0.5163241, 47.7427856], [0.5163498, 47.7423399], [0.5164133, 47.7420778], [0.5164436, 47.7418667], [0.5164228, 47.7417467], [0.5163866, 47.7416351], [0.5163626, 47.7415973], [0.5163251, 47.7414675], [0.5162421, 47.7413207], [0.5162048, 47.741226], [0.5162052, 47.7410773], [0.5163313, 47.7408161], [0.5164384, 47.7406351], [0.5166489, 47.740417], [0.5168459, 47.7405213], [0.5169469, 47.7404135], [0.5179822, 47.7384304], [0.5181135, 47.7381844], [0.5177144, 47.7377393], [0.517654, 47.7376226], [0.5180185, 47.7372816], [0.5184574, 47.7370229], [0.5192022, 47.7367888], [0.5196645, 47.736557], [0.519825, 47.736345], [0.5199759, 47.7362927], [0.5203319, 47.7361725], [0.5206268, 47.7360274], [0.5209166, 47.7359393], [0.5212552, 47.7358051], [0.5216788, 47.7353543], [0.5217753, 47.7350263], [0.5218855, 47.7348771], [0.5221833, 47.7345931], [0.5231345, 47.7346858], [0.5233552, 47.7345877], [0.5238969, 47.7343336], [0.5242035, 47.7343003], [0.5244098, 47.734239], [0.5251106, 47.7337569], [0.5253562, 47.7336708], [0.5254939, 47.7336251], [0.5255434, 47.7335633], [0.5254936, 47.7328306], [0.5255704, 47.7327294], [0.5275151, 47.7321027], [0.5277493, 47.7319877], [0.5280534, 47.7316514], [0.5277876, 47.7313948], [0.5276529, 47.7312039], [0.5271304, 47.7309158], [0.5260013, 47.7303437], [0.5253022, 47.7301163], [0.524971, 47.7300263], [0.524713, 47.7298469], [0.5242676, 47.7297018], [0.5242052, 47.7296277], [0.5237684, 47.7294909], [0.5240893, 47.7289805], [0.5244219, 47.7283989]]}, "properties": {"name": "La Foëne", "waterway": "stream", "ref:sandre": "M1344000"}}, {"type": "Feature", "geometry": {"type": "LineString", "coordinates": [[0.6263826, 47.7923924], [0.6262851, 47.7922704], [0.6257433, 47.791719], [0.6249363, 47.7909782], [0.6233748, 47.7898878], [0.6230789, 47.7896324], [0.6228894, 47.7893403], [0.622423, 47.7891544], [0.6223556, 47.7890934], [0.6207001, 47.787578], [0.6194475, 47.7864517], [0.6186241, 47.7860137], [0.6179377, 47.7856364], [0.6155941, 47.7851019], [0.6148207, 47.784844], [0.6131884, 47.7842415], [0.6129129, 47.7841709], [0.6121829, 47.7837452], [0.6118001, 47.7835113], [0.6116992, 47.7834548], [0.6105611, 47.7825682], [0.610479, 47.7825155], [0.6104302, 47.7824841], [0.6092703, 47.781739], [0.6092329, 47.7816433], [0.6092523, 47.7799415], [0.6092292, 47.7797428], [0.6091059, 47.7795357], [0.6089719, 47.7794312], [0.6087994, 47.7793504], [0.6082494, 47.7791889], [0.6080969, 47.7791506], [0.6074818, 47.7788361], [0.6072973, 47.7787059], [0.6070428, 47.7783764], [0.6067859, 47.7776985], [0.6065921, 47.7772592], [0.6064987, 47.7770724], [0.6063936, 47.7769265], [0.6057725, 47.7762439], [0.6056149, 47.7758407], [0.6054309, 47.7755065], [0.6052203, 47.775183], [0.6050876, 47.7749333], [0.604946, 47.7747026], [0.6048434, 47.7745991], [0.6047354, 47.7745218], [0.6043408, 47.7743494], [0.603994, 47.7741888], [0.6037321, 47.7740176], [0.6035923, 47.7738677], [0.6035215, 47.7737155], [0.6033746, 47.7732743], [0.603295, 47.7730745], [0.6032525, 47.7727486], [0.6032136, 47.7726725], [0.6028897, 47.7721718], [0.6026597, 47.7719101], [0.6021076, 47.7714558], [0.6018262, 47.7711644], [0.6016758, 47.7709397], [0.6016139, 47.7707743], [0.6015714, 47.7706102], [0.601559, 47.770389], [0.6014829, 47.7700289], [0.6014941, 47.7699012], [0.601612, 47.7695917], [0.6016567, 47.7694694], [0.6016649, 47.7692864], [0.6016222, 47.7691443], [0.601549, 47.7689837], [0.6013964, 47.7688175], [0.6013264, 47.7686732], [0.6012003, 47.7684691], [0.6010438, 47.7683718], [0.6008804, 47.7682965], [0.6006866, 47.7681521], [0.6006259, 47.7680077], [0.6006399, 47.7677943], [0.6005815, 47.7674412], [0.6005628, 47.7670896], [0.6005255, 47.7668134], [0.6004928, 47.7667537], [0.60039, 47.7667145], [0.6003316, 47.7666501], [0.6003363, 47.766556], [0.6001215, 47.7664194], [0.5999814, 47.7663802], [0.5998787, 47.7663174], [0.5997736, 47.766308], [0.5996779, 47.7662813], [0.5996195, 47.7661919], [0.5994099, 47.7660558], [0.5982258, 47.7654976], [0.59806, 47.7654696], [0.5979523, 47.7654532], [0.5978933, 47.7654013], [0.5978628, 47.765292], [0.5977937, 47.765251], [0.5976697, 47.7652455], [0.5974949, 47.7652168], [0.5973465, 47.7652073], [0.5971168, 47.7650611], [0.597064, 47.7649736], [0.5970315, 47.7648452], [0.5968627, 47.76474], [0.5965721, 47.7646129], [0.5963911, 47.7645268], [0.5962367, 47.7643478], [0.5958046, 47.7640008], [0.5957215, 47.7638404], [0.595515, 47.7637087], [0.5954718, 47.7634883], [0.5955165, 47.7634127], [0.5954872, 47.7633641], [0.5954549, 47.7633164], [0.5954656, 47.7632709], [0.5954394, 47.7632388], [0.5954672, 47.763217], [0.5955427, 47.7632118], [0.5955843, 47.7631891], [0.5955997, 47.7630948], [0.5956243, 47.7630482], [0.5956751, 47.7628877], [0.5957121, 47.7628049], [0.5956952, 47.7627396], [0.5957121, 47.7626713], [0.5957568, 47.7625367], [0.5958384, 47.762489], [0.5958585, 47.7624611], [0.5958369, 47.7624238], [0.5957938, 47.7624145], [0.5957183, 47.762401], [0.5956983, 47.7623586], [0.5957368, 47.7623057], [0.5958492, 47.7622612], [0.595897, 47.7622001], [0.5958862, 47.7621183], [0.5958831, 47.7620355], [0.5959001, 47.761994], [0.5959833, 47.7617973], [0.5960079, 47.7615384], [0.5959678, 47.7613613], [0.5959725, 47.7611987], [0.5960557, 47.7610351], [0.5961589, 47.7608673], [0.5962005, 47.7607959], [0.5962282, 47.7607141], [0.59641, 47.7604055], [0.5966765, 47.7599581], [0.5968506, 47.7598349], [0.5971679, 47.7596754], [0.5973713, 47.7595366], [0.5976871, 47.7592166], [0.598, 47.7588437], [0.5980468, 47.7588075], [0.5982522, 47.7586494], [0.59846, 47.7584439], [0.5987953, 47.7582509], [0.5989093, 47.7581211], [0.5989844, 47.7579552], [0.5991923, 47.7576956], [0.5992768, 47.7575838], [0.5992708, 47.7571214], [0.5993907, 47.7568467], [0.5994042, 47.7566739], [0.599435, 47.7563674], [0.5995428, 47.7561105], [0.5996815, 47.7557729], [0.599777, 47.7553503], [0.5997932, 47.7545602], [0.5996658, 47.7542236], [0.5996003, 47.7540618], [0.5994729, 47.753982], [0.5993331, 47.7538179], [0.5990995, 47.7536287], [0.5990075, 47.7534264], [0.5988995, 47.7533086], [0.5988234, 47.7532682], [0.598673, 47.7532361], [0.5983563, 47.7532063], [0.5982359, 47.7531825], [0.5979367, 47.7531116], [0.59743, 47.7528856], [0.597409, 47.7528432], [0.5974954, 47.7527412], [0.5975304, 47.7526564], [0.5975304, 47.7525559], [0.5975491, 47.7516171], [0.5974814, 47.751581], [0.5963045, 47.7512215], [0.5959379, 47.7506861], [0.5959379, 47.7505762], [0.5958492, 47.7501445], [0.5952911, 47.7489419], [0.5952608, 47.7488226], [0.5951207, 47.7486216], [0.5950366, 47.7484724], [0.595081, 47.7481741], [0.59506, 47.7479936], [0.5949689, 47.7479496], [0.5945112, 47.7478978], [0.5944202, 47.7478727], [0.5943665, 47.7478193], [0.5943595, 47.7477094], [0.5945603, 47.7468804], [0.5945252, 47.7468176], [0.5942544, 47.7466826], [0.5940956, 47.7466292], [0.5939765, 47.7465899], [0.5939602, 47.7465271], [0.5940419, 47.7462571], [0.5940349, 47.7461126], [0.5940209, 47.7457233], [0.5941003, 47.745392], [0.5940089, 47.7452487], [0.5937223, 47.7449762], [0.5936426, 47.7448894], [0.5936161, 47.7447847], [0.5937425, 47.7445469], [0.5935889, 47.7433113], [0.593555, 47.7430327], [0.5936122, 47.7426133], [0.5933958, 47.7423555], [0.5930954, 47.7420813], [0.5924866, 47.7418739], [0.5918599, 47.7414791], [0.5917622, 47.7413795], [0.5917251, 47.741218], [0.5873565, 47.7400406], [0.5868464, 47.7369357]]}, "properties": {"name": "Ruisseau de Dauvers", "waterway": "stream"}}, {"type": "Feature", "geometry": {"type": "LineString", "coordinates": [[0.4882956, 47.7033698], [0.4879499, 47.7034144], [0.4878378, 47.7034289], [0.487675, 47.7035434], [0.4875351, 47.703554], [0.4873146, 47.7034978], [0.4868022, 47.7036047], [0.4866186, 47.7036263], [0.4863802, 47.7036262], [0.4863022, 47.7034036], [0.4861973, 47.7033705], [0.4859686, 47.7034126], [0.4854459, 47.7032706], [0.4851713, 47.7030902], [0.4850643, 47.7024291], [0.4851602, 47.702124], [0.4852041, 47.7019843], [0.4850298, 47.7018062], [0.4847257, 47.7015695], [0.4848795, 47.7012073], [0.4845634, 47.7010696], [0.4843442, 47.7009292], [0.4845353, 47.7006865], [0.484516, 47.7002697], [0.4847057, 47.7001286], [0.4846902, 47.699707], [0.4846084, 47.6994704], [0.483926, 47.699344], [0.4838625, 47.6993959], [0.4837328, 47.6994826], [0.4833668, 47.6994866], [0.4831584, 47.6995692], [0.4830338, 47.6997722], [0.4831951, 47.6999234], [0.4831059, 47.7000619], [0.4829557, 47.7000537], [0.482656, 47.7000955], [0.4826766, 47.700263], [0.4825515, 47.7003281], [0.4823122, 47.7003083], [0.4818087, 47.7003383], [0.4816119, 47.7002541], [0.4817112, 47.6999077], [0.4816426, 47.6997682], [0.4814465, 47.6997445], [0.4812608, 47.6998759], [0.4810179, 47.6998561], [0.4806695, 47.6999428], [0.4805324, 47.6998115], [0.4803827, 47.6997912], [0.4798749, 47.6998357], [0.479381, 47.6995197], [0.4791197, 47.6995091], [0.4780725, 47.6997475]]}, "properties": {"name": "La Dême", "waterway": "stream"}}, {"type": "Feature", "geometry": {"type": "LineString", "coordinates": [[0.4981839, 47.7065344], [0.4980797, 47.7066026], [0.4979947, 47.7067095], [0.4979566, 47.7067283], [0.497888, 47.706724], [0.4975933, 47.7066556], [0.4970091, 47.7066778], [0.496778, 47.7067163], [0.4966853, 47.7066881], [0.4965774, 47.7066112], [0.4964516, 47.7065659], [0.4963246, 47.7065471], [0.4960416, 47.7062503], [0.4959299, 47.7062008], [0.4957267, 47.7061854], [0.4954397, 47.7061375], [0.4949139, 47.7061119], [0.4948238, 47.7061379], [0.4939351, 47.7063743], [0.4937627, 47.7063465], [0.4936046, 47.7063357], [0.493513, 47.7063731], [0.4933855, 47.706436], [0.4932706, 47.7064384], [0.4931754, 47.7064275], [0.4931394, 47.7063768], [0.4931718, 47.7063055], [0.4931484, 47.7062571], [0.4931017, 47.7062474], [0.4926433, 47.7063442], [0.4925445, 47.7062911], [0.4924493, 47.7060336], [0.492347, 47.705966], [0.4923021, 47.7059285], [0.4923488, 47.7058898], [0.4924224, 47.7058378], [0.4924206, 47.705775], [0.4923631, 47.7057363], [0.4921817, 47.7057436], [0.4919788, 47.7057955], [0.4918297, 47.7057798], [0.4917938, 47.7056155], [0.491686, 47.7055236], [0.4915549, 47.7055393], [0.4913987, 47.7056626], [0.4912999, 47.7056928], [0.4912244, 47.7056288], [0.491228, 47.7055478], [0.4913825, 47.7053556], [0.4913681, 47.7052988], [0.4910017, 47.7051852], [0.4908706, 47.7052384], [0.4907808, 47.7052154], [0.4907485, 47.7051671], [0.4908042, 47.7049217], [0.4907629, 47.704883], [0.4906479, 47.7048818], [0.4905078, 47.7048734], [0.4904935, 47.7048286], [0.4904953, 47.7046232], [0.4904683, 47.7045893], [0.4900876, 47.7044201], [0.489969, 47.7043452], [0.4899295, 47.7042497], [0.4900283, 47.7040382], [0.4900409, 47.7039149], [0.4900014, 47.7038134], [0.4898397, 47.7037662], [0.4896206, 47.7036236], [0.4894697, 47.7036285], [0.4893889, 47.7035765], [0.4892578, 47.7034182], [0.4890706, 47.7033934], [0.4888389, 47.7033898], [0.4886395, 47.703414], [0.4884779, 47.7034285], [0.4883701, 47.7034188], [0.4882956, 47.7033698]]}, "properties": {"name": "La Dême", "waterway": "stream"}}, {"type": "Feature", "geometry": {"type": "LineString", "coordinates": [[0.4981839, 47.7065344], [0.4979883, 47.7063703], [0.4979375, 47.7061925], [0.4979655, 47.7058114], [0.4979071, 47.7057362], [0.4975896, 47.705649], [0.4969216, 47.7054866], [0.4969012, 47.705449], [0.4968936, 47.7049841], [0.4966549, 47.7048303], [0.4966928, 47.7045109], [0.4966414, 47.704366], [0.4961154, 47.7042295], [0.4960674, 47.703857], [0.495917, 47.7037681], [0.495668, 47.7037164], [0.4953976, 47.7037606], [0.4951659, 47.7037521], [0.4950253, 47.7036955], [0.4949283, 47.7036043], [0.4947927, 47.7033121], [0.4943769, 47.7028356], [0.4940885, 47.7026023], [0.4938606, 47.7025956], [0.4937022, 47.702409], [0.4935119, 47.7020967], [0.4927846, 47.7021389], [0.4921544, 47.7022175], [0.4919182, 47.7020668], [0.4917899, 47.7020452], [0.4915746, 47.7021466], [0.4915319, 47.7022946], [0.4914664, 47.7024438], [0.4912772, 47.7025286], [0.4912673, 47.7026807], [0.4911986, 47.7027392], [0.4908676, 47.7028175], [0.4907403, 47.7029859], [0.4904824, 47.7031805], [0.4901385, 47.7032123], [0.4897772, 47.7032386], [0.4893777, 47.7032657], [0.4884043, 47.7033558], [0.4882956, 47.7033698]]}, "properties": {"name": "La Dême", "waterway": "stream"}}, {"type": "Feature", "geometry": {"type": "LineString", "coordinates": [[0.5111378, 47.7058906], [0.511158, 47.7058179], [0.5111432, 47.705761], [0.5110507, 47.7056834], [0.5109514, 47.7056328], [0.5108228, 47.7055961], [0.5106637, 47.7055801], [0.5106108, 47.7055958], [0.5105746, 47.7056274], [0.5104686, 47.7056572], [0.5102943, 47.705696], [0.5102339, 47.7057502], [0.510136, 47.7057953], [0.5099201, 47.7058522], [0.5097847, 47.7058494], [0.5096519, 47.7058124], [0.5095607, 47.7058179], [0.5094226, 47.7058657], [0.5092563, 47.7059081], [0.5091141, 47.7059234], [0.5090444, 47.7059695], [0.5089907, 47.7059893], [0.5088526, 47.7060056], [0.5084946, 47.7059655], [0.5083872, 47.7059866], [0.5083162, 47.70602], [0.5081552, 47.706076], [0.5080198, 47.7061048], [0.5078383, 47.7060933], [0.5076738, 47.7060584], [0.5068585, 47.706002], [0.506442, 47.7060242], [0.5057079, 47.7059507], [0.5054361, 47.7059542], [0.5053117, 47.7059969], [0.5050704, 47.7061182], [0.5049967, 47.7061234], [0.5049688, 47.7062037], [0.504979, 47.7062909], [0.5049205, 47.7063609], [0.5044354, 47.7064003], [0.5041459, 47.7064156], [0.5040493, 47.7064413], [0.5039147, 47.7065729], [0.5038512, 47.7066754], [0.5036564, 47.7067362], [0.5034359, 47.7068059], [0.5033097, 47.7068028], [0.5032019, 47.7067521], [0.5031462, 47.706653], [0.5030169, 47.7064934], [0.502972, 47.7064656], [0.5029523, 47.7065466], [0.502902, 47.7065696], [0.5028445, 47.7065442], [0.5027314, 47.7064149], [0.502638, 47.7063895], [0.5024943, 47.7063798], [0.5024548, 47.7063955], [0.5023434, 47.7065236], [0.5021979, 47.7065865], [0.5019483, 47.7065236], [0.5018513, 47.7065466], [0.5017076, 47.7066203], [0.5014526, 47.7066493], [0.5012838, 47.7066723], [0.5010269, 47.7069382], [0.5007342, 47.7069285], [0.5005672, 47.7068971], [0.5005636, 47.7068596], [0.5005366, 47.7067968], [0.5004522, 47.7067944], [0.5000697, 47.7069974], [0.4999044, 47.7069962], [0.4996799, 47.7070204], [0.4995237, 47.7070639], [0.4993315, 47.7069914], [0.4991788, 47.7068935], [0.4988645, 47.7068475], [0.4985915, 47.7068487], [0.4984299, 47.7068536], [0.4983994, 47.7067762], [0.4984029, 47.7066759], [0.4982988, 47.7065792], [0.4981839, 47.7065344]]}, "properties": {"name": "La Dême", "waterway": "stream"}}, {"type": "Feature", "geometry": {"type": "LineString", "coordinates": [[0.5111378, 47.7058906], [0.5109943, 47.7058224], [0.5108897, 47.7057998], [0.5107959, 47.7058368], [0.5107261, 47.7059117], [0.5106828, 47.7060379], [0.5105571, 47.7061177], [0.5102895, 47.7062045], [0.5100812, 47.706425], [0.5098704, 47.7065207], [0.509563, 47.7066284], [0.5093878, 47.7067361], [0.5092125, 47.706854], [0.5090297, 47.7069087], [0.5085471, 47.707001], [0.5079019, 47.7072523], [0.5073736, 47.7074147], [0.5071577, 47.7074984], [0.5070409, 47.7076215], [0.5069698, 47.7078095], [0.5070129, 47.7080522], [0.506985, 47.7081342], [0.5068605, 47.7081616], [0.5067005, 47.7081684], [0.5064694, 47.7083496], [0.5061925, 47.7084863], [0.5057353, 47.7088811], [0.5054585, 47.708929], [0.5053061, 47.7090366], [0.5051715, 47.7092246], [0.5043688, 47.7096707], [0.5039625, 47.7098485], [0.5038024, 47.7100091], [0.5035942, 47.7105082], [0.5035071, 47.7106132], [0.5034611, 47.7106687], [0.5033607, 47.7107897], [0.503305, 47.7108424], [0.5030785, 47.7110568], [0.5027204, 47.7112721], [0.5017933, 47.7116686], [0.5013361, 47.7118071], [0.5011685, 47.7118874], [0.5011075, 47.7119643], [0.5010136, 47.7121113], [0.5009558, 47.7122976]]}, "properties": {"name": "La Dême", "waterway": "stream"}}, {"type": "Feature", "geometry": {"type": "LineString", "coordinates": [[0.5100812, 47.706425], [0.5104305, 47.7067042], [0.5104712, 47.7068084], [0.5104534, 47.7070973], [0.5100952, 47.7079621], [0.5098413, 47.7081262], [0.5093561, 47.7082903], [0.5092825, 47.7083603], [0.5091783, 47.7085483], [0.509092, 47.7086594], [0.5089929, 47.708721], [0.5080353, 47.7092115], [0.5070498, 47.7096097], [0.5061863, 47.7099242], [0.5063107, 47.7101809], [0.5060736, 47.7104782], [0.5060913, 47.7106625], [0.5060449, 47.7107453], [0.5053157, 47.7108299], [0.5036192, 47.7108404], [0.503305, 47.7108424]]}, "properties": {"name": "La Dême", "waterway": "stream"}}, {"type": "Feature", "geometry": {"type": "LineString", "coordinates": [[0.5597325, 47.6964957], [0.5593975, 47.6963506], [0.5593494, 47.6963276], [0.5593614, 47.6962237], [0.5596741, 47.6959984], [0.5596641, 47.6958985], [0.559612, 47.695854], [0.5594737, 47.6958432], [0.5589805, 47.6960375], [0.5586076, 47.6959255], [0.5584472, 47.6959201], [0.5583269, 47.6958877], [0.5582026, 47.6958392], [0.5580784, 47.6958675], [0.5579681, 47.6958904], [0.5575411, 47.6958122], [0.5574388, 47.6958405], [0.5573186, 47.6958041], [0.5572484, 47.6956732], [0.556641, 47.695572], [0.5563302, 47.6952644], [0.5561618, 47.6951753], [0.5560355, 47.6951888], [0.5559814, 47.6952468], [0.5560034, 47.6953602], [0.5559413, 47.6954087], [0.5558471, 47.6954101], [0.5554611, 47.6950404], [0.5551504, 47.6948074], [0.5549859, 47.6947778], [0.5548752, 47.6948102], [0.5548057, 47.6949191], [0.5547086, 47.6951188], [0.5544989, 47.69516], [0.5543495, 47.695187], [0.5542662, 47.6952377], [0.5542572, 47.6953489], [0.5541809, 47.695434], [0.5539462, 47.6955447], [0.5538279, 47.6955839], [0.5534708, 47.6955191], [0.5532782, 47.6955123], [0.5530976, 47.6956068], [0.5530515, 47.6956919], [0.5530976, 47.6958945], [0.5530635, 47.6959431], [0.5526502, 47.6960227], [0.5522911, 47.6960656], [0.5521095, 47.6960503], [0.5516641, 47.6961573], [0.5514201, 47.6961401], [0.5510541, 47.6960045], [0.5508215, 47.6959912], [0.5507619, 47.6960904], [0.5507761, 47.6962127], [0.5507562, 47.696312], [0.5506711, 47.6963654], [0.5505548, 47.6963349], [0.550271, 47.6963253], [0.5497433, 47.6964552], [0.5491305, 47.6964991], [0.5485489, 47.6965793], [0.5483191, 47.6966901], [0.5480949, 47.6967932], [0.5478226, 47.6967913], [0.5475389, 47.6968161], [0.5474254, 47.6969326], [0.5472949, 47.6969841], [0.5469755, 47.6970394], [0.5466906, 47.6972123], [0.5463969, 47.6974357], [0.5462253, 47.6975293], [0.546021, 47.6975331], [0.5458252, 47.6975789], [0.5457458, 47.6976563], [0.5456082, 47.6977078], [0.5453755, 47.6977193], [0.5450308, 47.6976992], [0.5445698, 47.697852], [0.5439979, 47.6979799], [0.5438021, 47.6981537], [0.5433879, 47.6981308], [0.5433255, 47.6982759], [0.543212, 47.6984478], [0.5428204, 47.698675], [0.54248, 47.6987724], [0.5418672, 47.6987266], [0.5417054, 47.6986903], [0.5415834, 47.6984917], [0.5414671, 47.6984249], [0.5413139, 47.6984039], [0.5411437, 47.6985585], [0.5410217, 47.6986693], [0.5408089, 47.6987743], [0.5403833, 47.6987953], [0.54004, 47.6987266], [0.5395019, 47.6984867], [0.5392948, 47.6983053], [0.5391302, 47.6982231], [0.5388011, 47.6982403], [0.5387046, 47.69829], [0.5386621, 47.6984637], [0.5384888, 47.6985501], [0.5379592, 47.6986865], [0.5377828, 47.6987746], [0.5376427, 47.6988446], [0.5366582, 47.6992532], [0.5362327, 47.6994595], [0.5361163, 47.6994843], [0.5359206, 47.6995206], [0.5356964, 47.6997211], [0.5353616, 47.6998452], [0.5344651, 47.7002309], [0.5331685, 47.7008323], [0.5326777, 47.7011073], [0.5322096, 47.7012429], [0.5316308, 47.7014911], [0.5302463, 47.7021345], [0.5289837, 47.7025546], [0.5289554, 47.7027799], [0.5284359, 47.7029195], [0.5259041, 47.7038849], [0.5256834, 47.7040185], [0.5252982, 47.7041265], [0.5240444, 47.7044114], [0.5204714, 47.7053767], [0.5204557, 47.7053788], [0.5203731, 47.70539], [0.5202628, 47.705405], [0.5201203, 47.7053767], [0.5199699, 47.7053672], [0.5197893, 47.7053335], [0.5196649, 47.705239], [0.5195586, 47.7050702], [0.5191594, 47.7047246], [0.5190811, 47.704653], [0.5191955, 47.7043709], [0.5194141, 47.7042818], [0.5197437, 47.7041713], [0.5197553, 47.7039284], [0.5195888, 47.703757], [0.5194563, 47.7036746], [0.5193761, 47.7036382], [0.5190009, 47.7037273], [0.5188425, 47.7037367], [0.5187783, 47.7037003], [0.5187462, 47.7035936], [0.5187923, 47.7034573], [0.5188786, 47.7032817], [0.5188525, 47.7030617], [0.518696, 47.7030374], [0.5184111, 47.7031413], [0.5182246, 47.7031049], [0.5181042, 47.7030765], [0.5177852, 47.7031049], [0.517721, 47.7031859], [0.517717, 47.703433], [0.5176291, 47.7035377], [0.5172272, 47.7035349], [0.5166872, 47.7033827], [0.5161978, 47.7033789], [0.5161141, 47.7033417], [0.516019, 47.7032147], [0.5158743, 47.7030954], [0.5155892, 47.7030238], [0.5153737, 47.7030641], [0.5152734, 47.7030979], [0.5152212, 47.7031532], [0.5152533, 47.7032329], [0.5152533, 47.7033314], [0.515143, 47.7034043], [0.5149203, 47.7036825], [0.514838, 47.7036987], [0.5146796, 47.7037108], [0.514507, 47.7037527], [0.514174, 47.7039606], [0.5140897, 47.703993], [0.5140195, 47.7040713], [0.5140166, 47.7041372], [0.5140119, 47.7042453], [0.5139636, 47.7042873], [0.5137906, 47.7042682], [0.5136572, 47.7042472], [0.5136402, 47.7043865], [0.5135409, 47.7044801], [0.5134047, 47.7044534], [0.5132572, 47.704314], [0.513104, 47.7043216], [0.5127522, 47.7044534], [0.5124316, 47.7047474], [0.5120883, 47.7049784], [0.5121166, 47.7050643], [0.5122188, 47.7052037], [0.5122386, 47.7052915], [0.5121876, 47.7053736], [0.5120627, 47.7054538], [0.5121308, 47.7055168], [0.5122443, 47.7055187], [0.5124003, 47.7054844], [0.5125053, 47.7055302], [0.5125223, 47.7055588], [0.5125195, 47.7056104], [0.512423, 47.7056619], [0.5122386, 47.7056562], [0.51204, 47.7057097], [0.511518, 47.70604], [0.5113984, 47.7060755], [0.5113155, 47.7060698], [0.5111986, 47.7059804], [0.5111378, 47.7058906]]}, "properties": {"name": "La Dême", "waterway": "stream"}}, {"type": "Feature", "geometry": {"type": "LineString", "coordinates": [[0.5195586, 47.7050702], [0.5182135, 47.7053305], [0.5179292, 47.705354], [0.5177227, 47.7053323], [0.5175161, 47.7052475], [0.5173016, 47.7051825], [0.5170065, 47.7051247], [0.5165344, 47.7050219], [0.5163145, 47.7049406], [0.5160007, 47.7049009], [0.5156654, 47.7048053], [0.5153462, 47.7047746], [0.5149707, 47.7047168], [0.514724, 47.7046103], [0.5144101, 47.7043811], [0.5141312, 47.7041699], [0.5140166, 47.7041372]]}, "properties": {"name": "La Dême", "waterway": "stream"}}, {"type": "Feature", "geometry": {"type": "LineString", "coordinates": [[0.5750056, 47.6925107], [0.5745766, 47.6927671], [0.5745595, 47.6929587], [0.5744574, 47.6929892], [0.573064, 47.6936322], [0.5729052, 47.6937906], [0.5727266, 47.6941685], [0.5727096, 47.6942429], [0.5727465, 47.6943135], [0.5732001, 47.6947104], [0.5732568, 47.6948497], [0.5731704, 47.6951405], [0.5729351, 47.6951749], [0.5727196, 47.6953142], [0.5724021, 47.6953791], [0.5722972, 47.6954458], [0.5721554, 47.6955451], [0.5719059, 47.6955355], [0.5714296, 47.6957912], [0.5712482, 47.695816], [0.5709448, 47.6957378], [0.570647, 47.6957751], [0.5703363, 47.6958911], [0.5701559, 47.6960854], [0.5700095, 47.696192], [0.5698503, 47.6957625], [0.5696773, 47.6954858], [0.5696063, 47.69547], [0.5692441, 47.6955278], [0.5688091, 47.6956884], [0.5686467, 47.6957437], [0.5683761, 47.6957599], [0.5681738, 47.695884], [0.5677929, 47.6959731], [0.567416, 47.6960648], [0.5670551, 47.6962942], [0.5665379, 47.6963779], [0.5663013, 47.6963941], [0.5660247, 47.6965074], [0.5654112, 47.6965587], [0.5651025, 47.696645], [0.5648579, 47.6966073], [0.5646494, 47.6965884], [0.5644369, 47.6966963], [0.5642204, 47.6970174], [0.5642127, 47.6973535], [0.5641406, 47.697448], [0.563892, 47.6976031], [0.5637095, 47.6976301], [0.5634128, 47.6975923], [0.5633146, 47.6977259], [0.5632304, 47.6977178], [0.5630199, 47.6976935], [0.5628234, 47.6975842], [0.5624044, 47.6974345], [0.562212, 47.697398], [0.5619293, 47.697398], [0.5617589, 47.6974007], [0.561382, 47.6972658], [0.5611214, 47.6970607], [0.5607746, 47.6969919], [0.5604418, 47.696803], [0.5597325, 47.6964957]]}, "properties": {"name": "La Dême", "waterway": "stream"}}, {"type": "Feature", "geometry": {"type": "LineString", "coordinates": [[0.5750056, 47.6925107], [0.5745011, 47.6924215], [0.57424, 47.6924188], [0.5729831, 47.6927164], [0.5721204, 47.6928744], [0.5717309, 47.6929586], [0.5714539, 47.6930708], [0.570978, 47.6933821], [0.5708137, 47.6936531], [0.5707064, 47.6937391], [0.5699312, 47.6940867], [0.5693194, 47.694297], [0.5691164, 47.6943618], [0.5685943, 47.6946201], [0.5682991, 47.6946893], [0.5678539, 47.6949071], [0.5672293, 47.6949481], [0.5654377, 47.6960485], [0.5647468, 47.6963596], [0.5641356, 47.6966625], [0.5634061, 47.6968421], [0.56323, 47.6968484], [0.5630954, 47.6967952], [0.5626055, 47.6967586], [0.5616727, 47.6966361], [0.5601885, 47.6964515], [0.5599427, 47.696437], [0.5597325, 47.6964957]]}, "properties": {"name": "La Dême", "waterway": "stream"}}, {"type": "Feature", "geometry": {"type": "LineString", "coordinates": [[0.6093821, 47.6748876], [0.6093016, 47.6749562], [0.6091997, 47.6750249], [0.6090334, 47.6750429], [0.6088564, 47.6750393], [0.6086847, 47.6751549], [0.6086096, 47.6752633], [0.608438, 47.675256], [0.6081161, 47.6754583], [0.6080732, 47.6755306], [0.6080785, 47.675675], [0.6079552, 47.6759134], [0.6079498, 47.6759929], [0.6080517, 47.6760507], [0.6082448, 47.6761012], [0.6083199, 47.6762096], [0.6083146, 47.6763866], [0.6081161, 47.6766394], [0.6081107, 47.6766792], [0.6080356, 47.6767261], [0.6077942, 47.6766792], [0.6076279, 47.6766539], [0.6074885, 47.6766575], [0.6072256, 47.6770729], [0.6070808, 47.6772932], [0.606598, 47.6775207], [0.6063029, 47.6775894], [0.60623, 47.6778482], [0.6057429, 47.6783194], [0.6059554, 47.6784516], [0.6059679, 47.6786053], [0.6058952, 47.6787837], [0.6057749, 47.6789079], [0.6054591, 47.6788383], [0.6054166, 47.6788956], [0.605048, 47.6791915], [0.6047106, 47.6792507], [0.6045944, 47.6792965], [0.6045008, 47.679808], [0.6045745, 47.6800447], [0.6048949, 47.6802318], [0.6049289, 47.6803043], [0.6047815, 47.6805448], [0.6046454, 47.6806059], [0.60443, 47.680625], [0.6041975, 47.6807166], [0.6037824, 47.6808784], [0.6035556, 47.6810158], [0.6033628, 47.6811113], [0.6029885, 47.6810387], [0.6018216, 47.6819109], [0.6010518, 47.6824183], [0.599881, 47.682637], [0.5997928, 47.6828907], [0.5996405, 47.6829798], [0.5993999, 47.6829906], [0.5990585, 47.6830742], [0.59869, 47.6831544], [0.5976296, 47.683288], [0.5966373, 47.6833567], [0.5954863, 47.6837079], [0.594097, 47.6843263], [0.5917949, 47.6854371], [0.5894964, 47.6867858], [0.5894993, 47.686845], [0.5900784, 47.6871389], [0.5899764, 47.6872152], [0.5896957, 47.687345], [0.5895256, 47.6875473], [0.5894263, 47.6876026], [0.589089, 47.6876637], [0.5887884, 47.6877649], [0.5885843, 47.6879844], [0.5883632, 47.6881237], [0.5881732, 47.6883031], [0.588142, 47.6883851], [0.5882328, 47.6885187], [0.5883093, 47.6886027], [0.5882611, 47.6886962], [0.5880967, 47.6888604], [0.5880428, 47.6889577], [0.5879464, 47.6890016], [0.5874226, 47.6889843], [0.5873786, 47.6889856], [0.5872922, 47.6889881], [0.5870909, 47.6892095], [0.5869945, 47.6892973], [0.586212, 47.6894767], [0.5859512, 47.6895664], [0.5858604, 47.6895778], [0.5857187, 47.6894595], [0.5855004, 47.6893851], [0.5852084, 47.6893221], [0.584905, 47.6893793], [0.5847377, 47.6895129], [0.5846612, 47.6895816], [0.584423, 47.6895606], [0.5838815, 47.6894213], [0.5836377, 47.6892686], [0.5835555, 47.68924], [0.58334, 47.6892438], [0.5831727, 47.6891541], [0.5830338, 47.6890988], [0.5828127, 47.6890816], [0.5824469, 47.6891179], [0.582274, 47.6891141], [0.5820585, 47.6890778], [0.5818487, 47.6891446], [0.5815822, 47.6892247], [0.5812505, 47.6891828], [0.5811087, 47.6891789], [0.5807714, 47.6893087], [0.5803886, 47.6893927], [0.5797507, 47.689408], [0.5794784, 47.6894687], [0.5792196, 47.6897929], [0.5791795, 47.6898738], [0.5793158, 47.6899278], [0.5794321, 47.6900709], [0.5793639, 47.6902463], [0.5790271, 47.6903813], [0.5784859, 47.6904946], [0.5782172, 47.6906161], [0.5779245, 47.6909615], [0.5776479, 47.691307], [0.5776679, 47.6921031], [0.5775316, 47.6921787], [0.5772389, 47.6921679], [0.5771627, 47.6922597], [0.5771387, 47.692427], [0.5769903, 47.6924864], [0.5767939, 47.6923703], [0.5763648, 47.6920492], [0.5760842, 47.6919979], [0.5750056, 47.6925107]]}, "properties": {"name": "La Dême", "waterway": "stream"}}, {"type": "Feature", "geometry": {"type": "LineString", "coordinates": [[0.617795, 47.9271867], [0.6178962, 47.9270944], [0.6179151, 47.9270177], [0.617561, 47.926561], [0.6174557, 47.9264097], [0.6174301, 47.9261896], [0.6172014, 47.9255607], [0.6170051, 47.9249461], [0.6169003, 47.9243183], [0.616896, 47.9242676], [0.6168698, 47.9240612], [0.6168504, 47.9239837], [0.6167328, 47.9238217], [0.6165474, 47.9237493], [0.616095, 47.9237107], [0.6159739, 47.9236825], [0.6157618, 47.9237327], [0.6156632, 47.9237104], [0.6155481, 47.9236457], [0.6155241, 47.9235627], [0.6155515, 47.9234698], [0.6156436, 47.9234328], [0.6155804, 47.923296], [0.6153828, 47.9231596], [0.6152355, 47.9230831], [0.6151208, 47.9230465], [0.615074, 47.9229597], [0.6149486, 47.9228371], [0.6149451, 47.9226289], [0.6148716, 47.9225536], [0.6148857, 47.9224966], [0.6147182, 47.9224348], [0.6147103, 47.9221792], [0.6147324, 47.9220905], [0.6146796, 47.9219663], [0.6146959, 47.9218124], [0.6146529, 47.9216901], [0.6146061, 47.9216658], [0.614757, 47.9214813], [0.6147737, 47.921445], [0.614675, 47.9212448], [0.614399, 47.9210934], [0.6142273, 47.9208469], [0.6142072, 47.9206249], [0.6140383, 47.920467], [0.6140764, 47.9203373], [0.614258, 47.9200914], [0.6142847, 47.9199498], [0.614411, 47.9198964], [0.6145318, 47.9199349], [0.6145822, 47.9199015], [0.6146189, 47.9197494], [0.6146947, 47.9196814], [0.614892, 47.9196623], [0.6149454, 47.9195114], [0.614925, 47.9194373], [0.6150945, 47.9192866], [0.6150399, 47.9191799], [0.6150808, 47.9190943], [0.615398, 47.9189785], [0.6155392, 47.9188582], [0.6156126, 47.9188413], [0.6156219, 47.9187694], [0.6156299, 47.918724], [0.6156648, 47.9186911], [0.6157391, 47.9186807], [0.6158682, 47.9186945], [0.6160173, 47.9186096], [0.616211, 47.9185672], [0.6162269, 47.9185043], [0.6161981, 47.9184581], [0.6162197, 47.918377], [0.6161483, 47.9183507], [0.6162102, 47.9182215], [0.6162011, 47.9181869], [0.6161327, 47.9181463], [0.6160503, 47.918127], [0.6160114, 47.9181173], [0.615979, 47.9180198], [0.6158905, 47.9180028], [0.6158399, 47.9179633], [0.6158251, 47.917923], [0.6158235, 47.9178814], [0.6158754, 47.9178656], [0.6159834, 47.9178479], [0.6160224, 47.9177503], [0.616023, 47.9177103], [0.6159438, 47.9176734], [0.6159441, 47.9176406], [0.6159863, 47.9176023], [0.6159862, 47.9173974], [0.6159345, 47.9173571], [0.615978, 47.9171612], [0.6159735, 47.9171299], [0.6158493, 47.9171129], [0.6158296, 47.9170748], [0.6158991, 47.9169106], [0.615918, 47.9167582], [0.6159972, 47.9166406], [0.6161986, 47.91656], [0.6162475, 47.9165306], [0.616295, 47.9165332], [0.6163724, 47.9166108], [0.6164131, 47.9166052], [0.6168733, 47.9163051], [0.616895, 47.9162223], [0.6173836, 47.9161581], [0.6174324, 47.9161343], [0.6173996, 47.9160176], [0.6174119, 47.9159826], [0.6176118, 47.9159339], [0.6178972, 47.9159143], [0.6179299, 47.9159029], [0.6179699, 47.9158614], [0.6180269, 47.9157857], [0.6190212, 47.9154423], [0.6190794, 47.9153923], [0.61919, 47.9151097], [0.6191395, 47.9150438], [0.6190917, 47.9149452], [0.6191114, 47.9149032], [0.619135, 47.9148572], [0.6190204, 47.9148116], [0.6190574, 47.9147572], [0.6191967, 47.9147049], [0.6192429, 47.9146074], [0.6192769, 47.9145145], [0.6192047, 47.9142457], [0.6192476, 47.9142202], [0.6192673, 47.9142054], [0.6192937, 47.9141491], [0.6192552, 47.9141323], [0.6191558, 47.9141198], [0.6191559, 47.9140918], [0.6193407, 47.9140061], [0.6193777, 47.9138756], [0.6193578, 47.9138168], [0.6193998, 47.913756], [0.6195049, 47.9137486], [0.619512, 47.9135943], [0.6196042, 47.9135058], [0.6195567, 47.9133727], [0.6196386, 47.9132752], [0.6197231, 47.9132226], [0.6196574, 47.9130211], [0.6196503, 47.9129153], [0.6197278, 47.9127841], [0.6195926, 47.9127213], [0.6198007, 47.9123592], [0.6199724, 47.9122476], [0.6199029, 47.9121557], [0.6198033, 47.9119648], [0.6198333, 47.911883], [0.6199617, 47.9117708], [0.6198935, 47.9117343], [0.6199127, 47.9116465], [0.6198593, 47.9115639], [0.6197006, 47.9114215], [0.6196341, 47.911417], [0.6196654, 47.9113584], [0.6197731, 47.9113446], [0.6198398, 47.9112932], [0.6198679, 47.9111993], [0.6198468, 47.9111397], [0.6198677, 47.9110972], [0.6199723, 47.911101], [0.6200469, 47.911004], [0.6202385, 47.9109356], [0.6208195, 47.9102347], [0.6208591, 47.9099156], [0.6209839, 47.9097885], [0.6209543, 47.9097087], [0.6210644, 47.9096181], [0.6211514, 47.9094855], [0.6212782, 47.9094201], [0.621642, 47.90935], [0.6216955, 47.9092751], [0.6217777, 47.9092736], [0.6218147, 47.9092704], [0.6218332, 47.9091779], [0.6219717, 47.909144], [0.6221011, 47.9091499], [0.6222025, 47.9090936], [0.6224826, 47.9090842], [0.622488, 47.9089419], [0.6226411, 47.9089242], [0.6226727, 47.9090137], [0.6231053, 47.9090027], [0.6232717, 47.9090869], [0.6233452, 47.9090933], [0.6236341, 47.9090993], [0.6238425, 47.9089485], [0.6237781, 47.9088114], [0.6238288, 47.9087706], [0.6237868, 47.9086214], [0.6240338, 47.9085575], [0.6240591, 47.9085184], [0.6240498, 47.9084288], [0.6238523, 47.908367], [0.6238378, 47.9083158], [0.6238832, 47.9082817], [0.6240193, 47.9082494], [0.6240263, 47.9082065], [0.6239334, 47.9080183], [0.6241185, 47.9075644], [0.6240832, 47.9075082], [0.6239491, 47.9074941], [0.6239574, 47.9073132], [0.623756, 47.9072275], [0.623636, 47.9072024], [0.6235671, 47.90709], [0.6236673, 47.9066666], [0.6236222, 47.9065842], [0.6236228, 47.9065355], [0.6237424, 47.9064565], [0.623728, 47.9064081], [0.6236462, 47.9063744], [0.6235444, 47.9062587], [0.6235936, 47.9061205], [0.6239715, 47.9059763], [0.6239629, 47.9059041], [0.6239335, 47.9057162], [0.6240538, 47.9056867], [0.6241174, 47.9055478], [0.6242311, 47.9054913], [0.6243098, 47.9053526], [0.6243767, 47.9053245], [0.6244987, 47.9053078], [0.6245465, 47.9052567], [0.6245167, 47.9051724], [0.624522, 47.9051295], [0.6246283, 47.9051258], [0.6247996, 47.9050614], [0.6249924, 47.9050779], [0.6252575, 47.9049114], [0.6252138, 47.9047604], [0.6252828, 47.9046509], [0.6253824, 47.9046077], [0.6252298, 47.9044121], [0.6252987, 47.9043049], [0.6253844, 47.9042705], [0.6253657, 47.9040166], [0.6252131, 47.9039682], [0.6252076, 47.9038685], [0.6253593, 47.9037901], [0.6253655, 47.9035974], [0.6254712, 47.9034731], [0.6253277, 47.9033837], [0.6256545, 47.9031088], [0.6256971, 47.9029065], [0.6259223, 47.9028215], [0.6259638, 47.9027471], [0.6258838, 47.9026238], [0.6264669, 47.9022614], [0.626663, 47.9022927], [0.6268592, 47.9022183], [0.6269155, 47.9022371], [0.6269356, 47.9022647], [0.6272082, 47.9022735], [0.6273204, 47.902432], [0.6273959, 47.9024369], [0.6275866, 47.9022675], [0.6276619, 47.9022443], [0.6278269, 47.9022438], [0.6278687, 47.9021394], [0.6279136, 47.9021137], [0.6280356, 47.9021519], [0.6281178, 47.9021389], [0.6281779, 47.9020954], [0.6283001, 47.9020912], [0.6283699, 47.9020541], [0.6284681, 47.9019684], [0.6285739, 47.9019548], [0.6286497, 47.9019535], [0.6286923, 47.9019793], [0.6287249, 47.9020015], [0.6288366, 47.9019512], [0.6288896, 47.9018968], [0.6289505, 47.9017985], [0.6289968, 47.9017785], [0.6290886, 47.9017781], [0.6294229, 47.9018269], [0.6296546, 47.9016277], [0.6297352, 47.9015044], [0.6298035, 47.901426], [0.6299221, 47.9014816], [0.6303599, 47.9015144], [0.6304027, 47.9016092], [0.6310142, 47.9017459], [0.6312546, 47.9017461], [0.6315799, 47.9018152], [0.631789, 47.9017699], [0.6318711, 47.9017956], [0.6319206, 47.9018591], [0.6320518, 47.901905], [0.632142, 47.9020141], [0.632359, 47.9020058], [0.6324041, 47.9019043], [0.6325947, 47.9019786], [0.6326957, 47.9020592], [0.6328021, 47.9020758], [0.6334558, 47.901886], [0.634734, 47.9015998], [0.6349328, 47.9016651], [0.6352835, 47.9018738], [0.6354499, 47.9019145], [0.6354679, 47.9020009], [0.6358604, 47.9021392], [0.6360065, 47.9021467], [0.6365264, 47.9024075], [0.6365249, 47.9024403], [0.6365832, 47.9024551], [0.6367314, 47.9024525], [0.6368119, 47.9024949], [0.6369419, 47.9024738], [0.6369898, 47.9025676], [0.6371103, 47.9026567], [0.6372127, 47.9026809], [0.6374495, 47.902636], [0.6374475, 47.9025878], [0.6376303, 47.9025469], [0.6376299, 47.9024999], [0.6379834, 47.9025179], [0.6380963, 47.9024948], [0.6381572, 47.9024525], [0.6381437, 47.9023973], [0.6384123, 47.902301], [0.6384563, 47.9022397], [0.6385458, 47.9022534], [0.6387798, 47.9021954], [0.6389131, 47.9022066], [0.639016, 47.9021839], [0.6392581, 47.9020883], [0.6393981, 47.9020975], [0.6394726, 47.9021359], [0.6394636, 47.9021757], [0.6397641, 47.9022203], [0.6399838, 47.9020984], [0.6400731, 47.9020714], [0.6401646, 47.9021013], [0.6402679, 47.9021323], [0.6404873, 47.9020711], [0.6406161, 47.9019338], [0.6407465, 47.9019444], [0.6407438, 47.9019788], [0.6407305, 47.9020618], [0.6408319, 47.9021599], [0.6408859, 47.902177], [0.6409834, 47.902179], [0.6410301, 47.9022611], [0.641107, 47.9022723], [0.6411684, 47.9022345], [0.6412053, 47.9022375], [0.6414034, 47.9023972], [0.6414445, 47.9026205], [0.6414878, 47.9026491], [0.6416585, 47.9026724], [0.6416889, 47.9026877], [0.6417351, 47.9028065], [0.6418169, 47.9028606], [0.6419875, 47.9028755], [0.6420738, 47.9028519], [0.6422117, 47.9028872], [0.6423215, 47.9030244], [0.6422627, 47.9030973], [0.6423797, 47.903188], [0.6424884, 47.9032219], [0.6425519, 47.9032148], [0.6427219, 47.9031407], [0.642773, 47.9031457], [0.6428629, 47.9032704], [0.6429897, 47.9032945], [0.6430476, 47.903281], [0.6430844, 47.9032105], [0.6431016, 47.9031667], [0.6430642, 47.9031003], [0.6429454, 47.9030492], [0.6429379, 47.9030275], [0.643103, 47.9029868], [0.6432425, 47.9029919], [0.6433262, 47.9030389], [0.6436027, 47.9031012], [0.6438325, 47.9030459], [0.6440781, 47.9030476], [0.644156, 47.9030752], [0.6443075, 47.9031858], [0.644463, 47.9034289], [0.6450667, 47.9036994], [0.6453614, 47.9038073], [0.6454235, 47.9038855], [0.6457064, 47.9040311], [0.6458602, 47.9040524], [0.6459937, 47.9041536], [0.6463286, 47.9041152], [0.6468332, 47.9042354], [0.6469398, 47.9041844], [0.6470034, 47.9040815], [0.6472464, 47.9039877], [0.6474335, 47.9041041], [0.6478458, 47.9040695], [0.648025, 47.9041638], [0.6482943, 47.9041251], [0.6483836, 47.9040115], [0.6485661, 47.9039598], [0.6485357, 47.9038494], [0.6486159, 47.9038262], [0.6487932, 47.9038491], [0.648931, 47.9038926], [0.649028, 47.9037939], [0.6491821, 47.9037794], [0.6492466, 47.9037298], [0.6495212, 47.9036506], [0.6508253, 47.9030382], [0.6510077, 47.9028767], [0.6509435, 47.9027702], [0.6509585, 47.9026992], [0.6512866, 47.902188], [0.6514692, 47.9020973], [0.6528319, 47.9016675], [0.6529976, 47.9016885], [0.6530653, 47.9016643], [0.6532602, 47.9017227], [0.6534401, 47.9016928], [0.6536297, 47.9017964], [0.6538106, 47.9018066], [0.6540109, 47.9018143], [0.6541836, 47.9016971], [0.6546595, 47.9015148], [0.6548643, 47.9014854], [0.655578, 47.9014368], [0.6556692, 47.9014194], [0.6558008, 47.9014557], [0.65589, 47.9014848], [0.6560351, 47.9014333], [0.6562548, 47.9014698], [0.6563564, 47.9014335], [0.6565045, 47.9012108], [0.6565595, 47.9008903], [0.6564907, 47.9007107], [0.6562035, 47.9005352], [0.6560834, 47.9001572], [0.6558389, 47.8999347], [0.655756, 47.8997941], [0.6554613, 47.8997325], [0.6555562, 47.8996328], [0.6556706, 47.8995503], [0.6558221, 47.899543], [0.6559498, 47.8995336], [0.655975, 47.8995037], [0.6559768, 47.8994901], [0.6559789, 47.8992597], [0.6557508, 47.8992767], [0.6556833, 47.8992433], [0.6556707, 47.8992054], [0.6556889, 47.8991272], [0.6558171, 47.8990461], [0.6563143, 47.8989427], [0.6563558, 47.8988801], [0.6564316, 47.8986554], [0.6567298, 47.8984985], [0.65703, 47.8985216], [0.6573751, 47.8984823], [0.6576157, 47.8985028], [0.6577011, 47.8985311], [0.6577434, 47.8986007], [0.6578325, 47.8987145], [0.6581488, 47.8989021], [0.6582285, 47.8988879], [0.6586243, 47.8990668], [0.6588318, 47.8990575], [0.6589823, 47.899004], [0.6590402, 47.8990629], [0.6593312, 47.8990654], [0.6594367, 47.8991887], [0.6603464, 47.899093], [0.660679, 47.8989446], [0.6608811, 47.8987375], [0.6610389, 47.8986687], [0.6611518, 47.8985926], [0.661325, 47.8985513], [0.6613564, 47.8983127], [0.6614128, 47.8982176], [0.6615277, 47.8981713], [0.6614661, 47.898118], [0.6615175, 47.8978735], [0.6616555, 47.8978367], [0.6619049, 47.8978305], [0.6619421, 47.8977882], [0.6618964, 47.8976073], [0.6620088, 47.8974972], [0.6620047, 47.8974394], [0.6619841, 47.8973372], [0.6619964, 47.897325], [0.6622675, 47.8972841], [0.6621894, 47.8971501], [0.662311, 47.8969919], [0.6622076, 47.8969705], [0.6622301, 47.8968454], [0.6626383, 47.8966002], [0.6629036, 47.8963286], [0.6629525, 47.896213], [0.6630909, 47.896131], [0.6633929, 47.8960749], [0.6635321, 47.8958616], [0.6639, 47.8957276], [0.6642485, 47.8954993], [0.6643522, 47.8951766], [0.6643417, 47.8950734], [0.6641749, 47.8946007], [0.6639256, 47.8943235], [0.6631775, 47.8938689], [0.6633278, 47.8936653], [0.6634048, 47.8935254], [0.6633948, 47.8934867], [0.6633972, 47.8934336], [0.6634218, 47.8934103], [0.6635053, 47.8933673], [0.663483, 47.8933222], [0.6634894, 47.8933093], [0.6636245, 47.8932051], [0.6637624, 47.8931519], [0.6639057, 47.8931446], [0.6639602, 47.893131], [0.6640184, 47.8930915], [0.6640542, 47.8930424], [0.6640427, 47.8929618], [0.6640722, 47.8929239], [0.6641534, 47.892727], [0.6642096, 47.8926376], [0.6643628, 47.892167], [0.6644112, 47.8919069], [0.6643875, 47.8917608], [0.6643597, 47.891717], [0.6642555, 47.8916125], [0.6642503, 47.8915828], [0.6643723, 47.8915001], [0.6644104, 47.8914375], [0.6644156, 47.8913776], [0.6643747, 47.891353], [0.664282, 47.8913008], [0.6641697, 47.891084], [0.6641332, 47.8910544], [0.6640589, 47.8910427], [0.6639702, 47.8910506], [0.6639021, 47.8910492], [0.6638473, 47.8910328], [0.6637716, 47.8909261], [0.6637644, 47.8908483], [0.6636891, 47.8906392], [0.6636312, 47.8905798], [0.6635404, 47.8905236], [0.6633566, 47.8905119], [0.6631844, 47.8905265], [0.6630453, 47.8905141], [0.6629664, 47.890491], [0.6628989, 47.8903651], [0.6628642, 47.8903491], [0.6624163, 47.8904166], [0.6622008, 47.8903658], [0.66189, 47.8903987], [0.6613709, 47.8900333], [0.6613272, 47.8899651], [0.6614439, 47.8898449], [0.6614473, 47.8898077], [0.6613991, 47.8897014], [0.6613153, 47.8896567], [0.661067, 47.8895837], [0.6609979, 47.8894386], [0.6609876, 47.8893682], [0.6609722, 47.8892889], [0.6609088, 47.8892708], [0.6608126, 47.8892928], [0.6606707, 47.8895116], [0.6606133, 47.8895432], [0.6605326, 47.8895664], [0.6604851, 47.8895102], [0.6604199, 47.889452], [0.6600749, 47.8893994], [0.6600004, 47.8893619], [0.6599658, 47.8892595], [0.6599429, 47.8892134], [0.6599634, 47.8891538], [0.6599548, 47.8890808], [0.6599321, 47.8890572], [0.659936, 47.8890244], [0.6599771, 47.888878], [0.6600277, 47.8888367], [0.6601079, 47.8888007], [0.6601405, 47.8887629], [0.6601115, 47.8886943], [0.6600324, 47.8886527], [0.6600244, 47.8886197], [0.6600629, 47.8885845], [0.6601051, 47.8885726], [0.6601704, 47.8885491], [0.6601929, 47.8884983], [0.6602071, 47.8883682], [0.6599445, 47.8883348], [0.6598391, 47.8882982], [0.659758, 47.8882486], [0.6597484, 47.888146], [0.6598169, 47.8880769], [0.6598255, 47.8880459], [0.6597604, 47.8879853], [0.6595199, 47.88791], [0.6594947, 47.8878615], [0.659508, 47.8878033], [0.65973, 47.8877094], [0.6597505, 47.8876771], [0.6597481, 47.8876514], [0.6597684, 47.887623], [0.6597663, 47.8875902], [0.6596961, 47.8875379], [0.659682, 47.8875076], [0.6597451, 47.8874417], [0.6597144, 47.8873222], [0.6597297, 47.8872438], [0.6598162, 47.8871369], [0.6599012, 47.8870326], [0.6599054, 47.886958], [0.6597463, 47.8869013], [0.6596368, 47.8868484], [0.6596148, 47.8868065], [0.6598139, 47.8864805], [0.659814, 47.886361], [0.6598431, 47.8863066], [0.6602257, 47.8862187], [0.6602894, 47.8861854], [0.6605058, 47.885881], [0.6605159, 47.8858143], [0.6594923, 47.8849064], [0.6594169, 47.8846478], [0.6592914, 47.8841191], [0.6593332, 47.883509], [0.6596979, 47.8833838], [0.6597682, 47.8833047], [0.659754, 47.8827715], [0.6598001, 47.8826936], [0.6595473, 47.8824672], [0.6596601, 47.8823703], [0.6593938, 47.8820492], [0.659349, 47.8817817], [0.6592857, 47.8816477], [0.6591712, 47.8815078], [0.6589739, 47.8814667], [0.6589343, 47.8814384], [0.6589103, 47.8813423], [0.6590449, 47.8811549], [0.659312, 47.8810265], [0.6596449, 47.8810919], [0.6598036, 47.881082], [0.6598381, 47.8808292], [0.6598831, 47.8806986], [0.659837, 47.8806163], [0.6599254, 47.8803121], [0.6598947, 47.8802445], [0.6599619, 47.8801717], [0.660013, 47.8801441], [0.6600684, 47.8799001], [0.6602661, 47.8794175], [0.6602866, 47.8793582], [0.6602831, 47.879278], [0.659877, 47.8787066], [0.6598362, 47.8782108], [0.6597981, 47.8781356], [0.6596903, 47.8780185], [0.659655, 47.8779924], [0.659565, 47.8779812], [0.6594233, 47.8780029], [0.6593343, 47.8779977], [0.6592217, 47.8779598], [0.6591894, 47.877922], [0.6591623, 47.8776467], [0.6591818, 47.8776088], [0.6591674, 47.8775738], [0.659118, 47.8775465], [0.6590711, 47.8775408], [0.6585719, 47.8775404], [0.6586091, 47.8774175], [0.658835, 47.8772153], [0.6589524, 47.8771735], [0.6589469, 47.8771375], [0.658818, 47.8770021], [0.6585155, 47.8769709], [0.6583074, 47.8768949], [0.6581848, 47.8768959], [0.6581071, 47.8769242], [0.6579161, 47.8769813], [0.6578109, 47.8769887], [0.6577516, 47.8769648], [0.6577293, 47.876907], [0.6577354, 47.8768114], [0.657908, 47.8766894], [0.6578963, 47.8766342], [0.6578264, 47.8766065], [0.6577049, 47.876543], [0.657763, 47.876476], [0.6581242, 47.8763878], [0.6582648, 47.8763428], [0.6583046, 47.8762886], [0.6582996, 47.8762419], [0.6581088, 47.8760993], [0.6579986, 47.8760217], [0.6580039, 47.8759429], [0.6581068, 47.8758673], [0.6581313, 47.8758367], [0.6581345, 47.8756873], [0.6581771, 47.8755304], [0.6580423, 47.8754005], [0.6580139, 47.8753339], [0.658101, 47.8752148], [0.6583158, 47.8750763], [0.6584998, 47.8749524], [0.6585867, 47.8750049], [0.6587194, 47.8749595], [0.6588933, 47.8748658], [0.6590654, 47.8746732], [0.6591203, 47.8745506], [0.659306, 47.8743846], [0.6596242, 47.8740977], [0.6597994, 47.873759], [0.6597968, 47.8731722], [0.659637, 47.8726369], [0.6592636, 47.8721403], [0.6590339, 47.8718722], [0.6587496, 47.8717062], [0.6584651, 47.871584], [0.6576379, 47.8714213], [0.6574602, 47.8714016], [0.6572664, 47.8714738], [0.6567322, 47.8715553], [0.656595, 47.8715762], [0.6563974, 47.8716002], [0.6562977, 47.8715661], [0.6561968, 47.8714279], [0.6559997, 47.8713117], [0.6558793, 47.871271], [0.6556662, 47.8712443], [0.65549, 47.8711381], [0.6553317, 47.8711637], [0.6552136, 47.8711421], [0.6551307, 47.8710795], [0.6552609, 47.8709179], [0.655223, 47.8706167], [0.6549102, 47.8704789], [0.6547331, 47.8701596], [0.6545227, 47.8699794], [0.6545055, 47.869859], [0.6544118, 47.8696525], [0.6542734, 47.8694907], [0.6542819, 47.8694131], [0.654393, 47.8692345], [0.6545177, 47.8688662], [0.6548735, 47.8686549], [0.6550106, 47.8685097], [0.6552678, 47.8683339], [0.6554337, 47.8682904], [0.6556549, 47.8682452], [0.655881, 47.8682162], [0.6559411, 47.8680662], [0.6560805, 47.8680533], [0.6563546, 47.8678629], [0.6565109, 47.867692], [0.6565277, 47.8674823], [0.6565743, 47.8669865], [0.656678, 47.8668668], [0.656676, 47.8667729], [0.6565439, 47.866661], [0.6565196, 47.8666151], [0.6565301, 47.8665477], [0.6565745, 47.8662609], [0.6566459, 47.866183], [0.656669, 47.8660266], [0.6566374, 47.8659675], [0.6564297, 47.8658587], [0.6564129, 47.8657753], [0.656842, 47.8652842], [0.657043, 47.8650852], [0.6574066, 47.8648281], [0.6576723, 47.8646644], [0.6576383, 47.864456], [0.6578437, 47.8643341], [0.6582298, 47.864162], [0.658414, 47.8639812], [0.6585274, 47.8639005], [0.6598431, 47.8634121], [0.6599418, 47.863469], [0.6601508, 47.8634611], [0.6602189, 47.8633194], [0.6604063, 47.8632694], [0.6606118, 47.8630721], [0.6606756, 47.8631272], [0.6607797, 47.8631494], [0.6609186, 47.8631122], [0.6609824, 47.8630135], [0.661051, 47.8629642], [0.6612724, 47.862818], [0.6613122, 47.8627465], [0.6612186, 47.8625923], [0.6611232, 47.8625273], [0.661053, 47.862412], [0.6611169, 47.8622626], [0.6611968, 47.8621627], [0.6611898, 47.8621164], [0.6609916, 47.8619986], [0.6607759, 47.862068], [0.6605367, 47.8621031], [0.6604237, 47.8620746], [0.6602798, 47.8619194], [0.6603031, 47.8617061], [0.6603654, 47.8615935], [0.6603813, 47.8615431], [0.6602882, 47.8614797], [0.6597873, 47.8615894], [0.6595891, 47.8616761], [0.6593704, 47.8617116], [0.65934, 47.8616741], [0.6593235, 47.8615353], [0.6592816, 47.8615006], [0.6589688, 47.8614927], [0.6588991, 47.8615174], [0.6588574, 47.8616827], [0.65878, 47.8617257], [0.6586628, 47.8617402], [0.6585227, 47.8619066], [0.6584657, 47.8619546], [0.6583739, 47.8619635], [0.6583222, 47.8618932], [0.6583678, 47.8617942], [0.6582862, 47.8615772], [0.6581668, 47.8614363], [0.6581113, 47.8613998], [0.6578526, 47.8614099], [0.6576964, 47.8613775], [0.6576113, 47.8613373], [0.6576651, 47.8612092], [0.6576549, 47.8610813], [0.6578066, 47.8609598], [0.6578937, 47.8606524], [0.6578105, 47.8604185], [0.6578428, 47.86021], [0.6578348, 47.8600329], [0.6578715, 47.8599798], [0.6579497, 47.8599676], [0.658241, 47.8600474], [0.6582985, 47.8600393], [0.6585075, 47.8598652], [0.6585725, 47.8596732], [0.6584853, 47.8595918], [0.6582681, 47.8595552], [0.6582175, 47.8594604], [0.6581509, 47.8594167], [0.657992, 47.8594181], [0.6577928, 47.859351], [0.6577781, 47.859314], [0.6578399, 47.8591619], [0.6579744, 47.8589277], [0.6580737, 47.8588798], [0.6581749, 47.8588654], [0.6584545, 47.8587988], [0.6585871, 47.8587477], [0.6588125, 47.8584631], [0.6588147, 47.8583124], [0.6587859, 47.8582411], [0.658609, 47.8581605], [0.6584562, 47.8580528], [0.658465, 47.8580084], [0.6586194, 47.85793], [0.6586306, 47.8578857], [0.6585078, 47.8577186], [0.6585166, 47.8576772], [0.6586344, 47.8575981], [0.6587055, 47.8575411], [0.6587434, 47.8574111], [0.6588665, 47.8573174], [0.6589545, 47.8571154], [0.6589608, 47.8569415], [0.6590187, 47.8567676], [0.659061, 47.8566184], [0.659013, 47.856501], [0.6588581, 47.8563869], [0.6587444, 47.8561138], [0.6586495, 47.8559258], [0.6586897, 47.8556787], [0.6585894, 47.8555028], [0.6583288, 47.8555179], [0.6582307, 47.8554727], [0.6581439, 47.8552678], [0.6579898, 47.8551512], [0.6577963, 47.854773], [0.6577844, 47.8546614], [0.6579175, 47.8545245], [0.6578303, 47.8544169], [0.6573627, 47.854014], [0.6568706, 47.8532787], [0.6568431, 47.8531098], [0.657247, 47.8521049], [0.6573778, 47.8517965], [0.6579005, 47.851386], [0.6581106, 47.8511479], [0.6583285, 47.8507238], [0.6584134, 47.8503645], [0.6583483, 47.850293], [0.6581185, 47.8501228], [0.6577044, 47.8499898], [0.6573814, 47.8500563], [0.6570525, 47.8500177], [0.6569811, 47.8499153], [0.6570133, 47.8495663], [0.6564266, 47.8490934], [0.6558404, 47.8487663], [0.6555868, 47.8486139], [0.6552735, 47.8482829], [0.6551797, 47.848217], [0.6550746, 47.8482161], [0.6548042, 47.8480243], [0.6547818, 47.847808], [0.6548798, 47.8475165], [0.6549499, 47.8474987], [0.6552105, 47.84754], [0.6552693, 47.8475034], [0.6552595, 47.847383], [0.6551811, 47.8472796], [0.6547439, 47.8470022], [0.6547677, 47.8469382], [0.6549415, 47.8468611], [0.6550312, 47.8466778], [0.6552904, 47.8465518], [0.6553996, 47.8462923], [0.6556683, 47.846097], [0.6558616, 47.8459728], [0.6561334, 47.8458299], [0.6562736, 47.8455779], [0.6565089, 47.845403], [0.6566462, 47.8451153], [0.6566266, 47.8447711], [0.6566308, 47.8447156], [0.6567213, 47.8446015], [0.6568025, 47.8445097], [0.6567847, 47.8444366], [0.6568956, 47.8441055], [0.6570423, 47.8439472], [0.6575812, 47.8433913], [0.6576426, 47.8433036], [0.6575922, 47.8431143], [0.6575782, 47.8426483], [0.6576436, 47.8424475], [0.6576167, 47.8423892], [0.6575683, 47.8423198], [0.6571859, 47.8421935], [0.6569382, 47.842131], [0.6567149, 47.8419105], [0.656398, 47.8416029], [0.6562217, 47.8415231], [0.6561365, 47.841317], [0.6560414, 47.8412758], [0.6559423, 47.8411149], [0.6557124, 47.8409726], [0.6553241, 47.8408834], [0.6551735, 47.8408954], [0.6548604, 47.840938], [0.6546385, 47.8408795], [0.6540758, 47.8406613], [0.6538994, 47.8405097], [0.6538954, 47.8404153], [0.6539375, 47.8401823], [0.6539095, 47.8400168], [0.6537834, 47.8397685], [0.6540552, 47.839287], [0.6541841, 47.839255], [0.654411, 47.8393114], [0.6545792, 47.8392531], [0.6545848, 47.8391233], [0.6545736, 47.8389183], [0.6546969, 47.8386795], [0.6549555, 47.838306], [0.655005, 47.8382089], [0.6550664, 47.8379775], [0.6549753, 47.8376942], [0.6550605, 47.8374175], [0.6549991, 47.8372805], [0.6548485, 47.8371954], [0.6548425, 47.8371036], [0.6549495, 47.8370358], [0.6551734, 47.836972], [0.6554984, 47.836956], [0.6555717, 47.8368961], [0.6555644, 47.8367366], [0.6555503, 47.8366238], [0.6554887, 47.8365335], [0.6553794, 47.8364394], [0.6552001, 47.8364018], [0.6551188, 47.8363529], [0.6551328, 47.8362513], [0.655158, 47.8361705], [0.6550852, 47.8360745], [0.6549843, 47.8360689], [0.654917, 47.8361817], [0.6548078, 47.8361949], [0.6547209, 47.8360877], [0.6546957, 47.8359128], [0.6545135, 47.8357077], [0.6544407, 47.8355384], [0.6543958, 47.8354237], [0.6541969, 47.8353052], [0.6537457, 47.8349967], [0.6530256, 47.8347747], [0.6524402, 47.834584], [0.6523926, 47.8345481], [0.6522401, 47.8345388], [0.6521529, 47.834584], [0.6520518, 47.8346319], [0.651824, 47.8346598], [0.6517447, 47.8346372], [0.6515565, 47.8343805], [0.651503, 47.8343499], [0.6512949, 47.8343512], [0.6511879, 47.8343393], [0.651174, 47.8342914], [0.6512909, 47.8342262], [0.6513167, 47.8341531], [0.6513504, 47.8340294], [0.6514911, 47.8338751], [0.6516357, 47.8338232], [0.6517328, 47.833774], [0.6517407, 47.8336942], [0.6517051, 47.8336383], [0.6514891, 47.8335572], [0.651396, 47.8335026], [0.6512375, 47.833222], [0.6511562, 47.8331674], [0.6510928, 47.8331608], [0.6509541, 47.8332047], [0.6509184, 47.833359], [0.6508808, 47.8333989], [0.6508055, 47.8334042], [0.6506945, 47.8333656], [0.6505776, 47.8332579], [0.6505182, 47.8331435], [0.6505321, 47.8330065], [0.6506252, 47.8328535], [0.6505959, 47.832744], [0.6504782, 47.8326048], [0.6499906, 47.8322399], [0.6498224, 47.8320555], [0.6496963, 47.8317847], [0.6492982, 47.8313524], [0.6491969, 47.8312094], [0.6491026, 47.8310667], [0.6484776, 47.8307414], [0.6484539, 47.830651], [0.6485688, 47.8303357], [0.6488779, 47.8296466], [0.6490939, 47.8290534], [0.649086, 47.8289789], [0.6490066, 47.8289387], [0.6482552, 47.8289396], [0.6481477, 47.829027], [0.6477968, 47.8289586], [0.6477232, 47.8287686], [0.6474629, 47.8285217], [0.6471459, 47.8284495], [0.647078, 47.8283811], [0.6470327, 47.8281949], [0.6470327, 47.8280049], [0.6472082, 47.8279327], [0.6473157, 47.8279897], [0.6475025, 47.8279669], [0.6476326, 47.8278225], [0.6475817, 47.8277389], [0.6473553, 47.8276477], [0.6471233, 47.8274502], [0.6470554, 47.8271044], [0.6472308, 47.826827], [0.6472931, 47.826694], [0.6471799, 47.8263938], [0.6469195, 47.8259417], [0.6467837, 47.8259151], [0.6467214, 47.8260176], [0.646563, 47.826105], [0.6463649, 47.8260556], [0.6460253, 47.8258961], [0.6457706, 47.8258353], [0.6455329, 47.8257441], [0.6453914, 47.8256491], [0.6453575, 47.8255237], [0.6454141, 47.8253831], [0.6449839, 47.8250563], [0.6448085, 47.8249841], [0.6445425, 47.8249841], [0.6442595, 47.8247789], [0.6440897, 47.8246041], [0.6439935, 47.8243609], [0.6440048, 47.8241785], [0.6437615, 47.8239049], [0.6436822, 47.8236655], [0.643818, 47.8233197], [0.6439935, 47.8230081], [0.6443161, 47.8229815], [0.644418, 47.8228865], [0.6442935, 47.8227763], [0.6441123, 47.8226433], [0.6443953, 47.8224837], [0.6445595, 47.8224913], [0.6448707, 47.8225331], [0.6455725, 47.8222747], [0.6461725, 47.8221759], [0.6465347, 47.8221151], [0.6467554, 47.8220429], [0.6468516, 47.8218909], [0.6469082, 47.8218491], [0.6470214, 47.8217845], [0.6469478, 47.8216287], [0.6469195, 47.8214539], [0.6467384, 47.8214805], [0.6465234, 47.8214311], [0.6464894, 47.8213019], [0.6466365, 47.8212031], [0.6468743, 47.8210397], [0.6469252, 47.8208877], [0.6468233, 47.8206673], [0.6469082, 47.8202986], [0.6470384, 47.8198768], [0.6469082, 47.819531], [0.6467534, 47.8194927], [0.6461611, 47.8195614], [0.6460819, 47.819474], [0.6461725, 47.8191434], [0.6461045, 47.8189116], [0.6458895, 47.8188583], [0.6454537, 47.8188241], [0.645165, 47.8188241], [0.6449273, 47.8186037], [0.6446896, 47.8182503], [0.6445708, 47.8180413], [0.6443218, 47.8179729], [0.6441859, 47.8180755], [0.643886, 47.8179501], [0.6438746, 47.8178057], [0.6438633, 47.8176536], [0.6437218, 47.8175396], [0.6434558, 47.817494], [0.6430653, 47.8173876], [0.6429238, 47.817228], [0.6430314, 47.8169392], [0.6431728, 47.8167225], [0.643037, 47.8166465], [0.6428842, 47.8165629], [0.6426125, 47.8164831], [0.6424937, 47.8164337], [0.6425956, 47.8161677], [0.6427823, 47.8161487], [0.6429182, 47.8160118], [0.6427937, 47.815533], [0.642805, 47.8152897], [0.6429578, 47.8151947], [0.6429877, 47.814873], [0.6430257, 47.8146702], [0.6431163, 47.8145106], [0.6430314, 47.8142712], [0.6428559, 47.8140279], [0.6425786, 47.81353], [0.6426408, 47.813321], [0.6429691, 47.813188], [0.6431094, 47.8129241], [0.6433495, 47.8127629], [0.6436035, 47.8127306], [0.6437408, 47.8127622], [0.6440081, 47.8129854], [0.6440984, 47.8129975], [0.6441996, 47.8129368], [0.6444235, 47.8127403], [0.6449618, 47.812653], [0.6450701, 47.8125996], [0.6451135, 47.8124711], [0.645081, 47.8121703], [0.6448787, 47.8120441], [0.6445174, 47.8118743], [0.6445574, 47.811786], [0.6449086, 47.8116229], [0.6456664, 47.8110678], [0.645772, 47.8109207], [0.6457958, 47.8105837], [0.6459859, 47.8105039], [0.6466645, 47.8104649], [0.6469602, 47.8105713], [0.6473298, 47.8105873], [0.6478709, 47.8104832], [0.648108, 47.8103364], [0.6481566, 47.8103352], [0.6486079, 47.8103917], [0.6487769, 47.810647], [0.6488799, 47.8106727], [0.6489881, 47.8106275], [0.6490779, 47.8104981], [0.6491003, 47.8103101], [0.649173, 47.810272], [0.6496496, 47.8101815], [0.6497904, 47.8101949], [0.6499295, 47.81025], [0.6501722, 47.8103717], [0.6502702, 47.8103967], [0.6503235, 47.8104582], [0.6501741, 47.8105717], [0.6502068, 47.81063], [0.6503011, 47.8106858], [0.6504756, 47.8107027], [0.650655, 47.81065], [0.6517902, 47.8099918], [0.652059, 47.8097736], [0.6537433, 47.8084873], [0.6546841, 47.807824], [0.6554252, 47.8074792], [0.6562899, 47.8073392], [0.656452, 47.807264], [0.6566484, 47.8071497], [0.6567331, 47.8070474], [0.6567613, 47.8068749], [0.6567528, 47.8066361], [0.6569644, 47.8063386], [0.6568036, 47.8061643], [0.6568036, 47.8060146], [0.657351, 47.8057546], [0.6576344, 47.8055161], [0.6577182, 47.8052132], [0.6581451, 47.8049908], [0.6585481, 47.804696], [0.6585042, 47.8045379], [0.6584803, 47.8043878], [0.6585761, 47.8042699], [0.6587345, 47.8041274], [0.6590542, 47.804011], [0.6592893, 47.8038891], [0.6594914, 47.8038587], [0.6596379, 47.8038407], [0.661294, 47.802889], [0.6625671, 47.8021301], [0.6630151, 47.801907], [0.6630647, 47.8018953], [0.6633797, 47.8017777], [0.6634632, 47.8017692], [0.6636772, 47.8018326], [0.6641059, 47.8021323], [0.6643772, 47.8023655], [0.6650305, 47.8022107], [0.6651793, 47.8022303], [0.6652901, 47.8023929], [0.6654845, 47.8026091], [0.6656536, 47.8026815], [0.6658315, 47.8026894], [0.6659249, 47.8025444], [0.666024, 47.8023779], [0.6663915, 47.8022701], [0.6667124, 47.8022212], [0.6668115, 47.8021487], [0.6669486, 47.8019214], [0.6671061, 47.8018665], [0.667204, 47.8016198], [0.6674416, 47.8012776], [0.6677145, 47.801163], [0.6677486, 47.8010513], [0.6676932, 47.8009368], [0.6678467, 47.8001262], [0.6678808, 47.7998455], [0.6681579, 47.7997338], [0.6681323, 47.7995677], [0.6682688, 47.7994331], [0.6685886, 47.7993042], [0.6688359, 47.7994273], [0.6690107, 47.799539], [0.6697398, 47.7991123], [0.6698336, 47.7991381], [0.6700724, 47.7992383], [0.6703283, 47.7994674], [0.6705073, 47.7995133], [0.6708186, 47.7991724], [0.6713473, 47.7989347], [0.6726223, 47.7982702], [0.6727928, 47.7982043], [0.6723656, 47.7979612], [0.6723656, 47.7978579], [0.6725586, 47.7977728], [0.6724501, 47.7975784], [0.6722963, 47.7973698], [0.6723687, 47.7973049], [0.6727244, 47.7973272], [0.6731676, 47.7974163], [0.6740782, 47.797388], [0.6756899, 47.7973212], [0.6763704, 47.797308], [0.6769551, 47.7972337], [0.6776545, 47.797107], [0.6777639, 47.7971207], [0.677803, 47.7971256], [0.677972, 47.7971313], [0.6788206, 47.79686], [0.6790013, 47.7969017], [0.6790753, 47.7968809], [0.6796466, 47.7965726], [0.6799727, 47.7964808], [0.680201, 47.7964228], [0.6809165, 47.796084], [0.6809419, 47.7960353], [0.6808631, 47.795866], [0.680635, 47.7956981], [0.6803472, 47.7956766], [0.6802637, 47.7956145], [0.6803106, 47.7955305], [0.6806172, 47.7952795], [0.6811288, 47.7951199], [0.6813609, 47.7951246], [0.6815278, 47.7951034], [0.6818855, 47.794972], [0.6819851, 47.7950456], [0.6821492, 47.7952368], [0.6822364, 47.7952162], [0.6823676, 47.7951025], [0.6824808, 47.7950936], [0.6828787, 47.7951777], [0.6830552, 47.7951634], [0.683089, 47.7951507], [0.6831363, 47.7950577], [0.6830014, 47.7949566], [0.6828847, 47.7948938], [0.6828189, 47.7946523], [0.6826293, 47.7943797], [0.6826214, 47.7942403], [0.6827054, 47.7938831], [0.6829225, 47.7936993], [0.6831757, 47.7935984], [0.6833049, 47.7935963], [0.6834793, 47.793633], [0.683597, 47.7936781], [0.6837712, 47.7936658], [0.6838793, 47.7937155], [0.6840348, 47.7938056], [0.6843986, 47.7934366], [0.6843756, 47.7932685], [0.6844758, 47.7932326], [0.6846376, 47.7932358], [0.6847365, 47.7931224], [0.6849003, 47.7930799], [0.6852519, 47.7930901], [0.6856088, 47.7931907], [0.6861567, 47.7932729], [0.6863855, 47.7933519], [0.6866769, 47.793606], [0.6869016, 47.7937244], [0.6870963, 47.7937284], [0.6891051, 47.7930969], [0.6897989, 47.7929591], [0.6899105, 47.7928759], [0.6899554, 47.7927646], [0.6901773, 47.7926821], [0.691308, 47.7922178], [0.6919673, 47.791956], [0.692342, 47.7918686], [0.6926972, 47.7916386], [0.6928125, 47.7915777], [0.6931512, 47.7915608], [0.6934843, 47.7915643], [0.6935843, 47.7916375], [0.6937315, 47.7917037], [0.6939017, 47.7916771], [0.6942738, 47.7917542], [0.6944404, 47.7917544], [0.6945272, 47.7917024], [0.6950926, 47.7910701], [0.6949069, 47.7909715], [0.6948817, 47.7909046], [0.6956606, 47.7903288], [0.6959666, 47.7901484], [0.6966167, 47.7896697], [0.6969917, 47.7894685], [0.6971852, 47.7893917], [0.6973553, 47.7893667], [0.6977476, 47.7894631], [0.6979864, 47.7894221], [0.6982845, 47.7893832], [0.698576, 47.7893617], [0.6986296, 47.7893699], [0.6987592, 47.7894634], [0.6988784, 47.7895014], [0.6992714, 47.7896027], [0.6994941, 47.7896087], [0.6999636, 47.7898174], [0.7001461, 47.789829], [0.7003389, 47.789874], [0.7004201, 47.7899484], [0.7004886, 47.7900933], [0.7006313, 47.7901689], [0.700762, 47.7902542], [0.7008892, 47.7902657], [0.7010381, 47.7902397], [0.7013499, 47.7901308], [0.7015435, 47.7899535], [0.7016059, 47.7899313], [0.7019303, 47.7899143], [0.7019865, 47.7898808], [0.7020472, 47.7897098], [0.7021439, 47.7896614], [0.7022461, 47.7896758], [0.7022786, 47.7897301], [0.7022647, 47.7898562], [0.7023041, 47.7899028], [0.7023653, 47.7899085], [0.7024559, 47.7899215], [0.7025544, 47.7899839], [0.7035133, 47.7898756], [0.7040609, 47.7897625], [0.7041531, 47.7897051], [0.7042624, 47.7895966], [0.7044705, 47.7895057], [0.7048341, 47.789201], [0.7047379, 47.7890493], [0.704746, 47.7889801], [0.7048568, 47.7889499], [0.7051509, 47.7889782], [0.7052986, 47.7890527], [0.7053917, 47.788936], [0.7055016, 47.7888152], [0.7058363, 47.7885636], [0.7058839, 47.7885377], [0.7059616, 47.7885449], [0.7060807, 47.7886278], [0.7065011, 47.788577], [0.70683, 47.788569], [0.7070649, 47.788472], [0.7072645, 47.7884234], [0.7074098, 47.7883257], [0.7077536, 47.7882811], [0.7081246, 47.7880716], [0.7088125, 47.7879389], [0.709778, 47.7877939], [0.7103699, 47.7876983], [0.710779, 47.7875873], [0.7108799, 47.7875001], [0.7110155, 47.7873608], [0.7112782, 47.7872732], [0.7119488, 47.787134], [0.7132605, 47.7867595], [0.7133566, 47.7866628], [0.7134073, 47.7865231], [0.7135076, 47.786484], [0.7137749, 47.7865953], [0.7138737, 47.7866953], [0.7142552, 47.7866112], [0.7144248, 47.7866494], [0.7145442, 47.7866565], [0.7148505, 47.7865115], [0.7152593, 47.7865711], [0.7153446, 47.7865191], [0.7156027, 47.7863096], [0.7158231, 47.7863543], [0.7160077, 47.7862305], [0.7161999, 47.7861605], [0.7164219, 47.7861694], [0.7167169, 47.7861775], [0.7167784, 47.7860602], [0.7169098, 47.785714], [0.717176, 47.7856209], [0.7174304, 47.7855723], [0.7176561, 47.785494], [0.7180831, 47.7855205], [0.7182989, 47.785442], [0.718433, 47.785637], [0.7186027, 47.7857768], [0.7188781, 47.7857779], [0.7195507, 47.7855743], [0.720762, 47.7851876]]}, "properties": {"name": "Le Tusson", "waterway": "stream", "ref:sandre": "M1254000"}}, {"type": "Feature", "geometry": {"type": "LineString", "coordinates": [[0.3892017, 47.6758565], [0.3890247, 47.6758146], [0.3888705, 47.6757674], [0.3887179, 47.675689], [0.3885304, 47.6755926], [0.3882989, 47.6755002], [0.3881079, 47.6754337], [0.3878826, 47.6754039], [0.387689, 47.675407], [0.3874438, 47.6754547], [0.3871563, 47.6755491], [0.3869919, 47.6756419], [0.3868272, 47.675759], [0.3865649, 47.6759387], [0.3863809, 47.6760662], [0.386143, 47.6761828], [0.3857996, 47.6763062], [0.3835581, 47.6771062], [0.3829756, 47.6772852], [0.3813692, 47.6775041], [0.3796899, 47.6773843], [0.376178, 47.6769561], [0.3720691, 47.6764472], [0.3693774, 47.6758894], [0.366864, 47.6754638], [0.3649436, 47.6749509], [0.362535, 47.6740515], [0.3614084, 47.6735783], [0.3605716, 47.6732821], [0.3592948, 47.6730401], [0.3571008, 47.6722635], [0.3560708, 47.6717289], [0.3547405, 47.6708944], [0.3539626, 47.6702009], [0.3532811, 47.669257], [0.353026, 47.6689678], [0.3527449, 47.6686887], [0.3524984, 47.6684852], [0.3521926, 47.6682901], [0.3520102, 47.6681347], [0.35186, 47.6679758], [0.3516991, 47.6677879], [0.3515864, 47.667629], [0.3515489, 47.6675098], [0.3515221, 47.6673869], [0.3515221, 47.6672713], [0.3515918, 47.6671594], [0.3516669, 47.6670799], [0.3518171, 47.6669932], [0.3519137, 47.666892], [0.3519995, 47.6666897], [0.352021, 47.6665597], [0.3520314, 47.6663138]]}, "properties": {"name": "Le Loir", "waterway": "river"}}, {"type": "Feature", "geometry": {"type": "LineString", "coordinates": [[0.3960682, 47.6701628], [0.3959352, 47.6704361], [0.3958214, 47.6706465], [0.3956605, 47.6708932], [0.3954593, 47.671108], [0.3952689, 47.6712897], [0.39509, 47.6714585], [0.3949872, 47.67157], [0.3940059, 47.6729555], [0.3938469, 47.6733062], [0.3935651, 47.6739274], [0.3928882, 47.6745175], [0.3918546, 47.6752244], [0.3910612, 47.6754898], [0.3902967, 47.6756701], [0.3896577, 47.6758218], [0.3894056, 47.6758511], [0.3892017, 47.6758565], [0.3890945, 47.6758695], [0.3890086, 47.6759054], [0.388955, 47.6759602], [0.3889013, 47.6760239], [0.3888321, 47.6760718], [0.3887189, 47.6761079], [0.3884132, 47.6761287], [0.3881289, 47.6761359], [0.3878499, 47.6761539], [0.3876085, 47.6761539], [0.3872223, 47.6761467], [0.3869272, 47.676125], [0.3866805, 47.6761287], [0.3864321, 47.6761474], [0.386143, 47.6761828]]}, "properties": {"name": "Le Loir", "waterway": "river"}}, {"type": "Feature", "geometry": {"type": "LineString", "coordinates": [[0.3955948, 47.6699637], [0.3955452, 47.669959], [0.3954942, 47.669959], [0.3954593, 47.6699699], [0.3954298, 47.6699916], [0.3954084, 47.6700313], [0.3953976, 47.6700656], [0.3953976, 47.6701035], [0.3954164, 47.6701598], [0.395462, 47.6702059], [0.3954567, 47.6705009], [0.3954191, 47.6705768], [0.3953279, 47.6706887], [0.3951777, 47.6708332], [0.3951026, 47.6709669], [0.3950704, 47.6711222], [0.3950382, 47.671339], [0.3949872, 47.67157]]}, "properties": {"name": "Le Loir", "waterway": "river"}}, {"type": "Feature", "geometry": {"type": "LineString", "coordinates": [[0.3960682, 47.6701628], [0.3960378, 47.6701876], [0.3960037, 47.6702047], [0.3959448, 47.6702187], [0.3958564, 47.6702164], [0.395749, 47.6702011], [0.3956364, 47.6701848], [0.3955586, 47.6701758], [0.395462, 47.6702059], [0.3954996, 47.6701619], [0.3955099, 47.6701275], [0.395513, 47.6700857], [0.3955237, 47.670048], [0.3955559, 47.6699957], [0.3955948, 47.6699637], [0.3956578, 47.6699521], [0.3957705, 47.6699338], [0.3959341, 47.6699068], [0.3960709, 47.6698835], [0.396154, 47.6698659], [0.3962109, 47.6698441], [0.3962667, 47.6698136]]}, "properties": {"name": "Le Loir", "waterway": "river"}}, {"type": "Feature", "geometry": {"type": "LineString", "coordinates": [[0.4206029, 47.6679872], [0.4206372, 47.6677782], [0.420627, 47.6676588], [0.420568, 47.6675661], [0.4204656, 47.6675071], [0.4202489, 47.6674522], [0.4198948, 47.6674216], [0.4196052, 47.6673871], [0.4193155, 47.6673059], [0.4187069, 47.6671042], [0.4185103, 47.6670194], [0.4183608, 47.6668904], [0.4182125, 47.6667405], [0.418116, 47.6665607], [0.4180312, 47.6662222], [0.4178619, 47.6658593], [0.417607, 47.6657185], [0.4167664, 47.665532], [0.4150582, 47.6652654], [0.4137355, 47.6651544], [0.4130899, 47.6650142], [0.4126482, 47.6648172], [0.4118375, 47.6646346], [0.4104156, 47.6646448], [0.4088714, 47.6645167], [0.4071296, 47.6640349], [0.4061619, 47.6640474], [0.4047659, 47.6642773], [0.4034158, 47.6647721], [0.4028974, 47.665072], [0.4014145, 47.6666321], [0.4009548, 47.6669105], [0.3997079, 47.6671626], [0.3991468, 47.6675551], [0.3989968, 47.6679345], [0.3985973, 47.6682147], [0.398026, 47.6683882], [0.3978761, 47.6684337], [0.3970023, 47.6690819], [0.3965269, 47.6695405], [0.3962667, 47.6698136], [0.3961374, 47.6700069], [0.3960682, 47.6701628]]}, "properties": {"name": "Le Loir", "waterway": "river"}}, {"type": "Feature", "geometry": {"type": "LineString", "coordinates": [[0.6237609, 47.7497592], [0.6238163, 47.7496774], [0.6238324, 47.7495755], [0.623827, 47.7494432], [0.6238085, 47.7493189], [0.623757, 47.7492047], [0.623665, 47.7489378], [0.6235601, 47.7487192], [0.62343, 47.7485533], [0.6232224, 47.7484162], [0.6230167, 47.748328], [0.6227807, 47.7482699], [0.6225524, 47.74824], [0.6223249, 47.7482569], [0.6221211, 47.7482883], [0.6219548, 47.7483558], [0.6218019, 47.7484599], [0.6216544, 47.7485193], [0.6214985, 47.7485435], [0.62138, 47.7485487], [0.6212413, 47.7485171], [0.6211153, 47.7484539], [0.621001, 47.7483392], [0.6207098, 47.7477767], [0.6194786, 47.7458105], [0.6191708, 47.7445686], [0.6188096, 47.7438277], [0.6185559, 47.7430031], [0.6185538, 47.7424851], [0.6186475, 47.74194], [0.6187147, 47.7415645], [0.6189668, 47.7411314], [0.6193851, 47.7408341], [0.620075, 47.7403128], [0.620402, 47.7397252], [0.6204399, 47.7393349], [0.6203712, 47.73898], [0.6198879, 47.7383595], [0.618767, 47.7373622], [0.6180361, 47.7368963], [0.6176359, 47.7365743], [0.6172904, 47.7362351], [0.6171113, 47.735909], [0.6166489, 47.7354573], [0.6156194, 47.7347334], [0.614385, 47.7339351], [0.6125814, 47.7330051], [0.6103529, 47.7321123], [0.6076444, 47.7312599], [0.60585, 47.7307667], [0.6041662, 47.7306391], [0.6021968, 47.7300504], [0.601257, 47.7298774], [0.5999191, 47.7297481], [0.5982199, 47.729698], [0.5969137, 47.7297091], [0.5953278, 47.7298107], [0.5938225, 47.7300497], [0.5926644, 47.7300992], [0.590987, 47.7300004], [0.5888164, 47.7298726], [0.5865183, 47.7296664], [0.5859649, 47.729602], [0.5855598, 47.7295372], [0.5852902, 47.7295013], [0.5849296, 47.7294675], [0.5845997, 47.729399], [0.5843288, 47.7293268], [0.584133, 47.7292913], [0.5838061, 47.7292545], [0.5836877, 47.7292519], [0.5836019, 47.7292712], [0.5835402, 47.7292928], [0.5832827, 47.7294794], [0.5831406, 47.7295676], [0.5829713, 47.7296024], [0.5828455, 47.7295851], [0.5827248, 47.729551], [0.582564, 47.7295386], [0.5824123, 47.7295492], [0.5822124, 47.7295956], [0.5819711, 47.729603], [0.5816668, 47.7296111], [0.5813757, 47.729643], [0.5811227, 47.7296881], [0.5807829, 47.7297693], [0.5800855, 47.7299335], [0.5798225, 47.7300101], [0.5796148, 47.7300905], [0.5794632, 47.7301862], [0.5793533, 47.7303155], [0.5792862, 47.7304361], [0.5791977, 47.7306033], [0.5791119, 47.7307949], [0.5790582, 47.7310079], [0.578959, 47.7311765], [0.5787847, 47.7312692], [0.5785808, 47.7313189], [0.5784011, 47.7313133], [0.5782217, 47.7312762], [0.5780631, 47.7312288], [0.5779263, 47.731175], [0.57776, 47.7311316], [0.5776018, 47.7311263], [0.5774527, 47.7311623], [0.5773631, 47.7312295], [0.5773121, 47.7313198], [0.5772947, 47.7314401], [0.5773151, 47.731544], [0.5773416, 47.7316825], [0.5773104, 47.7317548], [0.5772504, 47.7318041], [0.5771422, 47.731833], [0.5770198, 47.731836], [0.5768132, 47.7318192], [0.5765665, 47.7318113], [0.5762473, 47.7318303], [0.5757485, 47.7318687], [0.5749966, 47.7319304], [0.5747082, 47.7319167], [0.5744782, 47.7318967], [0.5744416, 47.7318879], [0.5743111, 47.7318566], [0.5741403, 47.7318059], [0.5739513, 47.7318004], [0.5736288, 47.7318114], [0.5732652, 47.7318383], [0.5728795, 47.7318476], [0.5724623, 47.7318174], [0.5720801, 47.7317848], [0.5716505, 47.7317629], [0.5707672, 47.7317691], [0.5701255, 47.7317377], [0.5695031, 47.7317187], [0.569142, 47.7317385], [0.5688725, 47.7317789], [0.5686943, 47.7318361], [0.5674437, 47.7326773], [0.56701, 47.7328265], [0.5667926, 47.7329278], [0.5653472, 47.7332852], [0.563704, 47.7339804], [0.5630324, 47.7341867], [0.5629473, 47.7342124], [0.5628475, 47.7342425], [0.5626226, 47.7342738], [0.5622247, 47.7342473], [0.5614693, 47.7340405], [0.5608838, 47.7340422], [0.5602307, 47.7341577], [0.5593589, 47.7344945], [0.5586804, 47.7346108], [0.5583754, 47.7345756], [0.5581043, 47.7344857], [0.5571356, 47.7338424], [0.55686, 47.7337363], [0.5564106, 47.7336499], [0.5560014, 47.7336562], [0.5554088, 47.7336652], [0.5553916, 47.7336655], [0.5550213, 47.7336712], [0.554356, 47.7336179], [0.5541049, 47.7335861], [0.5535968, 47.7335216], [0.5528138, 47.7336666], [0.5522274, 47.7336602], [0.5508224, 47.7336504], [0.5503381, 47.7335835], [0.549622, 47.7333344], [0.549195, 47.7332492], [0.5485426, 47.7333031], [0.5475265, 47.7335975], [0.5469646, 47.733616], [0.5465582, 47.7335218], [0.5463626, 47.7334179], [0.5462008, 47.7332562], [0.5461139, 47.7331082], [0.5461006, 47.7329441], [0.5460483, 47.732782], [0.5459447, 47.7327116], [0.5456419, 47.7326184], [0.5454199, 47.732635], [0.5447367, 47.7329205], [0.5438648, 47.7331419], [0.5433002, 47.7333116], [0.5431529, 47.7334057], [0.5430602, 47.733668], [0.5429481, 47.7342261], [0.542959, 47.7345626], [0.5435253, 47.735182], [0.5436103, 47.7353633], [0.5436629, 47.7354885], [0.5436559, 47.7355924], [0.5435733, 47.7357052], [0.5434379, 47.7357672], [0.543241, 47.7358069], [0.5430103, 47.7358067], [0.5427609, 47.7357645], [0.542277, 47.7356307], [0.5420501, 47.7355284], [0.5419238, 47.7354468], [0.5418409, 47.7353552], [0.5417492, 47.7352513], [0.5416478, 47.735193], [0.5415123, 47.735168], [0.541401, 47.7351609], [0.5411972, 47.7351754], [0.5409182, 47.7351483], [0.5406444, 47.735075], [0.5403707, 47.7349884], [0.5400712, 47.7348685], [0.5396361, 47.7347467], [0.5392106, 47.734649], [0.5388368, 47.7345772], [0.5385254, 47.734512], [0.5382306, 47.7344256], [0.5379449, 47.7342859], [0.5372094, 47.7339379], [0.5367179, 47.7336676], [0.5361605, 47.7334242], [0.5356007, 47.7332061], [0.5343283, 47.7325789], [0.5341969, 47.7324854], [0.5340759, 47.7323602], [0.5339796, 47.7321968], [0.5338801, 47.7320389], [0.5337216, 47.7318399], [0.5335588, 47.7316417], [0.5333168, 47.7314445], [0.5321486, 47.7307053], [0.5307509, 47.7299449], [0.5298298, 47.7295293], [0.5281032, 47.7291974], [0.5259656, 47.7287274], [0.5244219, 47.7283989], [0.523548, 47.728179], [0.5225054, 47.7279138], [0.5211501, 47.7274351], [0.5207858, 47.7273435], [0.5204527, 47.7272881], [0.5201693, 47.7272757], [0.5198948, 47.7272876], [0.5195858, 47.7272553], [0.5192881, 47.7271829], [0.5188861, 47.7270442], [0.518522, 47.7268894], [0.5181463, 47.7267355], [0.5176804, 47.7266054], [0.5173258, 47.7265375], [0.5169535, 47.7264863], [0.5163224, 47.7263463], [0.5147935, 47.7258736], [0.5140961, 47.7257218], [0.5132164, 47.7255728], [0.512578, 47.7254153], [0.511742, 47.7251049], [0.5098922, 47.7242477], [0.5083917, 47.7232245], [0.5070557, 47.7218141], [0.506351, 47.7199952], [0.506178, 47.7190868], [0.5061718, 47.7183709], [0.5065007, 47.7169051], [0.5064802, 47.7153563], [0.5062407, 47.7146843], [0.5057394, 47.7140795], [0.5050825, 47.7132265], [0.5042192, 47.7127425], [0.5036734, 47.7126134], [0.5024926, 47.7124659], [0.5014957, 47.7123463], [0.5009558, 47.7122976], [0.5006788, 47.7123504], [0.500209, 47.7125775], [0.4999484, 47.7127035], [0.499269, 47.7131076], [0.4987518, 47.7135861], [0.4985311, 47.7139164], [0.4984023, 47.7143467], [0.4983184, 47.7145694], [0.4980324, 47.7153286], [0.4973952, 47.7159924], [0.496653, 47.7162713], [0.4958061, 47.7163219], [0.495237, 47.716186], [0.4946037, 47.7159621], [0.4938316, 47.7159382], [0.4931677, 47.7161816], [0.4928732, 47.7166562], [0.4927647, 47.7171258], [0.4929118, 47.7174569], [0.4931289, 47.7177513], [0.493016, 47.7180784], [0.492632, 47.7182735], [0.4919431, 47.7182859], [0.4906254, 47.718121], [0.4896475, 47.7181431], [0.4892543, 47.7182358], [0.4889452, 47.7183683], [0.48852, 47.7186579], [0.4878711, 47.7188754], [0.486924, 47.7189063], [0.4853769, 47.7187127], [0.4839587, 47.7182845], [0.4837093, 47.7182092], [0.4835118, 47.7181312], [0.4832738, 47.7178271], [0.4828886, 47.7175378], [0.4822127, 47.7173933], [0.4818692, 47.717178], [0.481574, 47.7167969], [0.4810762, 47.7165607], [0.4804378, 47.7164947], [0.4802747, 47.7164018], [0.4802151, 47.7161717], [0.4802434, 47.715622], [0.4804085, 47.7148687], [0.4807829, 47.713884], [0.4807814, 47.7137011], [0.4807402, 47.7135492], [0.4805363, 47.7133142], [0.4804966, 47.7131987], [0.4805119, 47.713], [0.4805531, 47.7127229], [0.4806723, 47.7119218], [0.4804763, 47.7111104], [0.4802318, 47.7107056], [0.4799027, 47.7103639], [0.478634, 47.7092635], [0.4780898, 47.7087228], [0.4775702, 47.7079781], [0.4769188, 47.7067508], [0.4768939, 47.706686], [0.4768832, 47.706612], [0.4769046, 47.7065128], [0.4769609, 47.7063738], [0.4769918, 47.7063297], [0.4770253, 47.7062542], [0.4770468, 47.7061563], [0.4770477, 47.7060294], [0.4770375, 47.7057542], [0.4773498, 47.7043507], [0.4772165, 47.7036017], [0.4773803, 47.7027966], [0.4775698, 47.7024459], [0.4777093, 47.7020652], [0.4777407, 47.7015923], [0.4776959, 47.7012459], [0.4780725, 47.6997475], [0.4785596, 47.6978094], [0.4784362, 47.6968134], [0.4784788, 47.6962888], [0.4804338, 47.6936634], [0.4818774, 47.6911438], [0.4819287, 47.6907982], [0.4819549, 47.6904471], [0.4817701, 47.690082], [0.4815073, 47.6896814], [0.4811293, 47.6892923], [0.4802924, 47.6877359], [0.4799248, 47.6867013], [0.4794408, 47.6860523], [0.4788787, 47.6852358], [0.4781653, 47.684645], [0.4774168, 47.6840708], [0.4743105, 47.6823608], [0.4723544, 47.6815649], [0.4691333, 47.6807769], [0.4669099, 47.6804963], [0.4659327, 47.6805925], [0.4652821, 47.6808264], [0.4635032, 47.681892], [0.4619284, 47.6828847], [0.4609397, 47.6833147], [0.4599518, 47.6833152], [0.4589012, 47.6831474], [0.4579912, 47.6831682], [0.456599, 47.6840245], [0.4553095, 47.6844044], [0.4533175, 47.6846429], [0.4504438, 47.6847933], [0.4491567, 47.6846312], [0.4476717, 47.6843107], [0.4458059, 47.6836534], [0.4450427, 47.6834594], [0.4443453, 47.6833244], [0.4438464, 47.6832347], [0.4435916, 47.6831769], [0.4434172, 47.683121], [0.4430248, 47.6829607], [0.4427681, 47.6828866], [0.4425335, 47.682822], [0.4423631, 47.682805], [0.4422229, 47.6828049], [0.4421083, 47.6828176], [0.4419447, 47.6828429], [0.4418133, 47.6828447], [0.4416926, 47.6828302], [0.4415579, 47.6828012], [0.4413836, 47.6827477], [0.4411926, 47.6827286], [0.4409786, 47.6827403], [0.4407734, 47.6827734], [0.4405585, 47.6827952], [0.4403429, 47.6828082], [0.4400672, 47.682782], [0.439895, 47.6827246], [0.4396756, 47.6826271], [0.4393746, 47.6825381], [0.4391016, 47.682478], [0.4389514, 47.6824449], [0.4383283, 47.6823302], [0.4371696, 47.6820088], [0.4346741, 47.680927], [0.4326971, 47.6799514], [0.432266, 47.6797282], [0.4305144, 47.6788256], [0.4296352, 47.6784629], [0.4294027, 47.6783868], [0.429172, 47.6783567], [0.4286749, 47.67842], [0.4272616, 47.6789425], [0.4268835, 47.6789723], [0.4258401, 47.6788107], [0.4254536, 47.6785387], [0.4252789, 47.6781821], [0.4248244, 47.6774521], [0.4243004, 47.6769174], [0.4216457, 47.674717], [0.420953, 47.673776], [0.4207532, 47.6731653], [0.420434, 47.6728041], [0.4197011, 47.6723005], [0.419282, 47.6722331], [0.4183927, 47.6721734], [0.4179383, 47.6720253], [0.41777, 47.6717451], [0.4178432, 47.6714873], [0.4180378, 47.6712068], [0.4183529, 47.6710331], [0.419016, 47.6709299], [0.4193225, 47.6708478], [0.4196639, 47.6706906], [0.4198565, 47.6705163], [0.4199882, 47.6702966], [0.4200742, 47.6691524], [0.4203366, 47.6686772], [0.420508, 47.6683148], [0.4205568, 47.6681351], [0.4206029, 47.6679872], [0.4207097, 47.6678461], [0.4208014, 47.6677435], [0.4209591, 47.6676725], [0.42112, 47.6676254], [0.4211951, 47.667564], [0.4212273, 47.6674953], [0.4212371, 47.6674103], [0.421179, 47.6673219], [0.4211062, 47.667222], [0.4209404, 47.6671621], [0.4207545, 47.6671263], [0.4205604, 47.6671133], [0.4198554, 47.6671422], [0.4195665, 47.6671108], [0.419339, 47.667116], [0.4191137, 47.667116], [0.4189635, 47.6671088], [0.4187069, 47.6671042]]}, "properties": {"name": "Le Loir", "waterway": "river"}}, {"type": "Feature", "geometry": {"type": "LineString", "coordinates": [[0.4423631, 47.682805], [0.4422317, 47.682767], [0.4420708, 47.6827093], [0.4418428, 47.6826388], [0.4416443, 47.6825774], [0.4413519, 47.682507], [0.4410086, 47.682451], [0.4408182, 47.6824258], [0.4406965, 47.6824058], [0.4404453, 47.6824041], [0.44022, 47.6824167], [0.4400511, 47.6824528], [0.4398874, 47.6824998], [0.4396862, 47.6825544], [0.4393746, 47.6825381]]}, "properties": {"name": "Le Loir", "waterway": "river"}}, {"type": "Feature", "geometry": {"type": "LineString", "coordinates": [[0.4408504, 47.6833557], [0.4407048, 47.6833503], [0.4406598, 47.6833042], [0.4405446, 47.683204], [0.4403649, 47.683055], [0.4401959, 47.6828664], [0.4401305, 47.6828182], [0.4400672, 47.682782]]}, "properties": {"name": "Le Loir", "waterway": "river"}}, {"type": "Feature", "geometry": {"type": "LineString", "coordinates": [[0.4419447, 47.6828429], [0.4418354, 47.6828714], [0.4417572, 47.6829079], [0.4416926, 47.6829494], [0.441655, 47.6829855], [0.4416202, 47.6830487], [0.441596, 47.6831137], [0.4415424, 47.6831806], [0.4414378, 47.683251], [0.4412661, 47.6833322], [0.441081, 47.6834189], [0.4410247, 47.6834442], [0.4410006, 47.6834464], [0.4409737, 47.6834406], [0.4408906, 47.68339], [0.4408504, 47.6833557], [0.4408289, 47.6833196], [0.4408207, 47.683271], [0.4408128, 47.6832185], [0.4408021, 47.6831517], [0.4407753, 47.6830542], [0.4407565, 47.6829476], [0.440735, 47.682888], [0.4406975, 47.6828429], [0.4406438, 47.682814], [0.4405585, 47.6827952]]}, "properties": {"name": "Le Loir", "waterway": "river"}}, {"type": "Feature", "geometry": {"type": "LineString", "coordinates": [[0.4839587, 47.7182845], [0.4835166, 47.718347], [0.4829217, 47.7183838], [0.4823222, 47.7185388], [0.482098, 47.7184982], [0.4820434, 47.7183938], [0.4820837, 47.7182333], [0.4820377, 47.718125], [0.4816054, 47.7179642], [0.4811657, 47.717794], [0.4809329, 47.7175891], [0.480565, 47.7173203], [0.4803839, 47.7172255], [0.4802258, 47.7167595], [0.4802086, 47.716541], [0.4802747, 47.7164018]]}, "properties": {"name": "Le Loir", "waterway": "river"}}, {"type": "Feature", "geometry": {"type": "LineString", "coordinates": [[0.4804085, 47.7148687], [0.4803934, 47.7146419], [0.4803593, 47.7144701], [0.4803003, 47.7142391], [0.480252, 47.7140081], [0.4802788, 47.713806], [0.4803164, 47.7136002], [0.4803378, 47.7135136], [0.480311, 47.713409], [0.4803539, 47.713214], [0.4805531, 47.7127229]]}, "properties": {"name": "Le Loir", "waterway": "river"}}, {"type": "Feature", "geometry": {"type": "LineString", "coordinates": [[0.500209, 47.7125775], [0.5000447, 47.713102], [0.4995772, 47.7137666], [0.4990692, 47.7141877], [0.4983184, 47.7145694]]}, "properties": {"name": "Le Loir", "waterway": "river"}}, {"type": "Feature", "geometry": {"type": "LineString", "coordinates": [[0.5367179, 47.7336676], [0.5363424, 47.7333434], [0.5358381, 47.7330151], [0.5356235, 47.7328708], [0.5354948, 47.7327733], [0.5353768, 47.7326795], [0.5353446, 47.7326074], [0.5353124, 47.7325497], [0.5352695, 47.7324847], [0.5352158, 47.732445], [0.5351246, 47.7324198], [0.5349905, 47.7323837], [0.5347813, 47.7323404], [0.534674, 47.7323151], [0.5345667, 47.7322646], [0.5343468, 47.7321022], [0.5341322, 47.7319276], [0.5339069, 47.7318082], [0.5337261, 47.7317389], [0.5335588, 47.7316417]]}, "properties": {"name": "Le Loir", "waterway": "river"}}, {"type": "Feature", "geometry": {"type": "LineString", "coordinates": [[0.5838061, 47.7292545], [0.5837092, 47.729235], [0.5835965, 47.7292007], [0.5834758, 47.7291466], [0.5833337, 47.7290618], [0.5831701, 47.7289625], [0.5830064, 47.728838], [0.5828428, 47.7286685], [0.5827704, 47.7285873], [0.5826712, 47.7284069], [0.5826014, 47.7283148], [0.5825183, 47.7282228], [0.5824405, 47.7281543], [0.5823305, 47.7280983], [0.5822018, 47.7280514], [0.5819684, 47.7279594], [0.5816868, 47.7278421], [0.5814642, 47.7277483], [0.5812737, 47.7276599], [0.5810806, 47.7276022], [0.5808446, 47.7275607], [0.5805335, 47.7275228], [0.5801445, 47.7274939], [0.5796966, 47.7274777], [0.5793613, 47.7274723], [0.5790073, 47.7274795], [0.5787015, 47.7275084], [0.5786623, 47.7275118], [0.5784498, 47.7275304], [0.5783716, 47.7275372], [0.578098, 47.7275444], [0.5779183, 47.7275643], [0.5776608, 47.7276184], [0.5772451, 47.727714], [0.5770868, 47.7277591], [0.5770654, 47.7277844], [0.5770573, 47.7278205], [0.5770546, 47.7278476], [0.5770546, 47.7279829], [0.5770573, 47.7280983], [0.5770479, 47.7281231], [0.5770137, 47.7282127], [0.5770037, 47.7282391], [0.576891, 47.7285079], [0.576832, 47.7286378], [0.5767489, 47.7287821], [0.5767193, 47.7288904], [0.576714, 47.7290383], [0.576714, 47.7291808], [0.5766603, 47.7293414], [0.5765584, 47.7294713], [0.5764484, 47.7295326], [0.5763546, 47.7295615], [0.5762366, 47.7295796], [0.5760756, 47.7295904], [0.5758503, 47.7296409], [0.5755016, 47.7297275], [0.5749786, 47.7298592], [0.5748901, 47.7298881], [0.5748338, 47.7298971], [0.5747855, 47.7298971], [0.5747131, 47.7298863], [0.5746514, 47.7298628], [0.5746031, 47.7298357], [0.5745655, 47.7297834], [0.5745253, 47.7297275], [0.5743705, 47.72945], [0.5743054, 47.7293937], [0.5742195, 47.7293522], [0.5741364, 47.7293234], [0.5740746, 47.7293116], [0.574013, 47.7292999], [0.573903, 47.7292855], [0.5736992, 47.7292819], [0.5734873, 47.7293071], [0.5732432, 47.7293486], [0.5729804, 47.7293973], [0.572857, 47.7294172], [0.5727255, 47.7294334], [0.5726022, 47.7294479], [0.5724815, 47.7294749], [0.5723098, 47.7295633], [0.5722052, 47.7296192], [0.5720899, 47.7296878], [0.5719504, 47.7297888], [0.5718458, 47.729852], [0.5716688, 47.7299404], [0.5714059, 47.730045], [0.5712208, 47.7301424], [0.5710518, 47.7302525], [0.5707488, 47.7304509], [0.5706656, 47.7305249], [0.5705449, 47.7306747], [0.5703813, 47.7308749], [0.5702204, 47.7310246], [0.5700138, 47.7312051], [0.5698314, 47.7313494], [0.5696437, 47.7314684], [0.5694479, 47.7315893], [0.569142, 47.7317385]]}, "properties": {"name": "Le Loir", "waterway": "river"}}, {"type": "Feature", "geometry": {"type": "LineString", "coordinates": [[0.5827704, 47.7285873], [0.582678, 47.7285255], [0.5825719, 47.7284976], [0.5824405, 47.7284844], [0.5822286, 47.7284811], [0.5820113, 47.728501], [0.5818075, 47.7285313], [0.5816492, 47.728571], [0.5813944, 47.7286594], [0.5805442, 47.728995], [0.5801874, 47.7291339], [0.5795196, 47.7293739], [0.5788598, 47.7296517], [0.5783957, 47.7298412], [0.5779773, 47.7300071], [0.5778271, 47.7300632], [0.5777, 47.7300935], [0.5776072, 47.7301154], [0.5775133, 47.7301605], [0.5774355, 47.7302326], [0.5773363, 47.730312], [0.5772209, 47.730386], [0.5770922, 47.7304546], [0.5769715, 47.7305033], [0.576824, 47.730543], [0.576663, 47.7305844], [0.576537, 47.7306332], [0.5762178, 47.7308027], [0.5755124, 47.7311527], [0.5753434, 47.7312429], [0.5751744, 47.7313241], [0.5750108, 47.7313837], [0.5749384, 47.7314197], [0.5748472, 47.7314901], [0.5747747, 47.7315587], [0.574697, 47.731611], [0.574587, 47.7316615], [0.5743295, 47.7317174], [0.5741403, 47.7318059]]}, "properties": {"name": "Le Loir", "waterway": "river"}}, {"type": "Feature", "geometry": {"type": "LineString", "coordinates": [[0.5773151, 47.731544], [0.5772853, 47.7316005], [0.577237, 47.7316254], [0.5771834, 47.7316344], [0.577119, 47.7316326], [0.5770251, 47.7316168], [0.5768588, 47.7315478], [0.5766925, 47.7314793], [0.5765826, 47.7314432], [0.576478, 47.7314215], [0.5763519, 47.7314143], [0.576207, 47.7314161], [0.57603, 47.7314342], [0.5757859, 47.7314612], [0.5754855, 47.7315154], [0.5751449, 47.7315929], [0.575051, 47.7316146], [0.5749384, 47.731629], [0.5747533, 47.7316489], [0.574587, 47.7316615]]}, "properties": {"name": "Le Loir", "waterway": "river"}}, {"type": "Feature", "geometry": {"type": "LineString", "coordinates": [[0.57776, 47.7311316], [0.5779022, 47.7310935], [0.5780283, 47.7310467], [0.5781248, 47.7309941], [0.5782053, 47.730938], [0.5783287, 47.7308316], [0.5783635, 47.7307865], [0.5783662, 47.7307342], [0.5783421, 47.7306891], [0.578267, 47.7306295], [0.5781516, 47.7305357], [0.5780578, 47.7304527], [0.5778754, 47.7302633], [0.5777, 47.7300935]]}, "properties": {"name": "Le Loir", "waterway": "river"}}, {"type": "Feature", "geometry": {"type": "LineString", "coordinates": [[0.6237609, 47.7497592], [0.6237837, 47.7496992], [0.6237798, 47.7496612], [0.6237306, 47.7495975], [0.623643, 47.7495354], [0.623143, 47.7491922], [0.6229124, 47.7490858], [0.6227648, 47.7489812], [0.6226361, 47.7489163], [0.6224886, 47.7488422], [0.6222659, 47.7487479], [0.6220836, 47.7486951], [0.6218958, 47.7486564], [0.6217375, 47.7486374], [0.6215391, 47.7486259], [0.6213728, 47.7485971], [0.6212413, 47.7485412], [0.6211153, 47.7484539]]}, "properties": {"name": "Le Loir", "waterway": "river"}}, {"type": "Feature", "geometry": {"type": "LineString", "coordinates": [[0.7472633, 47.7597122], [0.7463457, 47.7588158], [0.7460606, 47.7585424], [0.745224, 47.7577401], [0.7442362, 47.7568648], [0.7438129, 47.7565859], [0.7434334, 47.7563641], [0.7431217, 47.7561735], [0.7428621, 47.7559762], [0.7426222, 47.755747], [0.7422809, 47.7555345], [0.7417154, 47.7552546], [0.7411736, 47.7550982], [0.7405138, 47.7550025], [0.7398433, 47.7549716], [0.7393283, 47.7549783], [0.7388475, 47.7550393], [0.7383251, 47.7552046], [0.7378209, 47.7552924], [0.737322, 47.7553361], [0.7368821, 47.7553151], [0.7363457, 47.7552286], [0.7358468, 47.755173], [0.735364, 47.7551662], [0.7348321, 47.7552034], [0.7337225, 47.7553305], [0.7330696, 47.7554111], [0.7310142, 47.7554486], [0.7299188, 47.755533], [0.729259, 47.7555366], [0.7284052, 47.7554683], [0.7279286, 47.7553783], [0.7275612, 47.7552868], [0.7273152, 47.7551972], [0.7271583, 47.7550973], [0.7270263, 47.7549716], [0.7269102, 47.7547473], [0.726838, 47.754558], [0.7267138, 47.7544669], [0.7265194, 47.7544373], [0.7262605, 47.7544373], [0.725873, 47.7544777], [0.7254645, 47.7545771], [0.725078, 47.7547082], [0.7242684, 47.7550709], [0.7198853, 47.7567264], [0.7176891, 47.7575562], [0.7169058, 47.7578521], [0.7153298, 47.7584811], [0.7144188, 47.7587129], [0.7120985, 47.7591], [0.7111267, 47.7592324], [0.7103151, 47.7593714], [0.7071552, 47.7600959], [0.7059613, 47.760395], [0.705265, 47.7605706], [0.7046307, 47.7606734], [0.7040545, 47.7607046], [0.7035465, 47.7607246], [0.7029165, 47.7606974], [0.7023867, 47.7606179], [0.7019466, 47.7604653], [0.7015416, 47.760265], [0.701049, 47.7600128], [0.7006632, 47.7597592], [0.7003011, 47.7594747], [0.7000159, 47.7592066], [0.6997818, 47.758961], [0.6996498, 47.7587682], [0.6994706, 47.7585998], [0.6991729, 47.7584534], [0.6988446, 47.7583321], [0.6985557, 47.7581983], [0.6983374, 47.758062], [0.698074, 47.7579227], [0.6977849, 47.75784], [0.6973375, 47.7578041], [0.6968327, 47.7578205], [0.6964247, 47.7578537], [0.6960675, 47.7578416], [0.69556, 47.7578283], [0.6950973, 47.7578461], [0.6944005, 47.757917], [0.6938908, 47.75799], [0.6933705, 47.7580174], [0.6929328, 47.7580886], [0.6925538, 47.7582181], [0.692218, 47.7584514], [0.6920594, 47.7587434], [0.6919304, 47.7590333], [0.6917732, 47.7592581], [0.6913707, 47.7594909], [0.6902872, 47.7597557], [0.6894875, 47.7598802], [0.6889564, 47.7599815], [0.6885895, 47.7601608], [0.688268, 47.7603847], [0.6879557, 47.7605181], [0.6875047, 47.7606165], [0.686065, 47.7607936], [0.6854161, 47.7609258], [0.6848848, 47.7610326], [0.6845897, 47.7611654], [0.6843956, 47.7612262], [0.683876, 47.7613741], [0.6838569, 47.7614528], [0.6839697, 47.7615844], [0.6838933, 47.7619686], [0.6835705, 47.7620971], [0.6832433, 47.7623682], [0.6829641, 47.7626264], [0.6828879, 47.7628576], [0.6829013, 47.7631542], [0.6829818, 47.7635223], [0.6830679, 47.7637718], [0.6833186, 47.7645394], [0.6833077, 47.7648037], [0.6832916, 47.7651578], [0.6832326, 47.7654433], [0.6831268, 47.7658527], [0.6829506, 47.766157], [0.6826395, 47.7666677], [0.6822401, 47.7671049], [0.6819773, 47.7675484], [0.6817734, 47.7679747], [0.6814964, 47.7683462], [0.6805853, 47.7689089], [0.6795757, 47.7693392], [0.6791341, 47.7694889], [0.6785908, 47.769604], [0.6781146, 47.7696823], [0.6774827, 47.7696746], [0.6763003, 47.7693726], [0.6747635, 47.7689104], [0.6732665, 47.768574], [0.6726341, 47.7684445], [0.6721263, 47.7682486], [0.6718012, 47.7680236], [0.6715086, 47.7677432], [0.6712887, 47.7675177], [0.6709067, 47.7672617], [0.6704786, 47.7669433], [0.6700452, 47.766661], [0.6695941, 47.7663954], [0.6692733, 47.7661712], [0.6689758, 47.7658618], [0.6683265, 47.7650553], [0.6680751, 47.7648204], [0.6676865, 47.7645617], [0.6653859, 47.7630808], [0.6642704, 47.7624645], [0.6630854, 47.761719], [0.6619197, 47.761058], [0.6607854, 47.7604827], [0.6593387, 47.7599861], [0.6579229, 47.7592412], [0.6574512, 47.7589219], [0.6570982, 47.7587749], [0.6569254, 47.7587077], [0.656739, 47.7586985], [0.6565607, 47.7587035], [0.6562764, 47.7587682], [0.6559491, 47.7588443], [0.6556278, 47.7588443], [0.6554556, 47.7587861], [0.6553118, 47.7586884], [0.6552011, 47.7585614], [0.6550975, 47.7584642], [0.6550072, 47.7584193], [0.6549918, 47.7584116], [0.6548491, 47.7583465], [0.6546898, 47.7582448], [0.6545651, 47.7581166], [0.6544146, 47.7580039], [0.6542502, 47.757937], [0.6540826, 47.7579235], [0.6539326, 47.7579586], [0.6538227, 47.7580189], [0.6537014, 47.7580403], [0.6535786, 47.7580389], [0.6534549, 47.7579965], [0.6533562, 47.75792], [0.6530904, 47.7575651], [0.6525776, 47.7567204], [0.6524252, 47.7564925], [0.652201, 47.7563002], [0.6520562, 47.7561493], [0.6519164, 47.7559198], [0.6517053, 47.7556614], [0.6514445, 47.7554622], [0.6511842, 47.7552634], [0.6506692, 47.7550369], [0.6500807, 47.7548384], [0.6494547, 47.7546652], [0.6489003, 47.7543888], [0.6482879, 47.7540639], [0.6477569, 47.7537766], [0.6472515, 47.7535687], [0.6466735, 47.7532993], [0.6460644, 47.7530953], [0.6454574, 47.752973], [0.6449228, 47.7528968], [0.6444376, 47.7528473], [0.6439951, 47.7528641], [0.6435619, 47.7529031], [0.6432159, 47.7529198], [0.6428379, 47.7528922], [0.6424812, 47.7528142], [0.642096, 47.7526951], [0.6410902, 47.7522256], [0.6404269, 47.7519801], [0.6397679, 47.7518115], [0.6389008, 47.7516468], [0.637708, 47.7515614], [0.636671, 47.7515212], [0.6359854, 47.7515186], [0.6353656, 47.7515626], [0.634812, 47.7516804], [0.6338475, 47.7517426], [0.6323564, 47.7518039], [0.6300054, 47.7519986], [0.6286544, 47.7520872], [0.6277276, 47.7520813], [0.6270081, 47.7519372], [0.6262502, 47.7517088], [0.6252344, 47.7511915], [0.6243125, 47.7506012], [0.6240308, 47.7503972], [0.6238326, 47.7501871], [0.6237476, 47.7500341], [0.623717, 47.7499164], [0.6237268, 47.7498274], [0.6237609, 47.7497592]]}, "properties": {"name": "Le Loir", "waterway": "river"}}, {"type": "Feature", "geometry": {"type": "LineString", "coordinates": [[0.4754297, 47.6472422], [0.4753395, 47.6473865], [0.4753455, 47.6474873], [0.4755943, 47.6477778], [0.4757172, 47.6478145], [0.476209, 47.6477349], [0.4762625, 47.6477656], [0.4762724, 47.647835], [0.4762367, 47.6479366], [0.4761431, 47.648012], [0.4760321, 47.6480521], [0.4758814, 47.6481723], [0.4758061, 47.6486719], [0.4758378, 47.6487573], [0.475933, 47.6488348], [0.4761788, 47.6488642], [0.4761709, 47.6489497], [0.4760717, 47.6491206], [0.4758497, 47.6492702], [0.475703, 47.6494279], [0.4757267, 47.6498633], [0.4759453, 47.6501776], [0.475987, 47.6503058], [0.475981, 47.650796], [0.4760326, 47.6508174], [0.4762923, 47.6508628], [0.4762923, 47.6509483], [0.4761062, 47.6517201], [0.4760762, 47.6518445], [0.4758283, 47.6528422], [0.4757666, 47.6531605], [0.4756687, 47.6536658], [0.4756301, 47.6538653], [0.4756499, 47.6540015], [0.4758799, 47.6545277], [0.4759751, 47.6546078], [0.4761733, 47.6546452], [0.4763359, 47.654704], [0.4763994, 47.6548108], [0.476443, 47.6549204], [0.4764351, 47.6550325], [0.4763914, 47.6551581], [0.4763359, 47.655329], [0.476363, 47.6557551], [0.4764344, 47.6560462], [0.4763789, 47.6561838], [0.4763036, 47.6562252], [0.4760934, 47.6562866], [0.4759169, 47.6562746], [0.4757722, 47.6562225], [0.4755957, 47.6560689], [0.4755085, 47.6560422], [0.4754589, 47.6561143], [0.4755418, 47.656561], [0.4755586, 47.6566988], [0.4754605, 47.6567706], [0.4752754, 47.6568159], [0.4751296, 47.6568103], [0.4750679, 47.656848], [0.4745856, 47.6581059], [0.4738314, 47.6600738], [0.4734696, 47.6607178], [0.4732706, 47.6614355], [0.4730855, 47.6619284], [0.4728863, 47.6624898], [0.4728051, 47.6629727], [0.4727939, 47.6631899], [0.4728518, 47.6633102], [0.472873, 47.6633543], [0.4729145, 47.6634467], [0.4732986, 47.6638622], [0.4735958, 47.6641813], [0.4736155, 47.6642984], [0.4735706, 47.6645288], [0.4734526, 47.6649116], [0.4731961, 47.6657434], [0.4731228, 47.6657528], [0.4730296, 47.6657034], [0.4729364, 47.6656887], [0.4729166, 47.6657194], [0.4729463, 47.6658195], [0.4730316, 47.6660292], [0.4729979, 47.6660772], [0.4728432, 47.6661039], [0.4727639, 47.6660919], [0.4727718, 47.6659651], [0.4726805, 47.6659149], [0.4726076, 47.6659168], [0.4725235, 47.6659791], [0.4724983, 47.6661038], [0.4725936, 47.6661925], [0.4727871, 47.6662397], [0.4728768, 47.6662832], [0.4728235, 47.6663474], [0.4727534, 47.6663493], [0.4725908, 47.6663266], [0.4725431, 47.6663606], [0.4726385, 47.666421], [0.4727899, 47.666489], [0.4728628, 47.6665419], [0.4728375, 47.666608], [0.4728908, 47.6667043], [0.4730142, 47.6667666], [0.4731628, 47.6668157], [0.4732217, 47.6668818], [0.4732189, 47.6669592], [0.4731151, 47.6669951], [0.4730619, 47.6669837], [0.4728796, 47.667014], [0.4728375, 47.667097], [0.4728095, 47.6672009], [0.4726413, 47.6672179], [0.4724702, 47.6671386], [0.4722992, 47.6671159], [0.4722824, 47.6672462], [0.4722908, 47.6673954], [0.4722767, 47.6674313], [0.4721758, 47.667486], [0.472058, 47.6674634], [0.4719122, 47.6673803], [0.4718886, 47.667375], [0.4717945, 47.6673539], [0.4716795, 47.6673803], [0.4714692, 47.667537], [0.4707934, 47.6678297], [0.4705411, 47.6678901], [0.4702915, 47.6678826], [0.4701766, 47.6679015], [0.4694637, 47.6682966], [0.469083, 47.6685076], [0.4689624, 47.6686284], [0.4682341, 47.6701819], [0.4681962, 47.6703778], [0.4684291, 47.6715954], [0.4684608, 47.6718304], [0.4686056, 47.6725901], [0.4685163, 47.6727303], [0.4684747, 47.6728264], [0.4685163, 47.6729546], [0.4684608, 47.6729693], [0.4683756, 47.6730026], [0.4683656, 47.6730721], [0.4684569, 47.6731308], [0.4686016, 47.6732042], [0.4685996, 47.6732803], [0.4685163, 47.6733177], [0.4683637, 47.6733177], [0.4681238, 47.6735327], [0.4681277, 47.6736061], [0.4684132, 47.6737783], [0.4684965, 47.6738277], [0.4685044, 47.6738838], [0.4684529, 47.6739546], [0.4683399, 47.6740307], [0.4683214, 47.6740732], [0.4682785, 47.674172], [0.4680669, 47.6744034], [0.4676996, 47.6749188], [0.4675482, 47.6749603], [0.4674192, 47.6749566], [0.4672425, 47.6751869], [0.4670715, 47.6752851], [0.4668444, 47.6753172], [0.4666285, 47.6752851], [0.4665247, 47.6753908], [0.4664574, 47.6754493], [0.4663453, 47.6754456], [0.4661995, 47.6752775], [0.4660677, 47.6751775], [0.4659499, 47.6751529], [0.465834, 47.6751788], [0.4656152, 47.6754016], [0.465475, 47.6754696], [0.4652535, 47.6756508], [0.4650772, 47.6757097], [0.4649198, 47.6757622], [0.4646198, 47.6758736], [0.4644095, 47.6760511], [0.4641039, 47.6762475], [0.4636665, 47.6767138], [0.463602, 47.6771386], [0.463644, 47.6776351], [0.463787, 47.6782411], [0.4642214, 47.678601], [0.464385, 47.6789119], [0.4646109, 47.6793786], [0.4649024, 47.6800806], [0.4649221, 47.680128], [0.4649466, 47.6802268], [0.4650371, 47.6802866], [0.4652152, 47.6804971], [0.4652821, 47.6808264]]}, "properties": {"name": "L'Escotais", "waterway": "river", "ref:sandre": "M1354000"}}, {"type": "Feature", "geometry": {"type": "LineString", "coordinates": [[0.5368575, 47.6407555], [0.5366885, 47.6408451], [0.5364068, 47.6409065], [0.5360474, 47.6411667], [0.5348404, 47.6425221], [0.5347439, 47.6426848], [0.5347761, 47.6428366], [0.5347975, 47.6430498], [0.5347224, 47.6432486], [0.5345205, 47.6436901], [0.5342645, 47.6441922], [0.5338585, 47.6449479], [0.533746, 47.6451225], [0.5336559, 47.6452892], [0.5334743, 47.6454816], [0.5333191, 47.6456804], [0.5331085, 47.645864], [0.5328932, 47.6460532], [0.5326249, 47.646382], [0.5324163, 47.6465997], [0.532228, 47.6467434], [0.5320563, 47.6468844], [0.5317326, 47.6470711], [0.5316077, 47.6472385], [0.5314365, 47.647563], [0.531308, 47.647721], [0.5307367, 47.6483715], [0.5303167, 47.6488343], [0.5302474, 47.6487964], [0.5302259, 47.6487601], [0.5301225, 47.6487378], [0.5299254, 47.6486624], [0.5298243, 47.648636], [0.5297502, 47.6486421], [0.5296144, 47.6486157], [0.5294906, 47.6485812], [0.5294345, 47.6485551], [0.5294214, 47.6485306], [0.5294269, 47.648511], [0.5294513, 47.6485032], [0.5295111, 47.6485049], [0.5295695, 47.6484923], [0.5295749, 47.6484654], [0.52957, 47.6484269], [0.5295738, 47.6483997], [0.5296046, 47.6483791], [0.5296406, 47.6483627], [0.5296597, 47.6483469], [0.5296785, 47.6482847], [0.5296577, 47.648269], [0.5296276, 47.64826], [0.5296262, 47.6482531], [0.5296297, 47.6482442], [0.5296623, 47.6482145], [0.5296657, 47.6482016], [0.5296574, 47.6481945], [0.5296422, 47.6481961], [0.5296212, 47.6481956], [0.5295813, 47.6482076], [0.5294614, 47.6482102], [0.5294263, 47.6482053], [0.5293994, 47.6481906], [0.5293925, 47.6481742], [0.5293769, 47.6481648], [0.5293339, 47.6482107], [0.5292293, 47.648339], [0.5291273, 47.6484167], [0.5286179, 47.6482806], [0.5286043, 47.6483071], [0.5285738, 47.6483901], [0.5285584, 47.6485012], [0.528548, 47.6485487], [0.5284997, 47.6485667], [0.5283388, 47.648601], [0.5278834, 47.6487714], [0.5277111, 47.6488359], [0.5274349, 47.6490148], [0.5272873, 47.6492172], [0.5268716, 47.6493762], [0.526775, 47.6492569], [0.5266785, 47.6492027], [0.5265068, 47.6493943], [0.5264841, 47.6496287], [0.5264303, 47.6497188], [0.5264746, 47.6499219], [0.5264203, 47.6499702], [0.5263043, 47.6499612], [0.5261978, 47.6499894], [0.5261811, 47.6500305], [0.5262168, 47.6500678], [0.5264049, 47.6501116], [0.5263868, 47.6501949], [0.526342, 47.6503072], [0.5262822, 47.6503449], [0.5261799, 47.6503523], [0.5260622, 47.6503427], [0.5260071, 47.6503807], [0.5260039, 47.6504245], [0.5260137, 47.6504687], [0.5261346, 47.6506035], [0.5262153, 47.6506608], [0.5262913, 47.6506969], [0.5263708, 47.650757], [0.5263793, 47.6508033], [0.526311, 47.6508339], [0.5262033, 47.6508476], [0.5260471, 47.650829], [0.5259559, 47.6508496], [0.5258817, 47.6508942], [0.5258263, 47.6509407], [0.525757, 47.651084], [0.5257686, 47.6511583], [0.5257033, 47.6512217], [0.5255782, 47.6512155], [0.5254009, 47.6512382], [0.5252415, 47.651213], [0.5251443, 47.6513403], [0.5251603, 47.6514523], [0.5252841, 47.651512], [0.52542, 47.651656], [0.5254318, 47.6517568], [0.5254673, 47.6518541], [0.5255195, 47.6519137], [0.525611, 47.6519293], [0.5256592, 47.6519654], [0.5256807, 47.6520847], [0.5255596, 47.6521401], [0.5254967, 47.6522261], [0.5254431, 47.6522681], [0.5253729, 47.652287], [0.5252936, 47.6523034], [0.5251654, 47.6523379], [0.5250748, 47.65234], [0.5249843, 47.652331], [0.524904, 47.6523677], [0.524853, 47.6523771], [0.5245519, 47.6523847], [0.5244293, 47.6523974], [0.5243137, 47.6524199], [0.5241685, 47.6524051], [0.5240037, 47.6524155], [0.5237924, 47.6524099], [0.5237407, 47.6524274], [0.5237334, 47.6524641], [0.5237408, 47.6525356], [0.5237244, 47.6525974], [0.5236529, 47.652605], [0.5235403, 47.6525834], [0.5233096, 47.6525581], [0.5232828, 47.6526231], [0.5231701, 47.6527026], [0.5231092, 47.6527135], [0.5229423, 47.6527036], [0.5228699, 47.6526832], [0.5227729, 47.6526888], [0.5226476, 47.6526617], [0.5225531, 47.6526722], [0.5223223, 47.6526575], [0.5222636, 47.6526683], [0.5221911, 47.6527279], [0.5221305, 47.6527351], [0.5220996, 47.6527554], [0.5221125, 47.6528116], [0.5221697, 47.6528708], [0.5222168, 47.6529458], [0.5221893, 47.6529801], [0.5221084, 47.6529868], [0.5219186, 47.652972], [0.5218987, 47.6530067], [0.5218961, 47.6530683], [0.5219335, 47.6531205], [0.522002, 47.6533055], [0.5219283, 47.6533512], [0.5216547, 47.6532392], [0.5213918, 47.6533296], [0.5212524, 47.653297], [0.5210378, 47.6532826], [0.5209198, 47.6534018], [0.5209949, 47.6534669], [0.521011, 47.6535717], [0.5209573, 47.6536006], [0.5206623, 47.6535681], [0.5203887, 47.6536114], [0.5201688, 47.6537198], [0.5199488, 47.6544714], [0.5198952, 47.6545979], [0.5199756, 47.6547171], [0.5201473, 47.6546702], [0.5202546, 47.6546955], [0.520217, 47.6548039], [0.52004, 47.6548328], [0.5198362, 47.6549087], [0.5193534, 47.6550749], [0.5191549, 47.6553242], [0.5191763, 47.6554434], [0.5191334, 47.6556024], [0.5190154, 47.6556747], [0.5186774, 47.6557361], [0.5184951, 47.6557434], [0.5181893, 47.655765], [0.5178621, 47.6559421], [0.5175402, 47.6560216], [0.5172291, 47.6561155], [0.5171057, 47.6562275], [0.5171368, 47.6564658], [0.5173093, 47.6565178], [0.5174065, 47.6565966], [0.5173827, 47.6566073], [0.5170892, 47.6566487], [0.5168456, 47.6567555], [0.5167166, 47.6568348], [0.5163829, 47.6568443], [0.5161079, 47.6568245], [0.5156043, 47.6568219], [0.5149222, 47.6570703], [0.5147001, 47.6573267], [0.5144701, 47.6575083], [0.5142322, 47.6575243], [0.5137802, 47.6575457], [0.5134843, 47.6574315], [0.5134254, 47.657456], [0.5134535, 47.657558], [0.5135488, 47.6576675], [0.5135712, 47.6578035], [0.5135404, 47.6579978], [0.5134899, 47.6581133], [0.5134675, 47.6581737], [0.5133665, 47.658185], [0.5130749, 47.6581661], [0.5128871, 47.6582058], [0.5128366, 47.658219], [0.5127665, 47.6583323], [0.5127441, 47.6584929], [0.5128085, 47.6585288], [0.5128394, 47.6585779], [0.5127292, 47.6586435], [0.5126142, 47.6586622], [0.5123723, 47.6587236], [0.5119916, 47.6590201], [0.5119123, 47.658996], [0.5118131, 47.6589132], [0.5115276, 47.6589186], [0.5113492, 47.6590014], [0.5112223, 47.6590521], [0.5109685, 47.6590254], [0.5108376, 47.6590975], [0.5106473, 47.6592898], [0.5105323, 47.6592872], [0.5102944, 47.6593085], [0.5097947, 47.6595916], [0.5096083, 47.6595436], [0.5093387, 47.6594875], [0.5089659, 47.6595623], [0.5086051, 47.6598667], [0.5083751, 47.6599709], [0.5081887, 47.6599575], [0.5078318, 47.660051], [0.5073877, 47.6601445], [0.5068603, 47.6603101], [0.5052107, 47.6607855], [0.5048339, 47.6608763], [0.5041717, 47.6608816], [0.5040964, 47.6608149], [0.5035214, 47.6606333], [0.5030891, 47.6607481], [0.5029543, 47.6607802], [0.5027204, 47.6607908], [0.502649, 47.6608763], [0.5026767, 47.6609725], [0.5026054, 47.6610045], [0.5025023, 47.6609484], [0.5021615, 47.6608646], [0.5020157, 47.6608155], [0.5019091, 47.66074], [0.5017885, 47.6606078], [0.5013539, 47.6605454], [0.5011661, 47.6605511], [0.5009922, 47.6605681], [0.5008829, 47.6604472], [0.500483, 47.6602251], [0.5002323, 47.6600601], [0.4998342, 47.6597126], [0.4997052, 47.6595709], [0.4995874, 47.6595369], [0.4995369, 47.6595823], [0.4994921, 47.6596861], [0.4993687, 47.6597258], [0.4993351, 47.6598278], [0.4992369, 47.6599203], [0.4991388, 47.6598429], [0.499021, 47.6597957], [0.4988275, 47.6598863], [0.4987378, 47.6601375], [0.4983957, 47.6601281], [0.4982022, 47.6601772], [0.4981041, 47.6601507], [0.4978153, 47.660011], [0.4974984, 47.6600242], [0.4973947, 47.6600903], [0.4973246, 47.6602319], [0.4973638, 47.6603207], [0.4975068, 47.6603887], [0.4975826, 47.6604567], [0.4975601, 47.6605133], [0.4974171, 47.6605624], [0.4970791, 47.6609061], [0.4970315, 47.6609515], [0.4967896, 47.661045], [0.4965259, 47.6612573], [0.4963534, 47.6613415], [0.4961968, 47.6612493], [0.4958557, 47.6614416], [0.4955559, 47.661495], [0.4935811, 47.6621547], [0.4933273, 47.6622188], [0.493129, 47.6623684], [0.4928673, 47.6624378], [0.4923914, 47.6624912], [0.4921337, 47.6626007], [0.4913723, 47.6628892], [0.4911146, 47.6628945], [0.4898615, 47.6631589], [0.4891239, 47.6633672], [0.4884498, 47.6634286], [0.4878937, 47.6634619], [0.487695, 47.6634843], [0.4875974, 47.6634843], [0.4875148, 47.6634833], [0.4874175, 47.6634619], [0.4865345, 47.6634687], [0.4853805, 47.663466], [0.4844923, 47.6636316], [0.48337, 47.663872], [0.4833026, 47.6639601], [0.4831757, 47.6640082], [0.482914, 47.6639628], [0.4823113, 47.6641284], [0.4818949, 47.6643981], [0.4818592, 47.6645236], [0.4820297, 47.6646278], [0.4820377, 47.6646919], [0.4819332, 47.6647625], [0.4811172, 47.6649212], [0.4794461, 47.6655593], [0.4791051, 47.665769], [0.4790119, 47.6658918], [0.4788711, 47.6658758], [0.4780999, 47.6657449], [0.4779908, 47.6659666], [0.4773147, 47.6665608], [0.4769994, 47.6666382], [0.4767278, 47.666685], [0.4764344, 47.6666569], [0.4760378, 47.6664326], [0.4759208, 47.6664446], [0.4756552, 47.6664219], [0.4756074, 47.6664513], [0.4756272, 47.6665381], [0.4755578, 47.6665982], [0.4754349, 47.6667077], [0.4753794, 47.6669788], [0.4753278, 47.6670469], [0.4752406, 47.6670655], [0.4751097, 47.6670148], [0.4749432, 47.6670175], [0.4748599, 47.6670642], [0.4749333, 47.6672071], [0.474959, 47.6672778], [0.4748698, 47.6672952], [0.4747766, 47.6672391], [0.4746953, 47.6672164], [0.4745863, 47.6672311], [0.4745189, 47.6673192], [0.474388, 47.6673032], [0.4744039, 47.6674154], [0.4744257, 47.6674942], [0.4743345, 47.6675209], [0.4741342, 47.6675409], [0.4740827, 47.6675436], [0.4738646, 47.6674274], [0.4738983, 47.6673326], [0.4738467, 47.6672485], [0.4740212, 47.6672338], [0.4741005, 47.6671817], [0.4741164, 47.6671096], [0.4739895, 47.6670028], [0.4738864, 47.6669507], [0.4737436, 47.6670068], [0.473585, 47.6670188], [0.4733709, 47.6669974], [0.4732189, 47.6669592]]}, "properties": {"name": "Le Long", "waterway": "river", "ref:sandre": "M1356400"}}, {"type": "Feature", "geometry": {"type": "LineString", "coordinates": [[0.3458633, 47.7415042], [0.3459292, 47.741516], [0.3459737, 47.7415458], [0.3462373, 47.7415887], [0.346262, 47.7416563], [0.3465246, 47.7416576], [0.3467755, 47.7416992], [0.3472562, 47.7416778], [0.3472742, 47.7415141], [0.3475117, 47.7415342], [0.3479825, 47.7415175], [0.348074, 47.7414999], [0.3481712, 47.7415356], [0.3482307, 47.7415379], [0.3483145, 47.7414927], [0.3486244, 47.7415245], [0.3488926, 47.741459], [0.3490678, 47.7413924], [0.3491587, 47.7413503], [0.3492199, 47.7412919], [0.3493061, 47.7412566], [0.3496663, 47.7409861], [0.3499119, 47.7408789], [0.3500074, 47.740834], [0.3500678, 47.7408481], [0.3501135, 47.7408649], [0.3503089, 47.7409156], [0.3505203, 47.7409685], [0.3506253, 47.740965], [0.3506952, 47.7409972], [0.3507617, 47.741029], [0.350924, 47.7410436], [0.351629, 47.7413181], [0.3519393, 47.7415146], [0.352173, 47.7415927], [0.352562, 47.7416137], [0.3526381, 47.7415623], [0.3526364, 47.7413797], [0.3526786, 47.7413196], [0.3528726, 47.7413667], [0.3535172, 47.7415743], [0.3536426, 47.7415654], [0.3538184, 47.7416009], [0.3539325, 47.7415913], [0.3540086, 47.7416127], [0.3543343, 47.7416183], [0.3543974, 47.7416659], [0.3545498, 47.7417323], [0.3548465, 47.7417941], [0.3551164, 47.7417523], [0.3553734, 47.7417641], [0.3556226, 47.7417306], [0.3559232, 47.7416471], [0.3561601, 47.7414794], [0.3564152, 47.7414146], [0.3565929, 47.741297], [0.3566839, 47.7412539], [0.356705, 47.7411533], [0.3568156, 47.7410969], [0.3568573, 47.7410488], [0.3572442, 47.7407681], [0.3573431, 47.740741], [0.3573588, 47.7407178], [0.3573664, 47.7406826], [0.3574033, 47.7406726], [0.3574683, 47.740682], [0.3574994, 47.7406729], [0.3575349, 47.7406325], [0.357562, 47.7406429], [0.3576185, 47.7406766], [0.3576753, 47.740677], [0.3578544, 47.740474], [0.3579493, 47.7404693], [0.3581154, 47.7405222], [0.3581863, 47.7405297], [0.3584018, 47.7404994], [0.3585987, 47.7403773], [0.3587623, 47.7403938], [0.3588565, 47.7403734], [0.3589254, 47.7403073], [0.3589835, 47.7402811], [0.3590832, 47.7402952], [0.3591716, 47.7402462], [0.3592653, 47.7402631], [0.3593447, 47.7402178], [0.3594088, 47.7401889], [0.359545, 47.7402018], [0.3596409, 47.7401756], [0.3604431, 47.7401421], [0.360838, 47.7400746], [0.3609263, 47.7400285], [0.3609468, 47.7399102], [0.3610051, 47.7398811], [0.361065, 47.7398756], [0.3614543, 47.7396038], [0.361681, 47.7392949], [0.3619328, 47.739123], [0.3621068, 47.7391592], [0.3622463, 47.7390495], [0.3627439, 47.7390246], [0.3633211, 47.7389791], [0.3637914, 47.7388593], [0.3642577, 47.7387336], [0.3649986, 47.7386182], [0.3654668, 47.7385681], [0.3661774, 47.7386846], [0.3663853, 47.7387169], [0.3666242, 47.7386557], [0.3675829, 47.7382909], [0.3678713, 47.7381098], [0.3684972, 47.7375772], [0.3690126, 47.7372364], [0.3691902, 47.7370211], [0.3693651, 47.7365739], [0.3694855, 47.7361943], [0.3695728, 47.7360886], [0.3698263, 47.735757], [0.3699327, 47.7357201], [0.370148, 47.7357166], [0.3702687, 47.7357422], [0.3703537, 47.7357205], [0.3704677, 47.7356933], [0.3706185, 47.7356506], [0.3707537, 47.7356865], [0.3709632, 47.7355372], [0.3709821, 47.7355237], [0.3711114, 47.7354101], [0.3713425, 47.7352839], [0.3715516, 47.7350884], [0.3716741, 47.7349663], [0.3716143, 47.7349274], [0.3717494, 47.734863], [0.3717369, 47.734795], [0.3718437, 47.7347542], [0.3718984, 47.7346514], [0.3720111, 47.7346393], [0.3723364, 47.7343061], [0.3725021, 47.7340802], [0.3726782, 47.7337926], [0.3729185, 47.7337029], [0.3730622, 47.7336512], [0.373215, 47.733536], [0.3733022, 47.7335095], [0.3737113, 47.7331026], [0.374045, 47.7328933], [0.374141, 47.7327787], [0.374196, 47.7326985], [0.3743084, 47.7326045], [0.3744285, 47.7325486], [0.3744603, 47.732448], [0.3745492, 47.7323885], [0.3746675, 47.7322674], [0.37468, 47.7321922], [0.374659, 47.7321466], [0.3745951, 47.7321137], [0.3746179, 47.7320092], [0.3744844, 47.7319148], [0.3746072, 47.7317595], [0.3747035, 47.7315811], [0.3752219, 47.7312867], [0.3752811, 47.7312095], [0.3753845, 47.7310646], [0.3754814, 47.7309736], [0.375558, 47.7308273], [0.3755504, 47.7305736], [0.3755208, 47.7304394], [0.3755209, 47.7303511], [0.3755486, 47.7302918], [0.3758223, 47.7301155], [0.3759256, 47.7299726], [0.3760925, 47.7297506], [0.3762163, 47.7294314], [0.3763009, 47.7293401], [0.376269, 47.7291021], [0.3766176, 47.7292831], [0.3768365, 47.7291861], [0.3769569, 47.7290438], [0.3774076, 47.728728], [0.3775173, 47.7286333], [0.3775127, 47.7284805], [0.3780482, 47.7279669], [0.3783081, 47.7277379], [0.3789862, 47.7274477], [0.3790141, 47.7273831], [0.3793613, 47.7270273], [0.3793703, 47.7268901], [0.3794256, 47.7268122], [0.3794215, 47.7267302], [0.3796359, 47.7266407], [0.3796729, 47.7265596], [0.3798267, 47.7264896], [0.3798455, 47.7263813], [0.3800625, 47.7263457], [0.3807294, 47.7261375], [0.3809372, 47.7260145], [0.381067, 47.7258215], [0.381358, 47.7256609], [0.3813996, 47.7255716], [0.3815552, 47.7254498], [0.3818985, 47.7253687], [0.3819361, 47.7253443], [0.3819347, 47.725282], [0.3821037, 47.7251756], [0.3821828, 47.7251801], [0.3822606, 47.7252045], [0.3823169, 47.7251215], [0.3823451, 47.7250764], [0.3824551, 47.7251088], [0.3825583, 47.7250881], [0.3826106, 47.7250376], [0.3827622, 47.724886], [0.3828145, 47.7248211], [0.3829714, 47.7247606], [0.3831377, 47.7246154], [0.3831873, 47.7245937], [0.3832128, 47.7244737], [0.3834421, 47.7244196], [0.3834998, 47.7242671], [0.3835615, 47.7242328], [0.3837814, 47.7241814], [0.3839558, 47.7240795], [0.3841113, 47.7240876], [0.3843541, 47.7240046], [0.3843916, 47.7239577], [0.3844104, 47.7238747], [0.3843822, 47.7238386], [0.3844842, 47.7237033], [0.3846129, 47.7236338], [0.3846947, 47.7234822], [0.384747, 47.7234344], [0.3848409, 47.7234434], [0.3848892, 47.7234191], [0.3849428, 47.723392], [0.3850233, 47.7233938], [0.3850152, 47.7233343], [0.3849991, 47.7232747], [0.3849509, 47.723226], [0.384983, 47.7231448], [0.3852084, 47.7229644], [0.3851923, 47.7228543], [0.3852352, 47.7228128], [0.3852003, 47.7226595], [0.3852352, 47.7225728], [0.3853115, 47.7225276], [0.3854632, 47.7224375], [0.3857636, 47.7221759], [0.3858548, 47.7221488], [0.3862115, 47.721824], [0.3864314, 47.7216959], [0.386992, 47.7211762], [0.387102, 47.7210535], [0.3871825, 47.7208496], [0.3871422, 47.7206439], [0.3872307, 47.7205339], [0.3874373, 47.7204779], [0.387507, 47.7204184], [0.3875338, 47.720339], [0.3876921, 47.7201946], [0.3879093, 47.7198319], [0.3881507, 47.7197074], [0.3884941, 47.7195667], [0.3886121, 47.7191083], [0.3888535, 47.7187185], [0.3889071, 47.7185309], [0.3892719, 47.7180888], [0.3892612, 47.7180166], [0.3888776, 47.7176755], [0.3889313, 47.7175781], [0.3890305, 47.717551], [0.38987, 47.7175961], [0.3899505, 47.7175745], [0.390436, 47.7168924], [0.3903636, 47.7167588], [0.3904172, 47.7166668], [0.3905969, 47.7166144], [0.3906479, 47.7165441], [0.3906935, 47.7163817], [0.3905915, 47.7162048], [0.3906613, 47.716046], [0.3909241, 47.7156923], [0.3912138, 47.715039], [0.3912021, 47.7148944], [0.3912967, 47.7146696], [0.3913541, 47.7146108], [0.3914717, 47.7145114], [0.3918618, 47.7144689], [0.3920912, 47.714412], [0.3921558, 47.7143898], [0.3923135, 47.7140048], [0.3924584, 47.7138813], [0.3925473, 47.7138359], [0.3926247, 47.7137173], [0.3927074, 47.7135433], [0.3929139, 47.7134158], [0.3930153, 47.7133762], [0.3932871, 47.7132957], [0.3934818, 47.7129368], [0.3935163, 47.7127744], [0.3934027, 47.712683], [0.3933114, 47.7126421], [0.3933013, 47.7125629], [0.3933845, 47.7124538], [0.3937075, 47.712046], [0.3936777, 47.7119155], [0.3936921, 47.7118412], [0.3937394, 47.7117476], [0.3938914, 47.7116115], [0.3942026, 47.7114388], [0.3942786, 47.7114426], [0.3944105, 47.7114108], [0.3945138, 47.7113587], [0.3945367, 47.7112998], [0.3945038, 47.711128], [0.3945884, 47.7110026], [0.3948002, 47.7108971], [0.394932, 47.7108616], [0.3950557, 47.7108111], [0.3952788, 47.7106473], [0.3954289, 47.7105163], [0.3955141, 47.7103962], [0.3955222, 47.7102802], [0.3955972, 47.7101246], [0.3957988, 47.7099307], [0.3958992, 47.7098709], [0.3959709, 47.7098062], [0.3959939, 47.7097097], [0.3961416, 47.709536], [0.3963036, 47.7094366], [0.3965073, 47.7092861], [0.3966091, 47.7092398], [0.3967023, 47.7091317], [0.3968429, 47.7090921], [0.3968959, 47.7090641], [0.3970178, 47.7089107], [0.397134, 47.708681], [0.3971985, 47.7086164], [0.3973491, 47.7084301], [0.3974696, 47.7082921], [0.3976144, 47.7081918], [0.3976402, 47.7081136], [0.3976316, 47.708021], [0.3977248, 47.7078579], [0.3980676, 47.7073358], [0.3981164, 47.7072576], [0.3981895, 47.7065531], [0.3981479, 47.7061039], [0.3983965, 47.7052614], [0.398293, 47.7052437], [0.3981348, 47.7051468], [0.3980436, 47.7050963], [0.3978854, 47.7050799], [0.3978164, 47.7050267], [0.3978144, 47.7047592], [0.3978976, 47.7046909], [0.3980192, 47.7046882], [0.3981754, 47.7046637], [0.3982586, 47.7046295], [0.3982788, 47.704519], [0.3982139, 47.704463], [0.3980902, 47.7044726], [0.3979706, 47.704478], [0.3979564, 47.7044507], [0.3979969, 47.7043893], [0.3980943, 47.7043552], [0.398145, 47.7042951], [0.3980902, 47.7040945], [0.3981105, 47.703973], [0.3981288, 47.703898], [0.3980902, 47.7036741], [0.3981247, 47.7035881], [0.3982525, 47.7036127], [0.3983072, 47.7035936], [0.3983336, 47.7035226], [0.3983397, 47.7033111], [0.3983681, 47.7032101], [0.3984066, 47.7031323], [0.3984675, 47.7030736], [0.3985892, 47.7030299], [0.3986094, 47.702978], [0.3985628, 47.7027747], [0.3985628, 47.7026355], [0.3986013, 47.7025358], [0.3986601, 47.7024717], [0.3988954, 47.7023789], [0.3989786, 47.7023106], [0.3989928, 47.7021973], [0.39894, 47.70214], [0.398796, 47.7021236], [0.3987514, 47.7020827], [0.3987656, 47.7020267], [0.3988102, 47.7019571], [0.3989116, 47.7019243], [0.3989887, 47.7019066], [0.3989928, 47.7018138], [0.3989826, 47.7017414], [0.3991226, 47.7015667], [0.3991611, 47.7014534], [0.3991631, 47.7013893], [0.3991915, 47.7013552], [0.3992442, 47.7013415], [0.399372, 47.7013743], [0.3994105, 47.7013715], [0.3994369, 47.701321], [0.3994105, 47.7012364], [0.3993233, 47.701074], [0.3994105, 47.7009198], [0.399656, 47.7006863], [0.3996925, 47.7005731], [0.3996722, 47.7002018], [0.3996783, 47.6999998], [0.3997371, 47.6998657], [0.3999277, 47.6996471], [0.4001848, 47.6994916], [0.4003736, 47.6993775], [0.4005767, 47.6992622], [0.4008221, 47.6991148], [0.4009377, 47.6991202], [0.4010289, 47.699123], [0.4011608, 47.6990684], [0.4012926, 47.6989906], [0.4014265, 47.6989633], [0.4015258, 47.6989305], [0.401662, 47.6988148], [0.4024049, 47.6983689], [0.4025598, 47.6982994], [0.4026229, 47.6981971], [0.4025913, 47.6980987], [0.4027278, 47.6978415], [0.4028039, 47.6977687], [0.4028223, 47.6977369], [0.4028253, 47.6977246], [0.4028224, 47.6976486], [0.4028271, 47.6976426], [0.4028408, 47.6976383], [0.4029064, 47.6976398], [0.4029666, 47.6976352], [0.4030062, 47.6976196], [0.4030486, 47.697592], [0.4030705, 47.6975552], [0.4030787, 47.6975128], [0.4030869, 47.6974705], [0.4030979, 47.6974438], [0.4031156, 47.6974318], [0.4031315, 47.6974329], [0.403168, 47.6974453], [0.4032034, 47.6974626], [0.4032209, 47.6974678], [0.4032409, 47.6974681], [0.4032615, 47.6974616], [0.4032748, 47.6974595], [0.4032902, 47.6974629], [0.4033077, 47.6974629], [0.4033298, 47.6974581], [0.4033519, 47.697447], [0.4033662, 47.6974311], [0.4033683, 47.6974166], [0.4033611, 47.6974059], [0.4033503, 47.6973949], [0.4033431, 47.6973828], [0.4033452, 47.6973686], [0.4033539, 47.6973561], [0.4033709, 47.6973447], [0.4033878, 47.6973368], [0.4034089, 47.6973288], [0.4034366, 47.6973237], [0.4034664, 47.6973205], [0.4034946, 47.6973243], [0.4035095, 47.6973344], [0.4035234, 47.6973489], [0.4035357, 47.6973527], [0.4035537, 47.6973541], [0.4035727, 47.6973537], [0.4035891, 47.6973523], [0.4036045, 47.6973478], [0.4036169, 47.6973399], [0.4036246, 47.6973306], [0.4036328, 47.6973226], [0.4036739, 47.6972967], [0.4037057, 47.6972811], [0.4037401, 47.6972628], [0.4037699, 47.6972466], [0.4038064, 47.6972227], [0.4038331, 47.697202], [0.4038706, 47.6971802], [0.4038875, 47.6971754], [0.4039081, 47.6971691], [0.4039307, 47.6971602], [0.4039527, 47.6971491], [0.4039676, 47.6971356], [0.4039794, 47.6971163], [0.4039882, 47.6971014], [0.4039928, 47.6970903], [0.4040031, 47.6970796], [0.4040205, 47.6970731], [0.4040421, 47.6970689], [0.4040632, 47.6970679], [0.4040811, 47.6970675], [0.404096, 47.6970654], [0.4041063, 47.6970616], [0.4041119, 47.6970516], [0.404114, 47.6970416], [0.4041119, 47.6970305], [0.4041042, 47.6970188], [0.4040935, 47.6970012], [0.4040883, 47.6969835], [0.4040852, 47.6969652], [0.4040847, 47.6969452], [0.4040837, 47.6969279], [0.4040816, 47.6969047], [0.4040847, 47.6968937], [0.4040914, 47.6968861], [0.4041022, 47.6968757], [0.4041094, 47.6968657], [0.404115, 47.6968522], [0.4041155, 47.696838], [0.4041109, 47.6968166], [0.4041017, 47.6967993], [0.4040955, 47.6967851], [0.4040945, 47.6967761], [0.4040986, 47.6967685], [0.4041089, 47.6967613], [0.4041268, 47.6967571], [0.4041433, 47.6967568], [0.4041607, 47.6967623], [0.4041885, 47.6967796], [0.4041998, 47.6967848], [0.4042172, 47.6967907], [0.4042383, 47.6967941], [0.4042588, 47.6967969], [0.404286, 47.6967993], [0.4043066, 47.6967993], [0.4043312, 47.6967976], [0.4043543, 47.6967972], [0.4043846, 47.6967965], [0.4044047, 47.6967941], [0.4044196, 47.6967886], [0.404436, 47.6967768], [0.4044452, 47.6967678], [0.404455, 47.6967585], [0.4044653, 47.6967557], [0.4044776, 47.6967578], [0.4044904, 47.6967633], [0.4045017, 47.6967706], [0.4045151, 47.6967834], [0.4045279, 47.6967969], [0.4045408, 47.6968135], [0.4045505, 47.6968269], [0.4045587, 47.6968332], [0.4045783, 47.6968359], [0.4045931, 47.6968352], [0.4046096, 47.6968307], [0.4046168, 47.6968256], [0.4046204, 47.6968169], [0.4046219, 47.6968038], [0.4046204, 47.6967879], [0.4046183, 47.6967599], [0.4046137, 47.6967298], [0.4046147, 47.6967129], [0.4046168, 47.6966946], [0.4046209, 47.6966807], [0.404626, 47.6966711], [0.4046358, 47.6966666], [0.4046481, 47.6966662], [0.4046609, 47.6966717], [0.4046779, 47.6966797], [0.4047025, 47.696689], [0.4047287, 47.6966994], [0.4047523, 47.6967077], [0.4047719, 47.6967108], [0.4047975, 47.6967108], [0.4048253, 47.6967077], [0.4048386, 47.6967025], [0.4048777, 47.6966876], [0.4049136, 47.6966769], [0.4049485, 47.69667], [0.4049778, 47.6966638], [0.4049855, 47.6966579], [0.4049881, 47.6966476], [0.4049876, 47.6966365], [0.4049891, 47.6966258], [0.4049994, 47.6966182], [0.4050215, 47.6966151], [0.4050425, 47.6966192], [0.405061, 47.6966227], [0.4050774, 47.696622], [0.405098, 47.6966158], [0.4051231, 47.6966043], [0.4051529, 47.6965891], [0.4051853, 47.6965719], [0.4052223, 47.6965518], [0.4052551, 47.6965318], [0.4052628, 47.6965217], [0.4052777, 47.696501], [0.4052859, 47.6964834], [0.4052942, 47.696474], [0.4053147, 47.6964616], [0.4053568, 47.696454], [0.4053887, 47.6964529], [0.4054441, 47.6964533], [0.4055176, 47.6964519], [0.4055545, 47.6964467], [0.4055782, 47.6964319], [0.4055951, 47.6964173], [0.4056131, 47.6964028], [0.4056311, 47.6963907], [0.4056465, 47.6963866], [0.4056696, 47.6963845], [0.4056906, 47.6963911], [0.4057086, 47.6964025], [0.405722, 47.6964084], [0.4057404, 47.6964087], [0.4057677, 47.6963997], [0.4057784, 47.6963942], [0.4058052, 47.6963852], [0.4058437, 47.6963741], [0.4058812, 47.6963658], [0.4059161, 47.696362], [0.40595, 47.6963617], [0.4059864, 47.6963676], [0.4060142, 47.6963835], [0.4060409, 47.6964011], [0.4060635, 47.696409], [0.4060809, 47.6964077], [0.4061189, 47.6964008], [0.4061698, 47.6963911], [0.4061996, 47.6963862], [0.4062268, 47.6963859], [0.4062694, 47.6963887], [0.406309, 47.6963931], [0.4063398, 47.6963925], [0.4063665, 47.6963866], [0.4063963, 47.6963762], [0.4064086, 47.6963672], [0.4064271, 47.6963461], [0.4064302, 47.696332], [0.4064199, 47.6963154], [0.406406, 47.6963009], [0.4063993, 47.6962843], [0.4063993, 47.6962663], [0.406406, 47.6962507], [0.4064142, 47.6962324], [0.4064307, 47.6962169], [0.4064512, 47.6962061], [0.4064805, 47.6962003], [0.4065154, 47.6962027], [0.4065452, 47.6962165], [0.4065662, 47.6962328], [0.4065858, 47.6962504], [0.4066037, 47.6962615], [0.4066274, 47.696268], [0.4066489, 47.6962739], [0.4066633, 47.696286], [0.4066679, 47.6962995], [0.4066633, 47.696315], [0.4066459, 47.6963268], [0.4066217, 47.6963427], [0.4066094, 47.6963586], [0.4066037, 47.6963769], [0.4066114, 47.6963987], [0.4066274, 47.6964125], [0.4066469, 47.696418], [0.4066746, 47.6964198], [0.4067044, 47.6964156], [0.4067342, 47.6964056], [0.406764, 47.6963935], [0.4067855, 47.6963831], [0.4067958, 47.6963724], [0.4068066, 47.6963544], [0.4068081, 47.6963385], [0.4068081, 47.696314], [0.4068138, 47.6962988], [0.4068246, 47.6962891], [0.4068395, 47.6962839], [0.4068564, 47.6962874], [0.4068713, 47.6962908], [0.4068872, 47.6962912], [0.4069242, 47.696287], [0.4069576, 47.6962825], [0.4070043, 47.6962808], [0.4070208, 47.6962767], [0.4070582, 47.6962628], [0.4070865, 47.6962462], [0.4071091, 47.6962283], [0.4071348, 47.6962096], [0.4071599, 47.6961982], [0.4071861, 47.6961916], [0.407199, 47.6961851], [0.4072015, 47.6961737], [0.4071933, 47.6961584], [0.4071697, 47.6961491], [0.4071481, 47.6961453], [0.407124, 47.6961374], [0.4071111, 47.696119], [0.4071142, 47.6961038], [0.4071322, 47.6960924], [0.4071645, 47.6960855], [0.4072061, 47.6960862], [0.4072442, 47.6960942], [0.4072683, 47.6961007], [0.4072837, 47.6961028], [0.4073037, 47.6960969], [0.407315, 47.6960893], [0.4073392, 47.6960734], [0.4073756, 47.6960523], [0.4074167, 47.6960264], [0.407448, 47.696006], [0.4074788, 47.6959759], [0.4074958, 47.6959493], [0.4074999, 47.69593], [0.4074968, 47.6958989], [0.4074896, 47.6958719], [0.4074881, 47.6958529], [0.4074984, 47.6958418], [0.4075348, 47.6958207], [0.4075513, 47.6958062], [0.4075513, 47.6957952], [0.4075312, 47.695782], [0.4074978, 47.6957775], [0.4074701, 47.6957596], [0.4074532, 47.6957399], [0.4074444, 47.695717], [0.4074444, 47.6956956], [0.4074547, 47.6956749], [0.4074758, 47.6956559], [0.4075081, 47.695642], [0.4075461, 47.6956303], [0.4075949, 47.6956109], [0.4076401, 47.6955954], [0.4076838, 47.6955784], [0.4077207, 47.6955615], [0.40775, 47.6955376], [0.4077587, 47.6955197], [0.4077659, 47.6955024], [0.4077813, 47.6954892], [0.4078127, 47.6954816], [0.407863, 47.6954792], [0.4079169, 47.6954778], [0.4079647, 47.6954816], [0.4080042, 47.6955], [0.4080268, 47.6955207], [0.4080453, 47.69553], [0.4080736, 47.6955352], [0.4081059, 47.6955345], [0.4081372, 47.6955383], [0.4081711, 47.6955532], [0.4081989, 47.6955715], [0.4082153, 47.6955864], [0.4082286, 47.6955895], [0.4082435, 47.695585], [0.4082528, 47.6955694], [0.4082497, 47.6955539], [0.4082497, 47.6955387], [0.4082589, 47.69552], [0.4082815, 47.6955086], [0.4083062, 47.6955058], [0.4083391, 47.6955134], [0.4083658, 47.6955245], [0.4083981, 47.695529], [0.4084264, 47.6955217], [0.4084413, 47.6955083], [0.4084454, 47.6954972], [0.4084361, 47.6954778], [0.4084228, 47.6954682], [0.4084053, 47.6954519], [0.4083961, 47.6954395], [0.408393, 47.6954201], [0.4083961, 47.6954011], [0.4084089, 47.6953862], [0.4084284, 47.695379], [0.4084556, 47.6953783], [0.4085347, 47.6953776], [0.4085655, 47.6953849], [0.4085938, 47.6954028], [0.4086179, 47.6954229], [0.4086344, 47.6954474], [0.4086441, 47.6954547], [0.4086564, 47.6954568], [0.408676, 47.6954509], [0.4086883, 47.6954388], [0.4086929, 47.6954243], [0.4086919, 47.6954084], [0.4086888, 47.6953811], [0.4086821, 47.6953658], [0.4086719, 47.6953496], [0.408659, 47.695334], [0.4086518, 47.6953199], [0.4086482, 47.695306], [0.4086513, 47.6952936], [0.4086652, 47.6952812], [0.4086883, 47.6952708], [0.4087222, 47.6952642], [0.4087438, 47.6952635], [0.4087741, 47.6952642], [0.4088049, 47.6952656], [0.4088259, 47.6952646], [0.4088357, 47.6952587], [0.4088424, 47.6952469], [0.4088516, 47.6952297], [0.408868, 47.6952224], [0.4088953, 47.6952217], [0.4089276, 47.6952255], [0.4089584, 47.6952352], [0.4090087, 47.6952559], [0.4090349, 47.6952701], [0.4090586, 47.6952767], [0.4090817, 47.695278], [0.4091299, 47.6952843], [0.4091736, 47.6952953], [0.4092198, 47.6953109], [0.4092537, 47.6953302], [0.4092779, 47.6953375], [0.4093061, 47.6953382], [0.4093641, 47.6953306], [0.409416, 47.6953216], [0.4094566, 47.6953185], [0.409493, 47.6953237], [0.4095449, 47.6953413], [0.4095814, 47.6953627], [0.409626, 47.6953932], [0.4096584, 47.6954132], [0.40968, 47.6954243], [0.4096985, 47.6954277], [0.4097159, 47.6954267], [0.4097472, 47.6954142], [0.4097596, 47.6954032], [0.4097729, 47.6953842], [0.409776, 47.6953551], [0.4097817, 47.6953316], [0.4097976, 47.6953133], [0.4098207, 47.6953067], [0.4098448, 47.6953095], [0.4098649, 47.6953206], [0.4098864, 47.6953392], [0.409907, 47.6953565], [0.4099311, 47.6953676], [0.4099527, 47.6953693], [0.4099629, 47.6953638], [0.4099763, 47.6953482], [0.409984, 47.6953299], [0.4099912, 47.695314], [0.4100097, 47.6953026], [0.4100451, 47.6953005], [0.4100659, 47.6953037], [0.4100993, 47.69531], [0.41014, 47.6953208], [0.4101526, 47.6953212], [0.4101666, 47.6953154], [0.4101833, 47.6953019], [0.410222, 47.6952781], [0.4102674, 47.6952588], [0.4103021, 47.6952512], [0.4103308, 47.6952521], [0.4103815, 47.6952606], [0.4104155, 47.6952714], [0.4104522, 47.695279], [0.4104929, 47.6952772], [0.4105336, 47.6952705], [0.4105596, 47.6952548], [0.4105836, 47.6952449], [0.4106116, 47.6952408], [0.410651, 47.6952435], [0.410713, 47.6952516], [0.4107531, 47.6952539], [0.4107744, 47.6952467], [0.4107944, 47.6952314], [0.4108245, 47.6952265], [0.4108578, 47.6952341], [0.4108825, 47.6952485], [0.4109078, 47.6952543], [0.4109752, 47.6952552], [0.4110413, 47.6952597], [0.411112, 47.69527], [0.4111387, 47.6952727], [0.4111674, 47.6952678], [0.411188, 47.6952507], [0.4112001, 47.6952323], [0.4112221, 47.6952072], [0.4112468, 47.6951968], [0.4112901, 47.6951959], [0.4114436, 47.6952215], [0.411519, 47.6952292], [0.4116224, 47.6952292], [0.4117471, 47.6952346], [0.4117731, 47.6952422], [0.4118392, 47.6952655], [0.4118765, 47.6952718], [0.4119272, 47.6952745], [0.4119553, 47.6952669], [0.4119773, 47.695248], [0.4120066, 47.6952386], [0.4120807, 47.6952404], [0.4121261, 47.6952494], [0.4121741, 47.6952543], [0.4122288, 47.6952534], [0.4122648, 47.695244], [0.4123175, 47.695231], [0.4123669, 47.6952229], [0.4124256, 47.6952202], [0.412507, 47.6952355], [0.4125664, 47.6952449], [0.4126251, 47.695266], [0.4126805, 47.6952916], [0.4127185, 47.6953167], [0.4127619, 47.6953378], [0.4128212, 47.6953522], [0.4128764, 47.6953583], [0.4130297, 47.6953697], [0.4130971, 47.6953949], [0.4131432, 47.6953929], [0.4131723, 47.6953805], [0.4131854, 47.6953576], [0.4132126, 47.6953497], [0.4133036, 47.695351], [0.4133981, 47.6953524], [0.4138239, 47.6953682], [0.4141381, 47.6953745], [0.4141805, 47.6949301], [0.4141914, 47.6949015], [0.4142333, 47.6947919], [0.4144155, 47.6947793], [0.4146169, 47.6948045], [0.4150007, 47.694737], [0.4152358, 47.6946597], [0.4154658, 47.6946882], [0.4156076, 47.6946798], [0.4157551, 47.6946354], [0.4162408, 47.69437]]}, "properties": {"name": "Les Profondevaux", "waterway": "stream"}}, {"type": "Feature", "geometry": {"type": "LineString", "coordinates": [[0.3937005, 47.7638333], [0.3938634, 47.7637872], [0.3941769, 47.7637288], [0.3947316, 47.7635667], [0.3952019, 47.7633819], [0.3953346, 47.7633981], [0.3958193, 47.7635683], [0.3961352, 47.7635943], [0.3967068, 47.7635408], [0.3969046, 47.7635343], [0.3970831, 47.7636089], [0.3973923, 47.7637528]]}, "properties": {"name": "L'Ire", "waterway": "stream"}}, {"type": "Feature", "geometry": {"type": "LineString", "coordinates": [[0.4163378, 47.7945966], [0.4167026, 47.7944363], [0.4174161, 47.7940507], [0.4175583, 47.7939696], [0.4177648, 47.7938759], [0.418902, 47.793056], [0.4192883, 47.792829], [0.4199374, 47.7923569], [0.4205811, 47.7917838], [0.4212516, 47.7909009], [0.4212409, 47.7907675], [0.4212999, 47.7906702], [0.4212946, 47.7904828], [0.4214072, 47.790454], [0.4216379, 47.7903783], [0.4217935, 47.7903206], [0.4223299, 47.7898557], [0.4224747, 47.7896575], [0.4229844, 47.7888285], [0.4230756, 47.7885906], [0.4231936, 47.7884861], [0.4232231, 47.7884727], [0.4233007, 47.7884373], [0.4233438, 47.7884176], [0.4235369, 47.7882626], [0.4241377, 47.7877905], [0.4243898, 47.7873039], [0.4245561, 47.7870768], [0.4253179, 47.7862082], [0.4255485, 47.7858225], [0.4256666, 47.7856712], [0.4261869, 47.7853251], [0.4264583, 47.7851302], [0.4264972, 47.7851053], [0.4265444, 47.7850731], [0.4265835, 47.7850478], [0.4267985, 47.784889], [0.4270184, 47.7846295], [0.4275763, 47.7839879], [0.4278713, 47.783732], [0.4281127, 47.7836202], [0.4282898, 47.7835373], [0.4284131, 47.7835265], [0.4284936, 47.7834688], [0.4287028, 47.7832994], [0.4295719, 47.7828597], [0.4299527, 47.7826109], [0.4301244, 47.7824812], [0.4302853, 47.7822144], [0.4303282, 47.7820342], [0.4302961, 47.7818792], [0.4301673, 47.7817711], [0.4300547, 47.7817062], [0.4299152, 47.7815872], [0.4298347, 47.7815079], [0.4285741, 47.779428], [0.4284722, 47.7792009], [0.4283971, 47.7788837], [0.4281932, 47.7786277], [0.4280765, 47.7784826], [0.4278519, 47.7783421], [0.4277265, 47.7782636], [0.4275441, 47.7780095], [0.4274958, 47.7778707], [0.4275509, 47.7777225]]}, "properties": {"name": "Le Gué Tesnon", "waterway": "stream", "ref:sandre": "M1345000"}}, {"type": "Feature", "geometry": {"type": "LineString", "coordinates": [[0.3218436, 47.7479287], [0.3216558, 47.7479362], [0.3210068, 47.7479286], [0.3203754, 47.7478637], [0.3202464, 47.7478375], [0.3198065, 47.7477185], [0.3188114, 47.7474019], [0.3183822, 47.7472703], [0.3179799, 47.7471585], [0.3177814, 47.7470764], [0.3176554, 47.7469989], [0.3175051, 47.7469583], [0.3173751, 47.7469285], [0.3160889, 47.7466796], [0.3158341, 47.7465985], [0.3154372, 47.7464461], [0.3152822, 47.7463712], [0.3152378, 47.7463511], [0.314941, 47.7462026], [0.3148042, 47.7460917], [0.3143133, 47.7457274], [0.3141738, 47.74563], [0.3140961, 47.7456074], [0.3140263, 47.745639], [0.3136924, 47.745786], [0.3135543, 47.7458608], [0.3134912, 47.7459573], [0.3133866, 47.7459212]]}, "properties": {"name": "Le Gruau", "waterway": "stream"}}, {"type": "Feature", "geometry": {"type": "LineString", "coordinates": [[0.4687719, 47.7701772], [0.4683272, 47.7698597], [0.4682673, 47.7697784], [0.4680985, 47.7696449], [0.4678348, 47.7694102], [0.4677178, 47.7692387], [0.4676823, 47.7691474], [0.4674304, 47.7689185], [0.4672847, 47.7688562], [0.4670357, 47.7686696], [0.4669495, 47.7685838], [0.4668385, 47.7685123], [0.4665457, 47.7683312], [0.4664308, 47.7682212], [0.4663396, 47.7681401], [0.4663221, 47.7680497], [0.4663718, 47.767957], [0.4662356, 47.7678714], [0.4662572, 47.7678077], [0.4663179, 47.7677536], [0.466255, 47.7676953], [0.4662065, 47.7676068], [0.4661368, 47.7675657], [0.4660582, 47.7674974], [0.4660256, 47.7674171], [0.4659457, 47.7674387], [0.465873, 47.7675508], [0.4658407, 47.7675631], [0.4657797, 47.7675117], [0.4657073, 47.767473], [0.4655342, 47.7673244], [0.4654796, 47.7672238], [0.4654962, 47.7671973], [0.4655735, 47.7672054], [0.4655839, 47.7671655], [0.4655411, 47.7671422], [0.4655532, 47.7671034], [0.4654923, 47.7670519], [0.4654645, 47.7669841], [0.4653453, 47.766991], [0.4652696, 47.7669741], [0.4651502, 47.7669188], [0.4650494, 47.7669223], [0.464954, 47.7668818], [0.4649851, 47.7665103], [0.464623, 47.7663066], [0.4645479, 47.7662669], [0.464505, 47.7662074], [0.4645345, 47.7660794], [0.4643869, 47.7658379], [0.4642743, 47.765553], [0.4640704, 47.7654232], [0.4630458, 47.7649238], [0.4629997, 47.7649011], [0.4629064, 47.7648553], [0.4627803, 47.7646732], [0.4627079, 47.7645957], [0.462555, 47.7645416], [0.462445, 47.7645127], [0.4623163, 47.7645001], [0.4621875, 47.7644821], [0.4618308, 47.7643252], [0.4611227, 47.7638907], [0.4607579, 47.7636996], [0.460605, 47.7636617], [0.4604012, 47.7636383], [0.46031, 47.763595], [0.4602188, 47.7635337], [0.4601973, 47.7633751], [0.4601705, 47.7633228], [0.4600954, 47.7632939], [0.4594195, 47.7630487], [0.4592881, 47.7629802], [0.4585183, 47.7624573], [0.4580596, 47.7622157], [0.4578745, 47.762131], [0.4572415, 47.7620354], [0.4571262, 47.7620282], [0.457086, 47.7620553], [0.4570296, 47.7621923], [0.4570028, 47.7622175], [0.4569223, 47.7622085], [0.4566595, 47.7621148], [0.4561619, 47.7620738], [0.456056, 47.7620733], [0.4559675, 47.762131], [0.4558441, 47.7621851], [0.4555544, 47.762158], [0.4551709, 47.7621617], [0.4549804, 47.7621707], [0.4549322, 47.7622103], [0.4549456, 47.7623275], [0.4548839, 47.7623618], [0.45479, 47.762387], [0.4546639, 47.7623582], [0.454503, 47.7623726], [0.4543045, 47.7624177], [0.4541382, 47.7625042], [0.4540229, 47.7625529], [0.45387, 47.7625727], [0.4537198, 47.7626052], [0.4536232, 47.7626737], [0.4535133, 47.7626845], [0.453414, 47.7626737], [0.4532477, 47.7626214], [0.4531029, 47.7626232], [0.452832, 47.7626863], [0.4527166, 47.7627116], [0.4525959, 47.762717], [0.4524726, 47.7626809], [0.4521105, 47.7626755], [0.4520112, 47.7626719], [0.4518718, 47.7626214], [0.4513863, 47.7624015], [0.4512656, 47.7623456], [0.4510429, 47.7621689], [0.4508901, 47.7620949], [0.4503724, 47.7619002], [0.4499674, 47.7617884], [0.4495382, 47.7616839], [0.4493371, 47.7616117], [0.4491681, 47.7615468], [0.4490393, 47.7614999], [0.4489508, 47.7613972], [0.4488328, 47.7611393], [0.4487309, 47.7608797], [0.4487282, 47.7608148], [0.4488194, 47.7605443], [0.4488865, 47.7604902], [0.449093, 47.7604632], [0.4491439, 47.7604325], [0.4491815, 47.7603839], [0.4491895, 47.7603226], [0.4491574, 47.7602522], [0.4487362, 47.7599944], [0.4486853, 47.7599565], [0.4486585, 47.7598826], [0.4486665, 47.7598339], [0.4487658, 47.7598033], [0.449042, 47.7598321], [0.4493237, 47.7598519], [0.4495034, 47.7598592], [0.4496965, 47.7599096], [0.449793, 47.7599313], [0.4498279, 47.7599169], [0.4498386, 47.7598664], [0.4497367, 47.7596969], [0.4497313, 47.7596157], [0.4497528, 47.7595544], [0.4498038, 47.7594733], [0.449844, 47.7594372], [0.4499432, 47.7594282], [0.450131, 47.7594463], [0.450485, 47.7593976], [0.4508096, 47.7594066], [0.4511315, 47.7593741], [0.4512924, 47.7593741], [0.4514077, 47.7593597], [0.4514614, 47.7592822], [0.451515, 47.7591415], [0.4518262, 47.7590225], [0.4521078, 47.7589432], [0.4522821, 47.7588765], [0.4524779, 47.7587503], [0.4525074, 47.7586511], [0.4524779, 47.7585501], [0.4523921, 47.7584095], [0.4522258, 47.7582634], [0.4521239, 47.7580218], [0.4521373, 47.7578865], [0.452207, 47.7577946], [0.4525396, 47.7575638], [0.4527891, 47.7574285], [0.4528856, 47.7572645], [0.4528722, 47.7571689], [0.452722, 47.7570805], [0.452612, 47.7569489], [0.4525664, 47.7563358], [0.4524653, 47.7558831]]}, "properties": {"name": "La Cailletière", "waterway": "stream", "ref:sandre": "M1345300"}}, {"type": "Feature", "geometry": {"type": "LineString", "coordinates": [[0.3968176, 47.6906185], [0.3968623, 47.6905805], [0.3969195, 47.6904684], [0.3978493, 47.6904713], [0.3978722, 47.6904822], [0.3981616, 47.6904941], [0.3987712, 47.6906109], [0.3997904, 47.6907586], [0.4000823, 47.6908173], [0.4003027, 47.6908064], [0.4005658, 47.6908198], [0.4009762, 47.6908394], [0.4013949, 47.6908083], [0.4019364, 47.6908434], [0.4024052, 47.690827], [0.4026567, 47.6907852], [0.4028987, 47.6907195], [0.4036196, 47.6904538], [0.4039338, 47.6903622], [0.4042044, 47.6902116], [0.4043497, 47.690096], [0.4047643, 47.6896581], [0.4052047, 47.6892851]]}, "properties": {"intermittent": "yes", "waterway": "stream"}}, {"type": "Feature", "geometry": {"type": "LineString", "coordinates": [[0.7024189, 47.7699373], [0.702678, 47.7698104], [0.7033362, 47.7697801]]}, "properties": {"waterway": "stream"}}, {"type": "Feature", "geometry": {"type": "LineString", "coordinates": [[0.372252, 47.794695], [0.3722391, 47.794695], [0.3722284, 47.7946941]]}, "properties": {"waterway": "canal"}}, {"type": "Feature", "geometry": {"type": "LineString", "coordinates": [[0.7035615, 47.7678999], [0.7037021, 47.7678135], [0.7038117, 47.7677713], [0.703774, 47.7675533], [0.7041103, 47.767345], [0.7045212, 47.7672738], [0.7045201, 47.7668514], [0.7045921, 47.7666757], [0.7048045, 47.7665571], [0.7049167, 47.7664322], [0.7051627, 47.7663754], [0.7051548, 47.7658869], [0.7052797, 47.7657653]]}, "properties": {"waterway": "river"}}, {"type": "Feature", "geometry": {"type": "LineString", "coordinates": [[0.5258473, 47.8550627], [0.5255467, 47.8549223], [0.5244846, 47.854018], [0.5243746, 47.8540773], [0.5242636, 47.8541028], [0.5240627, 47.8540766], [0.5239515, 47.8540256], [0.5237475, 47.8537813], [0.5236459, 47.8537191], [0.5234885, 47.8537148], [0.5233217, 47.8537738], [0.5232157, 47.8538037], [0.5231474, 47.8537718], [0.5229704, 47.8535854], [0.5225561, 47.8534182], [0.5223424, 47.8532226], [0.5221976, 47.85312], [0.5220014, 47.8530974], [0.5218533, 47.853055], [0.5218186, 47.8529626], [0.521764, 47.852867], [0.5214232, 47.8528069], [0.5213724, 47.852778], [0.5213608, 47.8526464], [0.5212203, 47.8526517], [0.5209537, 47.8525932], [0.5205379, 47.8523769], [0.5201179, 47.8522753], [0.5199254, 47.8521323], [0.519743, 47.8521247], [0.5194222, 47.8522204], [0.5192098, 47.8522343], [0.5190858, 47.8522097], [0.5187744, 47.8520551], [0.5180158, 47.8518607], [0.5175013, 47.8516833], [0.5172581, 47.8513418], [0.5169679, 47.8511153], [0.5167117, 47.8511263], [0.5164551, 47.8510292], [0.5162794, 47.8510531], [0.5156582, 47.8509298], [0.5145107, 47.8504626], [0.5144585, 47.8503467], [0.5144512, 47.8502707], [0.5145142, 47.8501888], [0.5145616, 47.8501463], [0.5146148, 47.8498403], [0.5144079, 47.8496248], [0.5140571, 47.849468], [0.5137736, 47.8493027], [0.513257, 47.8491249], [0.5127254, 47.8483435], [0.5120071, 47.8479166], [0.5118966, 47.847834], [0.5119104, 47.8477444], [0.5118965, 47.8476864], [0.5117274, 47.8476346], [0.5116548, 47.8476145], [0.5115071, 47.8475062], [0.5113898, 47.8474484], [0.5112307, 47.8473558], [0.5111262, 47.8472982], [0.5109899, 47.8472386], [0.5109262, 47.8471936], [0.5107864, 47.847141], [0.5106929, 47.8469913], [0.5106573, 47.8468967], [0.510529, 47.8468287], [0.5104351, 47.8468989], [0.5103348, 47.8469031], [0.510027, 47.8468098], [0.5098348, 47.8466691], [0.5097873, 47.8466661], [0.5094413, 47.8463494], [0.5093379, 47.8463199], [0.509375, 47.8462421], [0.5092478, 47.8460218], [0.5090916, 47.8459753], [0.5090151, 47.8458828], [0.5086213, 47.845872], [0.5085679, 47.8457891], [0.5084366, 47.8457159], [0.5084327, 47.8456569], [0.5082279, 47.8455707], [0.5081323, 47.8455255], [0.5080211, 47.845455], [0.5078848, 47.8454158], [0.5078604, 47.8453449], [0.5078052, 47.8453363], [0.507727, 47.8453487], [0.5076414, 47.8453813], [0.5073345, 47.8454601], [0.5072155, 47.8454655], [0.5070281, 47.8453766], [0.5068457, 47.8453707], [0.506611, 47.8453355], [0.5065271, 47.8452366], [0.5062508, 47.8451503], [0.5060415, 47.8450458], [0.5060431, 47.845011], [0.5059475, 47.8449866], [0.5058532, 47.8450141], [0.505751, 47.8450463], [0.5055771, 47.8450229], [0.5053729, 47.8449741], [0.5051187, 47.844956], [0.5049609, 47.8449347], [0.5047437, 47.8449287], [0.5043606, 47.8448265], [0.5042512, 47.8448315], [0.5040478, 47.8447518], [0.5038681, 47.844731], [0.5037132, 47.8447298], [0.5036436, 47.8447257], [0.503405, 47.8445669], [0.5023946, 47.8443035], [0.5023027, 47.8442555], [0.5012503, 47.8432269], [0.5005957, 47.8428589], [0.4986879, 47.8417743], [0.4979631, 47.8413734], [0.4966753, 47.8406207], [0.4965594, 47.8405718], [0.4964479, 47.8405158], [0.4962626, 47.8403692], [0.4961467, 47.840391], [0.4960016, 47.8403739], [0.4952944, 47.8403371], [0.4950757, 47.8402924], [0.4947964, 47.8401019], [0.4947159, 47.8400866], [0.4945484, 47.8400768], [0.4944964, 47.8400572], [0.494477, 47.8400223], [0.4945525, 47.8399711], [0.4945425, 47.8398959], [0.494508, 47.8398349], [0.4942458, 47.839895], [0.4940797, 47.8398379], [0.4939838, 47.8397632], [0.4938783, 47.8396226], [0.4937035, 47.8394996], [0.4937275, 47.8394177], [0.4937007, 47.8393686], [0.4936174, 47.8393532], [0.4935249, 47.8394342], [0.4934652, 47.8394231], [0.4934295, 47.8393491], [0.4933728, 47.8393135], [0.493307, 47.8392979], [0.493185, 47.8393665], [0.4931692, 47.8393533], [0.4931735, 47.8393196], [0.4932127, 47.8392467], [0.4927984, 47.8391097], [0.4923927, 47.83908], [0.4918548, 47.8389692], [0.4917575, 47.8389241], [0.4914658, 47.8388955], [0.4911944, 47.8388078], [0.4910409, 47.8387154], [0.4909764, 47.8386894], [0.4905868, 47.8386857], [0.4902603, 47.8387173], [0.4901231, 47.8386664], [0.4898709, 47.8385996], [0.4895199, 47.8384185], [0.4892604, 47.8382358], [0.4892273, 47.8371299]]}, "properties": {"waterway": "stream"}}, {"type": "Feature", "geometry": {"type": "LineString", "coordinates": [[0.5622491, 47.8188015], [0.5626046, 47.8186267], [0.5629455, 47.8185191], [0.563261, 47.8184472], [0.5634582, 47.8184412], [0.5642759, 47.8185053], [0.5643487, 47.8184966], [0.5644366, 47.8184798], [0.5647753, 47.8184303]]}, "properties": {"waterway": "ditch"}}, {"type": "Feature", "geometry": {"type": "LineString", "coordinates": [[0.4111765, 47.8426181], [0.4116695, 47.8424447], [0.4118039, 47.8422619], [0.4120484, 47.8421488], [0.4121344, 47.8420524], [0.4121652, 47.8419469], [0.4122062, 47.841915], [0.4122861, 47.8419418], [0.4125582, 47.8418808], [0.4126775, 47.8417679], [0.4128608, 47.8417205], [0.4129287, 47.8416612], [0.4130354, 47.8416152], [0.4131629, 47.8415228], [0.4132891, 47.8414116], [0.4133708, 47.8413542], [0.4134399, 47.8412714], [0.4135821, 47.8412106], [0.4136422, 47.8412151], [0.4137088, 47.8411822], [0.4137133, 47.841137], [0.4137552, 47.8410427], [0.4138159, 47.8410332], [0.4138869, 47.8410051], [0.4140238, 47.8410051], [0.414152, 47.8409455], [0.4146255, 47.8408469], [0.414627, 47.8408172], [0.4148384, 47.8407174], [0.4149888, 47.840677], [0.415214, 47.8405806], [0.4153279, 47.8405285], [0.4158446, 47.8403075], [0.4165565, 47.8400704], [0.4166133, 47.839974], [0.4168861, 47.8398847], [0.4169755, 47.8398265], [0.4171725, 47.8397453], [0.417175, 47.8396948], [0.4172333, 47.8396194], [0.4174106, 47.8395477], [0.4175086, 47.8395134], [0.4177031, 47.8395103], [0.4179964, 47.8394792], [0.4182809, 47.8394139], [0.4185219, 47.839417], [0.4186677, 47.8393971], [0.4188317, 47.8394052], [0.4199954, 47.8394401], [0.4202599, 47.8393594], [0.4206139, 47.8391613], [0.4207636, 47.8389179], [0.4208755, 47.8385644], [0.4211311, 47.8380644], [0.4212253, 47.8378286]]}, "properties": {"ref:sandre": "M1316000", "waterway": "stream"}}, {"type": "Feature", "geometry": {"type": "LineString", "coordinates": [[0.4079157, 47.8169334], [0.4081786, 47.8171423], [0.4083824, 47.8172684], [0.4086721, 47.8173765], [0.4091442, 47.817589], [0.4095358, 47.8178087], [0.4102117, 47.8182662], [0.4105818, 47.818612], [0.4109573, 47.8188137], [0.4141277, 47.8206651], [0.4161447, 47.8216881], [0.4164398, 47.8218574], [0.416649, 47.8219798], [0.4173946, 47.8225453], [0.4185909, 47.8233377], [0.4188216, 47.823543], [0.4195672, 47.8243354], [0.4197575, 47.8247755], [0.4197593, 47.8248174], [0.4197774, 47.8249841], [0.419987, 47.8252422], [0.4200874, 47.8254813], [0.4202469, 47.8257119], [0.4202398, 47.8257578], [0.4202663, 47.8258143], [0.4202642, 47.825857], [0.4203839, 47.8260648], [0.4201821, 47.8269559], [0.4200953, 47.8271524], [0.4200153, 47.8272381], [0.4199598, 47.8273601], [0.4198918, 47.8275494], [0.4198752, 47.8276872], [0.4198196, 47.8280182], [0.4197339, 47.8281709], [0.419736, 47.8283255], [0.4196622, 47.8285443], [0.4195888, 47.8287302], [0.4193342, 47.8290369], [0.4192886, 47.8291675], [0.4191664, 47.8293654], [0.4188897, 47.8296256], [0.4188791, 47.8297405], [0.4188167, 47.8298148], [0.4188145, 47.8298608], [0.4187568, 47.8299385], [0.4186338, 47.8301528], [0.4184951, 47.8301924], [0.4185071, 47.8302453], [0.4184087, 47.8303017], [0.4175832, 47.8311012], [0.4173979, 47.8311447], [0.4172661, 47.8312243], [0.4172023, 47.8312915], [0.417086, 47.8313028], [0.4170065, 47.8313394], [0.4168828, 47.8313599], [0.4168091, 47.8314175], [0.4166856, 47.8314357], [0.4166534, 47.831528], [0.4165255, 47.8315972], [0.4164359, 47.8316627], [0.4163774, 47.8317288], [0.4163827, 47.8318289], [0.4164277, 47.8318974], [0.4163878, 47.8319361], [0.4164245, 47.8320299], [0.4164045, 47.8320853], [0.4164689, 47.8321634], [0.4164837, 47.8321957], [0.4164343, 47.8322369], [0.4163351, 47.8322396], [0.4162919, 47.8324196], [0.4161735, 47.8324432], [0.4161603, 47.832512], [0.4161023, 47.8325962], [0.4160247, 47.8325846], [0.4159367, 47.8327833], [0.4159081, 47.8330623], [0.4158095, 47.8331251], [0.4157012, 47.8331588], [0.4151206, 47.8335582]]}, "properties": {"waterway": "stream"}}, {"type": "Feature", "geometry": {"type": "LineString", "coordinates": [[0.4820453, 47.8449134], [0.4826539, 47.8446056], [0.4845864, 47.843887], [0.4848078, 47.8437934], [0.4848423, 47.8435861]]}, "properties": {"waterway": "stream"}}, {"type": "Feature", "geometry": {"type": "LineString", "coordinates": [[0.4602035, 47.8868297], [0.4602831, 47.8867751], [0.4603839, 47.8867543], [0.4603491, 47.8867194], [0.4603435, 47.8867016], [0.460394, 47.88668], [0.4604272, 47.8866618], [0.4604295, 47.8866351], [0.4603928, 47.8866101], [0.4603792, 47.8865865], [0.4603972, 47.8865677], [0.4604254, 47.8865541], [0.4605204, 47.8865619], [0.4605804, 47.8864969], [0.4606698, 47.8864576], [0.4606693, 47.8863469], [0.4605616, 47.8863326], [0.4605452, 47.8863222], [0.4605512, 47.8862911], [0.4606667, 47.8862273], [0.4606487, 47.8861122], [0.4606481, 47.8860489], [0.4606008, 47.8859789], [0.460622, 47.8859228], [0.4605366, 47.8858557], [0.4605547, 47.8857312], [0.4607141, 47.885626], [0.4608185, 47.885588], [0.4608, 47.8855316], [0.4608236, 47.885503], [0.4609103, 47.8855043], [0.4609474, 47.8854641], [0.4608785, 47.8854309], [0.4608853, 47.8853977], [0.4609974, 47.8853492], [0.4610013, 47.8852702], [0.4611048, 47.8851829], [0.4611908, 47.8850664], [0.4612091, 47.8849947], [0.4612586, 47.8848144], [0.4613587, 47.8847322], [0.4613729, 47.8846679], [0.4610938, 47.8846344], [0.4608435, 47.8845394], [0.4609057, 47.8844761], [0.4609166, 47.8844043], [0.4612581, 47.8839199], [0.4612724, 47.8838531], [0.4611129, 47.8837924], [0.4610558, 47.8836744], [0.461354, 47.8835443], [0.4614423, 47.8835512], [0.461348, 47.8832907], [0.4614574, 47.8832434], [0.4614235, 47.883106], [0.4614819, 47.8829706], [0.4614702, 47.8828312], [0.4615335, 47.8827457], [0.4617898, 47.882642], [0.4621102, 47.8825099], [0.4630022, 47.8818712], [0.4631094, 47.8816425], [0.463104, 47.8813986], [0.4630748, 47.8813075], [0.4630771, 47.8811006], [0.4631841, 47.8809948], [0.463351, 47.8808693], [0.4636562, 47.8806809], [0.4638404, 47.8805202], [0.464036, 47.8804085], [0.464434, 47.8802459], [0.464628, 47.8802054], [0.464795, 47.8801168], [0.4651127, 47.8799129], [0.4652316, 47.8798074], [0.4653468, 47.8797743], [0.4654365, 47.8796642], [0.4657559, 47.8795447], [0.466038, 47.8793875], [0.4666556, 47.8790227], [0.4670303, 47.8787739], [0.4671451, 47.8786301], [0.4673646, 47.8784702], [0.4675363, 47.8781246], [0.4676854, 47.8780421], [0.4678323, 47.8779623], [0.4680295, 47.8777373], [0.4685454, 47.8771659], [0.4687013, 47.8768332], [0.4692117, 47.8757462], [0.4694422, 47.8749421], [0.4690265, 47.8734632], [0.4683929, 47.8727645], [0.468251, 47.8726597], [0.4682743, 47.8725981], [0.4684086, 47.8725872], [0.468547, 47.8725341], [0.468732, 47.8724735]]}, "properties": {"waterway": "stream"}}, {"type": "Feature", "geometry": {"type": "LineString", "coordinates": [[0.4597239, 47.8711833], [0.4599444, 47.8709624], [0.4605281, 47.8707675], [0.4609934, 47.870759], [0.4631214, 47.8707685], [0.4637084, 47.8709155], [0.4647741, 47.8715577]]}, "properties": {"waterway": "ditch"}}, {"type": "Feature", "geometry": {"type": "LineString", "coordinates": [[0.468251, 47.8726597], [0.468087, 47.8725673], [0.4677516, 47.8722659]]}, "properties": {"waterway": "stream"}}, {"type": "Feature", "geometry": {"type": "LineString", "coordinates": [[0.4640292, 47.890336], [0.4637945, 47.890224], [0.4631963, 47.8897659], [0.4629368, 47.8894819], [0.4628881, 47.8894187], [0.4622713, 47.8888099], [0.4621573, 47.8887601], [0.462161, 47.8886472], [0.4620728, 47.8885992], [0.4620109, 47.8886202], [0.4619181, 47.8885908], [0.4617988, 47.8886118], [0.4616911, 47.88851], [0.4616483, 47.8885178], [0.4615606, 47.8884984], [0.4615733, 47.8884266], [0.4614045, 47.888367], [0.461396, 47.8883134], [0.4613221, 47.888313], [0.4611868, 47.8882851], [0.4611606, 47.8881417], [0.4611114, 47.8881282], [0.4609898, 47.888046], [0.4609225, 47.8881004], [0.4607955, 47.8880156], [0.4607775, 47.8880437], [0.4606079, 47.8880363], [0.4605101, 47.8879595], [0.4603459, 47.887334], [0.4602845, 47.8871935], [0.4602496, 47.8870001], [0.4602035, 47.8868297]]}, "properties": {"waterway": "ditch"}}, {"type": "Feature", "geometry": {"type": "LineString", "coordinates": [[0.4639908, 47.8732511], [0.4637706, 47.8730586], [0.4634593, 47.8727784], [0.4637864, 47.8724713], [0.4638982, 47.8724142], [0.4641219, 47.8724092], [0.4643239, 47.8723553], [0.4647572, 47.8719536], [0.4648414, 47.8719306], [0.4648772, 47.8719165], [0.4646382, 47.8716689], [0.4646763, 47.8716064], [0.4647741, 47.8715577], [0.4654984, 47.8712929], [0.4657891, 47.8711991], [0.4658689, 47.8711692], [0.4660009, 47.8711154], [0.4661458, 47.8710765], [0.4662904, 47.8710045], [0.4663576, 47.8709928], [0.4665731, 47.8708749], [0.4666349, 47.8708526], [0.4667529, 47.8708446], [0.4671894, 47.8709347], [0.4672871, 47.8709511], [0.4674, 47.8709671], [0.4678101, 47.8709932], [0.4682109, 47.8710826], [0.468257, 47.8710984], [0.4685627, 47.8710613], [0.4686804, 47.87106], [0.4686948, 47.8710458], [0.4686576, 47.8710041], [0.4686597, 47.8709619], [0.4687066, 47.8709234], [0.4688954, 47.8709091], [0.4689683, 47.8709424], [0.4690164, 47.8710015], [0.4690848, 47.8710452], [0.4691409, 47.8710596], [0.4692263, 47.8710351], [0.4692576, 47.8709567], [0.4694199, 47.8709642], [0.4694726, 47.8709285], [0.4696925, 47.8709202], [0.4698197, 47.8708821], [0.4698678, 47.8708607], [0.4699331, 47.8708641], [0.4700437, 47.8708699], [0.4702255, 47.8708383], [0.4705557, 47.8706979], [0.4708076, 47.8705545], [0.4708708, 47.8703965], [0.4708604, 47.8702695], [0.4709217, 47.8702056], [0.4720146, 47.8700446]]}, "properties": {"waterway": "stream"}}, {"type": "Feature", "geometry": {"type": "LineString", "coordinates": [[0.4464764, 47.8821223], [0.4464934, 47.8822549], [0.4464833, 47.8823864], [0.4465261, 47.8824172], [0.4465716, 47.8824679], [0.4466359, 47.8825323], [0.4466596, 47.882582], [0.4468045, 47.8826625], [0.446943, 47.8826604], [0.4472698, 47.8826553], [0.4474218, 47.8827518], [0.4475095, 47.8828258], [0.4475886, 47.8828118], [0.4478058, 47.8828043], [0.448131, 47.8828291], [0.4487105, 47.8827841], [0.4489469, 47.882705], [0.4490817, 47.8826201], [0.449266, 47.8825364], [0.4494719, 47.8824935], [0.4497866, 47.8823595], [0.4503978, 47.882359], [0.4505842, 47.8822876], [0.4506246, 47.8822094], [0.4511122, 47.8820147], [0.4511728, 47.881951], [0.4513691, 47.8818359], [0.4514495, 47.8816356], [0.451611, 47.8814319], [0.4515382, 47.8813196], [0.4515193, 47.8812788], [0.451616, 47.8812247], [0.4517062, 47.8809825], [0.4516908, 47.8809241], [0.451809, 47.8808038], [0.4518174, 47.8806862], [0.4518648, 47.8806258], [0.4519239, 47.880592], [0.4520523, 47.8805843], [0.4521971, 47.8805084], [0.4535939, 47.8795625], [0.4538967, 47.8794586], [0.45402, 47.879449], [0.4541115, 47.8792876], [0.4542657, 47.8792858], [0.4543032, 47.8792655], [0.4544833, 47.8792678], [0.4545691, 47.8792223], [0.4547412, 47.8792296], [0.4548247, 47.879177], [0.4549112, 47.8791701], [0.4549473, 47.8792869], [0.4550519, 47.8793101], [0.4555793, 47.8793256], [0.4557429, 47.8793031], [0.4557933, 47.8792546], [0.4558469, 47.8792918], [0.4574413, 47.8789483], [0.4574585, 47.8788989], [0.4575583, 47.8787844], [0.4576361, 47.8787041], [0.4578029, 47.8786159], [0.4578337, 47.8785532], [0.4583201, 47.8782718], [0.4588258, 47.8780004], [0.4597585, 47.8773576], [0.4598269, 47.8770932], [0.4600709, 47.8766364], [0.4603621, 47.8767224], [0.4605687, 47.876804], [0.4608013, 47.876429], [0.461391, 47.8757377], [0.4623858, 47.8746596], [0.4630865, 47.8742736], [0.4632109, 47.874105], [0.4633171, 47.8740432], [0.4633373, 47.874005], [0.4633247, 47.8737336], [0.4635295, 47.8735519], [0.463587, 47.8734442], [0.4639908, 47.8732511], [0.4640388, 47.8732311], [0.4640986, 47.8729161], [0.4645419, 47.872573], [0.4649899, 47.8723299], [0.4659878, 47.872164], [0.4667218, 47.8721916]]}, "properties": {"waterway": "stream"}}, {"type": "Feature", "geometry": {"type": "LineString", "coordinates": [[0.3966453, 47.8333347], [0.3968407, 47.833199], [0.3970821, 47.8333183], [0.3979868, 47.833545], [0.3980254, 47.8335327], [0.3981309, 47.8335542], [0.3984315, 47.8336153], [0.3988818, 47.8336965], [0.3994187, 47.8336872], [0.3995453, 47.8337025], [0.3995996, 47.8337441], [0.3998217, 47.8338094], [0.3999293, 47.8338126]]}, "properties": {"waterway": "stream"}}, {"type": "Feature", "geometry": {"type": "LineString", "coordinates": [[0.3884155, 47.7480598], [0.3885961, 47.7479486], [0.3887583, 47.747881], [0.3894367, 47.7477455], [0.3899796, 47.7475918], [0.3906148, 47.7475075], [0.3908303, 47.7475124], [0.3912022, 47.7476341], [0.3913476, 47.7476656]]}, "properties": {"waterway": "ditch"}}, {"type": "Feature", "geometry": {"type": "LineString", "coordinates": [[0.4927102, 47.8283626], [0.4924274, 47.828217], [0.4924111, 47.8281646], [0.4924292, 47.8281396], [0.4923816, 47.8280725], [0.4924453, 47.8279635], [0.4926466, 47.8278143], [0.4931368, 47.8274608], [0.4932761, 47.8273877], [0.493375, 47.8273289], [0.493482, 47.8272221], [0.4935277, 47.8271342], [0.4935253, 47.8270669], [0.4935517, 47.8270269], [0.4935855, 47.8269921], [0.4937747, 47.8265088], [0.4938328, 47.8264377], [0.493942, 47.8264795], [0.4941154, 47.8265175], [0.4941733, 47.8264896], [0.494344, 47.8261557], [0.4944492, 47.8260856], [0.4945009, 47.8260297], [0.4946049, 47.8258669], [0.4946064, 47.8257959], [0.4947028, 47.8257129], [0.4947963, 47.825649], [0.4948534, 47.8255995], [0.4948578, 47.8255082], [0.4949316, 47.8254142], [0.4950142, 47.8253348], [0.4950291, 47.8251776], [0.4950821, 47.8250729], [0.4952359, 47.8248196], [0.4952819, 47.824644], [0.4952731, 47.8244605], [0.4953173, 47.8243223], [0.4954389, 47.8240661], [0.4955237, 47.8236757], [0.4955411, 47.8235111], [0.4956673, 47.8233171], [0.4957874, 47.8231331], [0.4959145, 47.8226363], [0.4959849, 47.8225415], [0.4959575, 47.8225083], [0.4958169, 47.8224558], [0.4956244, 47.8221182], [0.495618, 47.822049], [0.4955695, 47.8220128], [0.4954607, 47.8219831], [0.4953819, 47.8219749], [0.4952667, 47.8219971], [0.4951918, 47.8219876], [0.4950681, 47.8219459], [0.4949389, 47.8219391], [0.4947956, 47.8219021], [0.4947832, 47.8218394], [0.4948312, 47.8218065], [0.4948965, 47.8217754], [0.4949035, 47.8217105], [0.494866, 47.8216471], [0.4948852, 47.8215681], [0.4948699, 47.8214845], [0.4948266, 47.821421], [0.4949688, 47.8210609], [0.4949371, 47.8209147], [0.4949534, 47.8208174], [0.4949854, 47.8207543], [0.4950378, 47.8207503], [0.4951237, 47.8206141], [0.4951262, 47.8205621], [0.4950789, 47.8204998], [0.4951006, 47.8204508], [0.4952218, 47.8203037], [0.4952998, 47.8202784], [0.4953313, 47.820227], [0.4953596, 47.8201605], [0.495448, 47.8201514], [0.4958049, 47.8200354]]}, "properties": {"waterway": "stream"}}, {"type": "Feature", "geometry": {"type": "LineString", "coordinates": [[0.4991953, 47.8159433], [0.4989887, 47.8157616], [0.4989582, 47.815682], [0.498975, 47.8155857], [0.4990644, 47.8155332], [0.4992598, 47.815547], [0.4993755, 47.8155359], [0.4994122, 47.8154891], [0.4994277, 47.8152498], [0.4996634, 47.8151406], [0.4996921, 47.8150909], [0.4997533, 47.8149112], [0.4998268, 47.8148107], [0.4998351, 47.8147224], [0.5001846, 47.8144741], [0.5002237, 47.8143755], [0.5002457, 47.8142535], [0.5005635, 47.8141175], [0.5006119, 47.8140369], [0.5006079, 47.8138666], [0.5007419, 47.8137293], [0.5008537, 47.8136732], [0.5010535, 47.8132597], [0.5014325, 47.8130692], [0.5015963, 47.8128999], [0.5017004, 47.8127932], [0.5017462, 47.8126826], [0.5018072, 47.8125478], [0.5019441, 47.8124494], [0.502295, 47.8120758], [0.502479, 47.812023], [0.5025497, 47.8120102], [0.5027162, 47.8117866], [0.5029936, 47.8117542], [0.5034356, 47.8116262], [0.5057169, 47.8111383], [0.5064681, 47.811024], [0.5072438, 47.8109048], [0.507818, 47.810773], [0.5081103, 47.8106636], [0.5088686, 47.8104841], [0.5093825, 47.8104313], [0.5095653, 47.8104108], [0.51011, 47.8102212], [0.5107837, 47.8101201], [0.5112597, 47.8099712], [0.5118002, 47.8096998], [0.5123186, 47.8094238], [0.5127482, 47.8092725], [0.5131037, 47.8091918], [0.513558, 47.8091581], [0.5139838, 47.8091714], [0.5140832, 47.8092049], [0.5140762, 47.809321]]}, "properties": {"waterway": "river"}}, {"type": "Feature", "geometry": {"type": "LineString", "coordinates": [[0.4140942, 47.6960604], [0.4140275, 47.695864], [0.4140424, 47.6957725], [0.4141164, 47.6955432], [0.4141202, 47.6955313], [0.4141381, 47.6953745]]}, "properties": {"waterway": "stream"}}, {"type": "Feature", "geometry": {"type": "LineString", "coordinates": [[0.4600345, 47.6809331], [0.4599506, 47.6809848], [0.4596154, 47.6811382], [0.4583547, 47.681745], [0.4578898, 47.6820103], [0.4566425, 47.6827417], [0.456157, 47.6830252], [0.4560149, 47.6831534], [0.4559022, 47.6833267], [0.4558405, 47.6835073]]}, "properties": {"waterway": "drain"}}, {"type": "Feature", "geometry": {"type": "LineString", "coordinates": [[0.4563073, 47.6809359], [0.4556206, 47.6809106], [0.4548159, 47.6808997], [0.4545112, 47.6809415], [0.4543761, 47.6809756], [0.4542108, 47.6810498], [0.4540445, 47.681158], [0.4537441, 47.6813638], [0.4531798, 47.6816221], [0.4522142, 47.6819796], [0.4520704, 47.6820212], [0.4508463, 47.6821783], [0.450563, 47.6822053], [0.4502626, 47.6822017], [0.4499086, 47.6821692], [0.4496404, 47.6821187], [0.4493496, 47.6820555], [0.449135, 47.6820121], [0.4488732, 47.6819814], [0.4484495, 47.6818911], [0.4483153, 47.6818297], [0.4481061, 47.6816455], [0.4478916, 47.6813891], [0.4477574, 47.6812447], [0.4475321, 47.6810318], [0.4474302, 47.6809415], [0.4464833, 47.6805008]]}, "properties": {"waterway": "drain"}}, {"type": "Feature", "geometry": {"type": "LineString", "coordinates": [[0.4566425, 47.6827417], [0.4561597, 47.6827832], [0.4543063, 47.682924], [0.4535446, 47.6829854], [0.4527694, 47.683036], [0.4520076, 47.6830438], [0.4518843, 47.683045], [0.4513532, 47.683036], [0.451093, 47.6830143], [0.4508516, 47.6830143], [0.4504815, 47.6830306], [0.4501757, 47.6830125], [0.4498324, 47.6829349], [0.4492074, 47.6827272], [0.4490519, 47.6826748], [0.448958, 47.6826134], [0.4487461, 47.6824202], [0.4485664, 47.6822776], [0.4484511, 47.682236], [0.4483411, 47.6821837], [0.4481185, 47.6820609], [0.4479736, 47.6819742], [0.447751, 47.6817756], [0.4471314, 47.6812844], [0.4468337, 47.6811146], [0.4463026, 47.68086], [0.4460635, 47.6807686], [0.4459861, 47.680739], [0.4456712, 47.6806479], [0.4454539, 47.6806669], [0.4453198, 47.6806786], [0.4445983, 47.6808448], [0.4421548, 47.6813558], [0.4418946, 47.6813974], [0.4415513, 47.6814768], [0.4411275, 47.6816321], [0.4394726, 47.682219], [0.4393518, 47.6822803], [0.4391016, 47.682478]]}, "properties": {"waterway": "drain"}}, {"type": "Feature", "geometry": {"type": "LineString", "coordinates": [[0.4520076, 47.6830438], [0.451887, 47.6844607]]}, "properties": {"waterway": "drain"}}, {"type": "Feature", "geometry": {"type": "LineString", "coordinates": [[0.6007038, 47.8149747], [0.6004348, 47.8147222], [0.6003523, 47.8144639], [0.600425, 47.8142513], [0.6004134, 47.8140942], [0.6007905, 47.8135222], [0.6008633, 47.8133096], [0.6008416, 47.8132349], [0.6004379, 47.8129127], [0.6002239, 47.8126459], [0.5994834, 47.8105716], [0.5992815, 47.8104435], [0.5983381, 47.8099293], [0.5980005, 47.8097531], [0.5974875, 47.8095864], [0.597253, 47.8095543], [0.5966869, 47.8095724], [0.5961874, 47.8097517], [0.5961585, 47.8097511], [0.5961578, 47.8096702], [0.5961291, 47.8096165], [0.5956767, 47.8097158], [0.5950527, 47.8097954], [0.5947347, 47.8098045], [0.5944885, 47.8098101], [0.5941426, 47.8097807], [0.5932297, 47.8095888], [0.5930332, 47.8095405], [0.5924015, 47.8096003], [0.5921213, 47.809647], [0.59182, 47.8096575], [0.5917753, 47.8096591], [0.5914991, 47.8096818], [0.5914405, 47.8097451], [0.591366, 47.8098205], [0.5911333, 47.8099092], [0.5910404, 47.8099135], [0.5909014, 47.8098482], [0.5905398, 47.809851], [0.5903861, 47.8098352], [0.5902522, 47.8097263], [0.5901272, 47.8095572], [0.5898623, 47.809408], [0.5897819, 47.8092773], [0.5896723, 47.8092417], [0.5895557, 47.8092913], [0.5894242, 47.8093301], [0.5893733, 47.8092937], [0.5892639, 47.8091894], [0.5890269, 47.8091054], [0.5887034, 47.8091526], [0.5882935, 47.8092668], [0.587953, 47.8092804], [0.5875792, 47.8093474], [0.5873798, 47.8094514], [0.5873134, 47.8094188], [0.5872129, 47.809321], [0.5870642, 47.8093303], [0.5868411, 47.8094109], [0.5867036, 47.8095121], [0.586686, 47.8095575], [0.5866066, 47.8095392], [0.5864909, 47.8095014], [0.5864125, 47.8095268], [0.5862677, 47.8096527], [0.5860639, 47.8098514], [0.585957, 47.8098963], [0.5858247, 47.8099214], [0.5857085, 47.8098851], [0.5855248, 47.8099357], [0.5854673, 47.8100449], [0.5854184, 47.8101115], [0.5852336, 47.81014], [0.5851326, 47.8101511], [0.5850689, 47.8101115], [0.5850222, 47.8100825], [0.5848711, 47.8101382], [0.5847516, 47.8101695], [0.5844568, 47.8102148], [0.5838448, 47.8104123], [0.5836963, 47.8104592], [0.5835643, 47.8104785], [0.5832009, 47.8104016], [0.5826599, 47.810246], [0.5824837, 47.8101432], [0.5824255, 47.8101204], [0.5822891, 47.8101411], [0.5817462, 47.8099182], [0.5816338, 47.8099429], [0.5814825, 47.8098752], [0.5812668, 47.8097978], [0.5809648, 47.8097831], [0.580612, 47.8097298], [0.580462, 47.8097017], [0.5801633, 47.8097474], [0.5798912, 47.809752], [0.579877, 47.8097475], [0.5798206, 47.8097295], [0.5797725, 47.8097142], [0.5794483, 47.8094472], [0.579296, 47.8092692], [0.5791244, 47.8091719], [0.5789598, 47.8090581], [0.5788831, 47.8087818], [0.5788177, 47.8086618], [0.5787272, 47.8085496], [0.5788093, 47.8084453], [0.5788323, 47.8083479], [0.578684, 47.8082824], [0.5784884, 47.8083053], [0.5783441, 47.808219], [0.5781966, 47.8080702], [0.5778538, 47.807936], [0.5775731, 47.8079946], [0.577422, 47.8079893], [0.5771166, 47.807781], [0.5769756, 47.8075057], [0.5774148, 47.8073605], [0.5774115, 47.8072913], [0.5770624, 47.8067218], [0.5769204, 47.8063936], [0.5766394, 47.806227], [0.576206, 47.8065282], [0.5761148, 47.8064689], [0.5759, 47.8063923], [0.5756654, 47.8062696], [0.5755047, 47.8061573], [0.5753068, 47.8059059], [0.5752116, 47.8057465], [0.5751272, 47.8056426], [0.5749974, 47.8055186], [0.5748292, 47.8054249], [0.5747097, 47.8052592], [0.5744195, 47.8052496], [0.5736045, 47.8051632], [0.5726377, 47.8051015], [0.5721212, 47.8050758], [0.5720597, 47.8050377], [0.572089, 47.804925], [0.5721886, 47.8047564], [0.5721717, 47.8046501], [0.5721006, 47.8046295], [0.5719131, 47.8046682], [0.5716818, 47.8047575], [0.5715384, 47.8047883], [0.5712404, 47.8047172], [0.5705024, 47.8045985], [0.5701605, 47.8046236], [0.5699703, 47.8046717], [0.5689846, 47.8049209], [0.5686643, 47.80502], [0.5685428, 47.8050403], [0.5685058, 47.8051061], [0.5685105, 47.805204], [0.5684522, 47.8052611], [0.5679048, 47.8054076], [0.5666618, 47.8056329], [0.5664461, 47.8056221], [0.5663095, 47.8056379], [0.5662809, 47.8057205], [0.5663231, 47.8058088], [0.5661947, 47.8058456], [0.5660769, 47.8060533], [0.5659131, 47.8061872], [0.5657017, 47.8063055], [0.5655542, 47.8063959], [0.5654887, 47.8064112], [0.5653801, 47.8064214], [0.5653391, 47.8065037], [0.5653311, 47.8066097], [0.5653293, 47.8067137], [0.565243, 47.8067763], [0.565056, 47.8068764], [0.5648956, 47.8069375], [0.564828, 47.8069964], [0.564738, 47.8070049], [0.5646409, 47.807034], [0.5646533, 47.8070988], [0.5646266, 47.807142], [0.5644166, 47.8071416], [0.5643766, 47.8072032], [0.5643208, 47.8072728], [0.5642932, 47.8074012], [0.5641598, 47.8076106], [0.564081, 47.8077109], [0.563945, 47.8077122], [0.5638469, 47.8078287], [0.5634208, 47.808088], [0.5632773, 47.8081828], [0.56326, 47.8082885], [0.5633602, 47.8083906], [0.5633016, 47.8084559], [0.5631716, 47.808526], [0.5630615, 47.8086459]]}, "properties": {"ref:sandre": "M1326000", "waterway": "stream"}}, {"type": "Feature", "geometry": {"type": "LineString", "coordinates": [[0.54071, 47.8132246], [0.5404982, 47.8131309], [0.5401532, 47.8129975], [0.5395675, 47.8129863], [0.5393763, 47.8128982], [0.5391917, 47.8129334], [0.5388246, 47.8129591], [0.538249, 47.8128078], [0.5382163, 47.8127532], [0.538146, 47.8127013], [0.5379891, 47.8126915], [0.5375297, 47.812473], [0.5356888, 47.8115476], [0.5353423, 47.810901], [0.5352518, 47.8108114], [0.5351345, 47.8107742], [0.5348201, 47.8106011], [0.5347732, 47.8105838], [0.5346055, 47.810596], [0.5345236, 47.8106069], [0.533936, 47.8104819], [0.5332164, 47.8101477], [0.5324021, 47.809775], [0.5321535, 47.809532], [0.5320482, 47.8094901], [0.531699, 47.8092776], [0.5307723, 47.8090398], [0.530306, 47.8087405]]}, "properties": {"waterway": "stream"}}, {"type": "Feature", "geometry": {"type": "LineString", "coordinates": [[0.5180672, 47.8088814], [0.518261, 47.8090891], [0.5186307, 47.8090734], [0.5187091, 47.8091077], [0.5188541, 47.8092801], [0.5192055, 47.8094725], [0.5193165, 47.809608], [0.5194076, 47.8096806], [0.5194834, 47.8097033], [0.5201665, 47.8097493], [0.5205404, 47.8098287], [0.5208684, 47.8098536], [0.5211905, 47.8097893], [0.5212757, 47.8097902], [0.5214948, 47.8099415], [0.5216576, 47.8099787], [0.5217294, 47.8099535], [0.5217995, 47.8099312], [0.5221838, 47.8099792], [0.5222649, 47.8099433], [0.5222891, 47.8098983], [0.5223021, 47.8098411], [0.5224279, 47.8098231], [0.522573, 47.8098916], [0.5226599, 47.8098885], [0.5227526, 47.8098549], [0.5228083, 47.8098482], [0.5229019, 47.8098691], [0.5229664, 47.8098908], [0.5230269, 47.8098641], [0.5230194, 47.8098024], [0.5229873, 47.8097345], [0.5229939, 47.8096835], [0.5231696, 47.8095298], [0.5231862, 47.809465], [0.5232465, 47.8093991], [0.5235602, 47.8091195], [0.5236254, 47.80911], [0.5238088, 47.809184], [0.5239185, 47.8092382], [0.5239977, 47.8092763], [0.5242359, 47.809294], [0.5243614, 47.8092337], [0.5245548, 47.8092309], [0.5247105, 47.8092791], [0.5247645, 47.8093237], [0.5248118, 47.8093345], [0.5248779, 47.8092995], [0.5250141, 47.8092759], [0.5250342, 47.8092917], [0.5251515, 47.8094021], [0.5252781, 47.809451], [0.5253283, 47.8094437], [0.5253649, 47.8094179], [0.5253698, 47.8093592], [0.5253931, 47.8093065], [0.5254685, 47.8092493], [0.5255286, 47.80921], [0.5255794, 47.8091915], [0.5255798, 47.8091397], [0.5256199, 47.8090831], [0.5257077, 47.809071], [0.5257949, 47.8090743], [0.5258724, 47.8090172], [0.5259726, 47.8089662], [0.5259776, 47.8088598], [0.5260122, 47.8087878], [0.5260916, 47.8087363], [0.5263949, 47.8086532], [0.5265638, 47.8085981], [0.5266561, 47.8085427], [0.5268086, 47.8082211], [0.526862, 47.8080664]]}, "properties": {"waterway": "stream"}}, {"type": "Feature", "geometry": {"type": "LineString", "coordinates": [[0.5372267, 47.8629733], [0.5371943, 47.8626651], [0.5368041, 47.8613807], [0.5368328, 47.8613181], [0.5368435, 47.8612704], [0.5368375, 47.8612166], [0.5365671, 47.8611246], [0.5351465, 47.8595003]]}, "properties": {"waterway": "ditch"}}, {"type": "Feature", "geometry": {"type": "LineString", "coordinates": [[0.5108218, 47.740987], [0.5107776, 47.740876], [0.5108249, 47.7408003], [0.5108898, 47.7407546], [0.5110622, 47.7406923], [0.5113362, 47.7405819], [0.5113763, 47.7404747], [0.5115878, 47.7404798], [0.5118833, 47.7404445], [0.5121932, 47.7404959], [0.5122452, 47.7404977], [0.5123272, 47.7405005], [0.512364, 47.7405018], [0.5126985, 47.7404927], [0.5130687, 47.7405528], [0.5135611, 47.7406708], [0.5142776, 47.74081], [0.5147529, 47.7409531], [0.5153388, 47.7410539], [0.515572, 47.7410759], [0.5159508, 47.741165], [0.5162048, 47.741226]]}, "properties": {"waterway": "drain"}}, {"type": "Feature", "geometry": {"type": "LineString", "coordinates": [[0.5847912, 47.7464441], [0.585786, 47.7466321], [0.5878968, 47.7427426]]}, "properties": {"waterway": "ditch"}}, {"type": "Feature", "geometry": {"type": "LineString", "coordinates": [[0.5885146, 47.7416743], [0.5875774, 47.7414152], [0.5873565, 47.7400406]]}, "properties": {"waterway": "ditch"}}, {"type": "Feature", "geometry": {"type": "LineString", "coordinates": [[0.5748783, 47.7417235], [0.5756504, 47.7417718], [0.5757152, 47.7417453], [0.5756277, 47.7416038], [0.5774144, 47.7411197], [0.5783562, 47.7408761], [0.5784815, 47.7410422], [0.5795674, 47.7406144]]}, "properties": {"waterway": "ditch"}}, {"type": "Feature", "geometry": {"type": "LineString", "coordinates": [[0.5797503, 47.7460351], [0.5795009, 47.7436083], [0.5791629, 47.743346], [0.5789788, 47.742728], [0.5788097, 47.742372], [0.5787593, 47.7423275], [0.5780913, 47.7423568], [0.5774144, 47.7411197]]}, "properties": {"waterway": "ditch"}}, {"type": "Feature", "geometry": {"type": "LineString", "coordinates": [[0.3991396, 47.6470713], [0.3991643, 47.6471262], [0.3992206, 47.6472201], [0.3993038, 47.6472762], [0.399623, 47.6473502], [0.3997303, 47.647399], [0.3997678, 47.647484], [0.3998322, 47.6475888], [0.3998805, 47.6476394], [0.4000629, 47.6477279], [0.4001084, 47.6478237], [0.4000629, 47.6482411], [0.4004518, 47.6485139], [0.4005027, 47.6486097], [0.4005001, 47.6487832], [0.4005537, 47.6489819], [0.4005188, 47.649009], [0.4004223, 47.6490379], [0.4004035, 47.6490795], [0.4004062, 47.6491337], [0.4002479, 47.6491229], [0.4002023, 47.6491644], [0.4001782, 47.6493849], [0.4001138, 47.6494626], [0.4000709, 47.6495168], [0.400095, 47.6498673], [0.4001031, 47.6499703], [0.4000602, 47.6500787], [0.4000575, 47.6501636], [0.4000307, 47.6502522], [0.4000146, 47.6503317], [0.4000307, 47.6504184], [0.4000763, 47.6505124], [0.4000441, 47.6505991], [0.4000655, 47.6506569], [0.4002774, 47.6506533], [0.4004269, 47.6506754], [0.4001409, 47.6516235], [0.4001338, 47.6520457], [0.40009, 47.6521268], [0.3999271, 47.6521571], [0.3995725, 47.6521688], [0.3995664, 47.6520809], [0.3992388, 47.6520961], [0.3986384, 47.6522041], [0.3984984, 47.6521542], [0.3983883, 47.65219], [0.3983537, 47.6521712], [0.3982924, 47.6521538], [0.3982177, 47.6521661], [0.3982523, 47.6521249], [0.3982758, 47.6520693], [0.3981558, 47.6520406], [0.3978829, 47.6522245], [0.3977334, 47.652133], [0.3975053, 47.6523701], [0.3973745, 47.652259], [0.3971844, 47.6522687], [0.3971841, 47.6522146], [0.397117, 47.6521951], [0.3970236, 47.652285], [0.3970539, 47.6524499], [0.3969846, 47.6524723], [0.3968562, 47.6524334], [0.3968958, 47.6525884], [0.396818, 47.6526047], [0.3966767, 47.6525854], [0.3964581, 47.652685], [0.3963162, 47.6528404], [0.396126, 47.6528728], [0.396021, 47.652794], [0.395798, 47.6528965], [0.3958481, 47.6530075], [0.395723, 47.6530834], [0.3957533, 47.6531419], [0.3959298, 47.6532761], [0.3959604, 47.6533765], [0.3955745, 47.653485], [0.3955644, 47.6535426], [0.3956544, 47.6535993], [0.3957075, 47.6536776], [0.3957795, 47.6537612], [0.3957284, 47.6537826], [0.3956099, 47.653775], [0.3955442, 47.6538041], [0.3955987, 47.6538365], [0.3957357, 47.6539012], [0.3957412, 47.6539625], [0.3956677, 47.6540945], [0.3956973, 47.6542141], [0.3956015, 47.6544193], [0.3955487, 47.6547385], [0.3954894, 47.6548522], [0.3953643, 47.655077], [0.3953843, 47.6551471], [0.3955413, 47.6557164], [0.3958188, 47.6568267], [0.395879, 47.6570017], [0.3965195, 47.6577502], [0.3968076, 47.6579817], [0.3969365, 47.6582579], [0.3971127, 47.6586148], [0.3971097, 47.6588172], [0.3971991, 47.659123], [0.3974909, 47.6595218], [0.3975206, 47.6596511], [0.3976408, 47.6600542], [0.3975734, 47.6608021], [0.3974752, 47.6612434], [0.3972303, 47.6620976], [0.3971876, 47.6622381], [0.3972838, 47.6623592], [0.3974777, 47.6625259], [0.3974755, 47.6627605], [0.3974053, 47.6631232], [0.3975128, 47.6633057], [0.3976847, 47.6637692], [0.3976205, 47.6641004], [0.3978454, 47.6650132], [0.3978875, 47.6652199], [0.3977683, 47.6656036], [0.3971341, 47.667203], [0.397123, 47.6674254], [0.3971604, 47.6675515], [0.3973473, 47.6678113], [0.3974885, 47.6679319], [0.398026, 47.6683882]]}, "properties": {"waterway": "stream"}}, {"type": "Feature", "geometry": {"type": "LineString", "coordinates": [[0.49705, 47.779642], [0.4974536, 47.7795574], [0.4984163, 47.7794338], [0.4991789, 47.779401], [0.5000015, 47.7794776], [0.5008736, 47.7797577], [0.5014061, 47.779707], [0.5019055, 47.7796648], [0.5031272, 47.7797022], [0.5038757, 47.7796712], [0.5048205, 47.7794009], [0.5054767, 47.7790378], [0.5056801, 47.7788206], [0.5062877, 47.7785059], [0.5064075, 47.7785012], [0.5066937, 47.7785404], [0.5071066, 47.7784889], [0.5071775, 47.7784282], [0.5075029, 47.7783213], [0.5079369, 47.7783106], [0.5081488, 47.7782842], [0.5089319, 47.7781025], [0.5094238, 47.7779844], [0.5099756, 47.777912], [0.5108592, 47.7777938], [0.5112787, 47.77766], [0.5120132, 47.7773059], [0.5122191, 47.7770965], [0.5122983, 47.7769696], [0.5129304, 47.7760289], [0.5132859, 47.775751], [0.5136216, 47.7756072], [0.5140172, 47.775461], [0.5141491, 47.7754318]]}, "properties": {"waterway": "drain"}}, {"type": "Feature", "geometry": {"type": "LineString", "coordinates": [[0.4991565, 47.7743446], [0.500847, 47.7748952], [0.5013619, 47.7750366], [0.5028618, 47.7753509], [0.5034044, 47.7753369], [0.5038598, 47.7752574], [0.5049621, 47.7748672], [0.5071591, 47.7745763], [0.5076815, 47.7745639], [0.5080485, 47.7744714], [0.508256, 47.7744233], [0.5085675, 47.7744182], [0.5098654, 47.7744293], [0.5100881, 47.7744598], [0.5108913, 47.774783], [0.5113915, 47.7748509], [0.5124282, 47.7749525], [0.5125421, 47.7750236], [0.5138917, 47.775263], [0.5139997, 47.7753598], [0.5140542, 47.7754097], [0.5141491, 47.7754318], [0.5142222, 47.7754709], [0.5142577, 47.77549], [0.5168922, 47.7754863], [0.5171663, 47.7755013], [0.5173919, 47.7756302], [0.5175011, 47.7756377], [0.5176453, 47.7755961], [0.5179138, 47.7756488], [0.5194316, 47.7759369], [0.5202209, 47.7761911], [0.5203579, 47.7762588], [0.5209285, 47.7765044], [0.5214829, 47.7767275], [0.5221238, 47.7770705], [0.5226026, 47.7774669], [0.5231128, 47.7778108], [0.5235595, 47.7779954], [0.5240748, 47.7781905], [0.5246265, 47.7784041], [0.5249624, 47.7785608], [0.5253723, 47.778666], [0.5257678, 47.7786929], [0.5263257, 47.778686], [0.5265047, 47.7786808], [0.5266885, 47.7786964], [0.5270853, 47.7788197]]}, "properties": {"waterway": "stream"}}, {"type": "Feature", "geometry": {"type": "LineString", "coordinates": [[0.3912894, 47.748009], [0.3913368, 47.7478756], [0.3913476, 47.7476656], [0.3914506, 47.7476419], [0.3916435, 47.7476916], [0.3919231, 47.7477158], [0.3922763, 47.7477746], [0.3934369, 47.7477627], [0.393492, 47.74772], [0.3934956, 47.7475266], [0.3940941, 47.7474826], [0.3942436, 47.7475038], [0.3945151, 47.7475279], [0.3948071, 47.7475908], [0.3950707, 47.7475693], [0.3952527, 47.7475913], [0.3954343, 47.7475818], [0.3956422, 47.7475357], [0.39574, 47.7474926], [0.3958262, 47.7474781], [0.3965037, 47.7472383], [0.3967735, 47.7472156], [0.3970171, 47.747309], [0.3974369, 47.7472582], [0.3977687, 47.7472547], [0.3980197, 47.7472824], [0.3981357, 47.7472823], [0.3982325, 47.7472996], [0.3983655, 47.7472862], [0.3987999, 47.7473084], [0.3994462, 47.7472789], [0.3994766, 47.7472419], [0.399505, 47.7472013], [0.3994062, 47.7471641], [0.3994613, 47.7471207], [0.3995412, 47.7471125], [0.3996344, 47.7470803], [0.3997587, 47.7469143], [0.3998833, 47.7468914], [0.3999418, 47.7467568], [0.4000485, 47.7468097], [0.4002769, 47.7467897], [0.4004664, 47.7468561], [0.4008419, 47.7468879], [0.4010008, 47.7468178], [0.4011013, 47.7467638], [0.4011519, 47.7467319], [0.4013159, 47.74679], [0.4014431, 47.7467211], [0.4015926, 47.7467808], [0.4016508, 47.7467122], [0.4017212, 47.7467429], [0.4020259, 47.7468081], [0.4021312, 47.7467736], [0.4022121, 47.7468259], [0.4022759, 47.7467575], [0.4024215, 47.7467226], [0.4025947, 47.7466548], [0.4033927, 47.746638], [0.4041112, 47.7466932], [0.4043208, 47.7466687], [0.4070699, 47.7463415], [0.407562, 47.7463044], [0.4077084, 47.7463504], [0.4079226, 47.746307], [0.40807, 47.7463765]]}, "properties": {"waterway": "stream"}}, {"type": "Feature", "geometry": {"type": "LineString", "coordinates": [[0.4741787, 47.7077357], [0.4742529, 47.7075634], [0.474547, 47.7073424], [0.4746081, 47.7073024], [0.4746572, 47.707314], [0.4748482, 47.7073259], [0.4748896, 47.707308], [0.4750118, 47.7071421], [0.4753927, 47.7070367]]}, "properties": {"waterway": "stream"}}, {"type": "Feature", "geometry": {"type": "LineString", "coordinates": [[0.4709386, 47.7088728], [0.470937, 47.7087356], [0.4715248, 47.707934], [0.471804, 47.7077973], [0.4722551, 47.7077032], [0.4728826, 47.707614], [0.4729991, 47.7075974], [0.4738009, 47.7073607], [0.4739341, 47.7073107], [0.4740394, 47.7072711], [0.4740527, 47.7072661], [0.4743449, 47.7072041], [0.4744229, 47.7072167], [0.4744619, 47.7072229], [0.4746081, 47.7073024]]}, "properties": {"waterway": "stream"}}, {"type": "Feature", "geometry": {"type": "LineString", "coordinates": [[0.4581912, 47.7408114], [0.4581276, 47.7406391], [0.4579662, 47.740632], [0.4579006, 47.7405865], [0.4579071, 47.7405075], [0.4580192, 47.7404554], [0.4582327, 47.7404637], [0.4582396, 47.7403213], [0.4583265, 47.7401983], [0.4581701, 47.7400365], [0.4582634, 47.7399418], [0.4582272, 47.7398284], [0.4581965, 47.7398154], [0.4580188, 47.7398765], [0.4578477, 47.7397478], [0.4578169, 47.7396838], [0.4578653, 47.7396004], [0.4578614, 47.7395739], [0.457622, 47.7395088], [0.4575575, 47.7393877], [0.4573788, 47.7392553], [0.4571128, 47.7386141], [0.4567326, 47.7384767], [0.4565682, 47.7382127], [0.4563678, 47.7380428], [0.4560864, 47.7378764], [0.4559527, 47.7375708], [0.4557546, 47.7375154], [0.4555185, 47.7373817], [0.4555022, 47.7373426], [0.4556454, 47.7372948], [0.4555186, 47.7372198], [0.4555433, 47.7370884], [0.4553414, 47.7369501], [0.4552528, 47.7368426], [0.4551965, 47.7367674], [0.4551171, 47.7363645], [0.455029, 47.7360863], [0.4549105, 47.7358426], [0.4546866, 47.7356662], [0.4545802, 47.7355406], [0.4542684, 47.7355051], [0.4540913, 47.7355447], [0.4539509, 47.7355117], [0.4539368, 47.7354604], [0.4539955, 47.7354293], [0.4540711, 47.7354298], [0.4541373, 47.7353578], [0.4542856, 47.7351173], [0.4544835, 47.7351055], [0.454518, 47.7350403], [0.4543913, 47.7349542], [0.4543506, 47.7348425], [0.4545746, 47.7347505], [0.454802, 47.734702], [0.4551548, 47.7346527], [0.4554394, 47.7343778], [0.45559, 47.7342026]]}, "properties": {"waterway": "stream"}}, {"type": "Feature", "geometry": {"type": "LineString", "coordinates": [[0.4563368, 47.7340243], [0.4563639, 47.7339804], [0.4565285, 47.7338401], [0.4568792, 47.733628], [0.4571748, 47.7335043], [0.4575323, 47.7328067], [0.4575135, 47.7326057], [0.4572585, 47.73222], [0.4570551, 47.7319907]]}, "properties": {"waterway": "stream"}}, {"type": "Feature", "geometry": {"type": "LineString", "coordinates": [[0.4563467, 47.7341687], [0.456361, 47.7341047], [0.4563368, 47.7340243], [0.4563083, 47.7339294], [0.456244, 47.7337238], [0.45616, 47.733641]]}, "properties": {"waterway": "stream"}}, {"type": "Feature", "geometry": {"type": "LineString", "coordinates": [[0.3780482, 47.7279669], [0.3776372, 47.7276997], [0.3776826, 47.7274907], [0.3777424, 47.7274017], [0.3780688, 47.7273346], [0.3783279, 47.7272188], [0.3784121, 47.7271069], [0.3784677, 47.7269275], [0.3785746, 47.726769], [0.3788073, 47.7267134], [0.3789377, 47.7266104], [0.3790585, 47.7264629], [0.3792595, 47.7264772], [0.3798455, 47.7263813]]}, "properties": {"waterway": "stream"}}, {"type": "Feature", "geometry": {"type": "LineString", "coordinates": [[0.3694855, 47.7361943], [0.3698574, 47.7362067], [0.370232, 47.736225], [0.3703684, 47.7362143], [0.3704659, 47.7361589], [0.3705635, 47.7361223], [0.3706619, 47.7359663], [0.3707482, 47.7359086], [0.3707953, 47.7358113], [0.3708502, 47.7357429], [0.3709003, 47.735708], [0.370999, 47.7356894], [0.3710685, 47.7355973], [0.371052, 47.7355782], [0.3709632, 47.7355372]]}, "properties": {"waterway": "stream"}}, {"type": "Feature", "geometry": {"type": "LineString", "coordinates": [[0.5854816, 47.8535228], [0.5856003, 47.853266], [0.5854508, 47.8531809], [0.5855233, 47.8530699], [0.5855006, 47.8530197], [0.5852423, 47.8528205], [0.5853058, 47.8527034], [0.5852446, 47.852597], [0.5854191, 47.8525727], [0.5853171, 47.8524784], [0.5851494, 47.8524145], [0.5849228, 47.8524039], [0.5848312, 47.8524335], [0.5847123, 47.8522511], [0.5847111, 47.852172], [0.5847621, 47.8520001], [0.5847316, 47.8519409], [0.5846515, 47.851842], [0.5846435, 47.8517635], [0.5842205, 47.8515044], [0.5842333, 47.8513625], [0.5839497, 47.8513592], [0.5839033, 47.8512635], [0.5838184, 47.851199], [0.5838616, 47.8510904], [0.5840202, 47.8510313], [0.5841244, 47.8510205], [0.5841484, 47.8509141], [0.5840891, 47.8508614], [0.5839658, 47.8508066], [0.5838552, 47.8507076], [0.583828, 47.8506281], [0.5840058, 47.8502539], [0.5841388, 47.8499292], [0.5841781, 47.8498658], [0.5842745, 47.8497951], [0.5843877, 47.8497495], [0.5843606, 47.84964], [0.5842677, 47.8495731], [0.5842994, 47.8494758], [0.584439, 47.8492486]]}, "properties": {"waterway": "river"}}, {"type": "Feature", "geometry": {"type": "LineString", "coordinates": [[0.5825987, 47.8426367], [0.5823574, 47.8425932], [0.5822849, 47.8426259], [0.5822146, 47.8426244], [0.5821693, 47.8425681], [0.5819948, 47.8425574], [0.5819042, 47.8425042], [0.5818543, 47.8424373], [0.5819042, 47.8423901], [0.581843, 47.8423582], [0.5817886, 47.8423567], [0.5818362, 47.8422822], [0.581954, 47.8422457], [0.5819631, 47.8421924], [0.5819971, 47.8421118], [0.5819155, 47.8420936], [0.5818203, 47.8421362], [0.5817637, 47.8421422], [0.5816527, 47.8421042], [0.581451, 47.8419613], [0.5813853, 47.8417453], [0.5813898, 47.8416312], [0.5814487, 47.8414852], [0.5814623, 47.8414533], [0.581567, 47.8414043], [0.5817229, 47.8412556], [0.5817501, 47.841143], [0.5816209, 47.8410518], [0.581528, 47.8409301], [0.5815666, 47.840889], [0.5816753, 47.8408525], [0.581843, 47.840851], [0.5819359, 47.840813], [0.5819314, 47.8407735], [0.5818113, 47.840702], [0.5817841, 47.8406198], [0.5819178, 47.8401818], [0.5819971, 47.8401575], [0.5821127, 47.840156], [0.5821421, 47.8400769], [0.5822327, 47.8400294], [0.5823166, 47.840072], [0.5823982, 47.8399731], [0.5824945, 47.8399344], [0.5825307, 47.8399458], [0.5826168, 47.8400241], [0.5826553, 47.8400271], [0.5827698, 47.8399982], [0.5827879, 47.8398644], [0.582814, 47.8398499], [0.5829351, 47.8397978]]}, "properties": {"waterway": "river"}}, {"type": "Feature", "geometry": {"type": "LineString", "coordinates": [[0.6274003, 47.6847336], [0.6272584, 47.6847802], [0.6268999, 47.6848918], [0.6268921, 47.6849775], [0.6269051, 47.6850299], [0.6269284, 47.6850946], [0.6269492, 47.6851716], [0.6268272, 47.6852048], [0.6266953, 47.6851571], [0.6266372, 47.685117], [0.6267094, 47.6849976], [0.6267266, 47.6849638], [0.6267094, 47.6849448], [0.6266545, 47.6849469], [0.6265776, 47.6849469], [0.6264866, 47.6849163], [0.6264537, 47.6848762], [0.626485, 47.6848382], [0.6264615, 47.6848022], [0.6264317, 47.6847685], [0.6263847, 47.6847674], [0.6263282, 47.6847674], [0.6262105, 47.6847547], [0.6260866, 47.6847516], [0.6260474, 47.6847611], [0.626027, 47.6847906], [0.626027, 47.684854], [0.6260144, 47.6848867], [0.6259846, 47.6848878], [0.6258968, 47.6848719], [0.6258529, 47.6848825], [0.6258356, 47.6849131], [0.6258325, 47.684948], [0.6258058, 47.6849849], [0.6257603, 47.6850272], [0.6257305, 47.6850409], [0.6256756, 47.6850325], [0.6256144, 47.6850219], [0.6255878, 47.6849871], [0.6255595, 47.6849596], [0.6254999, 47.684948], [0.625467, 47.6849343], [0.6254795, 47.6849015], [0.6255187, 47.6848656], [0.6255282, 47.6848213], [0.6255172, 47.6847854], [0.6254795, 47.6847368], [0.6254309, 47.684684], [0.6254105, 47.6846819], [0.6253509, 47.6846945], [0.6253211, 47.6847199], [0.6252897, 47.6847199], [0.6252568, 47.6846977], [0.625216, 47.6846787], [0.6251736, 47.684685], [0.6251423, 47.6847262], [0.6251156, 47.6847399], [0.6250858, 47.6847421], [0.6250732, 47.6847157], [0.6250387, 47.6846998], [0.6250136, 47.6846702], [0.625034, 47.6846269], [0.6250105, 47.6845974], [0.624965, 47.6845858], [0.6249415, 47.684572], [0.6249258, 47.684533], [0.6249415, 47.6844654], [0.6249979, 47.6844411], [0.6250105, 47.6844221], [0.6250121, 47.6843714], [0.625034, 47.6843207], [0.6250779, 47.6842795], [0.6250936, 47.684251], [0.6250607, 47.6842183], [0.6249368, 47.6842056], [0.6247501, 47.6841929], [0.6246842, 47.6841876], [0.6246669, 47.6841728], [0.6246669, 47.68412], [0.6246701, 47.684081], [0.6246309, 47.6840535], [0.6245681, 47.6840662], [0.6244693, 47.6840746], [0.6244473, 47.6841063], [0.6244473, 47.6841538], [0.6244191, 47.6841908], [0.6244003, 47.684232], [0.6243924, 47.6842679], [0.6243077, 47.6842615], [0.6242356, 47.6842594], [0.6241603, 47.6842415], [0.6241022, 47.6841823], [0.624052, 47.6841485], [0.6239093, 47.6841158], [0.6237853, 47.6841105], [0.6237304, 47.6841], [0.6234575, 47.6840736], [0.6231798, 47.6840535], [0.6231328, 47.6839806], [0.6230716, 47.6839247], [0.6230277, 47.683893], [0.6230669, 47.6838507], [0.6231234, 47.6838053], [0.6231312, 47.68378], [0.6231218, 47.6837441], [0.6231296, 47.6837082], [0.623103, 47.6836448], [0.6230559, 47.6836163], [0.6229869, 47.6836184], [0.6229084, 47.683668], [0.6227845, 47.6837705], [0.6228488, 47.683856], [0.6228316, 47.6838782], [0.622761, 47.6839078], [0.6227014, 47.6839109], [0.6226277, 47.6838782], [0.6225539, 47.6838972], [0.6225069, 47.6838782], [0.6224582, 47.6838624], [0.6223845, 47.6838465], [0.622372, 47.6838191], [0.6224002, 47.6837747], [0.6223908, 47.6837346], [0.6223359, 47.6836944], [0.6222935, 47.6836606], [0.6222872, 47.68363], [0.6223359, 47.6835909], [0.6222998, 47.6835656], [0.6223123, 47.6835234], [0.6222355, 47.6834558], [0.6221492, 47.6834294], [0.6220865, 47.6834315], [0.6220708, 47.6834632], [0.6220206, 47.6835022], [0.6219359, 47.6835265], [0.6217821, 47.6835128], [0.621586, 47.6835793], [0.6215406, 47.6836342], [0.6215311, 47.6837166], [0.6215515, 47.6837599], [0.6216159, 47.6838043], [0.6216676, 47.6838645], [0.6217131, 47.6839437], [0.6216896, 47.6839838], [0.6216017, 47.6841412], [0.621517, 47.6842077], [0.6214449, 47.6842235], [0.6213507, 47.6842383], [0.6212786, 47.6842341], [0.6212158, 47.6842447], [0.6211421, 47.6842689], [0.621059, 47.6842256], [0.6209868, 47.6842309], [0.6209429, 47.6842436], [0.6207986, 47.6842542], [0.6207201, 47.6842848], [0.6206699, 47.6842721], [0.6204911, 47.684251], [0.620408, 47.6842172], [0.6202872, 47.6842499], [0.6202542, 47.6842605], [0.6202182, 47.684289], [0.620168, 47.6843133], [0.620146, 47.6843481], [0.6201193, 47.6843745], [0.6200346, 47.6843798], [0.619997, 47.6844041], [0.6198997, 47.6844516], [0.6198401, 47.6844622], [0.6197381, 47.6844485], [0.6196911, 47.6843946], [0.6196017, 47.6844083], [0.6195044, 47.6843851], [0.6194307, 47.6843893], [0.619415, 47.6843566], [0.6193601, 47.6843312], [0.6193209, 47.6843144], [0.6193083, 47.6842605], [0.6192801, 47.6842478], [0.6192299, 47.6842056], [0.6191671, 47.6841507], [0.6191624, 47.6840651], [0.6190903, 47.6840176], [0.6190432, 47.6839817], [0.6190479, 47.6839384], [0.6190181, 47.6838803], [0.6189632, 47.6838349], [0.6188895, 47.6838064], [0.6188252, 47.6837409], [0.6187969, 47.6836976], [0.6186526, 47.6836321], [0.6185804, 47.683535], [0.6185114, 47.6835307], [0.6183169, 47.6833502], [0.6182189, 47.6832561], [0.6181708, 47.6832083], [0.6180174, 47.6830649], [0.6179465, 47.6829524], [0.6178389, 47.6828553], [0.6175183, 47.6827074], [0.6173947, 47.6826873], [0.6171291, 47.6825563], [0.6169826, 47.6825054], [0.6167033, 47.6825116], [0.6166056, 47.682509], [0.6165532, 47.6824824], [0.6165039, 47.6824473], [0.6166183, 47.6822858], [0.6165814, 47.6822626], [0.6163116, 47.6822942], [0.6161294, 47.6822988], [0.6159089, 47.6823501], [0.6158407, 47.6826173], [0.6150348, 47.6829007], [0.6147501, 47.6829466], [0.6145577, 47.6827604], [0.6145581, 47.6826999], [0.614424, 47.6826385], [0.6143396, 47.6826532], [0.6142496, 47.6827703], [0.6141406, 47.6827665], [0.6140109, 47.6828678], [0.6136994, 47.6828395], [0.6136155, 47.6827845], [0.6134959, 47.6827541], [0.6134686, 47.6826316], [0.6131035, 47.6825776], [0.6130118, 47.6824717], [0.612791, 47.6823258], [0.6125169, 47.6822512], [0.6123506, 47.6822295], [0.6121732, 47.6822375], [0.6119716, 47.682126], [0.6115314, 47.6820313], [0.6114467, 47.6821031], [0.6112137, 47.6821052], [0.611149, 47.6821645], [0.6112027, 47.6822873], [0.611259, 47.682309], [0.6112592, 47.68236], [0.6111536, 47.6823771], [0.6110846, 47.6823776], [0.6109317, 47.6822927], [0.6108164, 47.6823035], [0.6102234, 47.6821665], [0.6101312, 47.6821503], [0.6101152, 47.6822907], [0.6099949, 47.6825066], [0.6096982, 47.6826065], [0.609181, 47.6826335], [0.6086998, 47.6824716], [0.6085555, 47.6824931], [0.6083109, 47.6825849], [0.6081366, 47.6824688], [0.6080817, 47.6824748], [0.6079805, 47.682508], [0.6078466, 47.6825378], [0.6077295, 47.6824868], [0.6077083, 47.6825944], [0.6076518, 47.6826593], [0.6073197, 47.682718], [0.6072138, 47.6827794], [0.6072162, 47.6828802], [0.607154, 47.6829105], [0.6069882, 47.6829319], [0.6068523, 47.6829158], [0.6068249, 47.6828579], [0.6067798, 47.6828354], [0.6064722, 47.682893], [0.6063081, 47.6828756], [0.6062128, 47.6827704], [0.606055, 47.6827036], [0.60598, 47.6827564], [0.6056968, 47.682908], [0.60552, 47.6830172], [0.6053877, 47.6830388], [0.6049026, 47.6827689], [0.6045758, 47.6826855], [0.604383, 47.6827313], [0.604176, 47.6826129], [0.6041165, 47.6824984], [0.6034776, 47.6824494], [0.603229, 47.6826653], [0.6031007, 47.6826086], [0.6030286, 47.6824791], [0.6026918, 47.6823927], [0.6020262, 47.6823387], [0.6018698, 47.6824494], [0.601934, 47.6826734], [0.6017535, 47.6828408], [0.6015851, 47.6829433], [0.6011642, 47.6830297], [0.6004665, 47.6834859], [0.6004064, 47.6836803], [0.6004384, 47.6838908], [0.6002901, 47.683934], [0.5997809, 47.6838179], [0.5993038, 47.6837342], [0.5963511, 47.6844857], [0.5964164, 47.6847382], [0.5962009, 47.6848451], [0.5956849, 47.6848451], [0.5950499, 47.6847726], [0.594721, 47.6848413], [0.5945509, 47.6849482], [0.5943524, 47.6852536], [0.5939952, 47.685433], [0.5939215, 47.6856582], [0.5940703, 47.6859766], [0.5940561, 47.6860911], [0.5940136, 47.6861579], [0.5936904, 47.6862877], [0.5936649, 47.6864422], [0.5938435, 47.6867018], [0.5938605, 47.6867782], [0.5937896, 47.6868335], [0.5934891, 47.6868106], [0.5931545, 47.6867762], [0.5927066, 47.686906], [0.5919014, 47.6870835], [0.5917682, 47.6871599], [0.5917115, 47.6872248], [0.5917597, 47.6873526], [0.591771, 47.6874213], [0.5917171, 47.6874652], [0.5915045, 47.6874748], [0.5913287, 47.6874652], [0.5912096, 47.6875168], [0.5911218, 47.6875988], [0.5909885, 47.6876141], [0.5908156, 47.6876084], [0.590654, 47.6874461], [0.5902088, 47.6871465], [0.5900784, 47.6871389]]}, "properties": {"waterway": "stream"}}, {"type": "Feature", "geometry": {"type": "LineString", "coordinates": [[0.5742643, 47.7773551], [0.5758167, 47.7779927], [0.5784589, 47.7788655]]}, "properties": {"waterway": "ditch"}}, {"type": "Feature", "geometry": {"type": "LineString", "coordinates": [[0.4726176, 47.6648943], [0.4726158, 47.6650156], [0.4725836, 47.6651011], [0.4725246, 47.6652098], [0.4724672, 47.6652797], [0.4723838, 47.6653796], [0.4723552, 47.6654465], [0.4723462, 47.6655765], [0.4723116, 47.6656177], [0.4720493, 47.6658496], [0.4720277, 47.6659131], [0.4717668, 47.6659893], [0.4715958, 47.6661204], [0.4713881, 47.6662867], [0.4709562, 47.6665371], [0.4705898, 47.6668778], [0.4703781, 47.6671275], [0.4702892, 47.6671575], [0.4702602, 47.6672243], [0.4702237, 47.6672992], [0.4699332, 47.6675191], [0.4698744, 47.6676736], [0.4697933, 47.667889], [0.4696221, 47.6680518], [0.4694925, 47.6681738], [0.4694637, 47.6682966]]}, "properties": {"waterway": "stream"}}, {"type": "Feature", "geometry": {"type": "LineString", "coordinates": [[0.4729364, 47.6656887], [0.4725529, 47.6657036], [0.4720493, 47.6658496]]}, "properties": {"waterway": "stream"}}, {"type": "Feature", "geometry": {"type": "LineString", "coordinates": [[0.4650772, 47.6757097], [0.4647292, 47.6760681], [0.4646899, 47.6762097], [0.4647712, 47.6763079], [0.4646843, 47.6764476], [0.4645441, 47.6765741], [0.464631, 47.6766194], [0.4647796, 47.6766402], [0.4648049, 47.6767062], [0.4646086, 47.6768289], [0.4643506, 47.6769177], [0.4643506, 47.6771386], [0.4641319, 47.6772141], [0.4642245, 47.6773311], [0.4644488, 47.6773821], [0.4646535, 47.677452], [0.4646338, 47.677973], [0.4649311, 47.6780184], [0.4650404, 47.6780939], [0.4650769, 47.6782317], [0.4651133, 47.6784035], [0.4652143, 47.6784507], [0.4654386, 47.6785205], [0.46559, 47.6786923], [0.4657695, 47.6787074], [0.4659265, 47.6787395], [0.4660807, 47.6788906], [0.466176, 47.6791398], [0.4664368, 47.6791492], [0.4667003, 47.6791565], [0.4669045, 47.6791712], [0.4669461, 47.6792206], [0.4669322, 47.679258], [0.4668648, 47.6793034], [0.4668212, 47.6793861], [0.4667954, 47.6796251], [0.4669402, 47.6802939], [0.4669099, 47.6804963]]}, "properties": {"waterway": "stream"}}, {"type": "Feature", "geometry": {"type": "LineString", "coordinates": [[0.5081176, 47.7805808], [0.5081986, 47.780316], [0.5083216, 47.7799583], [0.5083864, 47.7797769], [0.508408, 47.779465], [0.5083972, 47.7792364], [0.5083486, 47.7789753], [0.5082083, 47.7787428], [0.5081472, 47.7784634], [0.5081488, 47.7782842]]}, "properties": {"waterway": "drain"}}, {"type": "Feature", "geometry": {"type": "LineString", "coordinates": [[0.6731676, 47.7974163], [0.6731895, 47.797069], [0.6732847, 47.7969435], [0.6735221, 47.7969058], [0.6749215, 47.7969773]]}, "properties": {"waterway": "stream"}}, {"type": "Feature", "geometry": {"type": "LineString", "coordinates": [[0.4324767, 47.7606705], [0.432415, 47.7596482], [0.4323962, 47.7594426], [0.4324311, 47.7592912], [0.4325679, 47.7591073], [0.4327074, 47.7588963], [0.4328844, 47.7586132], [0.4335389, 47.7578559], [0.4335576, 47.7578216], [0.4335871, 47.7577784], [0.433681, 47.7577387], [0.4343677, 47.7575476], [0.4353842, 47.757342], [0.4357168, 47.7573222], [0.4358938, 47.757342], [0.4359904, 47.7573871], [0.4371303, 47.7578559], [0.4374549, 47.7579623], [0.4377151, 47.7580074], [0.4378706, 47.7580092], [0.438053, 47.7579965], [0.4383105, 47.7579334], [0.4393566, 47.7574736], [0.4402417, 47.7571532], [0.441033, 47.7569375], [0.4425658, 47.7566183], [0.4430319, 47.7567072], [0.4438518, 47.7568302], [0.4445239, 47.756836], [0.4447125, 47.7568549], [0.4448708, 47.7569424], [0.4450009, 47.7570313], [0.4451114, 47.7570648], [0.445454, 47.7570954], [0.4455537, 47.757145], [0.4456686, 47.7571114], [0.4458052, 47.7571012], [0.4459418, 47.7571362], [0.4461933, 47.7571187], [0.4465163, 47.7570094], [0.446655, 47.757008], [0.4472014, 47.757126], [0.4473817, 47.7571629], [0.4476505, 47.7572897], [0.4477372, 47.7573334], [0.4478825, 47.7573552], [0.4481578, 47.7573159], [0.4483486, 47.7572882], [0.4489584, 47.7573728], [0.4492144, 47.7573337], [0.449314, 47.7573491], [0.449547, 47.7573893], [0.4504063, 47.7580234]]}, "properties": {"waterway": "stream"}}, {"type": "Feature", "geometry": {"type": "LineString", "coordinates": [[0.6750037, 47.7969284], [0.6751783, 47.796989], [0.6763538, 47.7969639], [0.6766921, 47.7968947], [0.6773673, 47.7966801], [0.6777701, 47.7965775], [0.6779374, 47.7965854], [0.6780142, 47.7966116], [0.6780614, 47.7967311], [0.6777639, 47.7971207]]}, "properties": {"waterway": "stream"}}, {"type": "Feature", "geometry": {"type": "LineString", "coordinates": [[0.6749215, 47.7969773], [0.6750037, 47.7969284]]}, "properties": {"tunnel": "culvert", "waterway": "stream"}}, {"type": "Feature", "geometry": {"type": "LineString", "coordinates": [[0.4305144, 47.6788256], [0.4301644, 47.6785631], [0.4299338, 47.6783789], [0.4297514, 47.6782344], [0.4296173, 47.6780249], [0.4295529, 47.677884], [0.4295368, 47.6777432], [0.4295744, 47.677624], [0.4296763, 47.6774687], [0.4298318, 47.6773278], [0.4299499, 47.6771942], [0.4300732, 47.6770641], [0.4301269, 47.6769377], [0.4301269, 47.6768113], [0.4300732, 47.6767138], [0.429982, 47.6765838], [0.4298318, 47.6765115], [0.4296655, 47.6764899], [0.4295475, 47.6765079], [0.4294402, 47.6765413], [0.4293061, 47.6765946], [0.4291771, 47.6766029], [0.4290433, 47.6765912], [0.4289414, 47.676544], [0.4288877, 47.6764754], [0.4289145, 47.6763959], [0.4290004, 47.6762948], [0.4292096, 47.6761359], [0.4296012, 47.6758289], [0.4297085, 47.6757241], [0.4297299, 47.675623], [0.4297299, 47.6755255], [0.4296548, 47.6754243], [0.4295422, 47.6753196], [0.4292847, 47.6750739], [0.4292149, 47.67498], [0.4291774, 47.6748717], [0.4291506, 47.6747525], [0.4291345, 47.6745683], [0.4291184, 47.6740879], [0.4291613, 47.673463], [0.4291237, 47.6729139], [0.4290969, 47.6724804], [0.4289414, 47.6718447], [0.4288662, 47.6716532], [0.4287643, 47.6715268], [0.4286409, 47.6714184], [0.4284478, 47.6713101], [0.4282172, 47.6711909], [0.428067, 47.6711222], [0.4279865, 47.6710608], [0.427906, 47.6709777], [0.4277934, 47.670891], [0.4276217, 47.6708405], [0.4274125, 47.6708116], [0.4273052, 47.6708441], [0.4272194, 47.6709019], [0.4270638, 47.6710211], [0.4268868, 47.6712017], [0.4267473, 47.6712703], [0.4265649, 47.6712884], [0.4263557, 47.6712703], [0.4261787, 47.6712414], [0.426007, 47.6711764], [0.4259265, 47.6711403], [0.4258407, 47.6711331], [0.4257442, 47.6711583], [0.4256315, 47.6711695], [0.4255189, 47.6711513], [0.4253794, 47.6710861], [0.425256, 47.6709994], [0.4251004, 47.6708405], [0.4249234, 47.6706237], [0.4248, 47.6705045], [0.4246552, 47.6704142], [0.4244996, 47.6703347], [0.4243548, 47.670248], [0.4241456, 47.6701469], [0.4239417, 47.6700783], [0.4236359, 47.6699916], [0.4234053, 47.6698904], [0.42318, 47.6698001], [0.4228688, 47.6696737], [0.4225631, 47.6695797], [0.422268, 47.6695075], [0.422091, 47.6694822], [0.4219354, 47.669475], [0.4217745, 47.6694497], [0.4216136, 47.6693991], [0.4215116, 47.6693485], [0.4214258, 47.6692835], [0.4213722, 47.669186], [0.4214097, 47.6690921], [0.4214848, 47.6689439], [0.4216672, 47.668337], [0.4216887, 47.6681998], [0.4216726, 47.6680914], [0.4216028, 47.6679505], [0.4215063, 47.6677663], [0.4214151, 47.6676471], [0.4213239, 47.6675567], [0.4212997, 47.6674899], [0.4212371, 47.6674103]]}, "properties": {"waterway": "river"}}, {"type": "Feature", "geometry": {"type": "LineString", "coordinates": [[0.4761062, 47.6517201], [0.4763175, 47.6520119], [0.4765695, 47.6526639], [0.4765989, 47.6529049], [0.4765886, 47.6529716], [0.4765605, 47.6530015], [0.4764955, 47.6530214], [0.4764845, 47.6530799], [0.4764343, 47.6531924], [0.476353, 47.6532143], [0.4761638, 47.6532342], [0.4760308, 47.653281], [0.4759525, 47.6533248], [0.4758963, 47.6535359], [0.4758431, 47.6535807], [0.4757618, 47.6536195], [0.4756687, 47.6536658]]}, "properties": {"waterway": "river"}}, {"type": "Feature", "geometry": {"type": "LineString", "coordinates": [[0.3853115, 47.7225276], [0.3855383, 47.7226649], [0.3858199, 47.7224177], [0.3859352, 47.7222444], [0.3862483, 47.7221247], [0.3867399, 47.7217212], [0.3871798, 47.7213765], [0.3886697, 47.7198374], [0.388993, 47.7198572], [0.3892236, 47.719702], [0.3893255, 47.7196551], [0.389347, 47.719554], [0.3892183, 47.7195179], [0.389229, 47.7194169], [0.3893416, 47.7193447], [0.3894489, 47.7192761], [0.3893792, 47.719204], [0.3893095, 47.719121], [0.3894597, 47.7190488], [0.3895187, 47.719074], [0.389685, 47.719121], [0.389744, 47.7190452], [0.3896957, 47.7189044], [0.3895884, 47.7188936], [0.3895938, 47.7187961], [0.3895133, 47.7186554], [0.3895562, 47.718576], [0.3895079, 47.7184966], [0.3896313, 47.7184208], [0.3897493, 47.7183811], [0.3899961, 47.7183198], [0.3900766, 47.7182476], [0.3903233, 47.7179047], [0.390495, 47.7178109], [0.390731, 47.7176882], [0.3908812, 47.7174319], [0.3909671, 47.7173706], [0.3909939, 47.7173092], [0.391128, 47.7171612], [0.391128, 47.7170205], [0.3913587, 47.7167065], [0.3915411, 47.7165441], [0.3915732, 47.7165008], [0.3915411, 47.7163889], [0.3914391, 47.7162734], [0.391364, 47.7162806], [0.3913372, 47.716212], [0.391423, 47.7161651], [0.3915035, 47.7159883], [0.3915571, 47.7154036], [0.3920614, 47.7146853], [0.3921558, 47.7143898]]}, "properties": {"waterway": "stream"}}, {"type": "Feature", "geometry": {"type": "LineString", "coordinates": [[0.3885228, 47.7335309], [0.3886362, 47.7334052], [0.3886738, 47.7332302], [0.3889929, 47.731879], [0.3896988, 47.7304607], [0.3896259, 47.7303077], [0.3894355, 47.7301778], [0.3892311, 47.7297056], [0.3890815, 47.7295409], [0.3890841, 47.7294976], [0.3891378, 47.7294146], [0.3891458, 47.7293208], [0.3889554, 47.7291927], [0.389001, 47.7291278], [0.3890037, 47.7290917], [0.38895, 47.7290556], [0.3888615, 47.7290213], [0.3888857, 47.7289708], [0.3888454, 47.7289004], [0.3888776, 47.7287904], [0.3888749, 47.728711], [0.3887998, 47.7286172], [0.3888079, 47.7285685], [0.3887435, 47.7283484], [0.3886791, 47.7282581], [0.3886523, 47.7281806], [0.3886845, 47.7281337], [0.3886899, 47.7280795], [0.3886148, 47.7280777], [0.3885745, 47.7280398], [0.3885638, 47.7279767], [0.3885236, 47.7279262], [0.3884699, 47.7279352], [0.388435, 47.7279172], [0.3884511, 47.7278305], [0.3883304, 47.7277115], [0.3882768, 47.7274408], [0.3882044, 47.727338], [0.3881186, 47.7270854], [0.3881346, 47.7267209], [0.3879308, 47.7264557], [0.3876787, 47.725992], [0.3874212, 47.7258134], [0.386933, 47.7255987], [0.3868767, 47.7252613], [0.3867962, 47.7251061], [0.3865709, 47.7249059], [0.3864288, 47.7246316], [0.3863054, 47.7246226], [0.3862383, 47.7244728], [0.3862437, 47.7243988], [0.3862061, 47.7243483], [0.3860533, 47.724213], [0.3857904, 47.7237836], [0.3857207, 47.7237367], [0.3854632, 47.7235418], [0.3854095, 47.7235274], [0.3852486, 47.7235454], [0.3850447, 47.7235165], [0.3849482, 47.7234786], [0.3848892, 47.7234191]]}, "properties": {"waterway": "stream"}}, {"type": "Feature", "geometry": {"type": "LineString", "coordinates": [[0.5745989, 47.7290077], [0.5745444, 47.7290368], [0.5741312, 47.7292583], [0.5740746, 47.7293116]]}, "properties": {"waterway": "ditch"}}, {"type": "Feature", "geometry": {"type": "LineString", "coordinates": [[0.4734526, 47.6649116], [0.4731648, 47.664872]]}, "properties": {"waterway": "stream"}}, {"type": "Feature", "geometry": {"type": "LineString", "coordinates": [[0.4731648, 47.664872], [0.472665, 47.6648222], [0.4726247, 47.6648514], [0.4726176, 47.6648943]]}, "properties": {"tunnel": "culvert", "waterway": "stream"}}, {"type": "Feature", "geometry": {"type": "LineString", "coordinates": [[0.4718886, 47.667375], [0.4719254, 47.667511], [0.4718852, 47.667548], [0.4717953, 47.6675932], [0.4716787, 47.6676419], [0.4715674, 47.6677006], [0.4714078, 47.6677349], [0.4713461, 47.6677837], [0.4712951, 47.667865], [0.4712281, 47.66793], [0.4712495, 47.6679824], [0.47133, 47.6680294], [0.4713193, 47.6680799], [0.4712576, 47.6681052], [0.4710081, 47.6681703], [0.4708311, 47.6681829], [0.4707184, 47.6681721], [0.4706594, 47.6681955], [0.4706702, 47.6682642], [0.4707104, 47.6683346], [0.470697, 47.6684015], [0.4706058, 47.6684538], [0.4705521, 47.6685171], [0.4705951, 47.6685514], [0.470807, 47.6685712], [0.4708686, 47.6686164], [0.4708767, 47.6686905], [0.4708257, 47.6687573], [0.4707023, 47.6688259], [0.4706648, 47.6689217], [0.4705682, 47.6689831], [0.4704422, 47.669012], [0.4703563, 47.6690734], [0.4703429, 47.6691492], [0.4702678, 47.6692685], [0.4701257, 47.6695285], [0.4700237, 47.6696116], [0.4698843, 47.6696568], [0.4698011, 47.66972], [0.4698333, 47.6697904], [0.4699191, 47.6698573], [0.4698655, 47.6699404], [0.4697877, 47.6699801], [0.4696268, 47.6701499], [0.4696536, 47.6702709], [0.4695731, 47.6703395], [0.4693934, 47.6705093], [0.4693478, 47.6707152], [0.469608, 47.6709247], [0.4699138, 47.6711035], [0.4701847, 47.6711866], [0.4703644, 47.6712462], [0.4704288, 47.6713076], [0.4704422, 47.6713853], [0.4701632, 47.6724166], [0.4702249, 47.6725466], [0.4703242, 47.6726135], [0.4703805, 47.672664], [0.4703483, 47.6727507], [0.4701579, 47.6730325], [0.4700425, 47.6732113], [0.4699969, 47.6732781], [0.4698735, 47.6733431], [0.4695785, 47.6734768], [0.469372, 47.6735779], [0.4691654, 47.6736195], [0.4690474, 47.6736466], [0.4689401, 47.673764], [0.468924, 47.6738741], [0.4688463, 47.673959], [0.4687229, 47.6740782], [0.468621, 47.6741197], [0.468511, 47.6741161], [0.4683214, 47.6740732]]}, "properties": {"waterway": "stream"}}, {"type": "Feature", "geometry": {"type": "LineString", "coordinates": [[0.4750378, 47.6518594], [0.475231, 47.6518775], [0.4753275, 47.6518974], [0.4753785, 47.6519624], [0.475357, 47.6520347], [0.4753946, 47.6520853], [0.4754241, 47.652172], [0.4754375, 47.652266], [0.4754375, 47.6525478], [0.4753543, 47.6527502], [0.4753356, 47.6529959], [0.4753436, 47.653079], [0.4753999, 47.6531097], [0.4757666, 47.6531605]]}, "properties": {"waterway": "stream"}}, {"type": "Feature", "geometry": {"type": "LineString", "coordinates": [[0.4249343, 47.6642958], [0.4240384, 47.6657843], [0.4211873, 47.6649046], [0.4195994, 47.665638], [0.418902, 47.6654393], [0.4184514, 47.665461], [0.4179096, 47.6654212], [0.4176239, 47.6654456], [0.4170258, 47.6653715], [0.4168518, 47.6654104], [0.4167664, 47.665532]]}, "properties": {"waterway": "stream"}}, {"type": "Feature", "geometry": {"type": "LineString", "coordinates": [[0.4249719, 47.6641405], [0.4249343, 47.6642958]]}, "properties": {"tunnel": "culvert", "waterway": "stream"}}, {"type": "Feature", "geometry": {"type": "LineString", "coordinates": [[0.439213, 47.6650735], [0.4390682, 47.6649344], [0.4380999, 47.6645099], [0.4362009, 47.6635344], [0.4360561, 47.6635146], [0.4351817, 47.663679], [0.4336528, 47.6637621], [0.4333363, 47.6637621], [0.4318209, 47.6636537], [0.4309331, 47.6635868], [0.4305281, 47.6635055], [0.4297448, 47.6633935], [0.42557, 47.6622708], [0.4249719, 47.6641405]]}, "properties": {"waterway": "stream"}}, {"type": "Feature", "geometry": {"type": "LineString", "coordinates": [[0.4349778, 47.6653806], [0.4336716, 47.6648676], [0.4335429, 47.6646038], [0.433335, 47.6644873], [0.4316371, 47.6640177], [0.4317672, 47.6637458], [0.4318209, 47.6636537]]}, "properties": {"waterway": "ditch"}}, {"type": "Feature", "geometry": {"type": "LineString", "coordinates": [[0.4650371, 47.6802866], [0.4649566, 47.6803484], [0.4646945, 47.6806542], [0.4645596, 47.6808035], [0.46416, 47.6811953], [0.4639963, 47.6812477], [0.4637093, 47.6812387], [0.461121, 47.6810545], [0.4600345, 47.6809331], [0.4588009, 47.6806572], [0.4579024, 47.680399], [0.4569904, 47.679989], [0.4567302, 47.6799005], [0.4565586, 47.6798825], [0.4562179, 47.6798698], [0.4559739, 47.6798789], [0.4556627, 47.6799114], [0.4555703, 47.6799231], [0.4554213, 47.6799421], [0.4551075, 47.6799024], [0.4546783, 47.6797796], [0.4544316, 47.6796315], [0.4543618, 47.6795448], [0.4543726, 47.6794635], [0.4543672, 47.6793678], [0.454512, 47.6789994], [0.4545067, 47.6789452], [0.4544557, 47.6789254], [0.4542572, 47.6788893], [0.45415, 47.6788405], [0.4540833, 47.6788353], [0.4539407, 47.6788242], [0.4506953, 47.6780983], [0.4503401, 47.6780511], [0.450301, 47.6780459], [0.4501561, 47.6780423], [0.450014, 47.6780495], [0.4499389, 47.6780694], [0.4497699, 47.6781687], [0.4469026, 47.6802364], [0.4463199, 47.6805728], [0.446148, 47.6806647], [0.4460919, 47.6806947], [0.4459861, 47.680739]]}, "properties": {"waterway": "drain"}}, {"type": "Feature", "geometry": {"type": "LineString", "coordinates": [[0.4049756, 47.6829153], [0.405027, 47.682735], [0.4050243, 47.682684], [0.4049546, 47.6826551], [0.4048366, 47.6826461], [0.4046274, 47.6826551], [0.4033238, 47.6824691], [0.4017225, 47.6821693], [0.3979594, 47.6812989], [0.3978521, 47.6812574], [0.3977081, 47.6811407]]}, "properties": {"waterway": "stream"}}, {"type": "Feature", "geometry": {"type": "LineString", "coordinates": [[0.4013788, 47.6797372], [0.4012958, 47.6797562], [0.4009638, 47.6797072], [0.4006678, 47.6796692], [0.4004668, 47.6796432], [0.4001688, 47.6796352], [0.3998698, 47.6796962], [0.3997388, 47.6796792], [0.3995208, 47.6795662], [0.3992228, 47.6793612], [0.3987928, 47.6791482], [0.3984308, 47.6789272], [0.3982028, 47.6788292], [0.3981148, 47.6787557], [0.3979998, 47.6786827], [0.3978458, 47.6786317], [0.3977528, 47.6785857], [0.3976858, 47.6785527], [0.3975858, 47.6785267], [0.3973608, 47.6784207], [0.3971658, 47.6783897], [0.3970738, 47.6783627], [0.3969238, 47.6783117], [0.3967158, 47.6782117], [0.3965098, 47.6781077], [0.3962988, 47.6780267], [0.3960588, 47.6779397], [0.3958378, 47.6778917], [0.3957108, 47.6778317], [0.3956308, 47.6778067], [0.3955768, 47.6777927], [0.3954288, 47.6777457], [0.3951618, 47.6776987], [0.3948408, 47.6776307], [0.3947758, 47.6775787], [0.3946808, 47.6775607], [0.3945988, 47.6775937], [0.3944308, 47.6775667], [0.3941808, 47.6774237], [0.3940148, 47.6773677], [0.3935588, 47.6772077], [0.3933808, 47.6771647]]}, "properties": {"waterway": "stream"}}, {"type": "Feature", "geometry": {"type": "LineString", "coordinates": [[0.3966112, 47.6724265], [0.396005, 47.6726938], [0.3957958, 47.6728419], [0.3956536, 47.672934], [0.3954485, 47.6730224], [0.3951011, 47.6731183], [0.3947605, 47.6731327], [0.3945325, 47.6731995], [0.3941784, 47.6732862], [0.3938469, 47.6733062]]}, "properties": {"waterway": "drain"}}, {"type": "Feature", "geometry": {"type": "LineString", "coordinates": [[0.4079164, 47.6330108], [0.4077005, 47.6330682], [0.4075878, 47.6330863], [0.4071962, 47.6330809], [0.4069065, 47.6331441], [0.4067161, 47.6332218], [0.4065793, 47.6333032], [0.4059946, 47.6334478], [0.4055145, 47.6336592], [0.4042645, 47.6340695], [0.4039534, 47.6341545], [0.4036289, 47.6341979], [0.4026633, 47.6345503], [0.4025318, 47.6346208], [0.4024192, 47.6349299], [0.4024058, 47.6350112], [0.402336, 47.6351486], [0.4016735, 47.635454], [0.4015742, 47.6354997], [0.4013381, 47.6356579], [0.4013101, 47.6357441], [0.4005054, 47.6366356]]}, "properties": {"waterway": "stream"}}, {"type": "Feature", "geometry": {"type": "LineString", "coordinates": [[0.396052, 47.64099], [0.3960288, 47.6411031]]}, "properties": {"tunnel": "culvert", "waterway": "stream"}}, {"type": "Feature", "geometry": {"type": "LineString", "coordinates": [[0.4100112, 47.6259666], [0.4097483, 47.6264673], [0.4096196, 47.6268072], [0.4095713, 47.626894], [0.4094747, 47.6269265], [0.4093782, 47.6270331], [0.4092575, 47.6271181], [0.4090724, 47.6273404], [0.4090268, 47.6275176], [0.40889, 47.6276423], [0.4088632, 47.627749], [0.4088551, 47.6278466], [0.4088846, 47.6281557], [0.4093862, 47.6293126], [0.4093621, 47.6293849], [0.4093648, 47.6294373], [0.409397, 47.6296199], [0.4094533, 47.6297157], [0.409405, 47.6298079], [0.4092387, 47.6299163], [0.4091797, 47.6300754], [0.4091877, 47.6301332], [0.409295, 47.6301875], [0.4093728, 47.6302543], [0.409354, 47.6303176], [0.4094211, 47.6303791], [0.4095445, 47.6304821], [0.4095042, 47.6305869], [0.409456, 47.6307153], [0.409413, 47.6311346], [0.4093353, 47.6311437], [0.4092655, 47.6313551], [0.4089571, 47.6320384], [0.4087049, 47.6324541], [0.4086674, 47.6324668], [0.408595, 47.6325336], [0.4084957, 47.6326674], [0.4084099, 47.6327614], [0.4079164, 47.6330108], [0.40786, 47.6330723], [0.407801, 47.6333398], [0.4077072, 47.6335097], [0.4073933, 47.6337013], [0.4072136, 47.6337898], [0.4070661, 47.6338025], [0.4069052, 47.6337645], [0.4067469, 47.633732], [0.4066128, 47.6337374], [0.4061327, 47.6339543], [0.4049498, 47.6345634], [0.4045985, 47.6347424], [0.4042015, 47.6350568], [0.4032091, 47.635571], [0.4030026, 47.6356668], [0.4022998, 47.6359307], [0.401589, 47.6361674], [0.4005054, 47.6366356], [0.3997678, 47.6370494], [0.3992796, 47.637232], [0.3992394, 47.6373838], [0.3992233, 47.6374385], [0.3987298, 47.6379174], [0.3985876, 47.6380204], [0.3983811, 47.638062], [0.3982658, 47.6380855], [0.3981397, 47.6380475], [0.3979439, 47.6380529], [0.3978795, 47.6381216], [0.3977803, 47.6381614], [0.3977186, 47.6381867], [0.397724, 47.6382373], [0.3977374, 47.6382698], [0.3976918, 47.6383114], [0.3977025, 47.6383475], [0.3977374, 47.638362], [0.3976918, 47.6384379], [0.3976086, 47.6384939], [0.3976167, 47.6385807], [0.3975711, 47.6386656], [0.3974665, 47.6387018], [0.3973055, 47.6387253], [0.3970936, 47.6388247], [0.3970454, 47.6388626], [0.3969488, 47.6389006], [0.3969005, 47.6389476], [0.3969569, 47.6389891], [0.3970293, 47.6390054], [0.3971044, 47.6390578], [0.3970802, 47.6391084], [0.3970534, 47.6391301], [0.3969113, 47.6391427], [0.396812, 47.6391843], [0.3967557, 47.6392439], [0.3967745, 47.6392674], [0.3968308, 47.6393072], [0.3967611, 47.6394247], [0.3967262, 47.6394915], [0.3966806, 47.639506], [0.3966162, 47.6395656], [0.3966055, 47.6396181], [0.3966994, 47.6397066], [0.3966994, 47.639759], [0.3966806, 47.639797], [0.3966108, 47.6398205], [0.3965062, 47.6398476], [0.3964767, 47.6399], [0.3964821, 47.6399705], [0.3963131, 47.6400839], [0.3962461, 47.6401471], [0.3962836, 47.6403007], [0.3962541, 47.640411], [0.3961978, 47.640617], [0.39612, 47.6408953], [0.396052, 47.64099]]}, "properties": {"waterway": "stream"}}, {"type": "Feature", "geometry": {"type": "LineString", "coordinates": [[0.5408165, 47.8133474], [0.54071, 47.8132246]]}, "properties": {"tunnel": "culvert", "waterway": "stream"}}, {"type": "Feature", "geometry": {"type": "LineString", "coordinates": [[0.5431518, 47.8163057], [0.5430893, 47.8162855], [0.5428183, 47.8162544], [0.5427164, 47.8161921], [0.5426444, 47.8160791], [0.5424023, 47.8157491], [0.5419529, 47.8152732], [0.5418189, 47.814986], [0.5412979, 47.814531], [0.5409783, 47.8141699], [0.5408062, 47.8139372], [0.5408221, 47.8137257], [0.5408165, 47.8133474]]}, "properties": {"waterway": "stream"}}, {"type": "Feature", "geometry": {"type": "LineString", "coordinates": [[0.480731, 47.8663991], [0.4806706, 47.866352], [0.4806304, 47.8663098], [0.4805955, 47.8662666], [0.480562, 47.8662378], [0.4804721, 47.8662261], [0.4803072, 47.8662081], [0.4801691, 47.8661901], [0.4800443, 47.8661361], [0.4799947, 47.8660785], [0.479988, 47.8660093], [0.4800966, 47.8659742], [0.4802033, 47.8659495]]}, "properties": {"waterway": "stream"}}, {"type": "Feature", "geometry": {"type": "LineString", "coordinates": [[0.4807852, 47.8664951], [0.4807732, 47.8664931], [0.4807404, 47.8664299], [0.480731, 47.8663991]]}, "properties": {"tunnel": "yes", "waterway": "stream"}}, {"type": "Feature", "geometry": {"type": "LineString", "coordinates": [[0.5302217, 47.8086865], [0.5300987, 47.8085612], [0.5300319, 47.8084602], [0.5298119, 47.8083954], [0.5296557, 47.808297], [0.5293779, 47.8082346], [0.5291399, 47.8081413], [0.5284883, 47.8078991], [0.528244, 47.8077819], [0.5281224, 47.8077562], [0.5278967, 47.8076577]]}, "properties": {"waterway": "stream"}}, {"type": "Feature", "geometry": {"type": "LineString", "coordinates": [[0.530306, 47.8087405], [0.5302217, 47.8086865]]}, "properties": {"tunnel": "culvert", "waterway": "stream"}}, {"type": "Feature", "geometry": {"type": "LineString", "coordinates": [[0.5561051, 47.7352295], [0.5555626, 47.7352573], [0.5542296, 47.735038], [0.5541366, 47.7349314], [0.5541579, 47.7337891], [0.5541049, 47.7335861]]}, "properties": {"waterway": "ditch"}}, {"type": "Feature", "geometry": {"type": "LineString", "coordinates": [[0.3975919, 47.6810729], [0.3970107, 47.680982]]}, "properties": {"waterway": "stream"}}, {"type": "Feature", "geometry": {"type": "LineString", "coordinates": [[0.3977081, 47.6811407], [0.3975919, 47.6810729]]}, "properties": {"tunnel": "culvert", "waterway": "stream"}}, {"type": "Feature", "geometry": {"type": "LineString", "coordinates": [[0.3969168, 47.6809564], [0.3957268, 47.6807485]]}, "properties": {"waterway": "stream"}}, {"type": "Feature", "geometry": {"type": "LineString", "coordinates": [[0.3970107, 47.680982], [0.3969168, 47.6809564]]}, "properties": {"tunnel": "culvert", "waterway": "stream"}}, {"type": "Feature", "geometry": {"type": "LineString", "coordinates": [[0.4300108, 47.6994589], [0.4300443, 47.6994112], [0.4300344, 47.6993583], [0.4299695, 47.699296], [0.4299557, 47.6992047], [0.4299676, 47.6990842], [0.4299872, 47.6989862], [0.4299971, 47.6989041], [0.4299715, 47.6988114], [0.4299518, 47.6986976], [0.4299007, 47.6985877], [0.4298495, 47.6985519], [0.429763, 47.6985255], [0.4296843, 47.6984672], [0.4296508, 47.6984195], [0.4295643, 47.6983692], [0.4293636, 47.6982765], [0.4291354, 47.698156], [0.4289328, 47.6981004], [0.428738, 47.69807], [0.4286082, 47.6980713], [0.4284724, 47.6980673], [0.4283032, 47.6980594], [0.428138, 47.6980448], [0.4279708, 47.698021], [0.4277485, 47.6980064], [0.4275635, 47.6980064], [0.4274376, 47.6979786], [0.4274335, 47.6979926]]}, "properties": {"waterway": "ditch"}}, {"type": "Feature", "geometry": {"type": "LineString", "coordinates": [[0.422107, 47.6964438], [0.4220511, 47.6964103], [0.4219799, 47.696387], [0.4217314, 47.6963207], [0.421426, 47.6962516], [0.4210072, 47.6961736]]}, "properties": {"waterway": "ditch"}}, {"type": "Feature", "geometry": {"type": "LineString", "coordinates": [[0.4223102, 47.6965238], [0.422107, 47.6964438]]}, "properties": {"tunnel": "culvert", "waterway": "ditch"}}, {"type": "Feature", "geometry": {"type": "LineString", "coordinates": [[0.4243084, 47.6973659], [0.4239029, 47.6972209], [0.4238094, 47.6971703], [0.4232849, 47.6970034], [0.4231833, 47.6969562], [0.4228591, 47.6967202], [0.4223102, 47.6965238]]}, "properties": {"waterway": "ditch"}}, {"type": "Feature", "geometry": {"type": "LineString", "coordinates": [[0.425214, 47.6975859], [0.4251628, 47.6975513], [0.4248494, 47.6974791], [0.4244776, 47.6974241], [0.4243084, 47.6973659]]}, "properties": {"tunnel": "culvert", "waterway": "ditch"}}, {"type": "Feature", "geometry": {"type": "LineString", "coordinates": [[0.4338285, 47.8070119], [0.4341102, 47.807129], [0.4345447, 47.8072011], [0.4348263, 47.8071903], [0.4358992, 47.8071542], [0.4367629, 47.8071506], [0.4381898, 47.8072767], [0.439775, 47.8073848], [0.4413173, 47.8076028], [0.4418832, 47.8076677], [0.4424626, 47.8076244], [0.4428837, 47.807574], [0.4434764, 47.8073866], [0.4441363, 47.807066], [0.4442757, 47.8070119], [0.4447049, 47.8069885], [0.4451045, 47.8070984], [0.4458019, 47.8072713], [0.4464242, 47.8073398], [0.447194, 47.8073578], [0.4474863, 47.8073578], [0.4478216, 47.8074173], [0.4481193, 47.8075506], [0.4483715, 47.807864], [0.4492244, 47.8087575], [0.4499352, 47.8093952], [0.4506701, 47.8099014], [0.451397, 47.8103319], [0.452325, 47.8108345], [0.4531082, 47.8114271], [0.4533416, 47.8115856], [0.4540175, 47.811827], [0.4543877, 47.8119153], [0.455305, 47.8120558], [0.4558495, 47.8121494], [0.4565012, 47.8121386], [0.4579872, 47.8131401], [0.459626, 47.8141866], [0.4598218, 47.8143649], [0.4604843, 47.8147252], [0.4610744, 47.8149719], [0.4612809, 47.815008], [0.4621875, 47.8153412], [0.4625925, 47.8154312], [0.464057, 47.8161715], [0.464226, 47.816321], [0.4644003, 47.8164399], [0.4645452, 47.8165029], [0.4646605, 47.8165299], [0.4648241, 47.8165353], [0.4652935, 47.8167208], [0.4656342, 47.8168829], [0.4659989, 47.8170216], [0.4663879, 47.8173278], [0.4672059, 47.8177997], [0.4674232, 47.8180771], [0.4676941, 47.8187993], [0.4677317, 47.8188569], [0.4678068, 47.8188929], [0.46826, 47.8189758], [0.46848, 47.819064]]}, "properties": {"ref:sandre": "M1317000", "waterway": "stream"}}, {"type": "Feature", "geometry": {"type": "LineString", "coordinates": [[0.4489696, 47.8230766], [0.4499567, 47.823145], [0.4508471, 47.823037], [0.4515794, 47.8229001], [0.4519361, 47.8229091], [0.4524833, 47.8228911], [0.4534328, 47.8225561], [0.4536796, 47.8224985], [0.4539049, 47.8224823], [0.4548088, 47.8225291], [0.4550099, 47.8225868], [0.4553962, 47.8225886], [0.4555464, 47.8225958], [0.4556778, 47.822747], [0.4557797, 47.8228101], [0.4558575, 47.8228461], [0.4578558, 47.8228389], [0.4583815, 47.8227939], [0.4584278, 47.8227694]]}, "properties": {"waterway": "ditch"}}, {"type": "Feature", "geometry": {"type": "LineString", "coordinates": [[0.4756281, 47.8190803], [0.4757844, 47.8193469]]}, "properties": {"waterway": "ditch"}}, {"type": "Feature", "geometry": {"type": "LineString", "coordinates": [[0.4750997, 47.8192784], [0.4757844, 47.8193469], [0.4761967, 47.8193882], [0.4770952, 47.8195143], [0.4775619, 47.8196404], [0.4779938, 47.8197484]]}, "properties": {"waterway": "ditch"}}, {"type": "Feature", "geometry": {"type": "LineString", "coordinates": [[0.4669055, 47.8722144], [0.4674341, 47.8722881], [0.4676494, 47.872292], [0.4677516, 47.8722659], [0.4678742, 47.8722346], [0.4680318, 47.8721016], [0.4681792, 47.8719017], [0.4683823, 47.8715489], [0.4683649, 47.87134], [0.468257, 47.8710984]]}, "properties": {"waterway": "stream"}}, {"type": "Feature", "geometry": {"type": "LineString", "coordinates": [[0.4667218, 47.8721916], [0.4669055, 47.8722144]]}, "properties": {"tunnel": "yes", "waterway": "stream"}}, {"type": "Feature", "geometry": {"type": "LineString", "coordinates": [[0.468885, 47.8724049], [0.4690057, 47.87235], [0.4691159, 47.8723208], [0.4694418, 47.8722502]]}, "properties": {"waterway": "stream"}}, {"type": "Feature", "geometry": {"type": "LineString", "coordinates": [[0.468732, 47.8724735], [0.468885, 47.8724049]]}, "properties": {"tunnel": "yes", "waterway": "stream"}}, {"type": "Feature", "geometry": {"type": "LineString", "coordinates": [[0.4699624, 47.8715467], [0.4699331, 47.8708641]]}, "properties": {"waterway": "stream"}}, {"type": "Feature", "geometry": {"type": "LineString", "coordinates": [[0.4694418, 47.8722502], [0.4696199, 47.8721548], [0.4699042, 47.8717365], [0.4699624, 47.8715467]]}, "properties": {"tunnel": "yes", "waterway": "stream"}}, {"type": "Feature", "geometry": {"type": "LineString", "coordinates": [[0.5919045, 47.8100073], [0.5918931, 47.809992], [0.5918869, 47.8099191], [0.5918721, 47.8098972], [0.5918455, 47.8098068], [0.5917753, 47.8096591]]}, "properties": {"waterway": "stream"}}, {"type": "Feature", "geometry": {"type": "LineString", "coordinates": [[0.5882926, 47.8398243], [0.5882669, 47.8398273], [0.5882492, 47.8398344], [0.5882359, 47.8398451], [0.5882351, 47.8398576], [0.5882368, 47.83987], [0.5882342, 47.8398807], [0.5882235, 47.839889], [0.5882041, 47.8398985], [0.5881749, 47.8399147]]}, "properties": {"waterway": "stream"}}, {"type": "Feature", "geometry": {"type": "LineString", "coordinates": [[0.4336408, 47.7758465], [0.4344884, 47.7752156], [0.4347351, 47.7749975], [0.4348102, 47.7748749], [0.4348317, 47.7747325], [0.4348049, 47.7744675]]}, "properties": {"intermittent": "yes", "waterway": "stream"}}, {"type": "Feature", "geometry": {"type": "LineString", "coordinates": [[0.4337193, 47.7759202], [0.4336408, 47.7758465]]}, "properties": {"intermittent": "yes", "tunnel": "culvert", "waterway": "stream"}}, {"type": "Feature", "geometry": {"type": "LineString", "coordinates": [[0.4399855, 47.7827335], [0.4400016, 47.7826767], [0.4397938, 47.7822153], [0.439716, 47.7821036], [0.4397066, 47.7820423], [0.4397696, 47.7818891], [0.4397482, 47.7818387], [0.4396999, 47.7817539], [0.4396731, 47.7816521], [0.4396704, 47.7816125], [0.4396033, 47.7815962], [0.4395577, 47.7815512], [0.4394773, 47.781434], [0.4392922, 47.7812538], [0.4391983, 47.7811439], [0.439024, 47.7810303], [0.4378545, 47.7805347], [0.4370311, 47.7799921], [0.4365805, 47.7796803], [0.4363954, 47.7795379], [0.4362988, 47.7793775], [0.4362774, 47.7791919], [0.4362023, 47.7790224], [0.4360494, 47.7788692], [0.4359743, 47.778689], [0.4358348, 47.7784367], [0.4356444, 47.7782546], [0.4354969, 47.7780239], [0.4354727, 47.7778527], [0.4354191, 47.7777121], [0.4352018, 47.7773444], [0.4349524, 47.7770632], [0.434263, 47.7764071], [0.4339385, 47.7760862], [0.4337963, 47.7759925], [0.4337193, 47.7759202]]}, "properties": {"intermittent": "yes", "waterway": "stream"}}, {"type": "Feature", "geometry": {"type": "LineString", "coordinates": [[0.5004063, 47.727435], [0.5001569, 47.7273664], [0.4999906, 47.7272979], [0.4998645, 47.7272546], [0.4997894, 47.7272113], [0.4993495, 47.7268865], [0.4991189, 47.7267494], [0.4988641, 47.7265834], [0.4985315, 47.7263957], [0.4984805, 47.7263452], [0.4984644, 47.7263127], [0.4984778, 47.7262676], [0.49851, 47.7260962], [0.4985261, 47.725979], [0.4985127, 47.7259032], [0.4984644, 47.7257949], [0.4982954, 47.725591], [0.4982445, 47.7254521], [0.4982015, 47.7253222], [0.4981989, 47.7252536], [0.4982042, 47.7251616], [0.4982606, 47.7247394], [0.4982927, 47.7244976], [0.4983383, 47.7243262], [0.4983705, 47.7242468], [0.4984295, 47.7241783], [0.4984859, 47.7241314], [0.4986736, 47.7240826], [0.498805, 47.7240466], [0.4988855, 47.723987], [0.4990008, 47.7237885], [0.4990706, 47.7236749], [0.499151, 47.7235702], [0.4992127, 47.7234764], [0.4992557, 47.7233826], [0.4992744, 47.7232833], [0.4993093, 47.7232021], [0.4993871, 47.7231101], [0.4995266, 47.7230145], [0.4996982, 47.7229477], [0.4998645, 47.7228521], [0.500055, 47.7226969], [0.5002293, 47.7225814], [0.5002964, 47.7225092], [0.5003124, 47.7224623], [0.5003044, 47.7224226], [0.5002803, 47.7223811], [0.5001757, 47.7222729], [0.5001435, 47.7222187], [0.5001381, 47.7221682], [0.5001998, 47.7219968], [0.5002347, 47.7219174], [0.5002347, 47.7218488], [0.5001676, 47.7215944], [0.5001488, 47.7212317], [0.5001435, 47.7211036], [0.5001328, 47.7209641]]}, "properties": {"waterway": "stream"}}, {"type": "Feature", "geometry": {"type": "LineString", "coordinates": [[0.4988962, 47.7186143], [0.4985878, 47.7183103], [0.4983142, 47.7180198], [0.4981318, 47.7178537], [0.4979092, 47.7177364], [0.4976919, 47.7176426], [0.4975364, 47.7175776], [0.4973298, 47.7175091], [0.4970992, 47.7175109], [0.4967827, 47.7175542], [0.4964957, 47.7176029], [0.4963294, 47.7176516], [0.4961765, 47.7177112], [0.4960531, 47.7177509], [0.4958117, 47.7177888], [0.4956722, 47.7177888], [0.4955167, 47.7177761], [0.4951385, 47.7177364], [0.4948837, 47.7176985], [0.4946557, 47.7176805], [0.4943633, 47.7177022], [0.4939878, 47.7177491], [0.4937544, 47.7177816], [0.4935801, 47.7177761], [0.4934155, 47.7177416], [0.4933089, 47.7177393], [0.4931289, 47.7177513]]}, "properties": {"waterway": "stream"}}, {"type": "Feature", "geometry": {"type": "LineString", "coordinates": [[0.4989378, 47.7186586], [0.4988962, 47.7186143]]}, "properties": {"tunnel": "culvert", "waterway": "stream"}}, {"type": "Feature", "geometry": {"type": "LineString", "coordinates": [[0.5048554, 47.7254814], [0.5048266, 47.7254557]]}, "properties": {"tunnel": "culvert", "waterway": "stream"}}, {"type": "Feature", "geometry": {"type": "LineString", "coordinates": [[0.5141687, 47.7323007], [0.5137691, 47.7321293], [0.5125567, 47.7315701], [0.5125219, 47.731543], [0.5125192, 47.7314925], [0.5125353, 47.7314492], [0.5125889, 47.7313878], [0.5127928, 47.7312381], [0.5128062, 47.7312147], [0.5127981, 47.731184], [0.5127257, 47.731119], [0.5122805, 47.7307059], [0.5116931, 47.730226], [0.5111834, 47.7298255], [0.5109984, 47.729692], [0.5108508, 47.7296072], [0.510698, 47.7295477], [0.5105397, 47.7295044], [0.5101025, 47.7293799], [0.5096868, 47.7292374], [0.5089974, 47.7289631], [0.5087185, 47.7288296], [0.5085361, 47.7287683], [0.5083001, 47.7286907], [0.5081043, 47.7286366], [0.507997, 47.7286239], [0.5078468, 47.7285915], [0.5076617, 47.7285409], [0.5074954, 47.7284742], [0.5073479, 47.728402], [0.5072272, 47.7283281], [0.5068597, 47.7280628], [0.5067524, 47.7279997], [0.5066586, 47.7279708], [0.5065513, 47.7279492], [0.506385, 47.7279077], [0.5062482, 47.7278391], [0.5061623, 47.7277904], [0.5060202, 47.7277327], [0.5059209, 47.7276587], [0.5058566, 47.7275956], [0.5058378, 47.7275252], [0.5058324, 47.727435], [0.5057868, 47.7272455], [0.5057654, 47.7271824], [0.5057198, 47.7271174], [0.5056098, 47.7270344], [0.505532, 47.7269641], [0.5054837, 47.7268847], [0.5054542, 47.7267855], [0.5054328, 47.7266862], [0.5054542, 47.7265581], [0.5054703, 47.7263759], [0.5054355, 47.7262297], [0.5053711, 47.7261449], [0.505245, 47.7260114], [0.5051216, 47.7258725], [0.5050734, 47.7257552], [0.5049795, 47.7256055], [0.5048802, 47.7255044], [0.5048554, 47.7254814]]}, "properties": {"waterway": "stream"}}, {"type": "Feature", "geometry": {"type": "LineString", "coordinates": [[0.5048266, 47.7254557], [0.5047891, 47.7254178], [0.5046228, 47.7251598], [0.5044323, 47.7249451], [0.5042875, 47.7248278], [0.5041668, 47.724716], [0.5041105, 47.7246492], [0.5040944, 47.7245842], [0.5040917, 47.7244994], [0.5041319, 47.7243822], [0.504207, 47.7241873], [0.5042446, 47.724079], [0.5042392, 47.7240249], [0.5041882, 47.7239365], [0.5040944, 47.7238373], [0.5039388, 47.7237651], [0.5038127, 47.7237019], [0.5037403, 47.7236388], [0.5036759, 47.7235648], [0.5036223, 47.72348], [0.5035794, 47.7233753], [0.5035123, 47.7232472], [0.5034426, 47.7231444], [0.5033487, 47.7230866], [0.5031797, 47.7230018], [0.5030188, 47.7229585], [0.50289, 47.7229369], [0.5027452, 47.7229243], [0.5026782, 47.7229008], [0.5026084, 47.7228647], [0.5025682, 47.7227925], [0.5025306, 47.7227077], [0.5025038, 47.7225868], [0.5025065, 47.7224461], [0.5025306, 47.7223234], [0.5025414, 47.7222693], [0.5025172, 47.7222187], [0.5024475, 47.7221628], [0.5023777, 47.7221159], [0.5022812, 47.7220672], [0.5022114, 47.7220491], [0.5021229, 47.72206], [0.5020049, 47.7220636], [0.5019271, 47.7220563], [0.5018681, 47.7220383], [0.5018145, 47.721995], [0.5016535, 47.7218687], [0.5015811, 47.7218001], [0.5014148, 47.7217063], [0.5012995, 47.7216431], [0.5012432, 47.7215926], [0.5012807, 47.7214519], [0.5012619, 47.7214122], [0.5012566, 47.7213598], [0.5012754, 47.721322], [0.5013531, 47.721266], [0.5013639, 47.7212353], [0.5013424, 47.7212047], [0.5012619, 47.7211632], [0.5011278, 47.7211162], [0.5009937, 47.7210802], [0.500814, 47.7210567], [0.500704, 47.7210369], [0.5005673, 47.7210008], [0.5005056, 47.7209773], [0.5004385, 47.7209683], [0.5002883, 47.7209629], [0.5001328, 47.7209641], [0.4999557, 47.7209593], [0.4998538, 47.720934], [0.4997545, 47.7208925], [0.4996794, 47.7208348], [0.4996258, 47.7207824], [0.4995775, 47.7206958], [0.4995507, 47.7206272], [0.4995212, 47.7203746], [0.4995105, 47.7202627], [0.4994756, 47.7202032], [0.499438, 47.7201527], [0.4993924, 47.7201148], [0.4993656, 47.7200733], [0.4993522, 47.7200336], [0.4993442, 47.7199452], [0.4993549, 47.7198604], [0.4993495, 47.719808], [0.499253, 47.719734], [0.4991832, 47.7196979], [0.4991484, 47.7196817], [0.4991296, 47.7196546], [0.4991376, 47.7196258], [0.4991725, 47.7195807], [0.4992878, 47.7194724], [0.499481, 47.7193533], [0.4995319, 47.7192811], [0.4995507, 47.7192432], [0.4995373, 47.7191945], [0.499489, 47.7190844], [0.4993924, 47.7189617], [0.4992342, 47.718848], [0.4990974, 47.7187921], [0.4990116, 47.7187362], [0.4989378, 47.7186586]]}, "properties": {"waterway": "stream"}}, {"type": "Feature", "geometry": {"type": "LineString", "coordinates": [[0.6012265, 47.815612], [0.6010907, 47.815444], [0.6007381, 47.8150066]]}, "properties": {"ref:sandre": "M1326000", "waterway": "stream"}}, {"type": "Feature", "geometry": {"type": "LineString", "coordinates": [[0.6007381, 47.8150066], [0.6007038, 47.8149747]]}, "properties": {"ref:sandre": "M1326000", "tunnel": "culvert", "waterway": "stream"}}, {"type": "Feature", "geometry": {"type": "LineString", "coordinates": [[0.5950541, 47.7951376], [0.5944918, 47.795384], [0.5941347, 47.7956239], [0.5936537, 47.7962202], [0.5933908, 47.7964301], [0.5930735, 47.7965334], [0.5924784, 47.7965833], [0.591913, 47.7966833], [0.5917444, 47.7968232], [0.5916551, 47.7970564], [0.5918634, 47.7975161], [0.5918788, 47.7978664], [0.5917553, 47.79827], [0.5917474, 47.798681], [0.5913826, 47.7996516], [0.5914654, 47.7997528], [0.591812, 47.8001172], [0.5921962, 47.8004462], [0.5925955, 47.8006688], [0.5927538, 47.8009219], [0.592927, 47.8014431], [0.5932284, 47.8019947], [0.5935222, 47.8025413], [0.5937935, 47.8030119], [0.594238, 47.8038823], [0.5945511, 47.804643], [0.5946565, 47.8053405], [0.594506, 47.8062705], [0.5942049, 47.8065738], [0.5937541, 47.8069253], [0.5933922, 47.8070893], [0.5916463, 47.8076756], [0.5914507, 47.8079182], [0.5916203, 47.8085146], [0.5918095, 47.8090004], [0.5917869, 47.8091161], [0.5917715, 47.8091954], [0.5917291, 47.8095415], [0.5917753, 47.8096591]]}, "properties": {"waterway": "stream"}}, {"type": "Feature", "geometry": {"type": "LineString", "coordinates": [[0.6177655, 47.8041361], [0.6158284, 47.8035729], [0.6154584, 47.8035069], [0.6152561, 47.8034389], [0.6146952, 47.8032593], [0.61426, 47.8031532], [0.6138248, 47.8030937], [0.6133536, 47.8029282]]}, "properties": {"waterway": "stream"}}, {"type": "Feature", "geometry": {"type": "LineString", "coordinates": [[0.6093344, 47.8004431], [0.6078162, 47.7998693], [0.6070311, 47.7996581], [0.6064715, 47.7994469], [0.6031779, 47.7976509]]}, "properties": {"waterway": "stream"}}, {"type": "Feature", "geometry": {"type": "LineString", "coordinates": [[0.60195, 47.7968579], [0.6017777, 47.7968065], [0.601653, 47.796773], [0.6015332, 47.7967428], [0.6014584, 47.796706], [0.6014435, 47.796659], [0.6013786, 47.7966021], [0.6012635, 47.79656]]}, "properties": {"waterway": "stream"}}, {"type": "Feature", "geometry": {"type": "LineString", "coordinates": [[0.5798206, 47.8097295], [0.5798795, 47.8096501], [0.5799113, 47.8095832], [0.579888, 47.8095348], [0.5798265, 47.8095021], [0.5797036, 47.8094523], [0.5795807, 47.8093968], [0.5794981, 47.8093555], [0.5794387, 47.8093]]}, "properties": {"waterway": "stream"}}, {"type": "Feature", "geometry": {"type": "LineString", "coordinates": [[0.4397991, 47.783002], [0.4398125, 47.7829218], [0.439885, 47.7828281], [0.439893, 47.7827822]]}, "properties": {"intermittent": "yes", "waterway": "stream"}}, {"type": "Feature", "geometry": {"type": "LineString", "coordinates": [[0.439893, 47.7827822], [0.4399855, 47.7827335]]}, "properties": {"intermittent": "yes", "tunnel": "culvert", "waterway": "stream"}}, {"type": "Feature", "geometry": {"type": "LineString", "coordinates": [[0.4396244, 47.784023], [0.4395788, 47.7837872], [0.4395647, 47.783483], [0.4397361, 47.7833201]]}, "properties": {"intermittent": "yes", "waterway": "stream"}}, {"type": "Feature", "geometry": {"type": "LineString", "coordinates": [[0.4820129, 47.7129153], [0.4817554, 47.7130304], [0.4812178, 47.7132747], [0.4808495, 47.7134493]]}, "properties": {"intermittent": "yes", "waterway": "ditch"}}, {"type": "Feature", "geometry": {"type": "LineString", "coordinates": [[0.453131, 47.7487699], [0.4532243, 47.7488468]]}, "properties": {"tunnel": "culvert", "waterway": "stream"}}, {"type": "Feature", "geometry": {"type": "LineString", "coordinates": [[0.446679, 47.7476003], [0.4473415, 47.7478005], [0.4475453, 47.7478402], [0.4477197, 47.7478528], [0.4480416, 47.7479592], [0.448873, 47.7481594], [0.4491466, 47.7482135], [0.4494041, 47.7482243], [0.449616, 47.748228], [0.4497045, 47.7482045], [0.4502329, 47.7479015], [0.450241, 47.7478546], [0.4501846, 47.7478005], [0.4502061, 47.7477681], [0.4506808, 47.7477194], [0.4508927, 47.7477374], [0.4513782, 47.7478835], [0.4516545, 47.7479232], [0.4517242, 47.7479574], [0.4518315, 47.7480981], [0.4518718, 47.748154], [0.4520756, 47.7482785], [0.4529983, 47.7486914], [0.453131, 47.7487699]]}, "properties": {"waterway": "stream"}}, {"type": "Feature", "geometry": {"type": "LineString", "coordinates": [[0.47205, 47.7538167], [0.4717925, 47.753575], [0.4715377, 47.7534344], [0.4711112, 47.7532631], [0.4706445, 47.7531224], [0.4705104, 47.7530647], [0.4704058, 47.752998], [0.4703602, 47.7529312], [0.4703495, 47.7528303], [0.4703093, 47.7527239], [0.470151, 47.7525904], [0.4700062, 47.7524353], [0.469695, 47.7520548], [0.4694697, 47.7516617], [0.4692873, 47.7512902], [0.4689977, 47.7509403], [0.4687563, 47.7506933], [0.4685122, 47.7503488], [0.468421, 47.7500567], [0.4683056, 47.7496437], [0.4682708, 47.7494778], [0.4683298, 47.7492902], [0.4684639, 47.7486933], [0.4684438, 47.748484], [0.4684062, 47.7484381], [0.4683244, 47.7483812], [0.4682145, 47.748338], [0.4677545, 47.74809], [0.4672743, 47.7478258], [0.4668841, 47.7476265], [0.4666091, 47.7474326], [0.466518, 47.747291], [0.4662618, 47.7470412], [0.4659815, 47.7468338], [0.46561, 47.7466382], [0.4655913, 47.7466391], [0.4655376, 47.7466914], [0.4655121, 47.7466896], [0.4649797, 47.7464163], [0.4645117, 47.746254], [0.4642797, 47.7461305], [0.4642019, 47.7460998], [0.4640315, 47.7460953], [0.4639578, 47.7460827], [0.4638733, 47.7460529], [0.4633328, 47.745896], [0.4631706, 47.745887], [0.4629506, 47.7458635], [0.4629077, 47.7458365], [0.4628836, 47.7457941], [0.4629372, 47.7456173], [0.4629385, 47.7455695], [0.4629359, 47.745538], [0.462897, 47.7455145], [0.4628393, 47.7454974], [0.4625778, 47.7454658], [0.4619408, 47.7453684], [0.4618616, 47.7453468], [0.4614472, 47.7453549], [0.461124, 47.7453414], [0.4607365, 47.7452936], [0.4605621, 47.7452602], [0.4604052, 47.7452142], [0.4602376, 47.7451385], [0.4594517, 47.744702], [0.458757, 47.7444369], [0.4585558, 47.7443584], [0.457955, 47.7440347], [0.4573368, 47.7437731], [0.4572858, 47.7437596], [0.4571423, 47.7437614], [0.4570377, 47.7437578], [0.4569076, 47.7437668], [0.456524, 47.7438011], [0.4564288, 47.7438291], [0.4563162, 47.7438868], [0.4561901, 47.7440374], [0.4561204, 47.7440978], [0.4552527, 47.7446371], [0.4551387, 47.7446939], [0.454904, 47.7447678], [0.4538519, 47.7450834]]}, "properties": {"waterway": "stream"}}, {"type": "Feature", "geometry": {"type": "LineString", "coordinates": [[0.4517137, 47.7535685], [0.45192, 47.7535714], [0.4520944, 47.7535588], [0.4522392, 47.7535209], [0.452317, 47.7534867], [0.4523492, 47.7534091], [0.4523438, 47.7533081], [0.4523599, 47.7532324], [0.4524216, 47.7531945], [0.4525369, 47.7531621], [0.4525799, 47.7531188], [0.4525772, 47.7530701], [0.4525557, 47.7529511], [0.4525021, 47.7529114], [0.4524162, 47.7528555], [0.4523814, 47.7528014], [0.4523894, 47.7527419], [0.4523304, 47.7526752], [0.4523224, 47.7526265], [0.4523358, 47.7526048], [0.4524457, 47.7525039], [0.4524806, 47.7524317], [0.4524887, 47.752383], [0.4524484, 47.7523145], [0.452368, 47.7522442], [0.4523519, 47.7522045], [0.452368, 47.7521648], [0.4524243, 47.7521522], [0.4524538, 47.7521161], [0.4524511, 47.7520747], [0.4524457, 47.7520332], [0.4524592, 47.7519881], [0.4525182, 47.751925], [0.4525477, 47.7518294], [0.4525262, 47.7517212], [0.4524618, 47.751631], [0.4524672, 47.7515697], [0.4525128, 47.7515246], [0.4525799, 47.7515084], [0.4525906, 47.7514579], [0.4526255, 47.7514363], [0.4526952, 47.7514381], [0.4527757, 47.7514146], [0.4528347, 47.7513786], [0.45284, 47.7513317], [0.4528159, 47.7512451], [0.4527971, 47.7511026], [0.4527622, 47.7510648], [0.4527247, 47.7510251], [0.4527193, 47.7509746], [0.4527676, 47.7509439], [0.4528052, 47.7508989], [0.4528052, 47.7508502], [0.4527676, 47.7508159], [0.4527354, 47.7508015], [0.4527354, 47.7507528], [0.452781, 47.7507221], [0.4528239, 47.7506933], [0.4528373, 47.7506518], [0.4527864, 47.7506013], [0.4527622, 47.7505562], [0.4527998, 47.750356], [0.4528186, 47.7503254], [0.4529366, 47.7503308], [0.4529768, 47.7503145], [0.4529768, 47.7502857], [0.4528803, 47.75021], [0.4528481, 47.7501252], [0.4527944, 47.7500801], [0.452773, 47.7500134], [0.4527649, 47.7499575], [0.4527032, 47.7498637], [0.4526952, 47.7497699], [0.4527944, 47.7496653], [0.4529098, 47.7495679], [0.453009, 47.7494994], [0.4531056, 47.7494922], [0.4532182, 47.7494525], [0.4533121, 47.7494255], [0.4533926, 47.7494435], [0.4535374, 47.7494399], [0.4536608, 47.7494092], [0.4537721, 47.7493001], [0.4538955, 47.7492424], [0.4540658, 47.7491694], [0.4546773, 47.7490071], [0.4551628, 47.748888], [0.4552513, 47.7488898], [0.455431, 47.7488772], [0.4555383, 47.7488321], [0.4556322, 47.7487131], [0.4556563, 47.748549], [0.455659, 47.748475], [0.4557234, 47.7483939], [0.4558602, 47.7483145], [0.4559031, 47.7482207], [0.4559192, 47.7481324], [0.4559648, 47.748035], [0.4559889, 47.7479628], [0.455997, 47.7475246], [0.4559648, 47.7474146], [0.4559031, 47.7473587], [0.4556778, 47.7472613], [0.4555678, 47.747218], [0.4554954, 47.7471657], [0.4553854, 47.747025], [0.4553263, 47.7470317]]}, "properties": {"waterway": "stream"}}, {"type": "Feature", "geometry": {"type": "LineString", "coordinates": [[0.4255486, 47.7499088], [0.4258382, 47.7494958], [0.425967, 47.7493227], [0.4260689, 47.749063], [0.4261923, 47.7489548], [0.4263318, 47.7488393], [0.4268575, 47.74854], [0.4273939, 47.7480566], [0.4275173, 47.7479015], [0.427587, 47.7477464], [0.4275709, 47.7476454], [0.4274958, 47.7476021], [0.4274905, 47.7469853], [0.4273778, 47.7467509], [0.4272598, 47.7465633], [0.4272169, 47.7463793], [0.427174, 47.7462387], [0.4270667, 47.7461016], [0.4271203, 47.745611], [0.4270989, 47.7452323], [0.4270506, 47.7449653], [0.4270828, 47.7448716], [0.4271471, 47.7447814], [0.4269916, 47.7439517], [0.4269272, 47.7438291], [0.4265732, 47.7435044], [0.4264444, 47.7433709], [0.426026, 47.7421877], [0.4256558, 47.7414049], [0.4254842, 47.741156], [0.425334, 47.7410478], [0.4250014, 47.7409251], [0.423637, 47.7406529]]}, "properties": {"ref:sandre": "M1365500", "waterway": "stream"}}, {"type": "Feature", "geometry": {"type": "LineString", "coordinates": [[0.4638693, 47.7721169], [0.4642475, 47.7719619], [0.4645532, 47.7718663], [0.4648, 47.7718068], [0.4652292, 47.7717239], [0.465551, 47.7716392], [0.4656851, 47.7715851], [0.4657763, 47.7714968], [0.4659453, 47.7712678], [0.4661331, 47.7709884], [0.4663047, 47.7704602], [0.4664254, 47.7702439], [0.4665703, 47.7701123], [0.4668653, 47.7699068], [0.4678348, 47.7694102]]}, "properties": {"waterway": "ditch"}}, {"type": "Feature", "geometry": {"type": "LineString", "coordinates": [[0.4563008, 47.7343681], [0.4563467, 47.7341687]]}, "properties": {"tunnel": "culvert", "waterway": "stream"}}, {"type": "Feature", "geometry": {"type": "LineString", "coordinates": [[0.4561438, 47.7345602], [0.456274, 47.7344137], [0.4563008, 47.7343681]]}, "properties": {"waterway": "stream"}}, {"type": "Feature", "geometry": {"type": "LineString", "coordinates": [[0.5561587, 47.735225], [0.5561051, 47.7352295]]}, "properties": {"tunnel": "culvert", "waterway": "ditch"}}, {"type": "Feature", "geometry": {"type": "LineString", "coordinates": [[0.5560014, 47.7336562], [0.5564775, 47.7340669], [0.5563845, 47.7349277], [0.5563243, 47.7352146], [0.5561587, 47.735225]]}, "properties": {"waterway": "ditch"}}, {"type": "Feature", "geometry": {"type": "LineString", "coordinates": [[0.5909909, 47.7301963], [0.590987, 47.7300004]]}, "properties": {"waterway": "stream"}}, {"type": "Feature", "geometry": {"type": "LineString", "coordinates": [[0.5909926, 47.7302765], [0.5909909, 47.7301963]]}, "properties": {"tunnel": "culvert", "waterway": "stream"}}, {"type": "Feature", "geometry": {"type": "LineString", "coordinates": [[0.5973092, 47.7321979], [0.5967218, 47.7322231], [0.5936319, 47.7323891], [0.5924705, 47.7324432], [0.5908531, 47.731884], [0.5909282, 47.7310343], [0.5909926, 47.7302765]]}, "properties": {"waterway": "stream"}}, {"type": "Feature", "geometry": {"type": "LineString", "coordinates": [[0.5974245, 47.7321925], [0.5973092, 47.7321979]]}, "properties": {"tunnel": "culvert", "waterway": "stream"}}, {"type": "Feature", "geometry": {"type": "LineString", "coordinates": [[0.6111467, 47.7401964], [0.6121391, 47.7392151], [0.6145638, 47.7367908], [0.6149822, 47.7363578], [0.6149822, 47.7362352], [0.6148159, 47.7360205], [0.6138611, 47.735326], [0.6116885, 47.7339333], [0.610688, 47.7333795], [0.6102777, 47.7331865], [0.6083277, 47.7329267], [0.6045699, 47.7323909], [0.6042293, 47.7323512], [0.6035668, 47.7323314], [0.6034139, 47.7322845], [0.6030974, 47.7321185], [0.6029123, 47.7320806], [0.6019145, 47.7320121], [0.6015202, 47.731985], [0.5997151, 47.7320644], [0.5974245, 47.7321925]]}, "properties": {"waterway": "stream"}}, {"type": "Feature", "geometry": {"type": "LineString", "coordinates": [[0.6110072, 47.7403118], [0.6111467, 47.7401964]]}, "properties": {"tunnel": "culvert", "waterway": "stream"}}, {"type": "Feature", "geometry": {"type": "LineString", "coordinates": [[0.6064796, 47.7417945], [0.6110072, 47.7403118]]}, "properties": {"waterway": "stream"}}, {"type": "Feature", "geometry": {"type": "LineString", "coordinates": [[0.6017643, 47.7397635], [0.6013513, 47.7393739], [0.6007639, 47.7388688], [0.5997848, 47.738297], [0.5998948, 47.7376476], [0.5998895, 47.7366681]]}, "properties": {"waterway": "stream"}}, {"type": "Feature", "geometry": {"type": "LineString", "coordinates": [[0.5780175, 47.7363044], [0.5779409, 47.7362207]]}, "properties": {"tunnel": "culvert", "waterway": "stream"}}, {"type": "Feature", "geometry": {"type": "LineString", "coordinates": [[0.5780807, 47.7363746], [0.5780175, 47.7363044]]}, "properties": {"waterway": "stream"}}, {"type": "Feature", "geometry": {"type": "LineString", "coordinates": [[0.5772275, 47.7324378], [0.577206, 47.7323205], [0.5773267, 47.7319922], [0.5772504, 47.7318041]]}, "properties": {"waterway": "stream"}}, {"type": "Feature", "geometry": {"type": "LineString", "coordinates": [[0.5772516, 47.7325406], [0.5772275, 47.7324378]]}, "properties": {"tunnel": "culvert", "waterway": "stream"}}, {"type": "Feature", "geometry": {"type": "LineString", "coordinates": [[0.5779409, 47.7362207], [0.5777881, 47.7360818], [0.5775171, 47.7356002], [0.5774233, 47.7355713], [0.5770156, 47.7347289], [0.577088, 47.7345124], [0.5772543, 47.7342093], [0.5772006, 47.7340362], [0.5769137, 47.7334805], [0.5768627, 47.7332027], [0.5768707, 47.7330061], [0.5768976, 47.7327896], [0.576978, 47.7326489], [0.577037, 47.7326002], [0.5772516, 47.7325406]]}, "properties": {"waterway": "stream"}}, {"type": "Feature", "geometry": {"type": "LineString", "coordinates": [[0.5714379, 47.7327156], [0.571369, 47.7327627]]}, "properties": {"tunnel": "culvert", "waterway": "stream"}}, {"type": "Feature", "geometry": {"type": "LineString", "coordinates": [[0.5744416, 47.7318879], [0.5744219, 47.7320084], [0.5744138, 47.7320842], [0.5743736, 47.7321131], [0.5742958, 47.7321185], [0.5740222, 47.7320932], [0.5737419, 47.7321257], [0.5732739, 47.7321672], [0.5723029, 47.732289], [0.5719824, 47.7323702], [0.5717973, 47.7324586], [0.5714379, 47.7327156]]}, "properties": {"waterway": "stream"}}, {"type": "Feature", "geometry": {"type": "LineString", "coordinates": [[0.571369, 47.7327627], [0.5709659, 47.7329619], [0.5700901, 47.7333786], [0.5691124, 47.7337863], [0.5686766, 47.7340136], [0.5676761, 47.7344493], [0.5669251, 47.734709], [0.5666099, 47.7349048], [0.5664584, 47.7349535], [0.5663873, 47.735004], [0.5663994, 47.735031], [0.5665228, 47.7350843], [0.5666099, 47.7351285], [0.5666596, 47.7351772], [0.5669171, 47.7355542], [0.5669176, 47.7356673]]}, "properties": {"waterway": "stream"}}, {"type": "Feature", "geometry": {"type": "LineString", "coordinates": [[0.5513871, 47.7370938], [0.5513361, 47.7370956], [0.5512945, 47.7371858], [0.5512579, 47.7373117]]}, "properties": {"waterway": "stream"}}, {"type": "Feature", "geometry": {"type": "LineString", "coordinates": [[0.5514555, 47.7370893], [0.5513871, 47.7370938]]}, "properties": {"tunnel": "culvert", "waterway": "stream"}}, {"type": "Feature", "geometry": {"type": "LineString", "coordinates": [[0.5561721, 47.7353134], [0.5561145, 47.7353152]]}, "properties": {"tunnel": "culvert", "waterway": "stream"}}, {"type": "Feature", "geometry": {"type": "LineString", "coordinates": [[0.5629473, 47.7342124], [0.5627274, 47.7344655], [0.561507, 47.73517], [0.5605589, 47.7352647], [0.5591883, 47.7352971], [0.5573188, 47.7353089], [0.5561721, 47.7353134]]}, "properties": {"waterway": "stream"}}, {"type": "Feature", "geometry": {"type": "LineString", "coordinates": [[0.5561145, 47.7353152], [0.55581, 47.735298], [0.5556035, 47.735326], [0.5555566, 47.7354514], [0.555397, 47.7361351], [0.555177, 47.7369116], [0.5551274, 47.7370469], [0.5549732, 47.7370604], [0.5545641, 47.7370722], [0.5533612, 47.7371064], [0.5518122, 47.7371434], [0.5514555, 47.7370893]]}, "properties": {"waterway": "stream"}}, {"type": "Feature", "geometry": {"type": "LineString", "coordinates": [[0.5995434, 47.7365689], [0.5994335, 47.7365238]]}, "properties": {"tunnel": "culvert", "waterway": "stream"}}, {"type": "Feature", "geometry": {"type": "LineString", "coordinates": [[0.6030679, 47.7375628], [0.6023732, 47.7373915], [0.6019923, 47.7372634], [0.6007639, 47.7369062], [0.5998895, 47.7366681], [0.5995434, 47.7365689]]}, "properties": {"waterway": "stream"}}, {"type": "Feature", "geometry": {"type": "LineString", "coordinates": [[0.603151, 47.7375881], [0.6030679, 47.7375628]]}, "properties": {"tunnel": "culvert", "waterway": "stream"}}, {"type": "Feature", "geometry": {"type": "LineString", "coordinates": [[0.6078325, 47.7389725], [0.6076437, 47.7388652], [0.6066513, 47.7386235], [0.6060773, 47.7384792], [0.603151, 47.7375881]]}, "properties": {"waterway": "stream"}}, {"type": "Feature", "geometry": {"type": "LineString", "coordinates": [[0.6019145, 47.7320121], [0.6013754, 47.7321113], [0.6008416, 47.7322899], [0.5996481, 47.7327174], [0.5993879, 47.7328708], [0.5992672, 47.7330927], [0.5991358, 47.7331197], [0.598838, 47.733136], [0.5979019, 47.7332045], [0.5969417, 47.7333452], [0.5967218, 47.7338197], [0.5964777, 47.7343573], [0.5966708, 47.7343609], [0.5969042, 47.7343609], [0.5973145, 47.7343988], [0.5985081, 47.7344421], [0.5994496, 47.7344583], [0.5996802, 47.7345052], [0.5997983, 47.7347686], [0.5998009, 47.7350933], [0.5997205, 47.7354], [0.5998358, 47.7357102], [0.5996373, 47.7358762], [0.5997205, 47.7363362], [0.5998895, 47.7366681]]}, "properties": {"waterway": "stream"}}, {"type": "Feature", "geometry": {"type": "LineString", "coordinates": [[0.6018287, 47.739796], [0.6017643, 47.7397635]]}, "properties": {"tunnel": "culvert", "waterway": "stream"}}, {"type": "Feature", "geometry": {"type": "LineString", "coordinates": [[0.6124395, 47.7433962], [0.6108355, 47.7433385], [0.6096339, 47.7431274], [0.6081882, 47.7426098], [0.6065118, 47.7419713], [0.6064796, 47.7417945], [0.6051466, 47.7412029], [0.6031027, 47.7402992], [0.6018287, 47.739796]]}, "properties": {"waterway": "stream"}}, {"type": "Feature", "geometry": {"type": "LineString", "coordinates": [[0.6125575, 47.7433799], [0.6124395, 47.7433962]]}, "properties": {"tunnel": "culvert", "waterway": "stream"}}, {"type": "Feature", "geometry": {"type": "LineString", "coordinates": [[0.6148105, 47.7434968], [0.6142312, 47.7432952], [0.6139546, 47.7432622], [0.6126593, 47.7433633], [0.6125575, 47.7433799]]}, "properties": {"waterway": "stream"}}, {"type": "Feature", "geometry": {"type": "LineString", "coordinates": [[0.4807365, 47.8555224], [0.4808246, 47.8555462], [0.4811469, 47.8558252], [0.4814626, 47.8560867]]}, "properties": {"waterway": "stream"}}, {"type": "Feature", "geometry": {"type": "LineString", "coordinates": [[0.3967296, 47.672391], [0.3966112, 47.6724265]]}, "properties": {"tunnel": "culvert", "waterway": "drain"}}, {"type": "Feature", "geometry": {"type": "LineString", "coordinates": [[0.398013, 47.671879], [0.397381, 47.6721141], [0.3967296, 47.672391]]}, "properties": {"waterway": "drain"}}, {"type": "Feature", "geometry": {"type": "LineString", "coordinates": [[0.393261, 47.6771037], [0.3930795, 47.6770331], [0.3928725, 47.6769641], [0.3926485, 47.6768431], [0.3924205, 47.6767431], [0.3923405, 47.6766891], [0.3922655, 47.6766581], [0.3921975, 47.6766441], [0.3920875, 47.6765861], [0.3919845, 47.6765401], [0.3917355, 47.6764251], [0.3916475, 47.6763991], [0.3915635, 47.6763721], [0.3914365, 47.6763091], [0.3914105, 47.6763061], [0.3913755, 47.6763181], [0.3913415, 47.6763611], [0.3913175, 47.6763851], [0.3912625, 47.6763951], [0.3910875, 47.6763931], [0.3909845, 47.6763671], [0.3909135, 47.6763171], [0.3908595, 47.6763011], [0.3907555, 47.6762991], [0.3906825, 47.6762821], [0.3905935, 47.6762361], [0.3905405, 47.6761991], [0.3903095, 47.6761521], [0.3902575, 47.6761601], [0.3901915, 47.6761631], [0.3901455, 47.6761351], [0.3901295, 47.6760751], [0.3900535, 47.6760271], [0.3899975, 47.6759721], [0.3899055, 47.6759181]]}, "properties": {"waterway": "stream"}}, {"type": "Feature", "geometry": {"type": "LineString", "coordinates": [[0.3933808, 47.6771647], [0.393261, 47.6771037]]}, "properties": {"tunnel": "culvert", "waterway": "stream"}}, {"type": "Feature", "geometry": {"type": "LineString", "coordinates": [[0.4826077, 47.7816525], [0.4825738, 47.7814827], [0.4824474, 47.781375], [0.4818744, 47.7810479], [0.4816833, 47.7809361], [0.4814708, 47.7807167], [0.4813198, 47.7805096], [0.4812674, 47.7803668], [0.4812489, 47.7802488], [0.4813537, 47.7800541], [0.48148, 47.779785], [0.4814923, 47.7796276], [0.4814553, 47.7795448], [0.4813722, 47.7794289], [0.4813413, 47.7792695], [0.4812766, 47.7792136], [0.4812489, 47.7791432], [0.4812181, 47.7789899], [0.481138, 47.7788699], [0.4809501, 47.7787498], [0.4804787, 47.7785365], [0.4801182, 47.7783667], [0.4800319, 47.7783378], [0.4798008, 47.7781845], [0.4795759, 47.7780769], [0.4794126, 47.7779713], [0.479314, 47.777816], [0.479237, 47.777729], [0.4791569, 47.7776959], [0.4789874, 47.7776172], [0.4789012, 47.777582], [0.4788303, 47.7775033], [0.4787779, 47.7774889], [0.4787071, 47.7774557], [0.4786793, 47.7774019], [0.4786269, 47.7773688], [0.4785099, 47.7773481], [0.4783558, 47.777346], [0.4782511, 47.7773191], [0.4780354, 47.7772052], [0.4779183, 47.777112], [0.4778382, 47.7770934], [0.4777458, 47.7770623], [0.4776379, 47.7769422], [0.4774557, 47.7767363]]}, "properties": {"intermittent": "yes", "waterway": "stream"}}, {"type": "Feature", "geometry": {"type": "LineString", "coordinates": [[0.4990239, 47.7743014], [0.4991117, 47.77433]]}, "properties": {"waterway": "stream"}}, {"type": "Feature", "geometry": {"type": "LineString", "coordinates": [[0.4991117, 47.77433], [0.4991565, 47.7743446]]}, "properties": {"tunnel": "culvert", "waterway": "stream"}}, {"type": "Feature", "geometry": {"type": "LineString", "coordinates": [[0.4585451, 47.8227074], [0.458698, 47.8226408], [0.4593042, 47.8224967], [0.4595724, 47.8224013], [0.4596958, 47.822304], [0.4597963, 47.8223538], [0.4602228, 47.8227601], [0.4603095, 47.8227637], [0.4612138, 47.8225451], [0.4620473, 47.8222195], [0.462072, 47.8221577], [0.4620968, 47.8220662], [0.4619906, 47.8219949], [0.4619429, 47.8219225], [0.4619393, 47.821844], [0.4620154, 47.8217407], [0.4624755, 47.8214793], [0.4626242, 47.8213913], [0.4626725, 47.8212631]]}, "properties": {"waterway": "ditch"}}, {"type": "Feature", "geometry": {"type": "LineString", "coordinates": [[0.4584278, 47.8227694], [0.458527, 47.822717]]}, "properties": {"tunnel": "culvert", "waterway": "ditch"}}, {"type": "Feature", "geometry": {"type": "LineString", "coordinates": [[0.458527, 47.822717], [0.4585451, 47.8227074]]}, "properties": {"waterway": "ditch"}}, {"type": "Feature", "geometry": {"type": "LineString", "coordinates": [[0.4740765, 47.7733667], [0.4739594, 47.7732922], [0.4738115, 47.7731669], [0.4737191, 47.7730385], [0.4736513, 47.7729433], [0.4734418, 47.772788], [0.4733001, 47.7726617], [0.473147, 47.7725775], [0.4729646, 47.7725378], [0.4728627, 47.7724819], [0.4726347, 47.7724513], [0.4723477, 47.7724423], [0.4722243, 47.7724134], [0.472117, 47.772381], [0.4718863, 47.7723377], [0.4717013, 47.7723395], [0.4713928, 47.7722115], [0.4710227, 47.7720529], [0.4707759, 47.7719628], [0.4705533, 47.7718294], [0.4702931, 47.7716545], [0.4700678, 47.7714559], [0.4697923, 47.7710824], [0.4695821, 47.770778], [0.4693439, 47.770574], [0.4690497, 47.7704704], [0.4690094, 47.7704278]]}, "properties": {"intermittent": "yes", "waterway": "stream"}}, {"type": "Feature", "geometry": {"type": "LineString", "coordinates": [[0.4741339, 47.7733951], [0.4740765, 47.7733667]]}, "properties": {"intermittent": "yes", "tunnel": "culvert", "waterway": "stream"}}, {"type": "Feature", "geometry": {"type": "LineString", "coordinates": [[0.5300497, 47.7793053], [0.5305068, 47.7795142], [0.5311842, 47.7799007], [0.5316542, 47.7801498], [0.5317889, 47.7802324], [0.5318945, 47.7802978], [0.5331974, 47.78077], [0.5347397, 47.7812774], [0.5350679, 47.781449], [0.5353175, 47.7815347], [0.5354427, 47.7816961], [0.5359017, 47.7817024], [0.5359784, 47.781748], [0.5361529, 47.7820229], [0.5361994, 47.7821887], [0.5367458, 47.7823013], [0.5368274, 47.782358], [0.5373816, 47.7824798], [0.537774, 47.7826174], [0.5379823, 47.7826426], [0.53819, 47.7825189], [0.5389971, 47.7823601], [0.5396978, 47.7822132], [0.5403641, 47.7820344], [0.5406407, 47.7819604]]}, "properties": {"waterway": "stream"}}, {"type": "Feature", "geometry": {"type": "LineString", "coordinates": [[0.5270853, 47.7788197], [0.5271685, 47.7787663]]}, "properties": {"tunnel": "culvert", "waterway": "stream"}}, {"type": "Feature", "geometry": {"type": "LineString", "coordinates": [[0.477391, 47.7766826], [0.4773206, 47.7766254], [0.4773032, 47.7765365], [0.4772811, 47.7764855], [0.4773021, 47.7764478], [0.4772822, 47.7764266], [0.4772344, 47.776378], [0.477225, 47.7763348], [0.4771293, 47.7762046], [0.4770044, 47.7760084], [0.476914, 47.7758336], [0.4768965, 47.7757065], [0.4768684, 47.7755885], [0.476753, 47.7754686], [0.4765934, 47.7752631], [0.4764687, 47.7751459], [0.4762783, 47.7750468], [0.4760583, 47.7749603], [0.4758223, 47.7748819], [0.4756573, 47.7748296], [0.475306, 47.7747187], [0.4751142, 47.7746349], [0.4750056, 47.7745727], [0.4748916, 47.7744943], [0.4746998, 47.7742915], [0.4744433, 47.7739961], [0.4743437, 47.7738151], [0.4742942, 47.7736224], [0.474211, 47.7734773], [0.4741652, 47.7734105], [0.4741339, 47.7733951]]}, "properties": {"intermittent": "yes", "waterway": "stream"}}, {"type": "Feature", "geometry": {"type": "LineString", "coordinates": [[0.4774557, 47.7767363], [0.477391, 47.7766826]]}, "properties": {"intermittent": "yes", "tunnel": "culvert", "waterway": "stream"}}, {"type": "Feature", "geometry": {"type": "LineString", "coordinates": [[0.468969, 47.7703852], [0.4687719, 47.7701772]]}, "properties": {"intermittent": "yes", "waterway": "stream"}}, {"type": "Feature", "geometry": {"type": "LineString", "coordinates": [[0.4690094, 47.7704278], [0.468969, 47.7703852]]}, "properties": {"intermittent": "yes", "tunnel": "culvert", "waterway": "stream"}}, {"type": "Feature", "geometry": {"type": "LineString", "coordinates": [[0.5271685, 47.7787663], [0.5271969, 47.778748], [0.5272855, 47.7787852], [0.5275053, 47.7788521], [0.5276968, 47.7788653], [0.5282451, 47.7788551], [0.528574, 47.7788894], [0.5298026, 47.7791924], [0.5299892, 47.7792777]]}, "properties": {"waterway": "stream"}}, {"type": "Feature", "geometry": {"type": "LineString", "coordinates": [[0.5299892, 47.7792777], [0.5300497, 47.7793053]]}, "properties": {"tunnel": "culvert", "waterway": "stream"}}, {"type": "Feature", "geometry": {"type": "LineString", "coordinates": [[0.4821943, 47.7129091], [0.4821032, 47.7129123], [0.4820129, 47.7129153]]}, "properties": {"intermittent": "yes", "waterway": "ditch"}}, {"type": "Feature", "geometry": {"type": "LineString", "coordinates": [[0.5465041, 47.7067067], [0.5462949, 47.7068114], [0.545429, 47.7072389], [0.5450462, 47.7074205], [0.5448407, 47.7075186], [0.5446603, 47.7075809], [0.5444297, 47.7075746], [0.5441568, 47.707545], [0.5440077, 47.7074701], [0.5430273, 47.7069839], [0.5430369, 47.7069476], [0.5431802, 47.7066243], [0.5432407, 47.7064423], [0.5432528, 47.7063839], [0.5432064, 47.706331], [0.543162, 47.7063011], [0.5430752, 47.7062644], [0.542936, 47.7062318], [0.5427422, 47.7061979], [0.5425565, 47.7061897], [0.5423526, 47.7061666], [0.5418682, 47.706134], [0.5415514, 47.7061381], [0.541077, 47.7061544], [0.5409963, 47.7061571], [0.5408732, 47.7061245], [0.5407884, 47.7061001], [0.5407198, 47.7060865], [0.5406693, 47.7060946], [0.540631, 47.7061028], [0.5405987, 47.7061435], [0.5405926, 47.7061829], [0.5405058, 47.7061992], [0.5403141, 47.7061761], [0.5401869, 47.7062074], [0.5400679, 47.706225], [0.539866, 47.7061856], [0.5398014, 47.7061843], [0.539759, 47.7061992], [0.5396844, 47.7062563], [0.53964, 47.7062658], [0.5390829, 47.7061245], [0.5390329, 47.7061879], [0.5389237, 47.7061302], [0.5388626, 47.7060528], [0.5388561, 47.7060036], [0.5388536, 47.7059281], [0.5388192, 47.7058557], [0.5388261, 47.7057386], [0.5387528, 47.7055568], [0.5386842, 47.7052425], [0.5386384, 47.704936], [0.5385994, 47.7046602], [0.5385193, 47.7043967], [0.53843, 47.7040485], [0.5384232, 47.7039699], [0.5384415, 47.7039021], [0.5383888, 47.7038097], [0.5383247, 47.7036125], [0.5383224, 47.703537], [0.5382789, 47.7033891], [0.5382515, 47.7031564], [0.5382515, 47.7029854], [0.5382308, 47.7028313], [0.5381232, 47.7027851], [0.5379172, 47.702705], [0.5378462, 47.7026603], [0.5378325, 47.7026279], [0.5378783, 47.7025432], [0.5382034, 47.7021734], [0.5383522, 47.7019238], [0.5384483, 47.7016881], [0.5385903, 47.7013322], [0.5386864, 47.701101], [0.5387047, 47.7010707]]}, "properties": {"waterway": "ditch"}}, {"type": "Feature", "geometry": {"type": "LineString", "coordinates": [[0.5384532, 47.7003901], [0.539005, 47.7003277], [0.5390075, 47.7002725], [0.5389306, 47.7001803], [0.538249, 47.6993258], [0.5377828, 47.6987746]]}, "properties": {"waterway": "ditch"}}, {"type": "Feature", "geometry": {"type": "LineString", "coordinates": [[0.5384763, 47.7004691], [0.5384532, 47.7003901]]}, "properties": {"tunnel": "culvert", "waterway": "ditch"}}, {"type": "Feature", "geometry": {"type": "LineString", "coordinates": [[0.5387368, 47.701007], [0.5387506, 47.7009808], [0.5388536, 47.7009223], [0.5390066, 47.7008954], [0.5388429, 47.7007565], [0.5384763, 47.7004691]]}, "properties": {"waterway": "ditch"}}, {"type": "Feature", "geometry": {"type": "LineString", "coordinates": [[0.5387047, 47.7010707], [0.5387368, 47.701007]]}, "properties": {"tunnel": "culvert", "waterway": "ditch"}}, {"type": "Feature", "geometry": {"type": "LineString", "coordinates": [[0.5545697, 47.7049852], [0.5541571, 47.7047688], [0.5539469, 47.7046875], [0.5537163, 47.7046643], [0.5533084, 47.7046315], [0.5526872, 47.7046009], [0.5522041, 47.7045798], [0.5519547, 47.7045798], [0.551735, 47.7046041], [0.5513758, 47.7046611], [0.5508236, 47.704754], [0.5506636, 47.7048015], [0.5503028, 47.704943], [0.5501036, 47.7050359], [0.5498448, 47.7051689], [0.5496299, 47.7053473], [0.5495373, 47.7054972], [0.549462, 47.7055858], [0.5494354, 47.705645], [0.5494244, 47.7057104], [0.5494338, 47.7057632], [0.5494667, 47.7058255], [0.5494714, 47.7059205]]}, "properties": {"waterway": "ditch"}}, {"type": "Feature", "geometry": {"type": "LineString", "coordinates": [[0.5467221, 47.7066863], [0.5465041, 47.7067067]]}, "properties": {"tunnel": "culvert", "waterway": "ditch"}}, {"type": "Feature", "geometry": {"type": "LineString", "coordinates": [[0.5494163, 47.7060444], [0.5492249, 47.706218], [0.5490519, 47.7063192], [0.5488555, 47.706431], [0.5483671, 47.7066021], [0.5483025, 47.7066171], [0.5481632, 47.7066306], [0.5478484, 47.7066157], [0.547695, 47.7066211], [0.5473841, 47.7066496], [0.5470612, 47.7066537], [0.5467221, 47.7066863]]}, "properties": {"waterway": "ditch"}}, {"type": "Feature", "geometry": {"type": "LineString", "coordinates": [[0.5494714, 47.7059205], [0.5494163, 47.7060444]]}, "properties": {"tunnel": "culvert", "waterway": "ditch"}}, {"type": "Feature", "geometry": {"type": "LineString", "coordinates": [[0.5831048, 47.6803375], [0.5831248, 47.6804297], [0.5830814, 47.6805242], [0.5831148, 47.6806029], [0.5832318, 47.6805872], [0.5832719, 47.6806209], [0.5832485, 47.6806839], [0.5832552, 47.6808054], [0.5832585, 47.6810349], [0.5832318, 47.6811788], [0.5832752, 47.6812261], [0.5832618, 47.6813071], [0.5832919, 47.6813566], [0.5832485, 47.6815118], [0.5832652, 47.6815545], [0.5833053, 47.6816085], [0.583322, 47.6816468], [0.5832785, 47.681685], [0.5832385, 47.681703], [0.5831917, 47.6817525], [0.5832117, 47.6817862], [0.5832953, 47.681847], [0.5833454, 47.6819055], [0.5833487, 47.681937], [0.5833186, 47.681964], [0.5833387, 47.6819955], [0.5834022, 47.6820427], [0.5834323, 47.6821304], [0.5834757, 47.6821304], [0.5834724, 47.6821867], [0.5835358, 47.6822744], [0.5836595, 47.6823464], [0.5836227, 47.6824071], [0.5837063, 47.6824859], [0.5836929, 47.6825084], [0.583733, 47.6825938], [0.5837397, 47.6826343], [0.5837965, 47.6826703], [0.5837664, 47.6826906], [0.5837864, 47.6827468], [0.5838098, 47.682839], [0.5838533, 47.6828525], [0.5838466, 47.6828818], [0.5838867, 47.6829155], [0.5839067, 47.682947], [0.5839602, 47.682947], [0.5839402, 47.6829785], [0.5839602, 47.68301], [0.5840103, 47.6830348], [0.5840237, 47.6830775], [0.5840337, 47.6831382], [0.5840705, 47.6831607], [0.5841306, 47.6831855], [0.5841807, 47.683271], [0.5842509, 47.6833294], [0.5844614, 47.6834779], [0.5845249, 47.6835072], [0.5845416, 47.6835859], [0.5849192, 47.6837726], [0.5851264, 47.6839503], [0.5851999, 47.6840156], [0.5853402, 47.6841055], [0.5854538, 47.6841663], [0.5855942, 47.6841978], [0.5856944, 47.684227], [0.5857278, 47.6843125], [0.5858347, 47.684317], [0.5859116, 47.684371], [0.5858982, 47.6844317], [0.5859216, 47.6844587], [0.5859751, 47.6844655], [0.5860954, 47.6844947], [0.5862023, 47.6845577], [0.586346, 47.6847061], [0.5865866, 47.6849288], [0.586894, 47.6852168], [0.5869307, 47.6852573], [0.5870477, 47.6853248], [0.5872047, 47.685471]]}, "properties": {"waterway": "stream"}}, {"type": "Feature", "geometry": {"type": "LineString", "coordinates": [[0.5873007, 47.6855485], [0.5873985, 47.6856284]]}, "properties": {"waterway": "stream"}}, {"type": "Feature", "geometry": {"type": "LineString", "coordinates": [[0.5872047, 47.685471], [0.5873007, 47.6855485]]}, "properties": {"tunnel": "culvert", "waterway": "stream"}}, {"type": "Feature", "geometry": {"type": "LineString", "coordinates": [[0.5885649, 47.6873335], [0.5884739, 47.687484], [0.5883943, 47.6875376], [0.5878448, 47.688224], [0.5875643, 47.6885837], [0.5873331, 47.6888924], [0.5873786, 47.6889856]]}, "properties": {"waterway": "ditch"}}, {"type": "Feature", "geometry": {"type": "LineString", "coordinates": [[0.5873985, 47.6856284], [0.5879131, 47.6861098], [0.5879451, 47.6861529]]}, "properties": {"waterway": "ditch"}}, {"type": "Feature", "geometry": {"type": "LineString", "coordinates": [[0.5879451, 47.6861529], [0.5880167, 47.6862493]]}, "properties": {"tunnel": "culvert", "waterway": "ditch"}}, {"type": "Feature", "geometry": {"type": "LineString", "coordinates": [[0.5880167, 47.6862493], [0.5882673, 47.6866114], [0.5885045, 47.6871198]]}, "properties": {"waterway": "ditch"}}, {"type": "Feature", "geometry": {"type": "LineString", "coordinates": [[0.5885045, 47.6871198], [0.5885649, 47.6873335]]}, "properties": {"tunnel": "culvert", "waterway": "ditch"}}, {"type": "Feature", "geometry": {"type": "LineString", "coordinates": [[0.4398543, 47.8597554], [0.4399712, 47.8597319], [0.440424, 47.8596467], [0.4406996, 47.8596108], [0.4409202, 47.8595626], [0.4411674, 47.8595301], [0.441261, 47.8595166], [0.4413846, 47.8594841], [0.4415751, 47.8594796], [0.4421248, 47.8593664], [0.4425124, 47.8593093], [0.4427179, 47.8592667], [0.4431623, 47.8591916], [0.4439174, 47.8590626], [0.4445356, 47.8589618], [0.4453175, 47.8588328], [0.4453492, 47.8587729], [0.4455861, 47.8585135], [0.4457188, 47.8584575], [0.4460334, 47.8584194], [0.4465109, 47.8584067], [0.4467308, 47.8583838], [0.4469089, 47.8583889], [0.4472462, 47.858338], [0.4473088, 47.8583876], [0.4477124, 47.8583278], [0.4484591, 47.8582121], [0.4485956, 47.8582019], [0.4487396, 47.8581396], [0.4488609, 47.8581244], [0.4489481, 47.8581257], [0.4490277, 47.8581765], [0.4493271, 47.8582045], [0.4494995, 47.8581905], [0.4494901, 47.8579832], [0.4495128, 47.8579489], [0.4498729, 47.857926], [0.4502102, 47.8578421], [0.4506101, 47.8577404], [0.4507295, 47.8576857], [0.4511994, 47.8575623], [0.4516846, 47.8573589], [0.4521375, 47.857172], [0.4526132, 47.8569876], [0.4527446, 47.8568514], [0.4533977, 47.8565586], [0.453745, 47.8564227], [0.4541644, 47.8562545], [0.4543465, 47.8562511], [0.454425, 47.8562142], [0.454445, 47.8561884], [0.4545269, 47.8561727], [0.4545921, 47.8561749], [0.4546773, 47.8561828], [0.4547942, 47.8561469], [0.4548794, 47.8561469], [0.4549613, 47.8561469], [0.4551718, 47.8560897], [0.4553121, 47.8560864], [0.4553907, 47.8560146], [0.4555594, 47.8559406], [0.4559286, 47.8557949], [0.4563981, 47.8555976], [0.4564933, 47.8555572], [0.4565067, 47.8555348], [0.4567222, 47.855509], [0.4569728, 47.8553958], [0.4571883, 47.8553196], [0.4574105, 47.855259], [0.4574523, 47.855203], [0.4575693, 47.8551794], [0.4576795, 47.8551267], [0.4577748, 47.8551032], [0.4578717, 47.8551379], [0.4580153, 47.8551335], [0.4581206, 47.8551256], [0.4582743, 47.8550584], [0.4583177, 47.8550539], [0.4583562, 47.8550707], [0.4583812, 47.8551155], [0.4585316, 47.8551256], [0.4586719, 47.8551346], [0.4587588, 47.8551099], [0.4588373, 47.8551099], [0.4589008, 47.8551223], [0.4589626, 47.8551088], [0.4590311, 47.8551021], [0.4592617, 47.8551323], [0.4593686, 47.8551133], [0.4594137, 47.8551099], [0.4595758, 47.8551492], [0.4597145, 47.8551144], [0.4597997, 47.8551458], [0.460194, 47.855287], [0.4608489, 47.855481], [0.4609775, 47.8555225], [0.4611346, 47.8555023], [0.4613016, 47.8555012], [0.4615038, 47.8554944], [0.4616876, 47.8554294], [0.4619766, 47.8553734], [0.4623241, 47.8553117], [0.4624043, 47.8553072], [0.4626315, 47.8552927], [0.4628404, 47.8552949], [0.4629824, 47.8553207], [0.4631628, 47.8553263], [0.4634752, 47.8552927], [0.4635771, 47.8552882], [0.4638495, 47.8552512], [0.4639748, 47.8552288], [0.4643574, 47.8551738], [0.4644777, 47.8552119], [0.4646832, 47.8552971], [0.46474, 47.8553386], [0.4648402, 47.8553767], [0.4649805, 47.8554081], [0.4650908, 47.8554395], [0.4651944, 47.8554597], [0.4655336, 47.8554989], [0.4662302, 47.8555684], [0.4666462, 47.8556155], [0.4667799, 47.8556435], [0.4671993, 47.8556929], [0.4674164, 47.8556974], [0.4674482, 47.8557254], [0.4674916, 47.8557534], [0.4676654, 47.8557635], [0.4679979, 47.8557781], [0.4681582, 47.8557657], [0.4682919, 47.8557915], [0.4687079, 47.8557915], [0.4688249, 47.8558173], [0.4690103, 47.8558364], [0.4693077, 47.8557971], [0.4694698, 47.8557624], [0.469585, 47.8557489], [0.4697037, 47.8557971], [0.4697437, 47.8558039], [0.4705273, 47.8557904], [0.4709082, 47.8557747], [0.4711939, 47.8557254], [0.4713239, 47.8556906], [0.471349, 47.8557411], [0.4713396, 47.8558379], [0.4714337, 47.8560042], [0.4723436, 47.8559664], [0.4727859, 47.855939], [0.473113, 47.8558948], [0.4733636, 47.855823], [0.4736225, 47.8556874], [0.4736827, 47.8556235], [0.4738397, 47.8554878], [0.4740736, 47.8554878], [0.4744545, 47.8554867], [0.4745464, 47.8555304], [0.4746183, 47.8555764], [0.4747319, 47.8556011], [0.4749374, 47.855591], [0.4751262, 47.8555573], [0.4752064, 47.8555562], [0.4753033, 47.855591], [0.4754119, 47.8556011], [0.4754937, 47.8555898], [0.4755037, 47.8555428], [0.4755739, 47.8555091], [0.4756541, 47.8555405], [0.4758279, 47.8555988], [0.4758412, 47.8556246], [0.4760568, 47.8556089], [0.4764928, 47.8556145], [0.4768102, 47.8556111], [0.4768426, 47.8555919], [0.4768501, 47.8555003], [0.4768899, 47.855433], [0.4769297, 47.855391], [0.4770093, 47.8553452], [0.4770795, 47.8553592], [0.4771837, 47.8552511], [0.4772614, 47.8551608], [0.4773163, 47.8551049], [0.4773561, 47.8551138], [0.4773902, 47.8551507], [0.4774293, 47.8551494], [0.4774517, 47.8551331], [0.4774818, 47.8550558], [0.4775687, 47.8549627], [0.477587, 47.8549179], [0.4776305, 47.8548988], [0.4776706, 47.8548944], [0.4778176, 47.8549123], [0.4778677, 47.8549056], [0.4779345, 47.8548641], [0.4779663, 47.8548305], [0.4780933, 47.8548529], [0.4783138, 47.8549381], [0.4786229, 47.8548719], [0.4787398, 47.8548719], [0.4787699, 47.854882], [0.4788016, 47.8549044], [0.4788818, 47.8549549], [0.4789838, 47.8549661], [0.4790272, 47.8549594], [0.4792912, 47.8549885], [0.4794465, 47.8549504], [0.4797139, 47.8549874], [0.4798191, 47.8549526], [0.4800163, 47.8548899], [0.4800831, 47.8548887], [0.4801666, 47.854919], [0.4802184, 47.8549504], [0.4803671, 47.8549336], [0.4804373, 47.8549504], [0.4804607, 47.8549784], [0.4805275, 47.854993], [0.4805576, 47.8550244], [0.4805442, 47.8550591], [0.4805108, 47.8550905], [0.480464, 47.8551354], [0.4804323, 47.8551713], [0.4804005, 47.8551892], [0.4803437, 47.8552576], [0.4803521, 47.8553192], [0.4804339, 47.8553517], [0.4806094, 47.8554302], [0.4806528, 47.8554784], [0.4807365, 47.8555224]]}, "properties": {"waterway": "stream"}}, {"type": "Feature", "geometry": {"type": "LineString", "coordinates": [[0.5086192, 47.8653374], [0.5086305, 47.8653056], [0.5088939, 47.8652433], [0.5090891, 47.865148], [0.5091119, 47.8650844], [0.5090273, 47.8650688], [0.508305, 47.8648986], [0.5077697, 47.8647515], [0.5076236, 47.8646837], [0.5074494, 47.8646433], [0.5065874, 47.8644097], [0.5061898, 47.864277], [0.5054933, 47.864127], [0.504685, 47.8640492], [0.5044421, 47.8640117], [0.5042486, 47.863915], [0.5040165, 47.8637694], [0.5037693, 47.8635934], [0.5034447, 47.8633973], [0.5031287, 47.8632156], [0.502933, 47.8631521], [0.5029115, 47.8631218], [0.502789, 47.8630569], [0.5026858, 47.8629906], [0.5025654, 47.8629646], [0.5023505, 47.8629257], [0.502071, 47.8628593], [0.5014304, 47.8625954], [0.501237, 47.8624988], [0.5011596, 47.8624411], [0.5010736, 47.8624195], [0.5009425, 47.8624223], [0.5006931, 47.8623877], [0.5005749, 47.8623531], [0.5004695, 47.8623517], [0.5003986, 47.8623661], [0.500304, 47.8623949], [0.5001858, 47.8624036], [0.5001192, 47.862369], [0.5000568, 47.8623445], [0.4999988, 47.8622219], [0.4999816, 47.8622002], [0.499844, 47.8621844], [0.4998203, 47.8621526], [0.4997709, 47.8620892], [0.4997, 47.8620791], [0.4996333, 47.8620733], [0.4995796, 47.8620603], [0.4995044, 47.8619666], [0.4994356, 47.8619334], [0.4993883, 47.8619219], [0.4993797, 47.8618858], [0.499356, 47.8618411], [0.4993066, 47.8618036], [0.4992464, 47.8617878], [0.4990723, 47.8617604], [0.4987434, 47.8616868], [0.498681, 47.8616551], [0.4985198, 47.8615988], [0.4981092, 47.8614892], [0.4979416, 47.8614142], [0.4976729, 47.8613637], [0.4975675, 47.8613306], [0.4974944, 47.8612642], [0.4974557, 47.8612051], [0.4973955, 47.8611647], [0.4972537, 47.8611546], [0.4971505, 47.8611056], [0.4970409, 47.8610378], [0.4969721, 47.8610162], [0.4968882, 47.8609873], [0.4968839, 47.8609599], [0.4970129, 47.8607868], [0.4970108, 47.860745], [0.4969764, 47.8607277], [0.4965937, 47.8606455], [0.4964411, 47.860582], [0.4962498, 47.8604724], [0.4961122, 47.8604392], [0.495678, 47.8604104], [0.4955554, 47.860396], [0.4953985, 47.860334], [0.4952975, 47.8602604], [0.4951857, 47.8601724], [0.4950524, 47.8600945], [0.4948633, 47.8599907], [0.4945, 47.8598681], [0.4944678, 47.8598558]]}, "properties": {"waterway": "stream"}}, {"type": "Feature", "geometry": {"type": "LineString", "coordinates": [[0.4890587, 47.8589061], [0.4888133, 47.8589689], [0.4887289, 47.8589741], [0.4885588, 47.8589453], [0.4880472, 47.8588617], [0.4878991, 47.8588451], [0.4877173, 47.8588356], [0.4875784, 47.858799], [0.4874966, 47.8587868], [0.486972, 47.8587066], [0.4867539, 47.8586848], [0.4865565, 47.8586465], [0.4862514, 47.8586012], [0.4861215, 47.8585829], [0.4860293, 47.8585663], [0.485954, 47.858562], [0.4858865, 47.8585385], [0.4852502, 47.8584513], [0.4851036, 47.8584385], [0.4850671, 47.8583664], [0.484923, 47.8582741], [0.48466, 47.8581972], [0.4842921, 47.8581898], [0.4842257, 47.8581341], [0.4841317, 47.8580116], [0.4840625, 47.8578687], [0.4839823, 47.8577128], [0.4838938, 47.8574753], [0.4838827, 47.8573327], [0.4838468, 47.8572696], [0.4837629, 47.8572485], [0.4835946, 47.8572272], [0.4834751, 47.8572288], [0.4833337, 47.8572534], [0.4832435, 47.8572566], [0.4830606, 47.8572714], [0.4829533, 47.8572714], [0.4828655, 47.8572976], [0.4827461, 47.8573106], [0.482473, 47.8573188], [0.4823876, 47.8573221], [0.4822657, 47.8572861], [0.4821925, 47.8572763], [0.4820633, 47.8572812], [0.4819194, 47.8572583], [0.4817366, 47.8572632], [0.4814903, 47.8571847], [0.4813416, 47.8570947], [0.481266, 47.8570652], [0.4811624, 47.8570399]]}, "properties": {"waterway": "stream"}}, {"type": "Feature", "geometry": {"type": "LineString", "coordinates": [[0.4891924, 47.8588931], [0.4890587, 47.8589061]]}, "properties": {"tunnel": "culvert", "waterway": "stream"}}, {"type": "Feature", "geometry": {"type": "LineString", "coordinates": [[0.4907402, 47.8588931], [0.4907768, 47.8587561], [0.4905914, 47.8587083], [0.4903207, 47.8586388], [0.4901904, 47.8586467], [0.489878, 47.8588137], [0.4891924, 47.8588931]]}, "properties": {"waterway": "stream"}}, {"type": "Feature", "geometry": {"type": "LineString", "coordinates": [[0.4907682, 47.8589969], [0.4907402, 47.8588931]]}, "properties": {"tunnel": "culvert", "waterway": "stream"}}, {"type": "Feature", "geometry": {"type": "LineString", "coordinates": [[0.4943796, 47.8598219], [0.4932317, 47.8595594], [0.4930898, 47.8595075], [0.4930683, 47.8594686], [0.492374, 47.859346], [0.4917871, 47.8592695], [0.4917312, 47.8592018], [0.4913034, 47.8591859], [0.4912218, 47.8590763], [0.4911487, 47.8590344], [0.4910627, 47.8590215], [0.4907682, 47.8589969]]}, "properties": {"waterway": "stream"}}, {"type": "Feature", "geometry": {"type": "LineString", "coordinates": [[0.4944678, 47.8598558], [0.4943796, 47.8598219]]}, "properties": {"tunnel": "culvert", "waterway": "stream"}}, {"type": "Feature", "geometry": {"type": "LineString", "coordinates": [[0.5095664, 47.8664154], [0.509616, 47.8663214], [0.5096084, 47.8662706], [0.5095762, 47.8661676], [0.509508, 47.8659756], [0.5094985, 47.8658955], [0.5094587, 47.8658154], [0.5093033, 47.8657112], [0.5091081, 47.8656603], [0.5090493, 47.8656235], [0.5089811, 47.865584], [0.5087385, 47.8655294], [0.5086722, 47.8654989], [0.5086305, 47.8654569], [0.5086703, 47.8654022]]}, "properties": {"waterway": "stream"}}, {"type": "Feature", "geometry": {"type": "LineString", "coordinates": [[0.5086703, 47.8654022], [0.5086192, 47.8653374]]}, "properties": {"tunnel": "culvert", "waterway": "stream"}}, {"type": "Feature", "geometry": {"type": "LineString", "coordinates": [[0.4150528, 47.6959071], [0.4145323, 47.6957867], [0.4144756, 47.6957557], [0.4144668, 47.6957212], [0.4144314, 47.6956759], [0.4143552, 47.6956247], [0.4142685, 47.6955877], [0.4141202, 47.6955313]]}, "properties": {"waterway": "stream"}}, {"type": "Feature", "geometry": {"type": "LineString", "coordinates": [[0.4130971, 47.6953949], [0.4134036, 47.6955042], [0.4134476, 47.6955078], [0.4134885, 47.6955056], [0.4135325, 47.6954962], [0.4135701, 47.6954803], [0.4136077, 47.6954586], [0.4136282, 47.6954485], [0.4136615, 47.6954405], [0.4137012, 47.6954427], [0.4137625, 47.6954565], [0.4138291, 47.695476], [0.4138613, 47.6954919], [0.4138946, 47.6955143], [0.4139365, 47.6955237], [0.4139763, 47.6955187], [0.4140268, 47.6955201], [0.4141164, 47.6955432]]}, "properties": {"waterway": "stream"}}, {"type": "Feature", "geometry": {"type": "LineString", "coordinates": [[0.4133036, 47.695351], [0.413309, 47.6953151], [0.413309, 47.6952902], [0.4133066, 47.6952605], [0.4133066, 47.6952404], [0.4133281, 47.6951914], [0.4133663, 47.6951232], [0.4133747, 47.6950991], [0.4133794, 47.6950485], [0.4133722, 47.695034], [0.4133577, 47.6950154], [0.413355, 47.6950025], [0.4133596, 47.6949741], [0.4133636, 47.6949538], [0.4133814, 47.6949249], [0.4134077, 47.6948815], [0.4134176, 47.6948602], [0.4134229, 47.6948354], [0.4134297, 47.6948219], [0.4134321, 47.6948173], [0.4134578, 47.694796], [0.4134907, 47.6947805], [0.4135137, 47.6947774], [0.4135348, 47.6947791]]}, "properties": {"waterway": "stream"}}, {"type": "Feature", "geometry": {"type": "LineString", "coordinates": [[0.4135348, 47.6947791], [0.414051, 47.694894]]}, "properties": {"tunnel": "culvert", "waterway": "stream"}}, {"type": "Feature", "geometry": {"type": "LineString", "coordinates": [[0.414051, 47.694894], [0.41408, 47.6949059], [0.4141144, 47.6949151], [0.4141438, 47.6949135], [0.4141738, 47.6949075], [0.4141914, 47.6949015]]}, "properties": {"waterway": "stream"}}, {"type": "Feature", "geometry": {"type": "LineString", "coordinates": [[0.411598, 47.6947017], [0.411672, 47.6947063], [0.4117633, 47.6947021], [0.4119024, 47.6947146], [0.4121135, 47.6947297], [0.4121959, 47.6947222], [0.4124395, 47.6947449], [0.4128236, 47.6947873], [0.4131324, 47.6948127], [0.4132033, 47.6948212], [0.4133034, 47.6948167], [0.4134048, 47.6948243], [0.4134297, 47.6948219]]}, "properties": {"intermittent": "yes", "waterway": "ditch"}}, {"type": "Feature", "geometry": {"type": "LineString", "coordinates": [[0.3965294, 47.6906941], [0.3967125, 47.6907711], [0.3968176, 47.6906185]]}, "properties": {"intermittent": "yes", "waterway": "stream"}}, {"type": "Feature", "geometry": {"type": "LineString", "coordinates": [[0.4052047, 47.6892851], [0.4055505, 47.6888885], [0.405773, 47.6886057], [0.4058684, 47.6883514], [0.4058911, 47.6883479], [0.4059372, 47.6882125], [0.4060493, 47.6880925], [0.4063641, 47.6878623], [0.4069204, 47.687652], [0.4072307, 47.6875106], [0.4076375, 47.6873206], [0.4078512, 47.6871914], [0.4082038, 47.6871043], [0.4084643, 47.6869529]]}, "properties": {"intermittent": "yes", "waterway": "stream"}}, {"type": "Feature", "geometry": {"type": "LineString", "coordinates": [[0.4084643, 47.6869529], [0.4085497, 47.6869032], [0.4088585, 47.6865607], [0.4092159, 47.6861949], [0.4094181, 47.6860046], [0.4095813, 47.6858694], [0.4098943, 47.6856349], [0.4101266, 47.6854215], [0.4103248, 47.6852874], [0.4104659, 47.6852339], [0.4109635, 47.6851152], [0.4110005, 47.685106], [0.4110912, 47.6850655], [0.4113598, 47.684803], [0.4114296, 47.6847135], [0.4114948, 47.6845812], [0.4116171, 47.6842123]]}, "properties": {"intermittent": "yes", "tunnel": "culvert", "waterway": "stream"}}, {"type": "Feature", "geometry": {"type": "LineString", "coordinates": [[0.4116171, 47.6842123], [0.4116274, 47.6841111]]}, "properties": {"intermittent": "yes", "tunnel": "culvert", "waterway": "stream"}}, {"type": "Feature", "geometry": {"type": "LineString", "coordinates": [[0.4274071, 47.698081], [0.4272314, 47.6980338], [0.4270983, 47.6980071], [0.4269757, 47.6980094], [0.4268379, 47.6980244], [0.4265986, 47.6980613], [0.4264445, 47.6980755], [0.4261771, 47.6980723], [0.4259296, 47.698044], [0.4257779, 47.6980047], [0.4256529, 47.6979497], [0.4255642, 47.6978963], [0.425465, 47.6978012], [0.4253249, 47.6976708], [0.425214, 47.6975859]]}, "properties": {"waterway": "ditch"}}, {"type": "Feature", "geometry": {"type": "LineString", "coordinates": [[0.4274335, 47.6979926], [0.4274071, 47.698081]]}, "properties": {"tunnel": "culvert", "waterway": "ditch"}}, {"type": "Feature", "geometry": {"type": "LineString", "coordinates": [[0.4314037, 47.7015111], [0.4311479, 47.7013641], [0.4310004, 47.7012595], [0.4308941, 47.7011576], [0.4307328, 47.701], [0.4307053, 47.7009007], [0.4306718, 47.7008345], [0.4306109, 47.7007538], [0.4305538, 47.7006571], [0.430542, 47.7005711], [0.4304948, 47.7004731], [0.4303866, 47.7003976], [0.4303256, 47.7003023], [0.4303, 47.700195], [0.4302587, 47.7001116], [0.430182, 47.6999673], [0.4300659, 47.6997912], [0.4299004, 47.6995726], [0.4298791, 47.6994896], [0.4298974, 47.6994853], [0.4299056, 47.6994834]]}, "properties": {"waterway": "ditch"}}, {"type": "Feature", "geometry": {"type": "LineString", "coordinates": [[0.4299056, 47.6994834], [0.4300108, 47.6994589]]}, "properties": {"tunnel": "culvert", "waterway": "ditch"}}, {"type": "Feature", "geometry": {"type": "LineString", "coordinates": [[0.3960288, 47.6411031], [0.395943, 47.6412748], [0.3959349, 47.641329], [0.3958491, 47.64147], [0.3958706, 47.6415929], [0.3958451, 47.6417352], [0.3959081, 47.6418061], [0.3959993, 47.6420302], [0.3959913, 47.6422652], [0.3960851, 47.642473], [0.3961066, 47.6426302], [0.3962085, 47.6428543], [0.3963587, 47.6430269], [0.3966323, 47.643438], [0.3974638, 47.6445078], [0.3977508, 47.6448674], [0.3978769, 47.6449523], [0.3980163, 47.6450318], [0.3981746, 47.6451222], [0.3983141, 47.6452505], [0.398357, 47.6453481], [0.3983865, 47.6454872], [0.398416, 47.6455252], [0.3985715, 47.6454999], [0.3988344, 47.6454167], [0.3989444, 47.645377], [0.3990302, 47.6454023], [0.3990436, 47.6454872], [0.3991321, 47.6456589], [0.3991589, 47.6458432], [0.399218, 47.6459155], [0.3992153, 47.6459751], [0.3991214, 47.6459914], [0.3988907, 47.6459986], [0.3988666, 47.6460619], [0.3988666, 47.6461468], [0.3988585, 47.6462136], [0.3989229, 47.6462769], [0.3989497, 47.6463275], [0.3989283, 47.6463853], [0.3988719, 47.6464594], [0.398931, 47.6466347], [0.3990758, 47.6469292], [0.3991241, 47.6470368]]}, "properties": {"waterway": "stream"}}, {"type": "Feature", "geometry": {"type": "LineString", "coordinates": [[0.3991241, 47.6470368], [0.3991396, 47.6470713]]}, "properties": {"tunnel": "culvert", "waterway": "stream"}}]}