{"type": "FeatureCollection", "features": [{"type": "Feature", "geometry": {"type": "MultiLineString", "coordinates": [[[0.4150239, 47.68512], [0.4150323, 47.6853745], [0.4150414, 47.6856475], [0.4150455, 47.6857454], [0.4150874, 47.6867691], [0.4151199, 47.6874545], [0.4151323, 47.6877162], [0.4151607, 47.6882821], [0.4151709, 47.6884849], [0.4151839, 47.6887427], [0.4151983, 47.6890482], [0.4152047, 47.6891836], [0.4152228, 47.6892752]], [[0.415285, 47.6892687], [0.4153039, 47.6892757], [0.4153184, 47.6892864], [0.4153271, 47.6892997], [0.4153289, 47.6893142], [0.4153238, 47.6893283], [0.4153121, 47.6893405], [0.4152953, 47.6893496], [0.415275, 47.6893545], [0.4152534, 47.6893548], [0.4152324, 47.6893503], [0.4152147, 47.6893413], [0.4152024, 47.6893289], [0.4151986, 47.6893189], [0.4151969, 47.6893145], [0.4151987, 47.6892997], [0.4152077, 47.6892861], [0.4152228, 47.6892752], [0.4152424, 47.6892683], [0.4152638, 47.6892661], [0.415285, 47.6892687]], [[0.41861, 47.6949329], [0.4185677, 47.6948815], [0.418557, 47.694869], [0.4185388, 47.6948476], [0.418051, 47.6945487], [0.417985, 47.6945083], [0.4179398, 47.6944806], [0.4177966, 47.6943801], [0.417738, 47.694339], [0.4177247, 47.6943259], [0.4176455, 47.6942478], [0.4175389, 47.6941386], [0.4174239, 47.694008], [0.4171842, 47.6936902], [0.4171456, 47.6936448], [0.4170669, 47.6935414], [0.4169841, 47.6934448], [0.4168546, 47.6932705], [0.4166662, 47.6930119], [0.4165374, 47.6928342], [0.4165236, 47.6928159], [0.4164718, 47.6927472], [0.4164099, 47.6926675], [0.4161956, 47.6923701], [0.4160018, 47.6921074], [0.4159153, 47.691999], [0.4155485, 47.6915057], [0.4154413, 47.69135], [0.4153843, 47.6912303], [0.4153333, 47.6910963], [0.4153038, 47.6909834], [0.4152817, 47.6908711], [0.4152716, 47.6907086], [0.4152526, 47.690007], [0.4152515, 47.6899667], [0.4152249, 47.6895835], [0.4152147, 47.6894367], [0.4152324, 47.6893503]], [[0.4186947, 47.6950728], [0.4186673, 47.6950928], [0.4186323, 47.6951065], [0.4185929, 47.6951125], [0.4185526, 47.6951105], [0.4185219, 47.695103], [0.4184948, 47.6950908], [0.4184729, 47.6950746], [0.4184573, 47.6950553], [0.4184506, 47.6950399], [0.418449, 47.69501], [0.4184621, 47.6949813], [0.4184883, 47.6949571], [0.4185241, 47.6949401], [0.4185662, 47.6949317], [0.41861, 47.6949329], [0.4186431, 47.6949405], [0.4186721, 47.6949537], [0.4186973, 47.6949736], [0.418713, 47.6949975], [0.4187179, 47.6950235], [0.4187117, 47.6950493], [0.4186947, 47.6950728]], [[0.2871307, 47.9865441], [0.2871492, 47.986583], [0.2871482, 47.9866238], [0.287128, 47.9866624], [0.2870906, 47.9866946], [0.2870399, 47.9867172], [0.2869785, 47.9867281], [0.2869153, 47.9867249], [0.2868571, 47.9867079], [0.2868106, 47.9866791], [0.2867808, 47.9866416], [0.2867712, 47.9865985], [0.2867838, 47.9865557], [0.2868173, 47.9865184], [0.2868677, 47.9864907], [0.286929, 47.9864761], [0.2869892, 47.9864757], [0.2870466, 47.9864879], [0.2870954, 47.9865115], [0.2871307, 47.9865441], [0.2871734, 47.9865308], [0.2873457, 47.9864769], [0.2879195, 47.9863143], [0.2878972, 47.9861659], [0.2877776, 47.9855045], [0.2877489, 47.9853979], [0.2877222, 47.9853144], [0.2876978, 47.9851199], [0.2877006, 47.9850182], [0.2877302, 47.984946], [0.2877983, 47.9848557], [0.2879046, 47.9847665], [0.2882688, 47.9845585], [0.2884065, 47.9844935], [0.2890927, 47.9841389], [0.2893124, 47.9840473], [0.2893548, 47.9840664], [0.2894042, 47.9840752], [0.2894552, 47.9840725], [0.289502, 47.9840587], [0.2895386, 47.984036], [0.2895623, 47.9840067], [0.2895706, 47.9839738], [0.2895626, 47.9839408], [0.2895393, 47.9839114], [0.2897133, 47.9838226], [0.2904841, 47.9834129], [0.2912194, 47.9830322], [0.2915096, 47.982882], [0.2916183, 47.9828258], [0.2919556, 47.9826654], [0.2921235, 47.98261], [0.292258, 47.9825656], [0.2922902, 47.982555], [0.2923876, 47.9824944], [0.2924769, 47.9823868], [0.2925733, 47.9822498], [0.2928549, 47.9816148], [0.2929176, 47.9814905], [0.2929328, 47.9813527], [0.2928853, 47.9811992], [0.2924633, 47.9806862], [0.2923716, 47.9805747], [0.2918349, 47.980017], [0.2917331, 47.9798789], [0.2915773, 47.9795897], [0.2914257, 47.9793219], [0.2913131, 47.9791231], [0.2912578, 47.9790475], [0.2911769, 47.9789746], [0.2909473, 47.9788429], [0.2908618, 47.9787592], [0.2905956, 47.9782887], [0.2905157, 47.9780271], [0.2905119, 47.9778578], [0.2906858, 47.9773788], [0.2907622, 47.9772377], [0.2908445, 47.977125], [0.2908919, 47.9770883], [0.2910161, 47.9770306], [0.2911912, 47.9769907], [0.2913778, 47.9769882], [0.2923045, 47.9770528], [0.2927446, 47.9770573], [0.2929482, 47.977051], [0.2931486, 47.977017], [0.2945409, 47.9767673], [0.2947562, 47.9767046], [0.2948754, 47.9766325], [0.2949863, 47.9764941], [0.2955932, 47.9747295], [0.2959681, 47.9735815], [0.2961772, 47.9729717], [0.2962553, 47.972799], [0.2964065, 47.9725859], [0.2966988, 47.9723269], [0.2968956, 47.9721774], [0.2970037, 47.9721094], [0.2972139, 47.9720097], [0.2984004, 47.9718267], [0.2989922, 47.971653], [0.2994143, 47.9714847], [0.2994663, 47.9714642], [0.3005666, 47.9709692], [0.3013832, 47.9703362], [0.3032314, 47.9690643], [0.3039962, 47.9685332], [0.3040877, 47.9684655], [0.3040423, 47.968304], [0.3040453, 47.9681212], [0.3040971, 47.9678803], [0.3042475, 47.9676006], [0.3048042, 47.9666519], [0.3049332, 47.9666511], [0.3053676, 47.9666484], [0.3059519, 47.966621], [0.306396, 47.9666227], [0.3068249, 47.9666983], [0.3072347, 47.9667641], [0.3078741, 47.9668162], [0.3091974, 47.9668584], [0.3110065, 47.9669906], [0.3112769, 47.9669911], [0.3115576, 47.9669725], [0.3124575, 47.9668285], [0.3139843, 47.9663727], [0.3146144, 47.9661536], [0.3150872, 47.9660188], [0.3153324, 47.9659622], [0.3155723, 47.9659288], [0.3161052, 47.9659086], [0.3166256, 47.9659169], [0.3178489, 47.9659699], [0.3187113, 47.9659617], [0.3188443, 47.9659604], [0.3202155, 47.9657953], [0.3215564, 47.9656575], [0.3225036, 47.965484], [0.3219007, 47.964255], [0.3218283, 47.9640954], [0.321832, 47.963976], [0.3218681, 47.9636227], [0.3220011, 47.9627387], [0.3219814, 47.9623303], [0.3225106, 47.9613428], [0.322757, 47.9613711], [0.3234628, 47.960321], [0.3236732, 47.9599708], [0.32368, 47.9597773], [0.3236466, 47.9595548], [0.3236751, 47.9593747], [0.3238131, 47.9591908], [0.3241763, 47.9589588], [0.3244324, 47.9587864], [0.3244782, 47.9587633], [0.3245953, 47.9587041], [0.3247838, 47.9586088], [0.3253831, 47.9583529], [0.3261764, 47.9580826], [0.3265097, 47.9579866], [0.3271663, 47.9577815], [0.327469, 47.9576791], [0.3277037, 47.9575521], [0.3279645, 47.9573341], [0.3284967, 47.9567546], [0.3285943, 47.9566246], [0.3286734, 47.956475], [0.3287117, 47.9563194], [0.3288633, 47.9556772], [0.3288483, 47.9552345], [0.3288273, 47.9546328], [0.3288289, 47.9543104], [0.329016, 47.9538593], [0.3290306, 47.9538256], [0.3290648, 47.953747], [0.3290896, 47.9536528], [0.3290716, 47.9535391], [0.3290165, 47.9534318], [0.3289374, 47.9533356], [0.3287776, 47.9531827], [0.328713, 47.953065], [0.3286989, 47.9529337], [0.3287656, 47.9524013], [0.3288505, 47.9517232], [0.3288923, 47.9513895], [0.3288156, 47.9510907], [0.3306394, 47.9510671], [0.3316015, 47.9510547], [0.3331969, 47.9509926], [0.3335178, 47.9509945], [0.3348105, 47.9509541], [0.3369176, 47.9508696], [0.339047, 47.950774], [0.3391497, 47.9507694], [0.3407053, 47.9507044], [0.3413293, 47.9507244], [0.3430486, 47.950856], [0.3444406, 47.9509133], [0.3448806, 47.9509099], [0.3454636, 47.9509008], [0.3460506, 47.9508901], [0.3462715, 47.9508861], [0.3468033, 47.9509192], [0.3474278, 47.9509696], [0.3477432, 47.9509981], [0.3479143, 47.9509898], [0.3483056, 47.9509332], [0.3486418, 47.9508353], [0.3496173, 47.9504395], [0.3496695, 47.950426], [0.3502138, 47.9502854], [0.3503935, 47.950239], [0.3505048, 47.9502121], [0.3505791, 47.9501942], [0.3510433, 47.9500822], [0.3513037, 47.9500059], [0.3514215, 47.9499714], [0.3514993, 47.9499385], [0.3517515, 47.9498317], [0.3521479, 47.9496072], [0.3524027, 47.9494824], [0.3526266, 47.949393], [0.3528884, 47.9493166], [0.3530306, 47.9492857], [0.3533553, 47.9492263], [0.353838, 47.9491763], [0.3542249, 47.9491379], [0.3545686, 47.9491347], [0.3548361, 47.9491657], [0.3550814, 47.9492107], [0.3551541, 47.9492394], [0.3554089, 47.9493398], [0.355462, 47.9493608], [0.3555046, 47.9493696], [0.3557824, 47.9494011], [0.3565724, 47.9496038], [0.357793, 47.9499534], [0.359069, 47.9502998], [0.3594467, 47.9503776], [0.3597131, 47.9503997], [0.3601056, 47.9503877], [0.3602066, 47.950378], [0.3603904, 47.9503604], [0.3613491, 47.9502099], [0.3616375, 47.9501649], [0.3621612, 47.9501289], [0.3627682, 47.9501215], [0.3633601, 47.9501825], [0.3633295, 47.9500472], [0.3632983, 47.9498936], [0.3633236, 47.9494896], [0.3633498, 47.9489462], [0.3633047, 47.9484795], [0.3632717, 47.9482671], [0.3632049, 47.9479298], [0.3631911, 47.9475919], [0.3632873, 47.9473142], [0.3634203, 47.9470782], [0.3635397, 47.946896], [0.3635968, 47.946688], [0.3636443, 47.9463814], [0.3636375, 47.9461949], [0.3636205, 47.9459724], [0.3635948, 47.9457221], [0.3635941, 47.9453521], [0.3635601, 47.9451312], [0.3634169, 47.9447983], [0.3632953, 47.9445658], [0.3631408, 47.9444091], [0.3630555, 47.944281], [0.3630476, 47.9442222], [0.3630582, 47.9441735], [0.3630915, 47.9441175], [0.363453, 47.9437664], [0.363883, 47.9433893], [0.3642181, 47.9430787], [0.3644514, 47.9429367], [0.3644808, 47.9428674], [0.364466, 47.9427979], [0.3642903, 47.9425559], [0.3640615, 47.9422761], [0.3640324, 47.9422038], [0.3639364, 47.9415907], [0.3638514, 47.9411634], [0.3637445, 47.940685], [0.3632223, 47.9407019], [0.3625151, 47.9407147], [0.3622646, 47.9407192], [0.3620512, 47.9407057], [0.3618155, 47.9406585], [0.3616054, 47.9405886], [0.3615604, 47.9405751], [0.361525, 47.9405681], [0.3619015, 47.9402531], [0.3621074, 47.9400386], [0.3625553, 47.9394796], [0.3627488, 47.9392381], [0.362757, 47.9392125], [0.3627561, 47.939184], [0.3629833, 47.9391587], [0.3632914, 47.9391294], [0.3635656, 47.939092], [0.3638488, 47.9390268], [0.364241, 47.9389307], [0.3647416, 47.9388131], [0.3648995, 47.9387566], [0.3650632, 47.9386852], [0.3652679, 47.9385642], [0.3657374, 47.9381877], [0.3657747, 47.9381415], [0.3658034, 47.9380502], [0.3657555, 47.9379802], [0.3657474, 47.937936], [0.3657626, 47.9378629], [0.3657788, 47.9378166], [0.3658271, 47.9376783], [0.3658764, 47.9375279], [0.3660011, 47.9372797], [0.366028, 47.937257], [0.366168, 47.9371391], [0.3665341, 47.936842], [0.36666, 47.9367535], [0.3669264, 47.9365659], [0.3674434, 47.9361901], [0.3675569, 47.9360991], [0.3675993, 47.9360651], [0.367697, 47.9359836], [0.3677298, 47.9359515], [0.367769, 47.935913], [0.3682089, 47.9354792], [0.3685522, 47.9351635], [0.3687507, 47.934981], [0.3692744, 47.9344968], [0.3695361, 47.9342434], [0.3697202, 47.9340651], [0.3699892, 47.9337923], [0.3701806, 47.9335981], [0.3702374, 47.9335287], [0.3704116, 47.9333698], [0.3705811, 47.9332446], [0.3707697, 47.9331406], [0.3709569, 47.9330797], [0.3715216, 47.9328045], [0.3718563, 47.9326878], [0.3719944, 47.9326175], [0.3722395, 47.9325258], [0.3722961, 47.93251], [0.3724725, 47.9324477], [0.373159, 47.9322054], [0.3732447, 47.9321767], [0.3733679, 47.9321303], [0.3734718, 47.932096], [0.3736342, 47.9320436], [0.3737182, 47.932004], [0.3738612, 47.9319252], [0.3744495, 47.9316594], [0.3752686, 47.931286], [0.3756516, 47.9311114], [0.3757691, 47.9310686], [0.3759714, 47.931006], [0.3761388, 47.9309355], [0.3761781, 47.9309199], [0.3762173, 47.9309043], [0.3770025, 47.9306289], [0.3782403, 47.9302071], [0.3785168, 47.9301096], [0.3795941, 47.929631], [0.3802342, 47.9293841], [0.3808756, 47.9292161], [0.3816432, 47.9290175], [0.3821092, 47.9288398], [0.3827873, 47.928431], [0.3834667, 47.9280214], [0.3842602, 47.9275073], [0.384629, 47.9272809], [0.3847621, 47.9272035], [0.3848138, 47.9271743], [0.3848875, 47.9271464], [0.38496, 47.9271235], [0.3850408, 47.9271071], [0.3851202, 47.9270979], [0.385195, 47.927097], [0.3852922, 47.9271014], [0.3853801, 47.9271135], [0.385549, 47.9271521], [0.38571, 47.9271813], [0.3859111, 47.9272038], [0.3866807, 47.9272786], [0.3869807, 47.9273085], [0.3870588, 47.9273164], [0.3871969, 47.9273188], [0.3873072, 47.9273174], [0.3874149, 47.9273095], [0.3875852, 47.9272956], [0.3879664, 47.9272623], [0.3881521, 47.9272466], [0.3882862, 47.9272428], [0.38841, 47.9272437], [0.3885551, 47.9272567], [0.3887794, 47.927299], [0.3888347, 47.9273066], [0.3888891, 47.92731], [0.3889538, 47.9272989], [0.388998, 47.9273303], [0.3896216, 47.927469], [0.3901447, 47.9276756], [0.3907093, 47.9279138], [0.3909022, 47.9279942], [0.3908855, 47.9280331], [0.3908187, 47.9282104], [0.3907915, 47.9284067], [0.3907512, 47.9286308], [0.3908708, 47.9290485], [0.3910903, 47.9295018], [0.3912075, 47.9297261], [0.3912979, 47.9298813], [0.3914475, 47.9300668], [0.3917014, 47.9303105], [0.3919175, 47.9304771], [0.3921657, 47.9306148], [0.3924428, 47.9307408], [0.3926963, 47.9308724], [0.3929532, 47.9310186], [0.3931507, 47.9311824], [0.3935611, 47.9316869], [0.3937104, 47.9318917], [0.3937829, 47.9320706], [0.393772, 47.9322927], [0.3937421, 47.932437], [0.3937349, 47.9324617], [0.3942314, 47.9325528], [0.3945129, 47.9326272], [0.3949299, 47.9327727], [0.3954748, 47.932996], [0.3955901, 47.9330433], [0.395782, 47.9331293], [0.3958809, 47.9331736], [0.3960561, 47.9332521], [0.3964062, 47.9333594], [0.3966164, 47.9334004], [0.3968456, 47.9333928], [0.3970657, 47.9333413], [0.3978014, 47.9329963], [0.3980888, 47.9329303], [0.3983476, 47.9329225], [0.3988013, 47.9329624], [0.399057, 47.9329625], [0.3992047, 47.9329416], [0.3995448, 47.9328809], [0.3997294, 47.9328407], [0.4005729, 47.9326641], [0.4011742, 47.9324828], [0.4012132, 47.9324647], [0.4033596, 47.9314676], [0.4053259, 47.9307728], [0.4070501, 47.9300952], [0.4072796, 47.9300379], [0.4074891, 47.930032], [0.4077327, 47.9300754], [0.4079539, 47.9301476], [0.4087302, 47.9305889], [0.4091029, 47.9307212], [0.4099796, 47.9309705], [0.4106653, 47.931184], [0.4116014, 47.931549], [0.4117472, 47.9315947], [0.4118906, 47.9316101], [0.4119965, 47.9315984], [0.412156, 47.9315809], [0.4123938, 47.9315366], [0.4124851, 47.9315046], [0.4126046, 47.9314519], [0.4126565, 47.9314281], [0.4127988, 47.9313161], [0.4129878, 47.9311673], [0.4132718, 47.9309605], [0.4133895, 47.9308748], [0.4134853, 47.9308399], [0.4136141, 47.9308156], [0.4141814, 47.930674], [0.4144019, 47.9306237], [0.4145001, 47.9305965], [0.4149141, 47.9305022], [0.4149798, 47.9304872], [0.4150697, 47.9304616], [0.4151951, 47.9304406], [0.4152273, 47.9304353], [0.4154055, 47.930406], [0.4158514, 47.9303326], [0.4162867, 47.9302695], [0.4163204, 47.9302646], [0.4164595, 47.9302445], [0.4166738, 47.9302134], [0.4169229, 47.930174], [0.4170941, 47.9301469], [0.4175956, 47.9300675], [0.4177677, 47.9300194], [0.4179847, 47.9299404], [0.4188035, 47.9295727], [0.4192044, 47.9294246], [0.4195523, 47.929329], [0.4197616, 47.9292822], [0.4199349, 47.9292448], [0.4199546, 47.9292405], [0.4202879, 47.9291669], [0.420503, 47.9291478], [0.4204984, 47.9291155], [0.4204927, 47.9290699], [0.4205035, 47.9290202], [0.420649, 47.928908], [0.4214131, 47.9283426], [0.4223024, 47.9276521], [0.4239245, 47.9263924], [0.4244728, 47.9259735], [0.4251487, 47.9254952], [0.4253282, 47.9253518], [0.426626, 47.9243152], [0.4281759, 47.9231298], [0.4285518, 47.9228465], [0.4295482, 47.9220613], [0.4296082, 47.922014], [0.4300169, 47.92173], [0.4302385, 47.9216155], [0.430442, 47.9215642], [0.4330428, 47.9215189], [0.4333341, 47.9215021], [0.4336205, 47.9214433], [0.4342894, 47.9212677], [0.4345265, 47.9211976], [0.4364915, 47.9206162], [0.4369566, 47.9204584], [0.4371615, 47.920376], [0.4373575, 47.9202644], [0.4379876, 47.919872], [0.4381405, 47.9197466], [0.438276, 47.9195894], [0.438349, 47.9194327], [0.4383953, 47.9192518], [0.43838, 47.9185592], [0.438476, 47.9179603], [0.4385597, 47.9174386], [0.4386012, 47.9171701], [0.4386688, 47.9167849], [0.4386806, 47.9165283], [0.4386508, 47.9162824], [0.4385714, 47.9156776], [0.4384835, 47.9148749], [0.4384713, 47.9144394], [0.4385145, 47.9136758], [0.4386227, 47.9119294], [0.438622, 47.9117973], [0.4385907, 47.9116671], [0.438519, 47.9114193], [0.4381758, 47.9104669], [0.4381476, 47.9103901], [0.4380206, 47.9099944], [0.4378936, 47.9095697], [0.4377891, 47.9091318], [0.4375876, 47.9080206], [0.4372868, 47.9063617], [0.4372781, 47.9062172], [0.4372803, 47.9059653], [0.4373561, 47.9051101], [0.4374012, 47.9048705], [0.4374692, 47.9046454], [0.4383093, 47.9030672], [0.4384379, 47.9027827], [0.4391517, 47.9012113], [0.4393879, 47.9006476], [0.4394435, 47.900523], [0.4399826, 47.89935], [0.4407029, 47.8977824], [0.440776, 47.8976029], [0.4408212, 47.8974228], [0.4409892, 47.8966299], [0.4410101, 47.8965447], [0.4410424, 47.8964128], [0.4411646, 47.8960848], [0.4413526, 47.8956679], [0.4420453, 47.894133], [0.4421979, 47.8938838], [0.4423226, 47.8937087], [0.4426615, 47.8932934], [0.4431496, 47.8927625], [0.4447234, 47.8910504], [0.4451171, 47.8906537], [0.4453825, 47.8904049], [0.4456688, 47.8902068], [0.4462769, 47.8898547], [0.4473585, 47.8892955], [0.4481476, 47.8888939], [0.4488916, 47.8885153], [0.45043, 47.8877334], [0.4507473, 47.887528], [0.4513056, 47.8871186], [0.4516507, 47.8869292], [0.4522207, 47.8866678], [0.4525356, 47.8864871], [0.4528505, 47.886284], [0.4530887, 47.8860858], [0.4532825, 47.8858877], [0.4536068, 47.885494], [0.4538841, 47.8851], [0.4542051, 47.8844626], [0.4543293, 47.8842161], [0.4546041, 47.8838198], [0.45507, 47.8833014], [0.4555729, 47.8827818], [0.4560048, 47.8823555], [0.4564264, 47.8820906], [0.4569481, 47.8818033], [0.4583286, 47.8812487], [0.4585801, 47.881143], [0.4587454, 47.8810648], [0.4588157, 47.8810315], [0.4602858, 47.8800504], [0.4606524, 47.8798229], [0.4611673, 47.8795711], [0.4635741, 47.8785276], [0.4638418, 47.8783846], [0.4639769, 47.8782495], [0.4648883, 47.8763542], [0.4652251, 47.8756073], [0.4655952, 47.8746665], [0.4656653, 47.8745601], [0.4663138, 47.8737262], [0.4664761, 47.8734613], [0.4667792, 47.8722477], [0.4668087, 47.8721434], [0.4670613, 47.8715815], [0.4673287, 47.8709837], [0.4673536, 47.8709367], [0.4674321, 47.8708306], [0.4675383, 47.8707226], [0.4676724, 47.8706363], [0.4680976, 47.870506], [0.4681492, 47.8704901], [0.4678906, 47.870078], [0.4678411, 47.8699803], [0.4678237, 47.8699424], [0.4677942, 47.8698057], [0.4677833, 47.8694883], [0.4677819, 47.8694447], [0.4677828, 47.869383], [0.4677409, 47.8692606], [0.4677162, 47.8691884], [0.4677081, 47.869166], [0.4676954, 47.8691189], [0.467674, 47.8690394], [0.4676576, 47.8689129], [0.4676539, 47.868828], [0.4676654, 47.8687457], [0.4677087, 47.8685873], [0.4679216, 47.8679716], [0.4681726, 47.8672522], [0.4682196, 47.8671227], [0.4682365, 47.8670766], [0.4682947, 47.8669184], [0.4685769, 47.8661075], [0.4687341, 47.8656508], [0.4687692, 47.865549], [0.4687847, 47.865504], [0.468827, 47.8653426], [0.4688263, 47.8653228], [0.4688237, 47.8652555], [0.4688072, 47.8651747], [0.4688476, 47.8651637], [0.4689848, 47.8651263], [0.4690021, 47.8651216], [0.4695256, 47.8649699], [0.4695669, 47.8649579], [0.469869, 47.8648453], [0.4700538, 47.8647722], [0.4700989, 47.8647478], [0.4701262, 47.8647155], [0.4701456, 47.8646669], [0.4704119, 47.8638085], [0.470428, 47.8637543], [0.470442, 47.8637069], [0.4706653, 47.8629632], [0.4707049, 47.8629139], [0.4707163, 47.8628984], [0.4708424, 47.8624664], [0.4708525, 47.8624002], [0.4708806, 47.8623258], [0.4709154, 47.8622538], [0.4709677, 47.8621656], [0.4710379, 47.8620847], [0.4710702, 47.8620574], [0.4711072, 47.8620261], [0.4712199, 47.8619371], [0.4714573, 47.8617858], [0.4715806, 47.8617274], [0.4717194, 47.861677], [0.4718857, 47.8616289], [0.4724888, 47.8614737], [0.4726198, 47.8614427], [0.4726115, 47.8614204], [0.472598, 47.8613932], [0.4725668, 47.861182], [0.472561, 47.860858], [0.4729646, 47.8597311], [0.4730256, 47.8595781], [0.4731428, 47.8592295], [0.473175, 47.8590526], [0.4732871, 47.8582198], [0.4733554, 47.857733], [0.4734931, 47.8573497], [0.4736991, 47.8568694], [0.4737553, 47.856663], [0.473751, 47.8561892], [0.4737531, 47.8560178], [0.4737955, 47.8559099], [0.4738598, 47.8558753], [0.4738366, 47.8558212], [0.4738334, 47.855745], [0.4739191, 47.8555208], [0.473942, 47.8554583], [0.4739488, 47.8554431], [0.4741607, 47.8550011], [0.4741961, 47.854905], [0.4741926, 47.8548105], [0.4741311, 47.8547152], [0.473858, 47.8545854], [0.4734874, 47.8544656], [0.472971, 47.8543141], [0.4725541, 47.8541994], [0.4713912, 47.8538962], [0.4698768, 47.8532526], [0.4685938, 47.8528939], [0.467705, 47.8527105], [0.4663219, 47.852598], [0.4658039, 47.8528096], [0.4650425, 47.8527673], [0.4626621, 47.8524031], [0.4618147, 47.8521791], [0.460522, 47.8519266], [0.4600306, 47.8517979], [0.4597754, 47.8516582], [0.4595009, 47.8514557], [0.4589323, 47.8510732], [0.4585719, 47.8509747], [0.4581767, 47.8508969], [0.4573334, 47.8507412], [0.4571515, 47.8506573], [0.4570293, 47.8505556], [0.4569276, 47.8504293], [0.4567893, 47.8500887], [0.4566052, 47.849825], [0.4564716, 47.8497019], [0.4562954, 47.8495789], [0.4561454, 47.8494618], [0.4560797, 47.8493809], [0.4555293, 47.8480734], [0.4554888, 47.8479835], [0.4551726, 47.8473236], [0.4544994, 47.8463709], [0.454439, 47.8462546], [0.4543069, 47.8458421], [0.454257, 47.8457164], [0.4540821, 47.8453743], [0.4538473, 47.8450375], [0.4537982, 47.8450197], [0.4537606, 47.8450267], [0.4518603, 47.8450505], [0.4511864, 47.8450204], [0.4502956, 47.8449505], [0.4498808, 47.844908], [0.4498001, 47.8448956], [0.4494238, 47.8447928], [0.4487193, 47.8444729], [0.4469375, 47.8436285], [0.4466384, 47.8435248], [0.4463313, 47.843456], [0.4456976, 47.8433509], [0.4440098, 47.8430844], [0.443242, 47.8429962], [0.4429223, 47.8429559], [0.4427833, 47.842921], [0.442494, 47.8427818], [0.4424062, 47.8427343], [0.442323, 47.8427071], [0.4422385, 47.8426898], [0.4422503, 47.8426303], [0.4422255, 47.8425783], [0.4421919, 47.8425341], [0.4421014, 47.842459], [0.4416738, 47.8420814], [0.4412412, 47.8417399], [0.4412125, 47.8416734], [0.4412421, 47.8415946], [0.4414353, 47.8414864], [0.4416013, 47.8414484], [0.4417613, 47.8414447], [0.4421013, 47.8414464], [0.4422166, 47.8414404], [0.4423341, 47.8414196], [0.4424383, 47.8413858], [0.4424878, 47.8413448], [0.4425968, 47.8412038], [0.442669, 47.8411272], [0.4427495, 47.8409699], [0.442791, 47.840695], [0.4428504, 47.8402242], [0.4428922, 47.8401047], [0.4429639, 47.8399787], [0.4430246, 47.8398931], [0.4430649, 47.8398287], [0.443098, 47.8397495], [0.4430757, 47.8396599], [0.4427766, 47.8392933], [0.4425839, 47.8389501], [0.4425014, 47.8387114], [0.4423798, 47.8379383], [0.4422455, 47.8374095], [0.4418453, 47.8374152], [0.440918, 47.8375107], [0.4404528, 47.8375283], [0.4399837, 47.8375058], [0.4396117, 47.8374454], [0.4384118, 47.8371162], [0.4381964, 47.8370571], [0.4378605, 47.8369894], [0.437665, 47.836969], [0.4369036, 47.83696], [0.4366437, 47.83694], [0.4363725, 47.8368914], [0.4346447, 47.8363591], [0.4344447, 47.8362765], [0.4344275, 47.8362557], [0.4342831, 47.8362777], [0.4334689, 47.8364577], [0.4329473, 47.8365482], [0.4323978, 47.836668], [0.4320744, 47.8367314], [0.431982, 47.8367415], [0.4318044, 47.83674], [0.4316037, 47.8366673], [0.4315224, 47.8366476], [0.4314294, 47.8366383], [0.4314147, 47.8365929], [0.4313939, 47.8365364], [0.4313597, 47.8365023], [0.4311169, 47.8363006], [0.4310482, 47.836239], [0.4310248, 47.8362058], [0.4306962, 47.8359434], [0.4303855, 47.835725], [0.4300855, 47.8354635], [0.4299786, 47.8353693], [0.4299502, 47.8353432], [0.4298867, 47.8352846], [0.4298527, 47.8352527], [0.4294855, 47.8349412], [0.4290032, 47.8345321], [0.428804, 47.834368], [0.4288234, 47.834347], [0.4288483, 47.8341064], [0.4288301, 47.8336202], [0.4287014, 47.8330081], [0.4285297, 47.8325471], [0.4283913, 47.8321575], [0.4280147, 47.831582], [0.4277368, 47.8310699], [0.4274675, 47.8304872], [0.4274042, 47.8301048], [0.4275212, 47.8292772], [0.4275738, 47.8286477], [0.4277062, 47.8283005], [0.4280147, 47.8278222], [0.4282139, 47.827267], [0.4283528, 47.826904], [0.4284975, 47.8265257], [0.4287657, 47.8258486], [0.4288955, 47.8254499], [0.4290796, 47.8249395], [0.4291274, 47.8248069], [0.4290735, 47.8247718], [0.4287306, 47.8246993], [0.428366, 47.8246463], [0.4276459, 47.8245301], [0.4272571, 47.8244599], [0.4270481, 47.8244989], [0.4268548, 47.8246465], [0.4266669, 47.8248603], [0.4265443, 47.8249534], [0.4264462, 47.8249958], [0.4263474, 47.8250169], [0.4262708, 47.8250039], [0.4260778, 47.8249605], [0.4259913, 47.8249103], [0.4247997, 47.822976], [0.4245426, 47.8225632], [0.4241202, 47.8218876], [0.4236507, 47.821157], [0.4221919, 47.818833], [0.4204471, 47.8161203], [0.4192689, 47.8143683], [0.4176696, 47.8120772], [0.4132843, 47.8071489], [0.4124053, 47.8061649], [0.4124455, 47.806158], [0.4174066, 47.805208], [0.419321, 47.8048313], [0.4191927, 47.8046117], [0.4188504, 47.8040704], [0.4186369, 47.8037028], [0.4189852, 47.8035672], [0.4199453, 47.8030852], [0.420411, 47.8027159], [0.4206326, 47.8025189], [0.4209398, 47.8023219], [0.4215676, 47.802007], [0.4223217, 47.8014279], [0.4224748, 47.8012284], [0.4226015, 47.8010264], [0.4228448, 47.8007748], [0.4235927, 47.8001441], [0.4245749, 47.7991063], [0.4249356, 47.7986385], [0.4251466, 47.7983101], [0.4253215, 47.7979822], [0.4253925, 47.7976161], [0.4254191, 47.7972888], [0.4254212, 47.7971077], [0.4254124, 47.7970692], [0.4253328, 47.7970926], [0.4252532, 47.7971089], [0.4251585, 47.7971161], [0.4250592, 47.7971153], [0.4249519, 47.7971036], [0.4247864, 47.7970803], [0.4240339, 47.7969496], [0.4231374, 47.7967973], [0.422873, 47.7967534], [0.4226981, 47.7967317], [0.4225613, 47.7967212], [0.4224702, 47.7967165], [0.4223683, 47.7967154], [0.4222343, 47.796724], [0.4221112, 47.7967411], [0.4219886, 47.7967659], [0.421852, 47.7968], [0.4217267, 47.7968442], [0.4216102, 47.796897], [0.4214508, 47.7969787], [0.420814, 47.7973452], [0.4206702, 47.7974159], [0.4205755, 47.7974515], [0.4204621, 47.7974834], [0.4203414, 47.7975036], [0.4202475, 47.7975166], [0.4201628, 47.7975228], [0.4200565, 47.7975253], [0.4199452, 47.7975196], [0.4198462, 47.7975084], [0.4197497, 47.7974899], [0.4196372, 47.7974623], [0.4195349, 47.7974313], [0.4194269, 47.7973861], [0.4193351, 47.7973373], [0.419254, 47.797289], [0.4191809, 47.7972262], [0.4190794, 47.7971314], [0.4187798, 47.7968001], [0.4185158, 47.7965032], [0.4183706, 47.7963498], [0.4182283, 47.7962119], [0.4181509, 47.7961422], [0.4180628, 47.7960724], [0.4179295, 47.7959834], [0.4177963, 47.7959064], [0.4176646, 47.7958414], [0.4174954, 47.7957691], [0.4169018, 47.7955473], [0.4163082, 47.7953256], [0.4157894, 47.7951378], [0.4156017, 47.7950682], [0.4154033, 47.7949915], [0.4151031, 47.794856], [0.4149533, 47.7947798], [0.4148329, 47.7947121], [0.4147076, 47.7946306], [0.4146101, 47.7945574], [0.4145019, 47.7944627], [0.414399, 47.7943548], [0.4143188, 47.7942603], [0.4142511, 47.7941582], [0.4142021, 47.794049], [0.4141702, 47.7939458], [0.4141516, 47.7938479], [0.4141389, 47.7937346], [0.4141369, 47.7936283], [0.4141456, 47.7935075], [0.4141646, 47.7933796], [0.4141949, 47.7932591], [0.4142468, 47.7931072], [0.414323, 47.7929156], [0.4144894, 47.7925303], [0.4145952, 47.7922866], [0.4147574, 47.7918939], [0.4148404, 47.7916929], [0.4148626, 47.7916257], [0.4148746, 47.7915733], [0.4148786, 47.7915264], [0.4148594, 47.79148], [0.4148355, 47.7914465], [0.4148009, 47.7914131], [0.4147459, 47.7913818], [0.4146512, 47.7913455], [0.4145458, 47.7912983], [0.414483, 47.7912579], [0.4144333, 47.7912064], [0.4143755, 47.7911477], [0.4143399, 47.7911136], [0.414299, 47.7910797], [0.4142475, 47.7910423], [0.4141719, 47.791002], [0.4140861, 47.7909666], [0.4138988, 47.7909017], [0.4136243, 47.7908066], [0.413338, 47.7907245], [0.4131375, 47.7906628], [0.413013, 47.7906263], [0.4129529, 47.790615], [0.4128483, 47.7906165], [0.41284, 47.79058], [0.4128209, 47.79054], [0.4127747, 47.7904941], [0.4126878, 47.7904272], [0.412643, 47.7903982], [0.4124038, 47.7902454], [0.4123393, 47.7901977], [0.4122774, 47.7901429], [0.4122047, 47.7900605], [0.4121705, 47.7900175], [0.4120719, 47.7898939], [0.4117438, 47.7895139], [0.4117248, 47.7894918], [0.4115343, 47.7892711], [0.411575, 47.7892524], [0.4122402, 47.7889459], [0.412361, 47.7888893], [0.4124573, 47.7888441], [0.412574, 47.7887732], [0.4126713, 47.7886797], [0.4127634, 47.7885237], [0.4128024, 47.7884025], [0.4128221, 47.7882983], [0.4128012, 47.7881408], [0.4128131, 47.7880532], [0.4128533, 47.787937], [0.4129091, 47.7878374], [0.4129606, 47.7876797], [0.4130617, 47.7873446], [0.413151, 47.787072], [0.4132077, 47.7868956], [0.4132477, 47.7866769], [0.4132829, 47.7864384], [0.4133093, 47.7863293], [0.4139126, 47.7864242], [0.4144708, 47.7865484], [0.4147899, 47.7866722], [0.4152565, 47.7868367], [0.4154954, 47.7868908], [0.4157153, 47.786937], [0.41603, 47.7869776], [0.416599, 47.7871236], [0.4167681, 47.7871756], [0.4170935, 47.7873412], [0.4173158, 47.787445], [0.4175529, 47.7875191], [0.4176394, 47.7875436], [0.4176708, 47.7875442], [0.4178308, 47.7860843], [0.4178734, 47.7857007], [0.4179403, 47.7848866], [0.4179218, 47.7844395], [0.4178208, 47.7839386], [0.4177821, 47.783687], [0.4177802, 47.7834309], [0.4178304, 47.7832058], [0.4182675, 47.7818837], [0.418592, 47.7810159], [0.4186301, 47.7808915], [0.4186428, 47.7808127], [0.4186919, 47.7807855], [0.4187918, 47.7806861], [0.4191844, 47.7804619], [0.4195685, 47.7803589], [0.4208056, 47.7801455], [0.4224578, 47.7800158], [0.424343, 47.7799131], [0.4248591, 47.7798576], [0.4253213, 47.7797348], [0.4256105, 47.7796324], [0.4259318, 47.7794676], [0.4263463, 47.779246], [0.4267814, 47.7789837], [0.4277391, 47.7783488], [0.4278461, 47.7782812], [0.4284417, 47.7779794], [0.4289039, 47.7777942], [0.4292817, 47.7777047], [0.4296155, 47.7776794], [0.4300884, 47.7776643], [0.4303991, 47.7776806], [0.4308328, 47.7777714], [0.4311576, 47.7778027], [0.4315126, 47.777763], [0.4324374, 47.7774972], [0.432619, 47.7774179], [0.4327599, 47.7773208], [0.4329238, 47.7770888], [0.4330638, 47.7767909], [0.4332009, 47.7763837], [0.433256, 47.7762885], [0.4333306, 47.7761917], [0.4337231, 47.7758485], [0.4344668, 47.7753198], [0.4347116, 47.7751283], [0.4348696, 47.7749353], [0.4349241, 47.7748071], [0.4349359, 47.7746613], [0.4348996, 47.7744675], [0.4348626, 47.77427], [0.43491, 47.774098], [0.4349884, 47.7739647], [0.4356763, 47.7732336], [0.435876, 47.773051], [0.4364857, 47.7726083], [0.4374781, 47.7719606], [0.438213, 47.7715943], [0.4387451, 47.7713363], [0.4397274, 47.7705855], [0.4399457, 47.7704186], [0.4404006, 47.7700443], [0.4406967, 47.7697324], [0.4409114, 47.7691426], [0.4414091, 47.7683378], [0.4419722, 47.7674916], [0.4421188, 47.7672801], [0.4423439, 47.7670929], [0.4429337, 47.7667156], [0.4431277, 47.7665451], [0.443223, 47.7663788], [0.4433517, 47.7659939], [0.4434116, 47.7658442], [0.4435412, 47.7657133], [0.4440951, 47.7653017], [0.4445935, 47.7647944], [0.4447481, 47.7646525], [0.444932, 47.7645471], [0.4453159, 47.7643415], [0.4458682, 47.763936], [0.4460815, 47.7637562], [0.4461953, 47.7636602], [0.4464261, 47.7634311], [0.4465569, 47.7632316], [0.4466825, 47.7629952], [0.4467481, 47.7627826], [0.4467907, 47.7625927], [0.4467809, 47.7623872], [0.4467495, 47.7621644], [0.4467533, 47.7619964], [0.4468236, 47.7618231], [0.4469672, 47.761539], [0.4473546, 47.7606064], [0.4477767, 47.7599506], [0.44797, 47.759625], [0.4480449, 47.759517], [0.448088, 47.7594549], [0.4488057, 47.7587432], [0.4491041, 47.7584103], [0.4491956, 47.7582826], [0.4492839, 47.758103], [0.4493377, 47.7579391], [0.4493692, 47.7577675], [0.4494322, 47.7574056], [0.4494435, 47.7572857], [0.4491934, 47.756469], [0.4490657, 47.7560951], [0.4490203, 47.7558399], [0.4489849, 47.7555576], [0.4489363, 47.7552163], [0.4488854, 47.7550721], [0.4488056, 47.7548543], [0.4486683, 47.7544796], [0.44862, 47.7543182], [0.4486145, 47.7542307], [0.4486305, 47.7541162], [0.4486887, 47.7539986], [0.4487842, 47.7538102], [0.4488254, 47.7537281], [0.4488309, 47.7537171], [0.4488398, 47.7536566], [0.4489397, 47.7535659], [0.449033, 47.7534376], [0.4491531, 47.7532657], [0.4492896, 47.752994], [0.4494002, 47.7525552], [0.4494447, 47.7524156], [0.4495237, 47.7522888], [0.4496554, 47.7521713], [0.4500422, 47.7518823], [0.4506172, 47.7514527], [0.4508052, 47.7513017], [0.4509506, 47.75115], [0.4515329, 47.7503057], [0.452147, 47.7496283], [0.4524952, 47.7492544], [0.4526687, 47.7491049], [0.4527454, 47.7490439], [0.4532038, 47.7487678], [0.453328, 47.7486877], [0.4534893, 47.7485701], [0.4539432, 47.7481657], [0.4541176, 47.7480515], [0.4542369, 47.7479501], [0.4543562, 47.747827], [0.4544401, 47.7477066], [0.4544846, 47.7476066], [0.454483, 47.7474678], [0.4544489, 47.7473438], [0.4543627, 47.7471948], [0.4542455, 47.7470582], [0.4538889, 47.7467049], [0.4537785, 47.7465785], [0.4536783, 47.7464205], [0.4536261, 47.7462695], [0.4535941, 47.7461158], [0.4535894, 47.7457956], [0.453586, 47.7454874], [0.4535266, 47.7451393], [0.4534393, 47.7448938], [0.4532435, 47.7445095], [0.4531918, 47.7443528], [0.4531785, 47.7441934], [0.4532006, 47.7440437], [0.4534169, 47.7435443], [0.4535408, 47.7432786], [0.4536889, 47.7430607], [0.4539233, 47.7427865], [0.4543786, 47.7422923], [0.4550019, 47.7417082], [0.4551331, 47.7415757], [0.4552228, 47.7414522], [0.4553051, 47.7413067], [0.4554333, 47.7410439], [0.4555287, 47.7407291], [0.4555367, 47.7406087], [0.4555149, 47.7404839], [0.4551891, 47.7398099], [0.4550544, 47.7393821], [0.4549197, 47.7391409], [0.4539191, 47.7378048], [0.453794, 47.7375439], [0.4536472, 47.7370454], [0.4535306, 47.7368022], [0.4532665, 47.7363629], [0.4530327, 47.7359807], [0.4529432, 47.7358543], [0.4525488, 47.7354198], [0.4524779, 47.7352773], [0.4524273, 47.7350864], [0.4523616, 47.7344428], [0.4523827, 47.73426], [0.4524604, 47.7339889], [0.4526488, 47.7335978], [0.4527546, 47.7332978], [0.4527696, 47.7332725], [0.4529482, 47.7333091], [0.4530588, 47.7333355], [0.4531323, 47.7333546], [0.4532049, 47.7333592], [0.4532951, 47.7333522], [0.4534966, 47.733274], [0.4537195, 47.7331659], [0.4538447, 47.7330881], [0.4542525, 47.7327038], [0.4544295, 47.7325253], [0.4544589, 47.7324957], [0.4545344, 47.7324196], [0.4546933, 47.7322723], [0.4548616, 47.7321014], [0.454959, 47.7319931], [0.4550735, 47.7318397], [0.4551543, 47.7316752], [0.4552658, 47.7313568], [0.4553345, 47.7312138], [0.4554096, 47.7311136], [0.4555235, 47.7309809], [0.4559094, 47.730583], [0.456048, 47.7304425], [0.4562317, 47.7302828], [0.4566405, 47.7299789], [0.4568419, 47.7298309], [0.4570376, 47.7296643], [0.4571517, 47.7295558], [0.4572244, 47.7294701], [0.4573193, 47.7293393], [0.4574051, 47.7292112], [0.4574487, 47.7291177], [0.4574655, 47.7290479], [0.4575189, 47.728902], [0.4575765, 47.7287765], [0.4576049, 47.7287146], [0.4576653, 47.7286158], [0.4577582, 47.7284941], [0.4578625, 47.728375], [0.4580958, 47.7281314], [0.458761, 47.727453], [0.4597838, 47.7264166], [0.4601061, 47.7260853], [0.460204, 47.7259582], [0.4602754, 47.7258338], [0.4603221, 47.7257246], [0.4603766, 47.7255705], [0.4604146, 47.7254404], [0.4604548, 47.7252737], [0.460479, 47.7251409], [0.460485, 47.7250296], [0.4604749, 47.7249244], [0.4604334, 47.7246925], [0.4603577, 47.7243662], [0.4603194, 47.7242441], [0.4602738, 47.7240817], [0.460208, 47.7237969], [0.4601866, 47.723646], [0.4601853, 47.7235657], [0.4601973, 47.7234822], [0.4602134, 47.7233771], [0.460249, 47.7232671], [0.4603882, 47.7230275], [0.4607271, 47.722585], [0.4610855, 47.7221275], [0.4619325, 47.7212896], [0.462112, 47.7210278], [0.4622331, 47.7207526], [0.46235, 47.720099], [0.4625094, 47.7192072], [0.4625804, 47.7189753], [0.4627122, 47.7187179], [0.4633846, 47.7174056], [0.4637086, 47.7169336], [0.4643995, 47.7159897], [0.4647946, 47.7153546], [0.4648826, 47.7152299], [0.4649825, 47.7151072], [0.4650529, 47.7150517], [0.4651159, 47.7150201], [0.4652153, 47.7149739], [0.4651111, 47.7148965], [0.464692, 47.7146464], [0.4634328, 47.7142374], [0.4604604, 47.7136689], [0.4595429, 47.7133753], [0.4592286, 47.713226], [0.458782, 47.7130139], [0.4575437, 47.7122329], [0.457205, 47.7120302], [0.4570747, 47.7120143], [0.4569526, 47.7119881], [0.4568574, 47.7119584], [0.4567575, 47.711925], [0.4566616, 47.711883], [0.4565436, 47.7118212], [0.4563927, 47.7117386], [0.4562184, 47.7116407], [0.4561714, 47.7116651], [0.456099, 47.7116863], [0.4560139, 47.7116971], [0.4558328, 47.7117003], [0.4554353, 47.7116834], [0.4547184, 47.7118083], [0.4541814, 47.7119309], [0.4536929, 47.7120021], [0.4528697, 47.7120398], [0.4523313, 47.7121397], [0.4509206, 47.712461], [0.4486128, 47.7129933], [0.4484823, 47.7130074], [0.4483716, 47.7129879], [0.4467816, 47.7125534], [0.4461451, 47.7123762], [0.4453922, 47.7121063], [0.4447406, 47.711869], [0.4442497, 47.7116307], [0.4436301, 47.7113298], [0.4429032, 47.7110848], [0.4423761, 47.7109538], [0.4419292, 47.7108552], [0.4418059, 47.710832], [0.4415906, 47.7107952], [0.4403213, 47.7106182], [0.439812, 47.7105483], [0.4396728, 47.7105319], [0.4396011, 47.7105256], [0.4395246, 47.710522], [0.439466, 47.710526], [0.4394153, 47.7105353], [0.4393721, 47.7105488], [0.4393553, 47.7105316], [0.4393516, 47.710502], [0.4393681, 47.7104603], [0.4394026, 47.7104063], [0.4399042, 47.7097643], [0.4400135, 47.7096205], [0.4400932, 47.7095257], [0.4401974, 47.7094145], [0.4396544, 47.7091054], [0.4391801, 47.7088118], [0.439045, 47.7087116], [0.4389794, 47.708624], [0.4386179, 47.7084189], [0.4376194, 47.7079878], [0.4373202, 47.7078648], [0.4371572, 47.7077753], [0.4370418, 47.7076995], [0.4369347, 47.7076135], [0.4368527, 47.7075217], [0.4367883, 47.7074242], [0.4367147, 47.7073178], [0.4365885, 47.7070985], [0.4364663, 47.706846], [0.4361993, 47.7062732], [0.4361285, 47.70615], [0.4360293, 47.7060038], [0.4359159, 47.7058713], [0.4357463, 47.7056987], [0.4355541, 47.7055073], [0.4350932, 47.7050535], [0.434603, 47.7045995], [0.4344521, 47.7044804], [0.4342753, 47.704358], [0.433887, 47.7041155], [0.4338256, 47.7040859], [0.4337646, 47.7040683], [0.4336975, 47.7040742], [0.4336231, 47.7040877], [0.4336097, 47.7040624], [0.4335648, 47.7040115], [0.4331315, 47.7034794], [0.4326035, 47.7027877], [0.4323631, 47.7024945], [0.431514, 47.7014514], [0.4309088, 47.7006747], [0.4304351, 47.7000702], [0.4301412, 47.6996724], [0.4296988, 47.6991476], [0.4296081, 47.699047], [0.429482, 47.698936], [0.4293224, 47.6988156], [0.4292179, 47.6987335], [0.4290314, 47.6986156], [0.4288463, 47.6985154], [0.4286747, 47.6984381], [0.4285486, 47.6983845], [0.4284145, 47.6983322], [0.4282509, 47.6982798], [0.4279631, 47.6981965], [0.427032, 47.6979236], [0.4260888, 47.6976691], [0.4257019, 47.6975595], [0.425148, 47.6974006], [0.4250712, 47.6974848], [0.4247914, 47.6974348], [0.4245774, 47.6973952], [0.4244188, 47.6973541], [0.4239558, 47.697192], [0.4238991, 47.6971686], [0.4238528, 47.6971431], [0.4238078, 47.6971019], [0.4237672, 47.6970442], [0.4236823, 47.6970164], [0.4236018, 47.6969901], [0.4232601, 47.6968484], [0.4231723, 47.696808], [0.4230804, 47.6967658], [0.4229771, 47.6967132], [0.4228534, 47.6966581], [0.4226361, 47.6965786], [0.4222328, 47.6964311], [0.4221389, 47.6963943], [0.4220038, 47.6963476], [0.4218938, 47.6963176], [0.4217902, 47.6962935], [0.421635, 47.6962607], [0.4209487, 47.696134], [0.4208551, 47.6961169], [0.4207659, 47.6960891], [0.4206717, 47.6960611], [0.4205256, 47.6960323], [0.420426, 47.6960176], [0.4203086, 47.6959912], [0.4202064, 47.6959555], [0.4201038, 47.6959086], [0.4200448, 47.6958779], [0.4198959, 47.6957809], [0.4198285, 47.6957348], [0.4197732, 47.6956908], [0.4197182, 47.6956459], [0.41968, 47.6956114], [0.419626, 47.6955487], [0.4194536, 47.6953411], [0.4193528, 47.6952721], [0.4188907, 47.6951163], [0.4187853, 47.6950928], [0.4187214, 47.6950786], [0.4186947, 47.6950728]], [[0.4677828, 47.869383], [0.4678161, 47.8694402], [0.4678342, 47.8694788], [0.4678544, 47.8695315], [0.4679107, 47.8696844], [0.4679591, 47.8697901], [0.4679997, 47.8698752], [0.4680185, 47.8699167], [0.4680812, 47.8700648], [0.4681492, 47.8704901]], [[0.2893124, 47.9840473], [0.2892832, 47.9840215], [0.2892675, 47.9839909], [0.2892669, 47.9839586], [0.2892813, 47.9839277], [0.2893095, 47.9839015], [0.2893485, 47.9838824], [0.289399, 47.983872], [0.2894517, 47.9838738], [0.2895004, 47.9838874], [0.2895393, 47.9839114]], [[0.286929, 47.9864761], [0.2869209, 47.9864494], [0.2869011, 47.9863838], [0.2866699, 47.9861602], [0.2863733, 47.9858611], [0.2862862, 47.9857865], [0.285894, 47.9854401], [0.2856741, 47.9852361], [0.2854991, 47.9851607], [0.2854423, 47.9851463], [0.2852297, 47.9851225], [0.2847483, 47.9851063], [0.284676, 47.9851039], [0.2846012, 47.9851014], [0.2844352, 47.9850958], [0.2843459, 47.985093], [0.2842504, 47.9850892], [0.2841388, 47.9850865], [0.2838595, 47.9850867], [0.2836983, 47.9850868], [0.2836436, 47.9850881], [0.2834488, 47.9851171], [0.2833677, 47.985152], [0.2833075, 47.9851779], [0.2829837, 47.985317], [0.2828062, 47.9853933], [0.2826437, 47.9854693], [0.2819965, 47.9857568], [0.2817798, 47.9858462], [0.2818066, 47.9859902], [0.2818476, 47.9862554], [0.2818646, 47.9863309], [0.2818771, 47.9863862], [0.2819127, 47.9864628], [0.281957, 47.9865139], [0.2822567, 47.9867193], [0.2825905, 47.9869643], [0.2826653, 47.9870599], [0.2826838, 47.9870835]], [[0.2827761, 47.9871875], [0.2827398, 47.9871986], [0.2826999, 47.9871983], [0.282664, 47.9871865], [0.2826402, 47.987167], [0.2826302, 47.9871427], [0.2826358, 47.9871178], [0.2826546, 47.9870974], [0.2826838, 47.9870835], [0.2827145, 47.9870783], [0.282746, 47.9870805], [0.2827745, 47.9870898], [0.2827965, 47.9871051], [0.2828093, 47.9871245], [0.2828114, 47.9871456], [0.2828002, 47.987169], [0.2827761, 47.9871875]], [[0.2827761, 47.9871875], [0.28281, 47.9872098], [0.2828314, 47.9872369], [0.2833514, 47.9878962], [0.2834274, 47.9879899], [0.2834812, 47.9880561], [0.2835987, 47.9882009], [0.2837897, 47.9884362], [0.2838225, 47.9884767], [0.2838593, 47.988522], [0.2839092, 47.9885835], [0.2840915, 47.9888213], [0.2841363, 47.9888797], [0.2841784, 47.9889367], [0.284493, 47.9893624], [0.2845198, 47.9894051], [0.2845794, 47.9894947], [0.2846068, 47.9895414], [0.2848992, 47.9900391], [0.2849667, 47.9901978], [0.2850069, 47.9902925], [0.2850972, 47.9905692], [0.2851524, 47.9907449], [0.2851716, 47.9908059], [0.2851859, 47.9908513], [0.2852088, 47.9909243], [0.2852302, 47.9909925], [0.2853045, 47.9912512], [0.2853602, 47.9914451], [0.2854698, 47.9917558], [0.2856137, 47.9919961], [0.2857474, 47.9922194], [0.2861162, 47.9928353], [0.286288, 47.9931821], [0.2863497, 47.9934099], [0.2863724, 47.9934939], [0.2864044, 47.9937881], [0.2864539, 47.9942791], [0.2864569, 47.9944876], [0.2864044, 47.9946474], [0.2863827, 47.9947073], [0.286208, 47.9950744], [0.286179, 47.9951308], [0.2861495, 47.9952165], [0.286128, 47.9953376], [0.2861166, 47.9954539], [0.2861154, 47.9956526], [0.2861092, 47.9967063], [0.2861079, 47.9971778], [0.2860891, 47.9976638], [0.2860764, 47.9977544], [0.2860589, 47.9978312], [0.2860247, 47.9979281], [0.2859738, 47.9980371], [0.2859054, 47.9981471], [0.2858088, 47.9982624], [0.2856928, 47.998375], [0.2855828, 47.9984697], [0.2854722, 47.9985424], [0.2853327, 47.9986155], [0.2852093, 47.9986707], [0.2851027, 47.9987047], [0.2848801, 47.9987672], [0.2843887, 47.9988872], [0.2838733, 47.999013], [0.2829976, 47.999231], [0.2825305, 47.9993473], [0.2791489, 48.000198], [0.2789176, 48.0002595], [0.2787868, 48.0002985], [0.2787191, 48.0003288], [0.2786584, 48.000369], [0.2785964, 48.0004188], [0.2785649, 48.000399], [0.2783583, 48.0003017], [0.2781102, 48.0002281], [0.2778085, 48.0001823], [0.2774879, 48.0001527], [0.2763239, 48.0000863], [0.2753676, 48.0000482], [0.2730891, 47.9999122], [0.2704868, 47.9997455], [0.2700904, 47.999704], [0.2698611, 47.9996704], [0.2696552, 47.9996278], [0.2694406, 47.9995474], [0.2653033, 47.9968799], [0.2650301, 47.9966932], [0.2649513, 47.9966463], [0.264903, 47.996634], [0.2648614, 47.9966371], [0.2647701, 47.9965538], [0.2646446, 47.9964726], [0.2644046, 47.9963172], [0.2632749, 47.9955867], [0.2626905, 47.995199], [0.2626372, 47.9951772], [0.2625917, 47.9951309], [0.2625447, 47.9951824], [0.2625179, 47.9952012], [0.2617548, 47.9960391], [0.2610611, 47.9967697], [0.2604307, 47.9974703], [0.2602328, 47.9976573], [0.2597881, 47.9981582], [0.259771, 47.9982941], [0.259766, 47.9985514], [0.2596889, 47.9987346], [0.2593689, 47.9991455], [0.2592287, 47.9992509], [0.2583024, 47.9999089], [0.2582196, 47.9999465], [0.2579188, 48.0000137], [0.2574224, 48.0002212], [0.2571701, 48.0003416], [0.2570153, 48.000527], [0.2567302, 48.000798], [0.2564909, 48.0011252], [0.2563523, 48.0012432], [0.2562778, 48.0012695], [0.2561814, 48.0012746], [0.2560811, 48.0012692], [0.2559786, 48.0012637], [0.2557539, 48.0012284], [0.2554123, 48.0011567], [0.2552294, 48.0011157], [0.2550096, 48.0010456], [0.2547967, 48.0009375], [0.2544843, 48.0007822], [0.2540979, 48.000685], [0.2536293, 48.0005277], [0.2535167, 48.0004854], [0.2534389, 48.0004246], [0.25332, 48.0002637], [0.2531637, 48.0000778], [0.2530496, 47.9998822], [0.2529286, 47.9998882], [0.2527873, 47.999902], [0.2525837, 47.9999235], [0.2524599, 47.9999206], [0.2521249, 47.9998555], [0.2518886, 47.9998232], [0.2516635, 47.9997642], [0.2515117, 47.9996928], [0.2513443, 47.9996029], [0.2510876, 47.9994148], [0.2506555, 47.9989938], [0.2502468, 47.9985367], [0.2501612, 47.9983474], [0.2499691, 47.9982496], [0.2492691, 47.9975561], [0.2491481, 47.9973488], [0.248882, 47.9971471], [0.2484292, 47.9967597], [0.2479248, 47.9964819], [0.2475413, 47.9963184], [0.2471432, 47.9961851], [0.2462633, 47.9959443], [0.2460778, 47.9958935], [0.245973, 47.9958909], [0.2458186, 47.9959039], [0.2457112, 47.995901], [0.2450401, 47.9957966], [0.2437457, 47.9955333], [0.2436278, 47.9955096], [0.243562, 47.9954799], [0.2435017, 47.9954377], [0.2434494, 47.9953744], [0.2433836, 47.9953094], [0.2433132, 47.9952524], [0.2431986, 47.9951905], [0.2430236, 47.9951267], [0.2428821, 47.9950729], [0.2427875, 47.9950352], [0.2427198, 47.9950024], [0.2426548, 47.9949661], [0.2426078, 47.994932], [0.2425455, 47.9948728], [0.242465, 47.9947812], [0.2424093, 47.9947072], [0.242345, 47.9945928], [0.242288, 47.9945111], [0.242229, 47.9944406], [0.242123, 47.9943446], [0.241838, 47.9940938], [0.2417495, 47.9940381], [0.2416422, 47.9939811], [0.2415477, 47.9939237], [0.2414618, 47.9938514], [0.2413841, 47.9937698], [0.241321, 47.9936881], [0.2412828, 47.9936203], [0.2412654, 47.9935499], [0.2412479, 47.993422], [0.2411675, 47.9931451], [0.2411566, 47.9929649], [0.241112, 47.9928514], [0.2410291, 47.9927626], [0.2408466, 47.9926412], [0.2408101, 47.9926089], [0.2407543, 47.9925784], [0.2406947, 47.9925624], [0.2406365, 47.992563], [0.2405351, 47.9925245], [0.2404755, 47.9924796], [0.2404225, 47.9924235], [0.2403617, 47.9922955], [0.2400713, 47.9917637], [0.2398297, 47.9912996], [0.2396111, 47.990882], [0.2395682, 47.9908161], [0.2395383, 47.9907729], [0.2394857, 47.9906602], [0.2393108, 47.9907873], [0.2392205, 47.9907255], [0.2391993, 47.9907374], [0.2390166, 47.9908673], [0.2389179, 47.9909491], [0.2385364, 47.991245], [0.2384526, 47.9912954], [0.2380607, 47.9915956], [0.2379258, 47.9915217], [0.2375227, 47.9912826], [0.2373254, 47.9911703], [0.2372732, 47.9911469], [0.237199, 47.9911286], [0.2368079, 47.9910306], [0.2361287, 47.9908636], [0.2354903, 47.9907093], [0.2354096, 47.9906994], [0.2353069, 47.9906178], [0.2352381, 47.9905389], [0.2351885, 47.9904258], [0.2351993, 47.9903026], [0.2351899, 47.9902339], [0.2351347, 47.9901866], [0.2350119, 47.9901732], [0.2345865, 47.9901424], [0.2341705, 47.9901102], [0.2336592, 47.9900125], [0.2334585, 47.9899603], [0.2332686, 47.989911], [0.2327547, 47.9897764], [0.2325928, 47.9897603], [0.2325364, 47.9897527], [0.2324107, 47.9898534], [0.2323851, 47.9898841], [0.2322012, 47.9898801], [0.2320567, 47.9898564], [0.2318362, 47.9898352], [0.2316919, 47.9898113], [0.2314162, 47.9897685], [0.2311354, 47.9897068], [0.2309607, 47.9896912], [0.2307903, 47.9897033], [0.2306524, 47.9897356], [0.2305761, 47.9897619], [0.230292, 47.9899279], [0.2299572, 47.9901726], [0.2297866, 47.9903221], [0.2297216, 47.9904465], [0.2296315, 47.9904746], [0.2291584, 47.9905089], [0.2283764, 47.9905419], [0.2278927, 47.9905211], [0.2274166, 47.9904556], [0.2271563, 47.9904127], [0.226995, 47.9903807], [0.2268884, 47.9903588], [0.2266103, 47.9903165], [0.2263034, 47.9903145], [0.226064, 47.9902916], [0.2257926, 47.9902411], [0.2256232, 47.9902139], [0.2253092, 47.990202], [0.2249058, 47.9902136], [0.2241327, 47.9903073], [0.2240767, 47.9903147], [0.2239789, 47.9902397], [0.2238523, 47.9899726], [0.2236375, 47.9897037], [0.2234232, 47.9894355], [0.2233611, 47.9893138], [0.2232933, 47.989245], [0.2230957, 47.9890445], [0.2228558, 47.9888224], [0.2227304, 47.9886943], [0.2224664, 47.9884245], [0.2217907, 47.9875902], [0.2216153, 47.9874116], [0.2215156, 47.9873285], [0.221433, 47.9872743], [0.2211347, 47.987049], [0.2209599, 47.9869139], [0.2206474, 47.9867695], [0.2204617, 47.9866965], [0.2199064, 47.9865084], [0.2193847, 47.9863803], [0.2185882, 47.9862665], [0.2183605, 47.9862458], [0.2179404, 47.9862075], [0.2172565, 47.9862259], [0.2169125, 47.9862883], [0.2167479, 47.9863624], [0.2167079, 47.9864216], [0.2166679, 47.9864899], [0.2161294, 47.9863517], [0.2158266, 47.9862322], [0.2155373, 47.9860897], [0.2148603, 47.9858911], [0.2138141, 47.9858996], [0.2137359, 47.9859079], [0.2137218, 47.9859094], [0.2137809, 47.9860233], [0.213798, 47.9861483], [0.2138045, 47.9861963], [0.2138051, 47.986201], [0.2137317, 47.9862067], [0.2136605, 47.9862191], [0.2135834, 47.986242], [0.2135185, 47.9862732], [0.2130179, 47.986805], [0.2129672, 47.9868606], [0.2129359, 47.9868951], [0.212886, 47.98695], [0.2128321, 47.9870092], [0.2128087, 47.9870286], [0.2127631, 47.9870694], [0.2126031, 47.9870102], [0.2125223, 47.9869836], [0.2124284, 47.9869609], [0.2122776, 47.9869243], [0.2116655, 47.986776], [0.2116356, 47.9867688], [0.2115279, 47.9867414], [0.2114127, 47.9867148], [0.2113374, 47.986697], [0.2112277, 47.9866709], [0.2110025, 47.9866609], [0.210675, 47.9865867], [0.210614, 47.9865729], [0.2098112, 47.9863871], [0.2097189, 47.9863656], [0.2093846, 47.9862875], [0.209268, 47.9862606], [0.2091903, 47.9862427], [0.2091531, 47.9862341], [0.2090731, 47.9862157], [0.208975, 47.986193], [0.2089031, 47.9861764], [0.2088714, 47.9862339], [0.2087847, 47.9863775], [0.2087742, 47.986399], [0.2086873, 47.9865716], [0.2085197, 47.9869041], [0.208374, 47.9871886], [0.2083144, 47.9872963], [0.2079276, 47.9880004], [0.2078531, 47.988136], [0.2078052, 47.9882244], [0.2075967, 47.9885939], [0.2074291, 47.9888461], [0.2071383, 47.9892392], [0.2070586, 47.9893479], [0.2070085, 47.9894295], [0.206728, 47.989786], [0.2066423, 47.9898944], [0.2065474, 47.9900155], [0.2061211, 47.9905574], [0.2054879, 47.9913621], [0.2053662, 47.9915168], [0.2053455, 47.991543], [0.205191, 47.9917394], [0.2050737, 47.9918874], [0.2050324, 47.991941], [0.2049799, 47.992002], [0.2049225, 47.9920703], [0.2048164, 47.9921952], [0.2047675, 47.9922625], [0.2046919, 47.9923661], [0.204685, 47.9923756], [0.2046193, 47.9924719], [0.2043887, 47.9925113], [0.2043437, 47.992519], [0.2041711, 47.9925489], [0.2040984, 47.9925829], [0.2033804, 47.9927153], [0.203361, 47.9927187], [0.203279, 47.9927333], [0.2031654, 47.9927507], [0.2030172, 47.9927733], [0.2024264, 47.9929], [0.2021544, 47.9929561], [0.201944, 47.9930002], [0.2018809, 47.9930378], [0.201806, 47.9931177], [0.2002449, 47.9935166], [0.1991658, 47.9937924], [0.1991212, 47.9938038], [0.1989868, 47.9938381], [0.1988985, 47.9938607], [0.1987502, 47.9939008], [0.1987203, 47.9939089], [0.1979915, 47.9941057], [0.1972567, 47.9943043], [0.1970714, 47.9943543], [0.1965653, 47.9944911], [0.1962486, 47.9945766], [0.1957784, 47.9947037], [0.1957472, 47.9947121], [0.1957047, 47.9947266], [0.1955883, 47.9948116], [0.1955706, 47.9948245], [0.1955544, 47.9948363], [0.1954621, 47.9949039], [0.1954395, 47.9949201], [0.195391, 47.9949548], [0.1953248, 47.9950021], [0.1952556, 47.9950588], [0.1952399, 47.9950717], [0.1951754, 47.9951227], [0.1949628, 47.9952333], [0.1948478, 47.9953274], [0.1948252, 47.9953369], [0.1948053, 47.9953489], [0.1947888, 47.9953629], [0.1947252, 47.9953805], [0.1946337, 47.9954058], [0.1945388, 47.9954701], [0.1943119, 47.9955413], [0.1939622, 47.995651], [0.1938263, 47.9956936], [0.1937936, 47.9957039], [0.1935101, 47.9957927], [0.193362, 47.9958391], [0.1931261, 47.9959131], [0.1930904, 47.9959244], [0.1929861, 47.9959572], [0.1929495, 47.9959685], [0.1928869, 47.9959881], [0.1928381, 47.9960034], [0.1927807, 47.9960214]], [[0.201806, 47.9931177], [0.2019048, 47.9931126], [0.2029293, 47.9929443], [0.2029706, 47.9929377], [0.2029846, 47.9929376], [0.2029984, 47.9929403], [0.2030123, 47.9929426], [0.2030263, 47.9929428], [0.2030556, 47.9929414], [0.2030863, 47.9929376], [0.2034403, 47.9928716], [0.2034973, 47.992861], [0.2042089, 47.9927304], [0.2043437, 47.992712], [0.2044024, 47.9927089], [0.2045011, 47.9927258], [0.2045825, 47.9927343], [0.2046072, 47.9927369], [0.2046412, 47.9927143], [0.2046954, 47.992663], [0.204807, 47.9926227], [0.204821, 47.992605], [0.2048471, 47.9925702], [0.2049384, 47.9924383], [0.2050151, 47.9923326], [0.20502, 47.992326], [0.2050955, 47.9922218], [0.2051813, 47.9921035], [0.2052296, 47.9920368], [0.2052674, 47.9919849], [0.205361, 47.9918628], [0.2055567, 47.9916078], [0.2056333, 47.9915099], [0.20571, 47.9914082], [0.205728, 47.9913846], [0.2058158, 47.9912702], [0.2060604, 47.9909515], [0.2062507, 47.9907036], [0.2063132, 47.9906222], [0.2068252, 47.9899551], [0.2068791, 47.9898849], [0.2071834, 47.9894884], [0.2072481, 47.9894123], [0.2073793, 47.9892392], [0.207458, 47.9891352], [0.2076296, 47.988907], [0.2077017, 47.9887853], [0.2077922, 47.9886324], [0.2080051, 47.9882729], [0.2080501, 47.9881806], [0.2081244, 47.9880471], [0.2081555, 47.9879899], [0.2083854, 47.9875741], [0.2085175, 47.9873353], [0.2085485, 47.9872794], [0.2085716, 47.9872376], [0.2087817, 47.9868426], [0.2088052, 47.9868189], [0.2088367, 47.9867873], [0.2089574, 47.9866275], [0.2090647, 47.9864875], [0.2091438, 47.9864488], [0.2092334, 47.9864246], [0.2093236, 47.9863973], [0.2093533, 47.9863463], [0.2094176, 47.9863612], [0.2097762, 47.9864448], [0.2098977, 47.9864631], [0.2100716, 47.9864874], [0.2103242, 47.986542], [0.2105733, 47.9865996], [0.2106569, 47.9866189], [0.2108849, 47.9866701], [0.2109813, 47.9867128], [0.2111713, 47.9867729], [0.2112494, 47.9867917], [0.2114884, 47.9868494], [0.2122098, 47.9870209], [0.2124848, 47.9870935], [0.2125253, 47.9871089], [0.2126652, 47.9871742], [0.2127006, 47.9871357], [0.212726, 47.9871108], [0.2127631, 47.9870694]], [[0.1951754, 47.9951227], [0.1950298, 47.9952666], [0.1950108, 47.9953096], [0.1950014, 47.9953309], [0.195023, 47.9953414], [0.1950413, 47.9953541], [0.1950561, 47.9953687], [0.1950672, 47.9953848], [0.195074, 47.9954018], [0.1950765, 47.9954194], [0.1950745, 47.9954371], [0.1950682, 47.9954542], [0.1950575, 47.9954704], [0.195043, 47.9954852], [0.195025, 47.995498], [0.1950041, 47.9955088], [0.1949794, 47.9955173], [0.1949555, 47.9955225], [0.1949294, 47.995525], [0.194903, 47.9955246], [0.1948771, 47.9955212], [0.1948524, 47.995515], [0.1948296, 47.9955061], [0.1948094, 47.9954947], [0.1947922, 47.995481], [0.1947786, 47.9954657], [0.1947121, 47.9954623], [0.1946659, 47.9954592], [0.1945388, 47.9954701]]]}, "properties": {"name": "La Sarthe à Vélo du Mans à Château-du-Loir", "network": "rcn", "ref": "V438", "route": "bicycle", "source": "ON3V", "type": "route", "id": "V438", "distance": 67.09, "dureeEstim": 16.77, "denivelePo": null, "deniveleNe": null, "altiMax": null, "altiMin": null}}, {"type": "Feature", "geometry": {"type": "MultiLineString", "coordinates": [[[0.4181014, 47.6836943], [0.417926, 47.6836686], [0.4177447, 47.6836591], [0.4176468, 47.6836662], [0.4176002, 47.6836466], [0.4175454, 47.6836448], [0.4174963, 47.6836615], [0.4174228, 47.68366], [0.417215, 47.6836688], [0.417337, 47.6836988], [0.4174676, 47.6837433], [0.4174885, 47.6837656], [0.4175197, 47.6837813], [0.4175491, 47.6837879], [0.4175801, 47.6837885], [0.41761, 47.6837832], [0.4176468, 47.683766], [0.4176701, 47.6837402], [0.4177353, 47.6837232], [0.4177849, 47.6837087], [0.4178399, 47.6837024], [0.4179203, 47.6837042], [0.4181014, 47.6836943], [0.4198352, 47.6837738], [0.4201606, 47.6837841], [0.4203591, 47.6837788], [0.4205402, 47.6837679], [0.4207063, 47.6837527], [0.4208655, 47.6837332], [0.4210508, 47.6836936], [0.421927, 47.683489], [0.4220855, 47.6834514], [0.4226481, 47.6833196], [0.4229568, 47.6832582], [0.4233221, 47.6832079], [0.4242296, 47.6830937], [0.4243984, 47.6830693], [0.4245631, 47.6830397], [0.4248031, 47.6829881], [0.4260343, 47.6826766], [0.4261686, 47.6826462], [0.4262779, 47.6826228], [0.4263656, 47.6826089], [0.4265363, 47.6825838], [0.4267168, 47.6825634], [0.4270682, 47.6825414], [0.4273713, 47.6825252], [0.4277365, 47.6825056], [0.4279748, 47.6824993], [0.4282134, 47.6825054], [0.4284336, 47.682525], [0.4287225, 47.6825597], [0.4287323, 47.6825287], [0.4288961, 47.6820435], [0.4289255, 47.6819555], [0.4289441, 47.6819177], [0.4290253, 47.6817123], [0.4290515, 47.6816565], [0.4290777, 47.6816195], [0.4291192, 47.681582], [0.4291669, 47.6815545], [0.4292197, 47.6815274], [0.4293072, 47.6814924], [0.4294585, 47.6814448], [0.4295943, 47.681404], [0.4296885, 47.6813847], [0.4297938, 47.681373], [0.4299113, 47.6813751], [0.4300781, 47.6813811], [0.4302397, 47.6813883], [0.4303823, 47.6813872], [0.4306226, 47.6813805], [0.4307876, 47.6813793], [0.430919, 47.6813892], [0.4310484, 47.6814096], [0.4312152, 47.6814417], [0.4316641, 47.6815611], [0.4319538, 47.6816765], [0.4324716, 47.6819266], [0.4325724, 47.6819609], [0.4326579, 47.6819719], [0.4331235, 47.6820233], [0.4334567, 47.6820795], [0.4337138, 47.6821775], [0.4341715, 47.6823521], [0.4342574, 47.6823794], [0.435152, 47.6826085], [0.4355701, 47.6827511], [0.4361195, 47.6829647], [0.4366376, 47.6831186], [0.4367296, 47.6831427], [0.4371735, 47.6832588], [0.4380314, 47.6834745], [0.4383362, 47.6835636], [0.4390637, 47.6838355], [0.4395324, 47.6840395], [0.4397463, 47.6841915], [0.4400143, 47.6840434], [0.440508, 47.6837697], [0.440655, 47.6837141], [0.4407335, 47.6837244], [0.4409127, 47.6838111], [0.4412134, 47.6839447], [0.4419738, 47.6841357], [0.4420213, 47.6841566], [0.442136, 47.6840456], [0.4421879, 47.6840711], [0.4422763, 47.6841245], [0.4423754, 47.6842319], [0.4425126, 47.6844567], [0.4431009, 47.6854713], [0.4431661, 47.6855342], [0.4432666, 47.6856054], [0.4433725, 47.6856344], [0.444118, 47.6857447], [0.4443648, 47.6858223], [0.4444734, 47.6858711], [0.4445537, 47.6859321], [0.4446408, 47.6860233], [0.4446856, 47.6861021], [0.4446977, 47.6861805], [0.4446793, 47.6862728], [0.4447134, 47.6863197], [0.4448694, 47.686357], [0.4449002, 47.6863919], [0.4449024, 47.6864191], [0.4452484, 47.6864904], [0.446754, 47.6868783], [0.4473496, 47.6870514], [0.4478425, 47.6872598], [0.4481991, 47.6874105], [0.4485199, 47.6875005], [0.4514224, 47.6882015], [0.4528327, 47.688632], [0.4537838, 47.6889797], [0.4556253, 47.6896392], [0.456138, 47.6898553], [0.4565889, 47.6900576], [0.457252, 47.6903043], [0.4579924, 47.6905454], [0.4584418, 47.6907372], [0.4592213, 47.691148], [0.4595471, 47.6908463], [0.4598146, 47.6906759], [0.4601247, 47.6909069], [0.4606468, 47.6914116], [0.4611287, 47.6916875], [0.4611449, 47.6916967], [0.4616079, 47.6918701], [0.4620837, 47.6922105], [0.4627079, 47.6927138], [0.4631555, 47.6924501], [0.4633458, 47.692362], [0.4635736, 47.6922921], [0.4637418, 47.6922675], [0.4641492, 47.6924565], [0.4644562, 47.6926573], [0.4657183, 47.6937142], [0.4660263, 47.6939721], [0.4663869, 47.6944777], [0.4671701, 47.6949496], [0.4673068, 47.6950231], [0.467686, 47.6953466], [0.4682118, 47.6958978], [0.468625, 47.6963781], [0.4689706, 47.6969191], [0.4695941, 47.6980871], [0.4696005, 47.6981096], [0.4697068, 47.6984815], [0.4699606, 47.6988294], [0.4701648, 47.6990651], [0.4706979, 47.6994594], [0.4709178, 47.6996711], [0.4710729, 47.6998962], [0.4715726, 47.7006328], [0.4716799, 47.7008061], [0.4717416, 47.7009574], [0.4717628, 47.7010887], [0.4717817, 47.7013588], [0.4717858, 47.7014018], [0.4717803, 47.701453], [0.4717031, 47.7015072], [0.4717845, 47.701558], [0.4718555, 47.7016212], [0.4720084, 47.7017665], [0.4722541, 47.7020209], [0.4726696, 47.7024344], [0.4731169, 47.7028582], [0.4732141, 47.7029605], [0.473323, 47.7030929], [0.4733551, 47.7031369], [0.4734837, 47.7033288], [0.4736137, 47.7035517], [0.4740322, 47.7042204], [0.4747096, 47.7053056], [0.4747564, 47.7053973], [0.4747885, 47.7054713], [0.4748167, 47.7055686], [0.4748435, 47.7057502], [0.4748864, 47.7060462], [0.474924, 47.7062889], [0.4749731, 47.706557], [0.4749951, 47.7066535], [0.4750232, 47.7067375], [0.4750581, 47.7068277], [0.4750908, 47.7068986], [0.4751255, 47.706973], [0.4751558, 47.7070207], [0.4752179, 47.7071204], [0.4753463, 47.7073261], [0.4754108, 47.7074157], [0.4755753, 47.707577], [0.4760609, 47.7079296], [0.4763259, 47.7081901], [0.4764491, 47.7083403], [0.4765574, 47.7085004], [0.4765895, 47.7085383], [0.4766688, 47.7086326], [0.4767233, 47.7086905], [0.4768378, 47.7088005], [0.4769506, 47.7088854], [0.4772567, 47.7091027], [0.4774909, 47.7092634], [0.47762, 47.7093706], [0.4777118, 47.7094643], [0.4777537, 47.7095071], [0.4778865, 47.7096731], [0.4780069, 47.7098322], [0.4781091, 47.7099917], [0.4782231, 47.7101676], [0.4783291, 47.7103102], [0.4784323, 47.7104311], [0.4785223, 47.7105231], [0.4787636, 47.7107388], [0.4788803, 47.7108462], [0.4789594, 47.7109304], [0.479001, 47.7109159], [0.4791163, 47.7108859], [0.4792705, 47.7108361], [0.4793356, 47.7108133], [0.4793836, 47.7107961], [0.4797654, 47.7106484], [0.4802731, 47.7104457], [0.4804091, 47.7103941], [0.4805406, 47.7103522], [0.4806532, 47.7103246], [0.4807901, 47.7102964], [0.4809335, 47.7102804], [0.481193, 47.7102604], [0.4818897, 47.7102164], [0.4826622, 47.710173], [0.4840979, 47.7100953], [0.4844418, 47.7100711], [0.4848166, 47.7100379], [0.4872425, 47.7097691], [0.4879756, 47.7096875], [0.4890794, 47.7095684], [0.4907139, 47.7093949], [0.4909019, 47.7093771], [0.4910628, 47.7093699], [0.4911919, 47.7093698], [0.4913123, 47.7093762], [0.4914054, 47.709388], [0.4915389, 47.7094087], [0.4918046, 47.7094646], [0.4936399, 47.7099047], [0.49402, 47.709988], [0.4942667, 47.7100341], [0.4945021, 47.7100768], [0.4962221, 47.7103824], [0.4969181, 47.7105024], [0.4975538, 47.7106143], [0.4979485, 47.7106751], [0.4982445, 47.7107208], [0.4985025, 47.7107539], [0.4987702, 47.710784], [0.4989767, 47.7108002], [0.4992086, 47.710811], [0.4995601, 47.7108174], [0.4998782, 47.7108198], [0.5001083, 47.7108173], [0.5019411, 47.710803], [0.5028732, 47.7107925], [0.5032951, 47.7107901], [0.5034346, 47.7107893], [0.5036244, 47.7107882], [0.5051576, 47.7107793], [0.5053778, 47.7107704], [0.5055686, 47.7107501], [0.5057439, 47.7107244], [0.5059349, 47.7106931], [0.5060913, 47.7106625], [0.5070065, 47.7104834], [0.5071403, 47.7104542], [0.5085421, 47.7101733], [0.5086875, 47.710156], [0.5088232, 47.7101535], [0.5090923, 47.7101582], [0.5092316, 47.7101681], [0.5094092, 47.7101807], [0.5095627, 47.7101916], [0.5097094, 47.7101835], [0.5098651, 47.7101465], [0.5100015, 47.710111], [0.5101899, 47.7100237], [0.5103582, 47.7099339], [0.5104477, 47.7098861], [0.5104776, 47.7098701], [0.5104911, 47.7098245], [0.5104954, 47.7097706], [0.5104914, 47.7097462], [0.510485, 47.7097076], [0.5104549, 47.7096524], [0.51019, 47.7093786], [0.5101334, 47.7092896], [0.5098805, 47.7088268], [0.509593, 47.7082977], [0.5095145, 47.7081496], [0.5092506, 47.7076523], [0.5092141, 47.7075835], [0.5089076, 47.7069856], [0.5088344, 47.7068465], [0.5086339, 47.7064649], [0.508412, 47.7060544], [0.508364, 47.7059646], [0.5080543, 47.7053916], [0.5078176, 47.7049841], [0.5076324, 47.7046973], [0.5074611, 47.7044638], [0.5073297, 47.7043092], [0.5072094, 47.7041808], [0.5072676, 47.7041413], [0.507961, 47.7036628], [0.508205, 47.7035557], [0.5083993, 47.7034966], [0.509703, 47.7031689], [0.5100883, 47.7030537], [0.5120004, 47.7023289], [0.5114693, 47.7014734], [0.5113971, 47.7012453], [0.5113208, 47.7010184], [0.5112486, 47.7009428], [0.51105, 47.7008483], [0.5094651, 47.7004392], [0.5092485, 47.7003285], [0.508579, 47.6998521], [0.5079986, 47.699455], [0.5076516, 47.6992241], [0.5072804, 47.6988352], [0.5071528, 47.6987547], [0.5075122, 47.6981157], [0.5075885, 47.698015], [0.5080934, 47.6972857], [0.5083177, 47.6969015], [0.5084612, 47.6964723], [0.5085882, 47.6962726], [0.5088392, 47.696022], [0.5092533, 47.6957409], [0.5100731, 47.6952065], [0.5105617, 47.6948564], [0.510701, 47.6947021], [0.510777, 47.694573], [0.51093, 47.6940243], [0.5109763, 47.6939732], [0.5110219, 47.6939227], [0.5111621, 47.6938528], [0.5114872, 47.6937419], [0.5116694, 47.6937322], [0.5118588, 47.6937478], [0.5126883, 47.6938692], [0.5133475, 47.6939493], [0.5149503, 47.6943431], [0.5151236, 47.6943842], [0.5152823, 47.6943922], [0.5155607, 47.694352], [0.5163866, 47.694124], [0.5166002, 47.6940313], [0.5167559, 47.6939295], [0.517276, 47.6933465], [0.5173744, 47.6932335], [0.5173435, 47.6932136], [0.5172686, 47.6931605], [0.5172081, 47.6930944], [0.5162179, 47.691587], [0.5160986, 47.6914722], [0.515951, 47.6914486], [0.5154842, 47.6915393], [0.5153128, 47.6915352], [0.515146, 47.6914761], [0.5140353, 47.6901751], [0.5139021, 47.6901041], [0.5137469, 47.6901039], [0.5133794, 47.6902068], [0.5132106, 47.6902068], [0.5130522, 47.6901597], [0.5128832, 47.6900371], [0.5128272, 47.6899621], [0.5126874, 47.6897067], [0.5125707, 47.6895808], [0.5121034, 47.689222], [0.5117688, 47.6889416], [0.5109863, 47.6879283], [0.5107371, 47.6876651], [0.5094878, 47.6864772], [0.509399, 47.6863303], [0.5093202, 47.6861584], [0.5089656, 47.6849651], [0.5089598, 47.6848159], [0.5090945, 47.6846189], [0.509131, 47.6845141], [0.5091257, 47.6844295], [0.5090577, 47.6843525], [0.5084559, 47.6839127], [0.5081031, 47.6837072], [0.5078584, 47.6836103], [0.5070907, 47.6833964], [0.5069362, 47.6833321], [0.5067483, 47.6832208], [0.506667, 47.6831509], [0.5065001, 47.6827903], [0.5063677, 47.6825118], [0.5062168, 47.6822858], [0.5060002, 47.6819936], [0.505746, 47.6817329], [0.5049421, 47.6811025], [0.5030333, 47.6797423], [0.5027601, 47.6795304], [0.5026153, 47.679404], [0.502491, 47.6792452], [0.5022816, 47.6788818], [0.5021027, 47.6786798], [0.501853, 47.6785291], [0.5012186, 47.6782194], [0.5003584, 47.6779575], [0.5001638, 47.6778816], [0.5000168, 47.677778], [0.4996287, 47.6773458], [0.4994852, 47.6772008], [0.4993454, 47.6770997], [0.4989165, 47.6768396], [0.4987548, 47.6767031], [0.4985325, 47.6764189], [0.4963103, 47.6763795], [0.4947606, 47.6765222], [0.4942635, 47.6765075], [0.4931756, 47.6763803], [0.4926427, 47.6762648], [0.4923773, 47.6761524], [0.4920705, 47.675971], [0.4916027, 47.6754591], [0.4910427, 47.6743562], [0.4906986, 47.673843], [0.4903264, 47.6734499], [0.4901766, 47.6732411], [0.4901056, 47.6730859], [0.4899433, 47.6721218], [0.4897678, 47.6712949], [0.4894608, 47.67065], [0.4883424, 47.6689862], [0.4878819, 47.6683217], [0.4877108, 47.6679652], [0.4876867, 47.6678336], [0.4876998, 47.6676627], [0.4879373, 47.6673052], [0.4879836, 47.6671343], [0.4879832, 47.666753], [0.4879827, 47.6662316], [0.4879369, 47.6660563], [0.4877974, 47.6659001], [0.4870013, 47.6652909], [0.4869679, 47.6652648], [0.4866521, 47.6653803], [0.4859527, 47.6655083], [0.4857493, 47.6655593], [0.4855264, 47.6656476], [0.484873, 47.666089], [0.4843325, 47.6663765], [0.4840752, 47.6664751], [0.4834307, 47.6667221], [0.4826522, 47.6668881], [0.4824638, 47.6669008], [0.48233, 47.6668961], [0.4819579, 47.6668365], [0.4816307, 47.6667571], [0.4812656, 47.6666248], [0.4810699, 47.6665214], [0.4808599, 47.6663721], [0.4805808, 47.6662141], [0.4803289, 47.6661038], [0.4800586, 47.6660203], [0.4791327, 47.6658558], [0.4789299, 47.6658157], [0.477782, 47.6655888], [0.4772756, 47.6654887], [0.4770541, 47.6654585], [0.4769198, 47.6654455], [0.4767848, 47.6654474], [0.4762522, 47.6655322], [0.475868, 47.6655384], [0.4756516, 47.6655217], [0.4754298, 47.6654729], [0.474919, 47.665207], [0.4746669, 47.6651255], [0.4741208, 47.6650507], [0.4735336, 47.6649718], [0.4733521, 47.6649481], [0.4731106, 47.6649166], [0.472673, 47.6648594], [0.4725643, 47.6648452], [0.4724733, 47.6648312], [0.4723841, 47.6648174], [0.4723549, 47.6647374], [0.4723487, 47.664719], [0.4723373, 47.6646851], [0.4722851, 47.6646075], [0.4722609, 47.6645715], [0.4724305, 47.664473], [0.4724071, 47.664429], [0.472374, 47.6643804], [0.4723432, 47.6642674], [0.4722508, 47.6639279], [0.4722248, 47.6638104], [0.4721571, 47.6635639], [0.4721164, 47.6633877], [0.4721085, 47.6633537], [0.4720326, 47.6633618], [0.4719132, 47.6633656], [0.4717982, 47.6633631], [0.4716819, 47.6633516], [0.4715737, 47.6633354], [0.4712432, 47.6632777], [0.4710923, 47.6632374], [0.4710053, 47.6632138], [0.4709215, 47.6631894], [0.4708646, 47.6631685], [0.4706981, 47.6631008], [0.4705561, 47.6630432], [0.4711848, 47.6622786], [0.4716678, 47.6616984], [0.4717255, 47.6616092], [0.4717514, 47.6615312], [0.4717697, 47.661471], [0.4717601, 47.6614091], [0.4717241, 47.6613753], [0.471672, 47.6613419], [0.4703359, 47.6607982], [0.4699378, 47.6606667], [0.469681, 47.6605893], [0.4695663, 47.6605353], [0.4694684, 47.6604747], [0.469399, 47.6604129], [0.4693544, 47.6603492], [0.4693159, 47.6602757], [0.4692113, 47.660057], [0.4691344, 47.6599265], [0.4690567, 47.6598289], [0.4689105, 47.6597021], [0.4686302, 47.6594748], [0.4684638, 47.6593145], [0.468252, 47.6590936], [0.4677585, 47.6584956], [0.4675471, 47.6582717], [0.4672837, 47.6580368], [0.4670048, 47.6578091], [0.4667639, 47.657631], [0.4662202, 47.6573293], [0.4643638, 47.6561427], [0.4623976, 47.6552027], [0.4619665, 47.6549399], [0.4606408, 47.6536959], [0.4601927, 47.6532747], [0.4598762, 47.6529991], [0.4595409, 47.6527407], [0.4588103, 47.6522465], [0.4585838, 47.65208], [0.4584237, 47.6518921], [0.4582314, 47.65171], [0.4580737, 47.651503], [0.4579235, 47.651286], [0.4577117, 47.6509378], [0.4571824, 47.6501839], [0.4570089, 47.6499564], [0.4568855, 47.6497795], [0.4567648, 47.649565], [0.4567269, 47.6494812], [0.4566486, 47.6492655], [0.4566185, 47.6491873], [0.4565345, 47.6488995], [0.456486, 47.6487989], [0.4564332, 47.6487478], [0.4564002, 47.6487277], [0.456319, 47.6486904], [0.45615, 47.6486467], [0.4556741, 47.6485381], [0.4551096, 47.6484156], [0.4547287, 47.6483604], [0.4542065, 47.6483962], [0.4538133, 47.6484164], [0.453402, 47.6484237], [0.4528904, 47.6484023], [0.4522649, 47.6483392], [0.4516764, 47.6482428], [0.4495005, 47.6478454], [0.4485254, 47.6476582], [0.4480582, 47.6475685], [0.4474021, 47.6474393], [0.4470263, 47.6473695], [0.4467759, 47.6473494], [0.4458522, 47.647339], [0.4457359, 47.6473301], [0.4453815, 47.6473029], [0.444749, 47.6472066], [0.4436931, 47.6470461], [0.4434156, 47.6469797], [0.44319, 47.6469017], [0.4428089, 47.6467453], [0.4416489, 47.6462304], [0.4414854, 47.6461519], [0.4412736, 47.646059], [0.4411392, 47.646], [0.4404897, 47.6458121], [0.4401428, 47.6457277], [0.4399742, 47.6456829], [0.4399216, 47.6456883], [0.4398501, 47.6456956], [0.4397601, 47.6457155], [0.4396775, 47.6457483], [0.4394655, 47.6458311], [0.4392764, 47.6459436], [0.4391791, 47.6459998], [0.4391353, 47.6460134], [0.439054, 47.6460189], [0.4389698, 47.6460192], [0.4390009, 47.6462], [0.439016, 47.6462702], [0.4390525, 47.6464396], [0.4391381, 47.6468469], [0.4391624, 47.6469946], [0.4391642, 47.6471543], [0.4391565, 47.6473835], [0.4391886, 47.6475758], [0.4391353, 47.6476504], [0.4390173, 47.6477281], [0.4388873, 47.6478518], [0.4387446, 47.6479876], [0.4378816, 47.6487236], [0.437422, 47.6490611], [0.4365577, 47.6497151], [0.4361756, 47.6500569], [0.4361217, 47.6501051], [0.4359398, 47.6502678], [0.4356737, 47.6504533], [0.4355445, 47.6505532], [0.4355026, 47.6505388], [0.4351493, 47.6503958], [0.4349992, 47.6503446], [0.4347836, 47.6502452], [0.4346413, 47.6501727], [0.4344524, 47.6500608], [0.43436, 47.6500185], [0.4341995, 47.6499876], [0.4340168, 47.6499707], [0.4338855, 47.6499705], [0.4336685, 47.6499701], [0.433503, 47.6499865], [0.4333475, 47.6500195], [0.4332642, 47.650065], [0.4331028, 47.6501959], [0.4327237, 47.6505145], [0.4324464, 47.6507709], [0.4323623, 47.6508329], [0.4323038, 47.6508699], [0.4321914, 47.6509039], [0.431725, 47.6509992], [0.4315297, 47.6510185], [0.4313126, 47.651041], [0.431207, 47.6510459], [0.4309144, 47.6510119], [0.4306445, 47.6509548], [0.4303255, 47.6509074], [0.4299702, 47.6508848], [0.429759, 47.6508965], [0.4294634, 47.6509227], [0.4290696, 47.6509704], [0.4285187, 47.651082], [0.4280634, 47.6511703], [0.4279044, 47.6512178], [0.4272239, 47.6514777], [0.4271369, 47.6515252], [0.4270645, 47.6515975], [0.4267629, 47.6519729], [0.4260947, 47.6526201], [0.4259219, 47.6527205], [0.4257832, 47.6527539], [0.4254887, 47.6527798], [0.4253206, 47.652782], [0.4250138, 47.652786], [0.4248994, 47.6527989], [0.424812, 47.6528088], [0.4244618, 47.6529108], [0.4242815, 47.6529438], [0.4241302, 47.6529421], [0.423946, 47.6529071], [0.4230971, 47.6526085], [0.4228702, 47.6525538], [0.4226378, 47.6525329], [0.4221885, 47.6525671], [0.4218454, 47.6526375], [0.4216125, 47.6527053], [0.4211455, 47.6528616], [0.4202063, 47.6530502], [0.4196164, 47.6531125], [0.4193479, 47.6531051], [0.4190366, 47.6530541], [0.4186864, 47.6529624], [0.4183009, 47.652839], [0.4179633, 47.6526423], [0.4168546, 47.6518469], [0.4167294, 47.6518137], [0.4165438, 47.651815], [0.4160833, 47.6519668], [0.4156966, 47.6520613], [0.4154953, 47.6521038], [0.415003, 47.6521562], [0.4146255, 47.652203], [0.413622, 47.6524107], [0.4129893, 47.6525687], [0.4125331, 47.6526902], [0.4123798, 47.6526996], [0.4122685, 47.6526966], [0.4121605, 47.6526937], [0.4117838, 47.6526409], [0.4115432, 47.6526244], [0.411346, 47.6526393], [0.4094735, 47.6529613], [0.4090363, 47.6530243], [0.4082893, 47.6530699], [0.4070313, 47.6531091], [0.4065083, 47.6531116], [0.4055499, 47.6530637], [0.4048922, 47.652981], [0.4045072, 47.6528471], [0.4037488, 47.6525808], [0.4030811, 47.6524274], [0.402699, 47.6523712], [0.4026125, 47.6525016], [0.4025238, 47.6525775], [0.4023949, 47.6526313], [0.4022224, 47.6526513], [0.4018622, 47.6526226], [0.401618, 47.6525966], [0.4011633, 47.6524737], [0.4007415, 47.6524061], [0.4005214, 47.6523834], [0.3994601, 47.6523946], [0.3990622, 47.652408], [0.3985738, 47.6524724], [0.3983616, 47.6525318], [0.3977026, 47.6527585], [0.3974353, 47.652891], [0.3971775, 47.6530681], [0.3969223, 47.6533293], [0.3967989, 47.6534637], [0.3965412, 47.6537647], [0.3960684, 47.6546186], [0.3958898, 47.6551269], [0.3958627, 47.6551632], [0.3957227, 47.6551065], [0.3954288, 47.6550355], [0.3953298, 47.6550107], [0.3952289, 47.6549893], [0.3949175, 47.6549223], [0.3948076, 47.6549572], [0.3942919, 47.655038], [0.3942467, 47.6550456], [0.3941204, 47.6550667], [0.3935554, 47.6551345], [0.3935257, 47.6558345], [0.3934964, 47.6562611], [0.3934696, 47.6564399], [0.3934401, 47.6565357], [0.3933489, 47.6567615], [0.3931665, 47.6570705], [0.3929037, 47.6574842], [0.3927749, 47.6576667], [0.3924343, 47.6580659], [0.3923511, 47.6582267], [0.3923055, 47.658458], [0.3922411, 47.6588897], [0.3922116, 47.6590812], [0.3921607, 47.6592655], [0.3920883, 47.6594805], [0.3920212, 47.6596611], [0.3919971, 47.6597194], [0.3920132, 47.6598269], [0.3920856, 47.6600905], [0.392091, 47.6601596], [0.3920749, 47.6602155], [0.3920266, 47.6602734], [0.3919408, 47.6603097], [0.3917503, 47.6603603], [0.3916242, 47.6604054], [0.3915277, 47.6604831], [0.3914767, 47.6605752], [0.3911736, 47.6610829], [0.391128, 47.6612111], [0.3911119, 47.6612942], [0.3911441, 47.6614135], [0.3912031, 47.6615453], [0.3913507, 47.6617982], [0.3914123, 47.6619373], [0.3914687, 47.6621306], [0.3914633, 47.6624034], [0.3914499, 47.662626], [0.391415, 47.6628514], [0.3913855, 47.6629923], [0.3913828, 47.6632145], [0.3914365, 47.6635433], [0.3914848, 47.6638323], [0.3915384, 47.6641123], [0.3915894, 47.6642568], [0.3916779, 47.6643941], [0.3918066, 47.6646109], [0.3918522, 47.6647734], [0.3918817, 47.6650408], [0.3919086, 47.6653461], [0.3919059, 47.6657796], [0.3918925, 47.6661246], [0.3918737, 47.666195], [0.3919217, 47.666343], [0.3920344, 47.6665272], [0.392206, 47.6666826], [0.3925013, 47.6668941], [0.3927478, 47.6670077], [0.3930885, 47.667145], [0.393416, 47.6673348], [0.3936144, 47.6674829], [0.3937217, 47.6676094], [0.393829, 47.6677701], [0.3939119, 47.6679795], [0.394098, 47.6685364], [0.3942226, 47.6685348], [0.3943922, 47.6685505], [0.3946899, 47.6686878], [0.3948846, 47.6687776], [0.3949701, 47.6688088], [0.3950633, 47.668829], [0.3954537, 47.6688603], [0.3955719, 47.6688506], [0.3956699, 47.6688325], [0.395913, 47.668751], [0.3962369, 47.6686154], [0.3964094, 47.6685338], [0.3966485, 47.6684005], [0.396864, 47.6682936], [0.397256, 47.6680835], [0.3972876, 47.6680667], [0.3973609, 47.6681334], [0.3979949, 47.6687063], [0.3987873, 47.6694269], [0.3987408, 47.6694462], [0.3978467, 47.6700783], [0.3976636, 47.6702215], [0.397498, 47.6703663], [0.3973679, 47.6704973], [0.3972432, 47.6706319], [0.3971505, 47.6707582], [0.3970662, 47.6708928], [0.3969938, 47.6710328], [0.3969282, 47.6711902], [0.3968784, 47.6713498], [0.396833, 47.6715219], [0.396688, 47.6723134], [0.3965888, 47.6729597], [0.3965553, 47.6732238], [0.3965492, 47.6733492], [0.3965465, 47.6734463], [0.3965539, 47.6735393], [0.3965807, 47.6737353], [0.3965814, 47.6738151], [0.3965679, 47.6738899], [0.3965432, 47.6739691], [0.3964895, 47.6740995], [0.3961423, 47.6748879], [0.3958733, 47.6754211], [0.3958317, 47.6754911], [0.3957861, 47.6755471], [0.3957251, 47.6756076], [0.3955733, 47.6757306], [0.3949739, 47.6760683], [0.3948587, 47.6761422], [0.3947351, 47.676232], [0.3941958, 47.676707], [0.3939857, 47.6768619], [0.3938687, 47.6769281], [0.3937322, 47.677], [0.3935566, 47.6770768], [0.3929383, 47.6772186], [0.3927062, 47.6772755], [0.3924904, 47.6773429], [0.3922167, 47.6774551], [0.3919566, 47.6776032], [0.3917488, 47.6777132], [0.3916199, 47.677773], [0.3914684, 47.6778172], [0.3913276, 47.6778534], [0.3911422, 47.6778869], [0.389969, 47.6780141], [0.3887092, 47.6781465], [0.3883127, 47.6782617], [0.3880394, 47.6783663], [0.3879006, 47.6784178], [0.3876327, 47.6785125], [0.3874981, 47.6785437], [0.3873523, 47.6785659], [0.3872339, 47.6785766], [0.38705, 47.6785839], [0.3869328, 47.6785938], [0.386855, 47.6786121], [0.3867993, 47.6786335], [0.3867605, 47.678661], [0.3867177, 47.6786946], [0.3866813, 47.6787524], [0.3866615, 47.6787831], [0.3866183, 47.6788515], [0.3865781, 47.6788958], [0.3865291, 47.678936], [0.3864486, 47.6789752], [0.3862488, 47.6790525], [0.3861534, 47.6790949], [0.3861201, 47.6791224], [0.3861046, 47.6791767], [0.3861026, 47.6792285], [0.3861235, 47.6792937], [0.3862011, 47.6793656], [0.3864349, 47.679506], [0.3867038, 47.6796326], [0.3868561, 47.6797152], [0.3868966, 47.679755], [0.3869261, 47.6797976], [0.3868795, 47.6798617], [0.3868067, 47.6799383], [0.3867341, 47.6800456], [0.3866671, 47.6801219], [0.3865774, 47.6801917], [0.3865513, 47.6802102], [0.3864148, 47.6803065], [0.3863353, 47.680369], [0.3862827, 47.680416], [0.3862217, 47.6804914], [0.3861087, 47.6806862], [0.3860329, 47.6808145], [0.3860038, 47.6808564], [0.3859769, 47.680891], [0.3859478, 47.6809235], [0.3859139, 47.6809526], [0.3858743, 47.6809799], [0.3858311, 47.6810073], [0.3857851, 47.6810319], [0.3857255, 47.6810547], [0.3856768, 47.6810716], [0.3855764, 47.681105], [0.3851501, 47.6812467], [0.3848913, 47.6813438], [0.3844977, 47.6815104], [0.3843944, 47.6815745], [0.3842784, 47.6816512], [0.3841108, 47.6817758], [0.3839304, 47.6819158], [0.3838687, 47.6819835], [0.3838225, 47.6820521], [0.3837641, 47.6821609], [0.3836702, 47.6823288], [0.3835632, 47.6825271], [0.3834987, 47.68267], [0.3835753, 47.6826999], [0.3837476, 47.6827646], [0.3838334, 47.6828025], [0.383983, 47.6828582], [0.3840661, 47.6828817], [0.3845315, 47.6830519], [0.3846622, 47.6830925], [0.3847856, 47.6831255], [0.384903, 47.683153], [0.3850518, 47.683177], [0.3852403, 47.6831964], [0.3853871, 47.6832098], [0.3855011, 47.6832154], [0.3856526, 47.6832247], [0.3858592, 47.6832473], [0.3863876, 47.6833245], [0.3866162, 47.6833524], [0.3867825, 47.6833682], [0.3869495, 47.6833791], [0.3871151, 47.6833854], [0.3872868, 47.683389], [0.3876221, 47.6833932], [0.387778, 47.6833916], [0.3879285, 47.6833857], [0.3881293, 47.6833733], [0.3882976, 47.6833652], [0.3883875, 47.6833643], [0.3885437, 47.6833697], [0.3886852, 47.6833826], [0.3888985, 47.6834094], [0.3891891, 47.6834512], [0.3894346, 47.6834954], [0.3895673, 47.6835194], [0.3898385, 47.6835748], [0.3901061, 47.6836294], [0.3902215, 47.6836484], [0.3904384, 47.6836795], [0.3906493, 47.683717], [0.3909192, 47.6837614], [0.3912585, 47.6838233], [0.3914999, 47.6838716], [0.3917372, 47.6839199], [0.3918673, 47.6839529], [0.3919941, 47.6839881], [0.3921228, 47.6840418], [0.3922475, 47.6841005], [0.3923598, 47.6841608], [0.392446, 47.684215], [0.3925784, 47.6842874], [0.3926415, 47.6843194], [0.3927105, 47.6843447], [0.3928064, 47.6843781], [0.3929063, 47.6844083], [0.3936835, 47.6846067], [0.3938414, 47.6846494], [0.3940325, 47.6846909], [0.3941489, 47.6847173], [0.3943695, 47.6847747], [0.3944681, 47.6848037], [0.3945549, 47.6848226], [0.394687, 47.6848454], [0.3948603, 47.6848639], [0.3950011, 47.6848793], [0.395256, 47.6849118], [0.3953948, 47.6849278], [0.3954893, 47.6849366], [0.3955946, 47.6849434], [0.3959205, 47.6849675], [0.3961843, 47.6849874], [0.3963523, 47.6850104], [0.3965199, 47.6850355], [0.3966862, 47.6850723], [0.3969089, 47.6851262], [0.3972224, 47.6852097], [0.3974125, 47.6852612], [0.3975506, 47.6852944], [0.3976649, 47.6853154], [0.3977638, 47.6853226], [0.3978621, 47.6853187], [0.3979462, 47.6853102], [0.3979968, 47.6853002], [0.398084, 47.685268], [0.3982, 47.685212], [0.3982661, 47.6851808], [0.3983512, 47.6851481], [0.3984223, 47.685131], [0.39849, 47.6851217], [0.3985722, 47.6851165], [0.3986778, 47.6851197], [0.3987941, 47.6851314], [0.3989641, 47.6851529], [0.3990798, 47.6851675], [0.399239, 47.6851759], [0.3994322, 47.6851838], [0.3996152, 47.6851838], [0.4003924, 47.6851953], [0.4006676, 47.6851982], [0.4007864, 47.6851973], [0.4009164, 47.6851963], [0.4010603, 47.6851898], [0.4012058, 47.6851749], [0.4013067, 47.6851697], [0.4014146, 47.6851665], [0.4018183, 47.6851683], [0.4022512, 47.685171], [0.4025217, 47.6851719], [0.4027313, 47.685176], [0.4029147, 47.6851882], [0.4031323, 47.6852087], [0.4033324, 47.6852381], [0.403843, 47.6853299], [0.404187, 47.6854076], [0.4044258, 47.6854703], [0.4045525, 47.6855094], [0.4046829, 47.6855601], [0.4047926, 47.6856109], [0.4049032, 47.6856743], [0.4050695, 47.6857748], [0.4051657, 47.6858339], [0.4052606, 47.6858836], [0.4053659, 47.6859312], [0.4055174, 47.6859867], [0.4057742, 47.6860788], [0.4064492, 47.6863168], [0.4069574, 47.686496], [0.4070915, 47.6865376], [0.4071995, 47.6865633], [0.4073879, 47.6865958], [0.4075019, 47.6866161], [0.407624, 47.6866423], [0.4077765, 47.6866821], [0.408156, 47.686802], [0.4083076, 47.6868557], [0.4084048, 47.6868837], [0.4084534, 47.6868929], [0.4084984, 47.6868934], [0.4085433, 47.6868871], [0.4085778, 47.6868727], [0.4086139, 47.6868498], [0.4091546, 47.6862937], [0.4093604, 47.6860972], [0.4096349, 47.6858635], [0.4099488, 47.6856105], [0.4102029, 47.685378], [0.4102633, 47.6853368], [0.4103424, 47.6852978], [0.4104379, 47.6852666], [0.4106146, 47.6852155], [0.4108493, 47.685158], [0.4109613, 47.6851282], [0.4110679, 47.6850876], [0.4111447, 47.685047], [0.4112285, 47.6849777], [0.4112862, 47.6849159], [0.4113365, 47.6848536], [0.4114357, 47.6847154], [0.4114656, 47.6846545], [0.4115125, 47.6845069], [0.4115608, 47.6843416], [0.4115886, 47.684244], [0.4115977, 47.6842072], [0.4116677, 47.6842077], [0.4117381, 47.684202], [0.4118494, 47.6841824], [0.4120791, 47.6841258], [0.4125287, 47.6840095], [0.4126434, 47.6839854], [0.4127983, 47.6839678], [0.4130055, 47.683954], [0.4131332, 47.6839513], [0.4132774, 47.6839495], [0.4134383, 47.683956], [0.4135775, 47.6839738], [0.4137261, 47.6840073], [0.4138624, 47.6840463], [0.4139743, 47.6840807], [0.4140824, 47.6841249], [0.4141955, 47.6841826], [0.4142597, 47.6842255], [0.4143354, 47.6842822], [0.4144012, 47.6843423], [0.4144448, 47.68439], [0.4144871, 47.6844359], [0.41453, 47.6844911], [0.4145741, 47.6845616], [0.4146186, 47.6846409], [0.4146516, 47.6846949], [0.4147509, 47.6848811], [0.4147939, 47.6849703], [0.4148074, 47.6849977], [0.414854, 47.6850924], [0.4148522, 47.6851106], [0.4148596, 47.6851281], [0.4148752, 47.685143], [0.4148974, 47.6851535], [0.4149236, 47.6851583], [0.4149489, 47.6851573], [0.4149725, 47.6851509], [0.4150239, 47.68512], [0.4150222, 47.6850468], [0.4150191, 47.6849011], [0.4150134, 47.684678], [0.4150114, 47.6845368], [0.414985, 47.6840256], [0.4149821, 47.6839704], [0.4149801, 47.6839164], [0.4149781, 47.6838603], [0.4149769, 47.6837855], [0.4149754, 47.6836887], [0.4149648, 47.6835543], [0.4150166, 47.683557], [0.4153245, 47.6835731], [0.4153899, 47.6835765], [0.4154248, 47.6835783], [0.4157103, 47.6835932], [0.4161112, 47.6836157], [0.4164567, 47.6836323], [0.417215, 47.6836688]], [[0.4147939, 47.6849703], [0.4148208, 47.6849933], [0.4148547, 47.6850222], [0.4148879, 47.6850397], [0.4149416, 47.6850518], [0.4150222, 47.6850468]]]}, "properties": {"from": "Château du Loir", "name": "Entre côteaux et troglo", "network": "lcn", "ref": "3", "roundtrip": "yes", "route": "bicycle", "to": "Château du Loir", "type": "route", "website": "https://www.sarthetourisme.com/itineraire/boucle-n3-entre-coteaux-et-troglo/", "id": "3", "distance": 32.63, "dureeEstim": 8.16, "denivelePo": null, "deniveleNe": null, "altiMax": null, "altiMin": null}}, {"type": "Feature", "geometry": {"type": "MultiLineString", "coordinates": [[[0.5760117, 47.7276362], [0.5765643, 47.7275717], [0.577315, 47.7274724], [0.5777658, 47.7274201], [0.57832, 47.7273757], [0.5784892, 47.7273737], [0.5785835, 47.7273871], [0.5786844, 47.7273496], [0.579162, 47.7273283], [0.5802324, 47.7272671], [0.5803812, 47.727271], [0.5806281, 47.7272979], [0.5809916, 47.7273603], [0.5812662, 47.7274066], [0.5815088, 47.7274541], [0.5822475, 47.7276093], [0.5825204, 47.7276666], [0.5828106, 47.727712], [0.5829832, 47.7277323], [0.5832139, 47.727743], [0.5839451, 47.727756], [0.5841686, 47.7277672], [0.5843982, 47.7277853], [0.5845952, 47.7278062], [0.5848184, 47.7278389], [0.5848248, 47.7278073], [0.5848408, 47.7274127], [0.5849714, 47.7265072], [0.5850463, 47.7262887], [0.5851732, 47.7259182], [0.5853558, 47.7256182], [0.5855224, 47.7253596], [0.5859565, 47.7248044], [0.586074, 47.7246611], [0.5862271, 47.7244475], [0.5865821, 47.7239522], [0.5871644, 47.7231487], [0.5872028, 47.7230629], [0.5874776, 47.7227667], [0.5875624, 47.7226925], [0.5876927, 47.7226248], [0.5889719, 47.7220904], [0.5892267, 47.7219585], [0.5896233, 47.7217758], [0.5899693, 47.7217391], [0.5902787, 47.7217566], [0.5906272, 47.72178], [0.5909223, 47.7218234], [0.5911302, 47.7218404], [0.5912754, 47.7218274], [0.5916416, 47.7217274], [0.5909838, 47.7213304], [0.5906568, 47.7210459], [0.5897846, 47.7203084], [0.5894366, 47.7200439], [0.5891161, 47.719853], [0.5890785, 47.7198305], [0.5890453, 47.719809], [0.5877277, 47.7189517], [0.5860016, 47.717664], [0.5856181, 47.7174052], [0.5851546, 47.7169924], [0.5849324, 47.7166578], [0.5845962, 47.7162037], [0.5844579, 47.7160571], [0.5839107, 47.7156777], [0.5832322, 47.7152193], [0.5824456, 47.7146468], [0.582036, 47.7143184], [0.5806058, 47.7129208], [0.5804902, 47.7124351], [0.5810382, 47.7119934], [0.5822719, 47.7113064], [0.5825925, 47.7110962], [0.5829507, 47.710687], [0.5834974, 47.7102175], [0.5840042, 47.7097433], [0.5844403, 47.7091107], [0.5850721, 47.7084915], [0.5864871, 47.7073735], [0.5869908, 47.7068772], [0.5885002, 47.7051634], [0.5901213, 47.7030374], [0.5917527, 47.7033302], [0.5922599, 47.7034728], [0.59299, 47.7018995], [0.5931935, 47.7013616], [0.5933098, 47.700804], [0.5933025, 47.7006035], [0.5932444, 47.7004177], [0.5917312, 47.6978182], [0.591602, 47.69768], [0.5914588, 47.6976152], [0.5906884, 47.6972161], [0.5891623, 47.6966879], [0.5884066, 47.6964238], [0.5877743, 47.6960863], [0.5874401, 47.6957635], [0.5870404, 47.6952548], [0.5865099, 47.694888], [0.5858631, 47.6946679], [0.5850202, 47.694482], [0.5845115, 47.6940858], [0.5840348, 47.6935467], [0.5839153, 47.6934309], [0.5832543, 47.6929217], [0.5825857, 47.6924765], [0.5822132, 47.6921282], [0.5819407, 47.6917857], [0.5817657, 47.6914011], [0.5817427, 47.6913822], [0.5817206, 47.6913639], [0.5814143, 47.6907862], [0.5812944, 47.6906095], [0.5811712, 47.690499], [0.5809962, 47.6903925], [0.5801317, 47.6899835], [0.5798744, 47.6898346], [0.5795928, 47.6895692], [0.5794234, 47.68941], [0.5793138, 47.6892876], [0.5791208, 47.6889899], [0.5789612, 47.6886887], [0.5789492, 47.6886666], [0.5784135, 47.6887902], [0.5779328, 47.6888689], [0.5771795, 47.6889919], [0.57678, 47.6890927], [0.5757267, 47.6894627], [0.5741052, 47.6900336], [0.5737502, 47.6901936], [0.5734022, 47.6904174], [0.5730652, 47.6906673], [0.5727443, 47.6909628], [0.5715872, 47.6922277], [0.5714196, 47.6924499], [0.5709592, 47.6933297], [0.5707586, 47.6935342], [0.5706352, 47.6936292], [0.5704748, 47.6937175], [0.5701237, 47.693852], [0.5692653, 47.694155], [0.5690793, 47.6942209], [0.5690518, 47.6942307], [0.5690978, 47.6943183], [0.5691164, 47.6943618], [0.5694148, 47.6950613], [0.5695636, 47.6954156], [0.569603, 47.6955093], [0.5697118, 47.6957684], [0.5699331, 47.6962714], [0.5700684, 47.696579], [0.57011, 47.6966736], [0.5702946, 47.6970621], [0.5702435, 47.6970728], [0.5696617, 47.6972275], [0.5695188, 47.6972645], [0.5694235, 47.6972892], [0.5693368, 47.6973105], [0.5684919, 47.6975186], [0.5683458, 47.6975416], [0.5681322, 47.6975754], [0.5675158, 47.6976563], [0.5670984, 47.6977179], [0.5662114, 47.6978881], [0.5659146, 47.6979182], [0.5644116, 47.6979832], [0.5640482, 47.6979759], [0.5637502, 47.6979504], [0.5633967, 47.6978952], [0.5618632, 47.6975122], [0.5616123, 47.6974223], [0.5614257, 47.6973554], [0.5605361, 47.6969951], [0.5591209, 47.6964088], [0.5586605, 47.696264], [0.5578132, 47.6961051], [0.5574546, 47.6960472], [0.5570975, 47.6960202], [0.5558579, 47.6959572], [0.5549128, 47.6959217], [0.5544654, 47.6959595], [0.5532218, 47.6962489], [0.5528231, 47.6963602], [0.5525235, 47.6964915], [0.5522836, 47.6965949], [0.5520876, 47.6966378], [0.5514859, 47.6966658], [0.5511789, 47.6967077], [0.550686, 47.6968418], [0.5502905, 47.6969959], [0.5486632, 47.6977622], [0.5482579, 47.6979512], [0.5478814, 47.6980837], [0.5464992, 47.6986056], [0.5457028, 47.6989821], [0.5441112, 47.6998959], [0.5438174, 47.7], [0.5434952, 47.7000659], [0.5430897, 47.7001192], [0.541845, 47.7002249], [0.5408122, 47.7002828], [0.5403929, 47.7002964], [0.5399011, 47.7002911], [0.5395981, 47.7003066], [0.5382954, 47.700444], [0.5355195, 47.7007341], [0.53516, 47.7007889], [0.5348423, 47.7008718], [0.529776, 47.7027006], [0.5294007, 47.7028571], [0.5290167, 47.7030474], [0.5283426, 47.7034687], [0.5281394, 47.7035675], [0.5279278, 47.7036437], [0.5265613, 47.7040481], [0.5262554, 47.7041705], [0.5248868, 47.7047602], [0.5245177, 47.7048922], [0.5241733, 47.7049893], [0.5212368, 47.705561], [0.5208926, 47.7056437], [0.5205813, 47.7057333], [0.5184756, 47.7063606], [0.5181898, 47.7064457], [0.5179249, 47.7065034], [0.517597, 47.7065747], [0.5173216, 47.7066579], [0.5171015, 47.7067678], [0.5166124, 47.7070719], [0.516345, 47.7072004], [0.5158813, 47.7073435], [0.5156991, 47.7074112], [0.5155214, 47.7074919], [0.5152867, 47.7076661], [0.5146682, 47.708154], [0.5144186, 47.7082813], [0.5141399, 47.7083697], [0.5127301, 47.7087967], [0.5112599, 47.7092651], [0.5108551, 47.7094304], [0.5104549, 47.7096524], [0.510485, 47.7097076], [0.5104914, 47.7097462], [0.5104954, 47.7097706], [0.5104911, 47.7098245], [0.5104776, 47.7098701], [0.5105039, 47.7099163], [0.5105441, 47.709962], [0.5106188, 47.71003], [0.5107593, 47.7101491], [0.5108998, 47.7102887], [0.511051, 47.7104391], [0.5112435, 47.7106432], [0.5112828, 47.710685], [0.5114332, 47.710836], [0.5118205, 47.7112396], [0.5119696, 47.7113975], [0.5120496, 47.7114588], [0.5120999, 47.7115048], [0.5121307, 47.7114945], [0.5122184, 47.7114698], [0.5123173, 47.7114641], [0.5140606, 47.7115973], [0.514185, 47.7116068], [0.5145134, 47.7116684], [0.51481, 47.7117409], [0.5158752, 47.7121325], [0.5162574, 47.7122447], [0.5165183, 47.7123002], [0.5166549, 47.7123292], [0.5193719, 47.713204], [0.5196733, 47.7132721], [0.5210513, 47.713243], [0.5214198, 47.7132769], [0.5217899, 47.7133494], [0.5221567, 47.713506], [0.5231386, 47.714038], [0.5240291, 47.7143625], [0.5244059, 47.7144432], [0.5247912, 47.7144624], [0.5251993, 47.7144509], [0.5254532, 47.7144269], [0.5254897, 47.7144362], [0.5264363, 47.7146286], [0.5269606, 47.7147838], [0.5273644, 47.7149637], [0.5282348, 47.715438], [0.5286207, 47.7155869], [0.5290612, 47.7157125], [0.52945, 47.7157786], [0.5297564, 47.7157763], [0.5302062, 47.7157606], [0.5304021, 47.715755], [0.5305901, 47.7157756], [0.5309575, 47.7158734], [0.5310745, 47.7159141], [0.5314071, 47.7160176], [0.5321177, 47.7162539], [0.5331222, 47.7169682], [0.5335589, 47.7171907], [0.5339715, 47.7173638], [0.5351067, 47.7175891], [0.5356212, 47.7177319], [0.5365686, 47.7182484], [0.5386021, 47.7189901], [0.5389778, 47.7192044], [0.5400313, 47.7199846], [0.5406111, 47.7204681], [0.5418443, 47.7212593], [0.5423356, 47.721642], [0.5427184, 47.7219402], [0.5438127, 47.7228828], [0.5450697, 47.7236826], [0.545827, 47.7242324], [0.546077, 47.7244628], [0.5462466, 47.7246586], [0.5464607, 47.7248482], [0.5472341, 47.7251896], [0.5477007, 47.7253245], [0.5483187, 47.725374], [0.5488016, 47.7254511], [0.5498981, 47.725743], [0.5508344, 47.7259764], [0.5525814, 47.7263591], [0.5541811, 47.7268642], [0.5551229, 47.7271025], [0.5561054, 47.7273151], [0.5568353, 47.7274525], [0.5576476, 47.7275727], [0.5593572, 47.727748], [0.5596188, 47.7277668], [0.5598575, 47.72775], [0.5602463, 47.727697], [0.5605517, 47.7276862], [0.562028, 47.7279005], [0.5622883, 47.7279003], [0.5626407, 47.7278661], [0.5628619, 47.727882], [0.5631379, 47.7279925], [0.5633106, 47.7280969], [0.5634777, 47.7281514], [0.5637895, 47.7281818], [0.5641707, 47.7281798], [0.5645423, 47.7281158], [0.5650479, 47.7279754], [0.5664838, 47.7278238], [0.5668708, 47.7277986], [0.567619, 47.7278753], [0.5678427, 47.7278896], [0.5680713, 47.7278801], [0.5682648, 47.7278424], [0.5684108, 47.7277785], [0.5685693, 47.7276718], [0.5687573, 47.7274814], [0.5689923, 47.7272696], [0.569152, 47.727166], [0.5693048, 47.7270882], [0.5696275, 47.7269712], [0.5700132, 47.7268654], [0.5702533, 47.7267138], [0.5707648, 47.7262767], [0.5710979, 47.7264659], [0.5714033, 47.7265727], [0.572133, 47.726828], [0.5723442, 47.7268867], [0.5724963, 47.7269131], [0.5726387, 47.7269267], [0.5729702, 47.7269412], [0.5730947, 47.7269449], [0.5731662, 47.726945], [0.5732427, 47.7269474], [0.5734208, 47.7269593], [0.5735103, 47.7269789], [0.5739459, 47.7271885], [0.5743146, 47.7273413], [0.57487, 47.7275944], [0.575035, 47.7276696], [0.575165, 47.7277192], [0.5752562, 47.7277228], [0.5754277, 47.727714], [0.575745, 47.7276909], [0.5758146, 47.7276729], [0.5759047, 47.7276561], [0.5760117, 47.7276362]]]}, "properties": {"from": "La Chartre-sur-le-Loir", "name": "La vallée de la Dême", "network": "lcn", "ref": "4", "roundtrip": "yes", "route": "bicycle", "to": "La Chartre-sur-le-Loir", "type": "route", "website": "https://www.sarthetourisme.com/itineraire/boucle-n4-la-vallee-de-la-deme/", "id": "4", "distance": 18.56, "dureeEstim": 4.64, "denivelePo": null, "deniveleNe": null, "altiMax": null, "altiMin": null}}, {"type": "Feature", "geometry": {"type": "MultiLineString", "coordinates": [[[0.5574095, 47.7416674], [0.5573666, 47.7412128], [0.5573362, 47.7407987], [0.5572965, 47.7407012], [0.5572164, 47.7405924], [0.5571016, 47.7404866], [0.5569374, 47.7404048], [0.5560469, 47.7400296], [0.5548995, 47.7395951], [0.5550599, 47.7388679], [0.5551457, 47.7382835], [0.5551137, 47.7381459], [0.5548248, 47.7378398], [0.5546736, 47.7376702], [0.5545663, 47.7374249], [0.5545878, 47.7371218], [0.555135, 47.7371146], [0.5555319, 47.7369847], [0.5558645, 47.7368621], [0.5560029, 47.7367221], [0.5559821, 47.7364861], [0.5559733, 47.7360239], [0.5560681, 47.7355534], [0.5561468, 47.735383], [0.5562722, 47.7353684], [0.5575382, 47.7353396], [0.5591607, 47.7353461], [0.5603475, 47.7353233], [0.5608089, 47.7352925], [0.5612182, 47.735253], [0.5613791, 47.7352746], [0.5614542, 47.7353612], [0.5615079, 47.7356715], [0.5614972, 47.7360034], [0.5615401, 47.7360828], [0.561701, 47.7361188], [0.5622804, 47.7361694], [0.5627846, 47.7361838], [0.563085, 47.7360972], [0.5655634, 47.7351086], [0.5660462, 47.734921], [0.5667436, 47.7344737], [0.567487, 47.7340242], [0.567792, 47.7338772], [0.5684709, 47.7334057], [0.5686426, 47.7332542], [0.5699761, 47.7327064], [0.5701209, 47.7326791], [0.5702541, 47.7327136], [0.5704763, 47.7329444], [0.5705996, 47.7329893], [0.5706824, 47.7329879], [0.570858, 47.7329372], [0.5713082, 47.7326963], [0.5714682, 47.7327537], [0.5715546, 47.7327592], [0.57165, 47.732743], [0.5720557, 47.7325317], [0.5721876, 47.7324796], [0.5723977, 47.7324243], [0.5733203, 47.7323161], [0.5741357, 47.7322439], [0.5745541, 47.7322295], [0.5746955, 47.7322306], [0.5748074, 47.7322553], [0.5750237, 47.7324342], [0.5752164, 47.7326061], [0.5753023, 47.7326322], [0.5754454, 47.7326348], [0.5756943, 47.732615], [0.5757216, 47.7326133], [0.5757711, 47.7326082], [0.5758155, 47.7326027], [0.5758448, 47.7325983], [0.5763523, 47.7325216], [0.5769393, 47.7325546], [0.5773866, 47.7324315], [0.5814528, 47.7309955], [0.5834999, 47.7302821], [0.5838988, 47.7302812], [0.5843603, 47.7302883], [0.5851864, 47.730346], [0.5859911, 47.7304615], [0.5866777, 47.7305842], [0.587536, 47.7308151], [0.5878043, 47.7301007], [0.5884051, 47.7301007], [0.5906259, 47.7302017], [0.5911302, 47.7302594], [0.5919671, 47.7303316], [0.5927824, 47.7303749], [0.5932438, 47.7303316], [0.5942201, 47.7302306], [0.5957114, 47.7300574], [0.5966448, 47.7299491], [0.5975997, 47.729913], [0.5978357, 47.7298914], [0.5982434, 47.7298914], [0.5991768, 47.7299275], [0.5999922, 47.7299996], [0.6007647, 47.7300934], [0.6014192, 47.7301945], [0.6017688, 47.730264], [0.6021809, 47.730346], [0.6029641, 47.7305842], [0.6035005, 47.7307646], [0.604037, 47.7308584], [0.6047236, 47.7309378], [0.6053996, 47.7309883], [0.6060862, 47.7311254], [0.6066119, 47.7312841], [0.6079316, 47.7316522], [0.6103134, 47.7323666], [0.6105172, 47.7324748], [0.6105494, 47.7325759], [0.6104206, 47.7329222], [0.6104314, 47.733081], [0.6104882, 47.7331622], [0.6105172, 47.7332036], [0.6114935, 47.7337593], [0.613178, 47.7347623], [0.6150984, 47.7361766], [0.6174802, 47.7386226], [0.6178681, 47.740423], [0.6178235, 47.7413283], [0.6177806, 47.7421219], [0.6177958, 47.7429287], [0.6178235, 47.7432041], [0.6179952, 47.7438967], [0.6181857, 47.7444478], [0.6184423, 47.745014], [0.618694, 47.7453231], [0.6192443, 47.7463739], [0.6192754, 47.7464241], [0.6193194, 47.7464641], [0.6194833, 47.7467905], [0.6195476, 47.7469158], [0.6195996, 47.7470686], [0.6197977, 47.7475904], [0.6198374, 47.7476801], [0.6198904, 47.7477627], [0.6199479, 47.7478502], [0.6201654, 47.7480938], [0.6210631, 47.7489911], [0.6212264, 47.749159], [0.6212783, 47.7492559], [0.6213021, 47.7493668], [0.6212952, 47.7495646], [0.6212557, 47.7499645], [0.6212371, 47.7504763], [0.6212058, 47.750605], [0.6210554, 47.7508988], [0.6210152, 47.7509784], [0.6209993, 47.7510098], [0.6209743, 47.7510535], [0.6208837, 47.7511544], [0.6208547, 47.7511727], [0.6208141, 47.751186], [0.6204576, 47.7512899], [0.6203961, 47.7513173], [0.6203448, 47.7513633], [0.6201378, 47.7517283], [0.6200982, 47.7517982], [0.6199573, 47.7520149], [0.6197634, 47.7523118], [0.6197088, 47.7523954], [0.619484, 47.7527396], [0.6189023, 47.7534346], [0.6188476, 47.7534999], [0.618817, 47.753492], [0.6183841, 47.7536609], [0.6167888, 47.7541728], [0.6163596, 47.75433], [0.6156974, 47.75456], [0.6151234, 47.7547478], [0.6144623, 47.7548708], [0.6137497, 47.7549922], [0.6135035, 47.7550374], [0.6131307, 47.7551498], [0.6126635, 47.7553532], [0.6121589, 47.7556131], [0.6118937, 47.7557145], [0.6114786, 47.7558224], [0.6111201, 47.7559071], [0.6097438, 47.7561651], [0.6078534, 47.7564067], [0.6072227, 47.7564906], [0.6063467, 47.7566071], [0.6057086, 47.7566816], [0.6051294, 47.7567512], [0.6043574, 47.7568175], [0.6038718, 47.7568257], [0.6031213, 47.7568457], [0.6025482, 47.7569321], [0.6017866, 47.7570711], [0.601415, 47.7571002], [0.6007219, 47.7571397], [0.6005886, 47.7571405], [0.5999957, 47.7571442], [0.5997096, 47.7571787], [0.5993171, 47.7572258], [0.5992987, 47.7572262], [0.5992312, 47.7572275], [0.5991637, 47.7572288], [0.5986913, 47.7571094], [0.5982506, 47.7569771], [0.5981112, 47.7568955], [0.5980014, 47.7568046], [0.5978223, 47.7565745], [0.5976549, 47.756448], [0.597079, 47.7561616], [0.5968413, 47.7560474], [0.5966668, 47.7559635], [0.5963234, 47.7557767], [0.5959417, 47.7555116], [0.5956015, 47.7553348], [0.5952465, 47.7552018], [0.5946311, 47.7550191], [0.5939057, 47.7548514], [0.592814, 47.7546365], [0.5918245, 47.7544594], [0.591123, 47.7543659], [0.5905312, 47.7542649], [0.5897879, 47.7541287], [0.5889929, 47.7539668], [0.588607, 47.7538984], [0.5885981, 47.7539214], [0.5884387, 47.7543617], [0.5883928, 47.7546836], [0.5883869, 47.7549283], [0.5884298, 47.755006], [0.5884819, 47.7550231], [0.5889681, 47.7550166], [0.5890936, 47.7550242], [0.5893214, 47.7550684], [0.5895261, 47.755176], [0.5896252, 47.7552039], [0.5899952, 47.7552486], [0.590651, 47.7553449], [0.591342, 47.755507], [0.5917364, 47.7556961], [0.5919952, 47.7558578], [0.592224, 47.7560754], [0.5923221, 47.7563604], [0.5922964, 47.7564422], [0.5922356, 47.7564951], [0.5918758, 47.7566634], [0.591685, 47.7567651], [0.5912041, 47.7571449], [0.5911176, 47.7572021], [0.5907907, 47.7570919], [0.5904799, 47.7570479], [0.5898496, 47.7570098], [0.5891531, 47.7570015], [0.5888261, 47.7570251], [0.5886364, 47.7570131], [0.5885186, 47.7569881], [0.5882747, 47.7568627], [0.588079, 47.7567378], [0.5877965, 47.7565575], [0.5876206, 47.7565041], [0.5874267, 47.7564807], [0.5871342, 47.7564794], [0.5870062, 47.7564686], [0.5867254, 47.756421], [0.586554, 47.7564238], [0.5863917, 47.7564877], [0.5862421, 47.7566353], [0.5861144, 47.7568208], [0.585885, 47.7571539], [0.5855868, 47.7576849], [0.5853682, 47.7580909], [0.5848474, 47.7586508], [0.5844545, 47.7592232], [0.58436, 47.7593126], [0.58427, 47.759354], [0.5841598, 47.7593709], [0.5840442, 47.7593508], [0.5830731, 47.7590063], [0.5827155, 47.7589217], [0.5821191, 47.7588049], [0.5811626, 47.7586595], [0.5810223, 47.7586892], [0.5813043, 47.7579246], [0.5814324, 47.75717], [0.5815047, 47.7567834], [0.5815565, 47.7566709], [0.5818551, 47.756253], [0.5818929, 47.7561323], [0.5818948, 47.7560054], [0.5818653, 47.7558339], [0.5816451, 47.755467], [0.5815976, 47.7553418], [0.5816236, 47.7552309], [0.5817136, 47.7551626], [0.5821716, 47.7549571], [0.5823539, 47.7548398], [0.5824771, 47.7546397], [0.5824956, 47.7544774], [0.5824935, 47.7541864], [0.5824185, 47.7539499], [0.5824059, 47.75391], [0.5822252, 47.7535414], [0.5821621, 47.7533663], [0.5819983, 47.752608], [0.5817911, 47.7516484], [0.5816601, 47.7509619], [0.5816199, 47.7509615], [0.5743699, 47.7501436], [0.5739116, 47.750126], [0.5738837, 47.7501487], [0.573796, 47.7508304], [0.5738079, 47.7520951], [0.5738974, 47.7531032], [0.5725315, 47.7531587], [0.571111, 47.7533073], [0.5709045, 47.753348], [0.5706421, 47.7534241], [0.5697481, 47.7538331], [0.5695615, 47.7538953], [0.5694419, 47.7539083], [0.5685459, 47.7539146], [0.5682973, 47.7539674], [0.5680568, 47.7535736], [0.5672321, 47.7522053], [0.5668595, 47.7514753], [0.5661579, 47.7499723], [0.5659567, 47.7495489], [0.5659327, 47.7495026], [0.5659453, 47.7494709], [0.5659555, 47.7494476], [0.5657901, 47.7494114], [0.564405, 47.7490409], [0.5630785, 47.7488214], [0.5624593, 47.7486683], [0.5621423, 47.7485539], [0.5617446, 47.748352], [0.5610878, 47.7480152], [0.560913, 47.7479058], [0.5602884, 47.7474657], [0.5599794, 47.7472655], [0.5598743, 47.7472415], [0.5598272, 47.7472595], [0.5597423, 47.7470278], [0.5590375, 47.7461075], [0.5589394, 47.7459794], [0.5589218, 47.7459476], [0.5588998, 47.7459059], [0.5582805, 47.7450534], [0.5580584, 47.744709], [0.5579183, 47.7444898], [0.5577881, 47.7442757], [0.5576096, 47.7439066], [0.5575671, 47.7437882], [0.5575342, 47.7436491], [0.5575288, 47.7436186], [0.557511, 47.743517], [0.5575199, 47.7432248], [0.5575264, 47.7430972], [0.5575085, 47.742984], [0.5574758, 47.7428399], [0.5574397, 47.7426458], [0.5574326, 47.742566], [0.5574072, 47.7422786], [0.5574247, 47.7418333], [0.5574095, 47.7416674]]]}, "properties": {"from": "La Chartre-sur-le-Loir", "name": "Le vignoble de Jasnière", "network": "lcn", "ref": "5", "roundtrip": "yes", "route": "bicycle", "to": "La Chartre-sur-le-Loir", "type": "route", "website": "https://www.sarthetourisme.com/itineraire/boucle-n5-le-vignoble-de-jasnieres/", "id": "5", "distance": 16.11, "dureeEstim": 4.03, "denivelePo": null, "deniveleNe": null, "altiMax": null, "altiMin": null}}, {"type": "Feature", "geometry": {"type": "MultiLineString", "coordinates": [[[0.6057086, 47.7566816], [0.6063467, 47.7566071], [0.6072227, 47.7564906], [0.6078534, 47.7564067], [0.6097438, 47.7561651], [0.6111201, 47.7559071], [0.6114786, 47.7558224], [0.6118937, 47.7557145], [0.6121589, 47.7556131], [0.6126635, 47.7553532], [0.6131307, 47.7551498], [0.6135035, 47.7550374], [0.6137497, 47.7549922], [0.6144623, 47.7548708], [0.6151234, 47.7547478], [0.6156974, 47.75456], [0.6163596, 47.75433], [0.6167888, 47.7541728], [0.6183841, 47.7536609], [0.618817, 47.753492], [0.6188476, 47.7534999], [0.6189023, 47.7534346], [0.619484, 47.7527396], [0.6197088, 47.7523954], [0.6197634, 47.7523118], [0.6199573, 47.7520149], [0.6200982, 47.7517982], [0.6201378, 47.7517283], [0.6203448, 47.7513633], [0.6203961, 47.7513173], [0.6204576, 47.7512899], [0.6208141, 47.751186], [0.6208547, 47.7511727], [0.6208837, 47.7511544], [0.6209743, 47.7510535], [0.6210238, 47.751069], [0.621125, 47.7510945], [0.6220234, 47.7513005], [0.6221106, 47.7513255], [0.6221699, 47.7513664], [0.6221961, 47.7514213], [0.622209, 47.7515019], [0.62219, 47.7516138], [0.6221714, 47.7516775], [0.6221117, 47.7518964], [0.621826, 47.7526503], [0.6217806, 47.7528451], [0.6218043, 47.7529561], [0.6218503, 47.7530577], [0.6221163, 47.7533153], [0.6221746, 47.7533882], [0.6221988, 47.7534464], [0.6222446, 47.7534494], [0.622506, 47.7535443], [0.6230664, 47.7536781], [0.6234131, 47.7537332], [0.6237025, 47.7537744], [0.6240075, 47.7538519], [0.6246521, 47.7540398], [0.6250089, 47.7541683], [0.6251378, 47.7542335], [0.6254298, 47.7544016], [0.625561, 47.7545136], [0.6256134, 47.7545505], [0.62572, 47.7545911], [0.6260056, 47.754635], [0.626249, 47.7546504], [0.6271043, 47.7546931], [0.6275028, 47.7547284], [0.6278137, 47.7547719], [0.6282265, 47.7548368], [0.6294068, 47.7550702], [0.6303884, 47.755238], [0.6313185, 47.755451], [0.6318753, 47.7555612], [0.6323739, 47.7556455], [0.6325875, 47.7556701], [0.6329102, 47.7556718], [0.6334323, 47.7557274], [0.6335962, 47.7557215], [0.633754, 47.7556913], [0.6339712, 47.7556257], [0.6341568, 47.7556082], [0.6343519, 47.7556279], [0.6354885, 47.7558671], [0.6361506, 47.7560332], [0.6368309, 47.7562339], [0.6370675, 47.7563217], [0.6376913, 47.7565912], [0.6380959, 47.756748], [0.6383857, 47.7568446], [0.6385719, 47.7568902], [0.6389031, 47.7569372], [0.6391919, 47.7569517], [0.6394232, 47.7569538], [0.6396874, 47.7569428], [0.6398673, 47.7569707], [0.6400861, 47.757033], [0.6402972, 47.7571097], [0.640814, 47.7573284], [0.6420532, 47.7577009], [0.6424018, 47.7578333], [0.6430423, 47.7580978], [0.6435196, 47.7582987], [0.6436548, 47.7583716], [0.6440494, 47.7587219], [0.6448892, 47.7596635], [0.6454253, 47.7602672], [0.6455221, 47.7603504], [0.6456862, 47.7604289], [0.6464592, 47.760736], [0.647822, 47.7614242], [0.647909, 47.7614553], [0.6480739, 47.7614662], [0.6486629, 47.7614657], [0.6490006, 47.7614979], [0.6495927, 47.7615911], [0.6499564, 47.7616996], [0.6515156, 47.7622797], [0.6529041, 47.7626501], [0.65296, 47.7626696], [0.6548391, 47.7633262], [0.6549706, 47.7631912], [0.6550773, 47.7631413], [0.6552567, 47.7631212], [0.6555524, 47.763124], [0.6561367, 47.7631327], [0.6562097, 47.7625628], [0.6562214, 47.7624641], [0.6562917, 47.7623698], [0.6563581, 47.7623053], [0.6565261, 47.7624456], [0.6565852, 47.7625617], [0.6566457, 47.7628958], [0.6566828, 47.7630353], [0.6567758, 47.7631478], [0.6570352, 47.7633146], [0.6575993, 47.7635354], [0.6580403, 47.7637127], [0.6580302, 47.7637811], [0.6577739, 47.7642599], [0.6577541, 47.7643512], [0.6577559, 47.7647343], [0.6577339, 47.7648945], [0.6576689, 47.7650367], [0.6575449, 47.7653234], [0.6573098, 47.7657979], [0.6571869, 47.7661385], [0.6571681, 47.7662793], [0.657184, 47.7664193], [0.6572282, 47.7665329], [0.6574073, 47.7666989], [0.6576783, 47.7668231], [0.6599638, 47.7675928], [0.6601461, 47.7676832], [0.6602662, 47.7678125], [0.6603155, 47.7679301], [0.6603623, 47.7681027], [0.6603849, 47.7683453], [0.6603361, 47.7685004], [0.6602524, 47.768644], [0.659787, 47.7691047], [0.6596939, 47.7692438], [0.6596625, 47.7694404], [0.6596686, 47.7694512], [0.6597131, 47.7695304], [0.6598196, 47.7696648], [0.6620995, 47.7712879], [0.6630503, 47.7723442], [0.6631419, 47.7725332], [0.6632039, 47.7741781], [0.663229, 47.774689], [0.6635521, 47.7756627], [0.6639786, 47.7761635], [0.6646123, 47.776687], [0.6654304, 47.7772794], [0.6656465, 47.7774768], [0.6659073, 47.7777575], [0.6661241, 47.7780517], [0.6661843, 47.7781334], [0.6664888, 47.7787039], [0.6665244, 47.7790191], [0.6664025, 47.7807356], [0.666407, 47.7808545], [0.6664946, 47.7811978], [0.6665684, 47.7814869], [0.6666528, 47.7817206], [0.6669493, 47.7823106], [0.6670183, 47.7824327], [0.6673878, 47.783346], [0.6683863, 47.7848364], [0.668633, 47.7854164], [0.6628741, 47.7869278], [0.662913, 47.7870031], [0.6629847, 47.7871682], [0.663307, 47.7878471], [0.6635911, 47.7883757], [0.6640735, 47.7892661], [0.6642623, 47.7895199], [0.6643419, 47.7895869], [0.6648087, 47.7898008], [0.6649869, 47.7899389], [0.665092, 47.7900833], [0.6651762, 47.7904415], [0.665265, 47.7908702], [0.6653392, 47.7912892], [0.66566, 47.7915146], [0.6663058, 47.7918513], [0.666939, 47.7922043], [0.6675921, 47.7925983], [0.6679289, 47.7927845], [0.6680793, 47.7928173], [0.6682871, 47.7928456], [0.6685388, 47.7928586], [0.6688136, 47.7928493], [0.6689994, 47.7928552], [0.6691642, 47.7928763], [0.6697152, 47.7929651], [0.6704574, 47.7930709], [0.671276, 47.7931576], [0.6716046, 47.7931856], [0.6719591, 47.7932708], [0.6719704, 47.7932789], [0.6722043, 47.7934463], [0.6723837, 47.7936005], [0.6725702, 47.7937774], [0.6726622, 47.7939033], [0.6726745, 47.7940581], [0.6726292, 47.7941663], [0.6726692, 47.7944451], [0.6728278, 47.7946862], [0.6731094, 47.7950203], [0.6735116, 47.7954344], [0.6739394, 47.7959083], [0.6741763, 47.7962429], [0.6742564, 47.7963764], [0.6746471, 47.7967345], [0.6749162, 47.796931], [0.6750022, 47.7969889], [0.6753162, 47.7971778], [0.6755908, 47.7973037], [0.6756808, 47.7973514], [0.6761724, 47.7976523], [0.6763995, 47.7977935], [0.6768259, 47.7981875], [0.6771195, 47.7984354], [0.6775487, 47.7987403], [0.6777468, 47.7988668], [0.6778927, 47.7989333], [0.6784151, 47.7990762], [0.6785038, 47.7990631], [0.678494, 47.7991345], [0.6785253, 47.7992127], [0.6785209, 47.7992597], [0.6785561, 47.7993282], [0.6782185, 47.7995669], [0.6781158, 47.7995999], [0.6780892, 47.7997192], [0.6779337, 47.7999627], [0.6777669, 47.8001542], [0.6776456, 47.8002401], [0.6771231, 47.8005035], [0.6769153, 47.8006051], [0.6765618, 47.8007375], [0.675979, 47.8008383], [0.6754561, 47.8009006], [0.6751453, 47.8008653], [0.6746234, 47.8008119], [0.673668, 47.8008661], [0.6733683, 47.8008993], [0.6729642, 47.8009707], [0.6726618, 47.8010702], [0.6720816, 47.8013595], [0.6710246, 47.8019564], [0.6706915, 47.8021523], [0.6704362, 47.8023376], [0.6701512, 47.8025334], [0.6698356, 47.8026816], [0.6690826, 47.8030383], [0.6690463, 47.8030527], [0.6690094, 47.8030656], [0.667949, 47.8034367], [0.6667909, 47.8039378], [0.6654801, 47.804341], [0.6646725, 47.8048317], [0.6643706, 47.8049964], [0.6635229, 47.8052878], [0.6630168, 47.8055337], [0.6626546, 47.8056724], [0.6620948, 47.8057492], [0.6613803, 47.8058999], [0.6602848, 47.8062413], [0.6598856, 47.8062938], [0.6592997, 47.8063149], [0.6588035, 47.8063406], [0.6585515, 47.8063933], [0.6582118, 47.8065607], [0.6573366, 47.8070806], [0.6567986, 47.8072975], [0.6566484, 47.8071497], [0.6561704, 47.8068169], [0.6560148, 47.8067338], [0.655528, 47.806561], [0.6549454, 47.8064015], [0.6545424, 47.8062407], [0.6542172, 47.8060424], [0.6534371, 47.8054273], [0.6529848, 47.8050941], [0.6529574, 47.8050739], [0.6523319, 47.8054161], [0.6520571, 47.8055264], [0.6517625, 47.8056288], [0.6506259, 47.8046322], [0.6504041, 47.8044577], [0.6500366, 47.8042683], [0.6499003, 47.8042076], [0.6496104, 47.8040959], [0.6493838, 47.8040321], [0.6491113, 47.8039948], [0.6489165, 47.8039959], [0.6486693, 47.8040321], [0.6463633, 47.8044781], [0.6460877, 47.8044909], [0.6457233, 47.8044675], [0.6456029, 47.8044419], [0.6434863, 47.8040291], [0.6433405, 47.8039674], [0.6429571, 47.8036077], [0.6424216, 47.8028096], [0.642203, 47.8025606], [0.6416232, 47.8019306], [0.6407138, 47.8007494], [0.6404793, 47.8005536], [0.6400864, 47.8003109], [0.6390946, 47.7998044], [0.6386289, 47.7996256], [0.6380078, 47.7994064], [0.637805, 47.7992616], [0.6373899, 47.7988934], [0.6369115, 47.7984081], [0.6367742, 47.798177], [0.6353927, 47.7980173], [0.6335328, 47.7977811], [0.6333056, 47.7978024], [0.6332905, 47.7975506], [0.6332671, 47.7974254], [0.6332437, 47.797382], [0.6325197, 47.7977708], [0.6324827, 47.7977403], [0.6322554, 47.7975421], [0.6317046, 47.7970711], [0.6309207, 47.7964134], [0.6306558, 47.7960804], [0.6302475, 47.7957336], [0.6300123, 47.7954523], [0.6289736, 47.7940409], [0.628788, 47.7937608], [0.628268, 47.7927497], [0.6279944, 47.792069], [0.6279904, 47.7919159], [0.6280141, 47.7918355], [0.6282135, 47.7916673], [0.6294802, 47.7908109], [0.6304877, 47.7901297], [0.6305409, 47.7900323], [0.630528, 47.7898875], [0.6304184, 47.7897263], [0.6299768, 47.7894163], [0.6288439, 47.7887348], [0.6283613, 47.7883801], [0.6276542, 47.7879404], [0.6263499, 47.7872657], [0.6259203, 47.7869836], [0.6257304, 47.7867038], [0.6256861, 47.7865279], [0.6256853, 47.7864546], [0.6256709, 47.7862993], [0.6255928, 47.7861755], [0.6251083, 47.7858009], [0.6230994, 47.7842992], [0.6216734, 47.783534], [0.6183159, 47.7819365], [0.6170773, 47.7813608], [0.6169837, 47.7812937], [0.6169393, 47.7812095], [0.6169338, 47.7811533], [0.6169943, 47.7810043], [0.6170799, 47.7807134], [0.6169492, 47.7807597], [0.6152745, 47.7811688], [0.614541, 47.7813294], [0.6140339, 47.781404], [0.6138072, 47.7814254], [0.6132119, 47.7814391], [0.6128105, 47.7814875], [0.6126862, 47.7815167], [0.6123541, 47.7816301], [0.6116644, 47.781903], [0.611281, 47.7820346], [0.6109488, 47.7821151], [0.6108447, 47.7821436], [0.6107754, 47.7821853], [0.6105588, 47.7823897], [0.6100585, 47.7828652], [0.6098821, 47.7830082], [0.6095654, 47.7828261], [0.6084191, 47.7820314], [0.6082616, 47.7819085], [0.6081811, 47.7817952], [0.6081532, 47.781728], [0.6081412, 47.7815479], [0.6081324, 47.7808075], [0.6081138, 47.7801006], [0.6081095, 47.7798515], [0.6080227, 47.7798279], [0.6079122, 47.7798204], [0.607807, 47.779837], [0.6077525, 47.7798438], [0.607337, 47.7803265], [0.6070185, 47.7806355], [0.6069795, 47.7806258], [0.6063199, 47.7804107], [0.6056069, 47.7801149], [0.6053887, 47.7800382], [0.6051334, 47.779973], [0.6043507, 47.7799072], [0.6041189, 47.7798611], [0.6039828, 47.7798002], [0.6038862, 47.7796992], [0.6037615, 47.7795541], [0.6036417, 47.7794805], [0.6034989, 47.7794449], [0.6032947, 47.7794348], [0.6025248, 47.7794228], [0.6020112, 47.7794422], [0.6014331, 47.7795044], [0.6012336, 47.7795111], [0.6010055, 47.7794857], [0.6007812, 47.7794099], [0.6006786, 47.779348], [0.6005154, 47.7791745], [0.6003117, 47.778619], [0.6002304, 47.7783947], [0.6002284, 47.7782711], [0.6003658, 47.7777794], [0.6007751, 47.7766277], [0.6008147, 47.7764658], [0.6007948, 47.7763675], [0.6006767, 47.7762444], [0.6001501, 47.7759294], [0.5998123, 47.7756637], [0.599095, 47.7750108], [0.5988071, 47.7746926], [0.5986326, 47.7744323], [0.5985586, 47.7741878], [0.5984364, 47.7737842], [0.598254, 47.7734936], [0.5969331, 47.7726338], [0.5967395, 47.7725843], [0.5965768, 47.772551], [0.5964168, 47.7724582], [0.5963035, 47.7723579], [0.5960985, 47.7720994], [0.595874, 47.7717624], [0.5957749, 47.7716737], [0.5954572, 47.7714839], [0.5954192, 47.7713951], [0.5954122, 47.7713197], [0.5954466, 47.7712579], [0.5955899, 47.7711189], [0.59568, 47.770993], [0.5957327, 47.7708564], [0.5957853, 47.7704926], [0.595843, 47.7703831], [0.5959273, 47.7702911], [0.5961145, 47.7701602], [0.5961887, 47.7701035], [0.5962355, 47.7700037], [0.5962092, 47.7698896], [0.5960888, 47.7697138], [0.5959114, 47.7695425], [0.5957068, 47.769321], [0.5953526, 47.7688294], [0.5950679, 47.7684741], [0.5948367, 47.7682818], [0.594393, 47.7680382], [0.5942062, 47.7679789], [0.5939311, 47.7679617], [0.5931607, 47.7680889], [0.5929875, 47.7680995], [0.5927479, 47.7680433], [0.5924128, 47.7678673], [0.5922154, 47.7676743], [0.5920841, 47.7675537], [0.591852, 47.7674252], [0.5910006, 47.7670751], [0.5906208, 47.7668626], [0.5902953, 47.7666598], [0.5901251, 47.7664685], [0.590111, 47.7663824], [0.5901903, 47.7660069], [0.5901874, 47.7652469], [0.5902559, 47.7650655], [0.5904329, 47.7648663], [0.5907687, 47.7645998], [0.5913365, 47.7642643], [0.5922791, 47.7636902], [0.5925231, 47.7634993], [0.5926127, 47.7634136], [0.5927637, 47.763269], [0.5929424, 47.7630692], [0.5930937, 47.7628019], [0.593262, 47.7622553], [0.5934879, 47.7617141], [0.5935739, 47.7613938], [0.5936081, 47.7611277], [0.5936723, 47.760629], [0.5937502, 47.7600061], [0.5937696, 47.7598935], [0.5938318, 47.7597663], [0.593849, 47.7597312], [0.5942416, 47.759368], [0.5952762, 47.7586386], [0.5958311, 47.758209], [0.596162, 47.7581172], [0.5962862, 47.7580731], [0.5966552, 47.7578896], [0.5967325, 47.7578512], [0.5972163, 47.757683], [0.5973569, 47.7575999], [0.5977464, 47.7572637], [0.5981112, 47.7568955], [0.5982506, 47.7569771], [0.5986913, 47.7571094], [0.5991637, 47.7572288], [0.5992312, 47.7572275], [0.5992987, 47.7572262], [0.5993171, 47.7572258], [0.5997096, 47.7571787], [0.5999957, 47.7571442], [0.6005886, 47.7571405], [0.6007219, 47.7571397], [0.601415, 47.7571002], [0.6017866, 47.7570711], [0.6025482, 47.7569321], [0.6031213, 47.7568457], [0.6038718, 47.7568257], [0.6043574, 47.7568175], [0.6051294, 47.7567512], [0.6057086, 47.7566816]]]}, "properties": {"from": "Ruillé-sur-Loir", "name": "La boucle RUSTINES", "network": "lcn", "ref": "6", "roundtrip": "yes", "route": "bicycle", "to": "Ruillé-sur-Loir", "type": "route", "website": "https://www.sarthetourisme.com/itineraire/boucle-n6-boucle-rustines/", "id": "6", "distance": 22.39, "dureeEstim": 5.6, "denivelePo": null, "deniveleNe": null, "altiMax": null, "altiMin": null}}, {"type": "Feature", "geometry": {"type": "MultiLineString", "coordinates": [[[0.2827761, 47.9871875], [0.2827398, 47.9871986], [0.2826999, 47.9871983], [0.282664, 47.9871865], [0.2826402, 47.987167], [0.2826302, 47.9871427], [0.2826358, 47.9871178], [0.2826546, 47.9870974], [0.2826838, 47.9870835], [0.2827145, 47.9870783], [0.282746, 47.9870805], [0.2827745, 47.9870898], [0.2827965, 47.9871051], [0.2828093, 47.9871245], [0.2828114, 47.9871456], [0.2828002, 47.987169], [0.2827761, 47.9871875], [0.28281, 47.9872098], [0.2828314, 47.9872369], [0.2833514, 47.9878962], [0.2834274, 47.9879899], [0.2834812, 47.9880561], [0.2835987, 47.9882009], [0.2837897, 47.9884362], [0.2838225, 47.9884767], [0.2838593, 47.988522], [0.2839092, 47.9885835], [0.2840915, 47.9888213], [0.2841363, 47.9888797], [0.2841784, 47.9889367], [0.284493, 47.9893624], [0.2845198, 47.9894051], [0.2845794, 47.9894947], [0.2846068, 47.9895414], [0.2848992, 47.9900391], [0.2849667, 47.9901978], [0.2850069, 47.9902925], [0.2850972, 47.9905692], [0.2851524, 47.9907449], [0.2851716, 47.9908059], [0.2851859, 47.9908513], [0.2852088, 47.9909243], [0.2852302, 47.9909925], [0.2853045, 47.9912512], [0.2853602, 47.9914451], [0.2854698, 47.9917558], [0.2856137, 47.9919961], [0.2857474, 47.9922194], [0.2861162, 47.9928353], [0.286288, 47.9931821], [0.2863497, 47.9934099], [0.2863724, 47.9934939], [0.2864044, 47.9937881], [0.2864539, 47.9942791], [0.2864569, 47.9944876], [0.2864044, 47.9946474], [0.2863827, 47.9947073], [0.286208, 47.9950744], [0.286179, 47.9951308], [0.2861495, 47.9952165], [0.286128, 47.9953376], [0.2861166, 47.9954539], [0.2861154, 47.9956526], [0.2861092, 47.9967063], [0.2861079, 47.9971778], [0.2860891, 47.9976638], [0.2860764, 47.9977544], [0.2860589, 47.9978312], [0.2860247, 47.9979281], [0.2859738, 47.9980371], [0.2859054, 47.9981471], [0.2858088, 47.9982624], [0.2856928, 47.998375], [0.2855828, 47.9984697], [0.2854722, 47.9985424], [0.2853327, 47.9986155], [0.2852093, 47.9986707], [0.2851027, 47.9987047], [0.2848801, 47.9987672], [0.2843887, 47.9988872], [0.2838733, 47.999013], [0.2829976, 47.999231], [0.2825305, 47.9993473], [0.2791489, 48.000198], [0.2789176, 48.0002595], [0.2787868, 48.0002985], [0.2787191, 48.0003288], [0.2786584, 48.000369], [0.2785964, 48.0004188], [0.2785649, 48.000399], [0.2783583, 48.0003017], [0.2781102, 48.0002281], [0.2778085, 48.0001823], [0.2774879, 48.0001527], [0.2763239, 48.0000863], [0.2753676, 48.0000482], [0.2730891, 47.9999122], [0.2704868, 47.9997455], [0.2700904, 47.999704], [0.2698611, 47.9996704], [0.2696552, 47.9996278], [0.2694406, 47.9995474], [0.2653033, 47.9968799], [0.2650301, 47.9966932], [0.2649513, 47.9966463], [0.264903, 47.996634], [0.2648614, 47.9966371], [0.2647701, 47.9965538], [0.2646446, 47.9964726], [0.2644046, 47.9963172], [0.2632749, 47.9955867], [0.2626905, 47.995199], [0.2626372, 47.9951772], [0.2625917, 47.9951309], [0.2625447, 47.9951824], [0.2625179, 47.9952012], [0.2617548, 47.9960391], [0.2610611, 47.9967697], [0.2604307, 47.9974703], [0.2602328, 47.9976573], [0.2597881, 47.9981582], [0.259771, 47.9982941], [0.259766, 47.9985514], [0.2596889, 47.9987346], [0.2593689, 47.9991455], [0.2592287, 47.9992509], [0.2583024, 47.9999089], [0.2582196, 47.9999465], [0.2579188, 48.0000137], [0.2574224, 48.0002212], [0.2571701, 48.0003416], [0.2570153, 48.000527], [0.2567302, 48.000798], [0.2564909, 48.0011252], [0.2563523, 48.0012432], [0.2562778, 48.0012695], [0.2561814, 48.0012746], [0.2560811, 48.0012692], [0.2559786, 48.0012637], [0.2557539, 48.0012284], [0.2554123, 48.0011567], [0.2552294, 48.0011157], [0.2550096, 48.0010456], [0.2547967, 48.0009375], [0.2544843, 48.0007822], [0.2540979, 48.000685], [0.2536293, 48.0005277], [0.2535167, 48.0004854], [0.2534389, 48.0004246], [0.25332, 48.0002637], [0.2531637, 48.0000778], [0.2530496, 47.9998822], [0.2529286, 47.9998882], [0.2527873, 47.999902], [0.2525837, 47.9999235], [0.2524599, 47.9999206], [0.2521249, 47.9998555], [0.2518886, 47.9998232], [0.2516635, 47.9997642], [0.2515117, 47.9996928], [0.2513443, 47.9996029], [0.2510876, 47.9994148], [0.2506555, 47.9989938], [0.2502468, 47.9985367], [0.2501612, 47.9983474], [0.2499691, 47.9982496], [0.2492691, 47.9975561], [0.2491481, 47.9973488], [0.248882, 47.9971471], [0.2484292, 47.9967597], [0.2479248, 47.9964819], [0.2475413, 47.9963184], [0.2471432, 47.9961851], [0.2462633, 47.9959443], [0.2460778, 47.9958935], [0.245973, 47.9958909], [0.2458186, 47.9959039], [0.2457112, 47.995901], [0.2450401, 47.9957966], [0.2437457, 47.9955333], [0.2436278, 47.9955096], [0.243562, 47.9954799], [0.2435017, 47.9954377], [0.2434494, 47.9953744], [0.2433836, 47.9953094], [0.2433132, 47.9952524], [0.2431986, 47.9951905], [0.2430236, 47.9951267], [0.2428821, 47.9950729], [0.2427875, 47.9950352], [0.2427198, 47.9950024], [0.2426548, 47.9949661], [0.2426078, 47.994932], [0.2425455, 47.9948728], [0.242465, 47.9947812], [0.2424093, 47.9947072], [0.242345, 47.9945928], [0.242288, 47.9945111], [0.242229, 47.9944406], [0.242123, 47.9943446], [0.241838, 47.9940938], [0.2417495, 47.9940381], [0.2416422, 47.9939811], [0.2415477, 47.9939237], [0.2414618, 47.9938514], [0.2413841, 47.9937698], [0.241321, 47.9936881], [0.2412828, 47.9936203], [0.2412654, 47.9935499], [0.2412479, 47.993422], [0.2411675, 47.9931451], [0.2411566, 47.9929649], [0.241112, 47.9928514], [0.2410291, 47.9927626], [0.2408466, 47.9926412], [0.2408101, 47.9926089], [0.2407543, 47.9925784], [0.2406947, 47.9925624], [0.2406365, 47.992563], [0.2401236, 47.9925047], [0.2391309, 47.9922829], [0.2390664, 47.9922544], [0.2390346, 47.9922183], [0.2390118, 47.9921504], [0.2390498, 47.9919527], [0.2391389, 47.9916981], [0.2391834, 47.9915182], [0.2391468, 47.9912429], [0.2390978, 47.9911484], [0.2390367, 47.9910526], [0.238947, 47.9909515], [0.238913, 47.9909152], [0.2388808, 47.9908567], [0.2389065, 47.9908109], [0.23894, 47.9907787], [0.2390177, 47.9907543], [0.2390817, 47.9907423], [0.2391246, 47.9907361], [0.2391993, 47.9907374], [0.2390166, 47.9908673], [0.2389179, 47.9909491], [0.2385364, 47.991245], [0.2384526, 47.9912954], [0.2380607, 47.9915956], [0.2379258, 47.9915217], [0.2375227, 47.9912826], [0.2373254, 47.9911703], [0.2372732, 47.9911469], [0.237199, 47.9911286], [0.2368079, 47.9910306], [0.2361287, 47.9908636], [0.2354903, 47.9907093], [0.2354096, 47.9906994], [0.2353069, 47.9906178], [0.2352381, 47.9905389], [0.2351885, 47.9904258], [0.2351993, 47.9903026], [0.2351899, 47.9902339], [0.2351347, 47.9901866], [0.2350119, 47.9901732], [0.2345865, 47.9901424], [0.2341705, 47.9901102], [0.2336592, 47.9900125], [0.2334585, 47.9899603], [0.2332686, 47.989911], [0.2327547, 47.9897764], [0.2325928, 47.9897603], [0.2325364, 47.9897527], [0.2324107, 47.9898534], [0.2323851, 47.9898841], [0.2322012, 47.9898801], [0.2320567, 47.9898564], [0.2318362, 47.9898352], [0.2316919, 47.9898113], [0.2314162, 47.9897685], [0.2311354, 47.9897068], [0.2309607, 47.9896912], [0.2307903, 47.9897033], [0.2306524, 47.9897356], [0.2305761, 47.9897619], [0.230292, 47.9899279], [0.2299572, 47.9901726], [0.2297866, 47.9903221], [0.2297216, 47.9904465], [0.2296315, 47.9904746], [0.2291584, 47.9905089], [0.2283764, 47.9905419], [0.2278927, 47.9905211], [0.2274166, 47.9904556], [0.2271563, 47.9904127], [0.226995, 47.9903807], [0.2268884, 47.9903588], [0.2266103, 47.9903165], [0.2263034, 47.9903145], [0.226064, 47.9902916], [0.2257926, 47.9902411], [0.2256232, 47.9902139], [0.2253092, 47.990202], [0.2249058, 47.9902136], [0.2241327, 47.9903073], [0.2240767, 47.9903147], [0.2239789, 47.9902397], [0.2238523, 47.9899726], [0.2236375, 47.9897037], [0.2234232, 47.9894355], [0.2233611, 47.9893138], [0.2232933, 47.989245], [0.2230957, 47.9890445], [0.2228558, 47.9888224], [0.2227304, 47.9886943], [0.2224664, 47.9884245], [0.2217907, 47.9875902], [0.2216153, 47.9874116], [0.2215156, 47.9873285], [0.221433, 47.9872743], [0.2211347, 47.987049], [0.2209599, 47.9869139], [0.2206474, 47.9867695], [0.2204617, 47.9866965], [0.2199064, 47.9865084], [0.2193847, 47.9863803], [0.2185882, 47.9862665], [0.2183605, 47.9862458], [0.2179404, 47.9862075], [0.2172565, 47.9862259], [0.2169125, 47.9862883], [0.2167479, 47.9863624], [0.2167079, 47.9864216], [0.2166679, 47.9864899], [0.2161294, 47.9863517], [0.2158266, 47.9862322], [0.2155373, 47.9860897], [0.2148603, 47.9858911], [0.2138141, 47.9858996], [0.2137359, 47.9859079], [0.2137974, 47.9860226], [0.2138198, 47.9862033], [0.2138051, 47.986201], [0.2137317, 47.9862067], [0.2136605, 47.9862191], [0.2135834, 47.986242], [0.2135185, 47.9862732], [0.2130179, 47.986805], [0.2129571, 47.98678], [0.212825, 47.9867796], [0.2126562, 47.9867791], [0.2124281, 47.9867784], [0.2120145, 47.9867771], [0.2117749, 47.9867763], [0.2116655, 47.986776], [0.2116356, 47.9867688], [0.2115279, 47.9867414], [0.2114127, 47.9867148], [0.2113374, 47.986697], [0.2112277, 47.9866709], [0.2110025, 47.9866609], [0.210675, 47.9865867], [0.210614, 47.9865729], [0.2098112, 47.9863871], [0.2097189, 47.9863656], [0.2093846, 47.9862875], [0.209268, 47.9862606], [0.2091903, 47.9862427], [0.2091531, 47.9862341], [0.2090731, 47.9862157], [0.208975, 47.986193], [0.2089031, 47.9861764], [0.2088714, 47.9862339], [0.2087847, 47.9863775], [0.2087742, 47.986399], [0.2086873, 47.9865716], [0.2085197, 47.9869041], [0.208374, 47.9871886], [0.2083144, 47.9872963], [0.2079276, 47.9880004], [0.2078531, 47.988136], [0.2078052, 47.9882244], [0.2075967, 47.9885939], [0.2074291, 47.9888461], [0.2071383, 47.9892392], [0.2070586, 47.9893479], [0.2070085, 47.9894295], [0.206728, 47.989786], [0.2066423, 47.9898944], [0.2065474, 47.9900155], [0.2061211, 47.9905574], [0.2054879, 47.9913621], [0.2053662, 47.9915168], [0.2053455, 47.991543], [0.205191, 47.9917394], [0.2050737, 47.9918874], [0.2050324, 47.991941], [0.2049799, 47.992002], [0.2049225, 47.9920703], [0.2048164, 47.9921952], [0.2047675, 47.9922625], [0.2046919, 47.9923661], [0.204685, 47.9923756], [0.2046193, 47.9924719], [0.2043887, 47.9925113], [0.2043437, 47.992519], [0.2041711, 47.9925489], [0.2040984, 47.9925829], [0.2033804, 47.9927153], [0.203361, 47.9927187], [0.203279, 47.9927333], [0.2031654, 47.9927507], [0.2030172, 47.9927733], [0.2024264, 47.9929], [0.2021544, 47.9929561], [0.201944, 47.9930002], [0.2018809, 47.9930378], [0.201806, 47.9931177], [0.2002449, 47.9935166], [0.1991658, 47.9937924], [0.1991212, 47.9938038], [0.1989868, 47.9938381], [0.1988985, 47.9938607], [0.1987502, 47.9939008], [0.1987203, 47.9939089], [0.1979915, 47.9941057], [0.1972567, 47.9943043], [0.1970714, 47.9943543], [0.1965653, 47.9944911], [0.1962486, 47.9945766], [0.1957784, 47.9947037], [0.1957472, 47.9947121], [0.1957047, 47.9947266], [0.1955883, 47.9948116], [0.1955706, 47.9948245], [0.1955544, 47.9948363], [0.1954621, 47.9949039], [0.1954395, 47.9949201], [0.195391, 47.9949548], [0.1953248, 47.9950021], [0.1952556, 47.9950588], [0.1952399, 47.9950717], [0.1951754, 47.9951227], [0.1950298, 47.9952666], [0.1950108, 47.9953096], [0.1950014, 47.9953309], [0.195023, 47.9953414], [0.1950413, 47.9953541], [0.1950561, 47.9953687], [0.1950672, 47.9953848], [0.195074, 47.9954018], [0.1950765, 47.9954194], [0.1950745, 47.9954371], [0.1950682, 47.9954542], [0.1950575, 47.9954704], [0.195043, 47.9954852], [0.195025, 47.995498], [0.1950041, 47.9955088], [0.1949794, 47.9955173], [0.1949555, 47.9955225], [0.1949294, 47.995525], [0.194903, 47.9955246], [0.1948771, 47.9955212], [0.1948524, 47.995515], [0.1948296, 47.9955061], [0.1948094, 47.9954947], [0.1947922, 47.995481], [0.1947786, 47.9954657], [0.1947121, 47.9954623], [0.1946659, 47.9954592], [0.1945388, 47.9954701], [0.1943119, 47.9955413], [0.1939622, 47.995651], [0.1938263, 47.9956936], [0.1937936, 47.9957039], [0.1935101, 47.9957927], [0.193362, 47.9958391], [0.1931261, 47.9959131], [0.1930904, 47.9959244], [0.1929861, 47.9959572], [0.1929495, 47.9959685], [0.1928869, 47.9959881], [0.1928381, 47.9960034], [0.1927807, 47.9960214], [0.1925424, 47.9960961], [0.1920364, 47.9962548], [0.1919681, 47.9962776], [0.1919364, 47.9962882], [0.1918386, 47.996325], [0.1917422, 47.9963611], [0.1916805, 47.9963904], [0.1916331, 47.9964118], [0.1914012, 47.9965646], [0.1913223, 47.9966143], [0.191284, 47.9966384], [0.1912838, 47.9966606], [0.1912773, 47.9966823], [0.1912649, 47.9967028], [0.191247, 47.9967215], [0.1912241, 47.9967375], [0.1911935, 47.9967519], [0.191159, 47.9967616], [0.1911222, 47.9967662], [0.1910848, 47.9967655], [0.1910539, 47.9967608], [0.1910247, 47.9967525], [0.1909912, 47.9967368], [0.1909639, 47.9967164], [0.1909445, 47.9966923], [0.1909338, 47.9966658], [0.1909326, 47.9966384], [0.1909408, 47.9966116], [0.1909443, 47.9966051], [0.1909521, 47.9965946], [0.1909645, 47.9965802], [0.1909848, 47.9965643], [0.1910083, 47.9965505], [0.1908762, 47.9965917], [0.1907286, 47.9966379], [0.1904897, 47.996713], [0.1904205, 47.9967347], [0.1899289, 47.996889], [0.1898513, 47.9969133], [0.1897584, 47.9969479], [0.1896556, 47.9970064], [0.1895485, 47.9970823], [0.1894666, 47.9971406], [0.1893368, 47.9972425], [0.1892852, 47.9972898], [0.1891866, 47.9973959], [0.18909, 47.9975155], [0.1888889, 47.9977668], [0.188859, 47.9977941], [0.1888178, 47.997822], [0.1887759, 47.997839], [0.1887182, 47.9978489], [0.1886911, 47.9978521], [0.1886947, 47.9978904], [0.1886974, 47.9979174], [0.1887001, 47.9979512], [0.1887335, 47.997953], [0.1887656, 47.997958], [0.1887915, 47.9979646], [0.1888306, 47.9979776], [0.1889005, 47.9980009], [0.1889608, 47.998021], [0.1889852, 47.9980299], [0.1889951, 47.9980379], [0.1890019, 47.9980467], [0.1890035, 47.9980575], [0.1889993, 47.998068], [0.1889873, 47.9980945], [0.188945, 47.9982033], [0.1889324, 47.9982788], [0.188922, 47.9983312], [0.1888543, 47.998342], [0.1887837, 47.9983532], [0.1886979, 47.9983668], [0.1886854, 47.9983457], [0.1886712, 47.9983337], [0.1886552, 47.9983234], [0.1886348, 47.9983172], [0.1886181, 47.998313], [0.1886043, 47.9983119], [0.1885876, 47.9983108], [0.1885443, 47.9982734], [0.1879753, 47.9986279], [0.1879291, 47.9986566], [0.18777, 47.9987555], [0.1876183, 47.9988497], [0.1875138, 47.9989145], [0.1872676, 47.9990677], [0.1872433, 47.9990819], [0.1872084, 47.9991022], [0.187235, 47.9991291], [0.1872582, 47.9991516], [0.1874592, 47.9993669], [0.1881354, 48.0000685], [0.1886815, 48.0007003], [0.1889345, 48.0009476]], [[0.1910083, 47.9965505], [0.1910437, 47.996539], [0.1910807, 47.996532], [0.1911196, 47.9965307], [0.1911579, 47.9965353], [0.1911937, 47.9965453], [0.1912802, 47.9965293], [0.1913658, 47.9965034], [0.1915862, 47.9964279], [0.1916331, 47.9964118]], [[0.1945388, 47.9954701], [0.1946337, 47.9954058], [0.1947252, 47.9953805], [0.1947888, 47.9953629], [0.1948053, 47.9953489], [0.1948252, 47.9953369], [0.1948478, 47.9953274], [0.1949628, 47.9952333], [0.1951754, 47.9951227]], [[0.286929, 47.9864761], [0.2869209, 47.9864494], [0.2869011, 47.9863838], [0.2866699, 47.9861602], [0.2863733, 47.9858611], [0.2862862, 47.9857865], [0.285894, 47.9854401], [0.2856741, 47.9852361], [0.2854991, 47.9851607], [0.2854423, 47.9851463], [0.2852297, 47.9851225], [0.2847483, 47.9851063], [0.284676, 47.9851039], [0.2846012, 47.9851014], [0.2844352, 47.9850958], [0.2843459, 47.985093], [0.2842504, 47.9850892], [0.2841388, 47.9850865], [0.2838595, 47.9850867], [0.2836983, 47.9850868], [0.2836436, 47.9850881], [0.2834488, 47.9851171], [0.2833677, 47.985152], [0.2833075, 47.9851779], [0.2829837, 47.985317], [0.2828062, 47.9853933], [0.2826437, 47.9854693], [0.2819965, 47.9857568], [0.2817798, 47.9858462], [0.2818066, 47.9859902], [0.2818476, 47.9862554], [0.2818646, 47.9863309], [0.2818771, 47.9863862], [0.2819127, 47.9864628], [0.281957, 47.9865139], [0.2822567, 47.9867193], [0.2825905, 47.9869643], [0.2826653, 47.9870599], [0.2826838, 47.9870835]], [[0.2871307, 47.9865441], [0.2871492, 47.986583], [0.2871482, 47.9866238], [0.287128, 47.9866624], [0.2870906, 47.9866946], [0.2870399, 47.9867172], [0.2869785, 47.9867281], [0.2869153, 47.9867249], [0.2868571, 47.9867079], [0.2868106, 47.9866791], [0.2867808, 47.9866416], [0.2867712, 47.9865985], [0.2867838, 47.9865557], [0.2868173, 47.9865184], [0.2868677, 47.9864907], [0.286929, 47.9864761], [0.2869892, 47.9864757], [0.2870466, 47.9864879], [0.2870954, 47.9865115], [0.2871307, 47.9865441]], [[0.4186947, 47.6950728], [0.4186673, 47.6950928], [0.4186323, 47.6951065], [0.4185929, 47.6951125], [0.4185526, 47.6951105], [0.4185219, 47.695103], [0.4184948, 47.6950908], [0.4184729, 47.6950746], [0.4184573, 47.6950553], [0.4184506, 47.6950399], [0.418449, 47.69501], [0.4184621, 47.6949813], [0.4184883, 47.6949571], [0.4185241, 47.6949401], [0.4185662, 47.6949317], [0.41861, 47.6949329], [0.4186431, 47.6949405], [0.4186721, 47.6949537], [0.4186973, 47.6949736], [0.418713, 47.6949975], [0.4187179, 47.6950235], [0.4187117, 47.6950493], [0.4186947, 47.6950728], [0.4187214, 47.6950786], [0.4187853, 47.6950928], [0.4188907, 47.6951163], [0.4193528, 47.6952721], [0.4194536, 47.6953411], [0.419626, 47.6955487], [0.41968, 47.6956114], [0.4197182, 47.6956459], [0.4197732, 47.6956908], [0.4198285, 47.6957348], [0.4198959, 47.6957809], [0.4200448, 47.6958779], [0.4201038, 47.6959086], [0.4202064, 47.6959555], [0.4203086, 47.6959912], [0.420426, 47.6960176], [0.4205256, 47.6960323], [0.4206717, 47.6960611], [0.4207659, 47.6960891], [0.4208551, 47.6961169], [0.4209487, 47.696134], [0.421635, 47.6962607], [0.4217902, 47.6962935], [0.4218938, 47.6963176], [0.4220038, 47.6963476], [0.4221389, 47.6963943], [0.4222328, 47.6964311], [0.4226361, 47.6965786], [0.4228534, 47.6966581], [0.4229771, 47.6967132], [0.4230804, 47.6967658], [0.4231723, 47.696808], [0.4232601, 47.6968484], [0.4236018, 47.6969901], [0.4236823, 47.6970164], [0.4237672, 47.6970442], [0.4238078, 47.6971019], [0.4238528, 47.6971431], [0.4238991, 47.6971686], [0.4239558, 47.697192], [0.4244188, 47.6973541], [0.4245774, 47.6973952], [0.4247914, 47.6974348], [0.4250712, 47.6974848], [0.4251596, 47.6975153], [0.4252279, 47.6975454], [0.4253179, 47.6975947], [0.4254369, 47.6976836], [0.4256298, 47.6978389], [0.425714, 47.6978957], [0.4258028, 47.6979363], [0.4259198, 47.6979672], [0.4261569, 47.6980062], [0.4262453, 47.6980122], [0.4263619, 47.6980208], [0.4264692, 47.6980171], [0.4265794, 47.6980092], [0.4268742, 47.6979575], [0.427032, 47.6979236], [0.4279631, 47.6981965], [0.4282509, 47.6982798], [0.4284145, 47.6983322], [0.4285486, 47.6983845], [0.4286747, 47.6984381], [0.4288463, 47.6985154], [0.4290314, 47.6986156], [0.4292179, 47.6987335], [0.4293224, 47.6988156], [0.429482, 47.698936], [0.4296081, 47.699047], [0.4296988, 47.6991476], [0.4301412, 47.6996724], [0.4304351, 47.7000702], [0.4309088, 47.7006747], [0.431514, 47.7014514], [0.4323631, 47.7024945], [0.4326035, 47.7027877], [0.4331315, 47.7034794], [0.4335648, 47.7040115], [0.4336097, 47.7040624], [0.4336231, 47.7040877], [0.4336975, 47.7040742], [0.4337646, 47.7040683], [0.4338256, 47.7040859], [0.433887, 47.7041155], [0.4342753, 47.704358], [0.4344521, 47.7044804], [0.434603, 47.7045995], [0.4350932, 47.7050535], [0.4355541, 47.7055073], [0.4357463, 47.7056987], [0.4359159, 47.7058713], [0.4360293, 47.7060038], [0.4361285, 47.70615], [0.4361993, 47.7062732], [0.4364663, 47.706846], [0.4365885, 47.7070985], [0.4367147, 47.7073178], [0.4367883, 47.7074242], [0.4368527, 47.7075217], [0.4369347, 47.7076135], [0.4370418, 47.7076995], [0.4371572, 47.7077753], [0.4373202, 47.7078648], [0.4376194, 47.7079878], [0.4386179, 47.7084189], [0.4389794, 47.708624], [0.439045, 47.7087116], [0.4391801, 47.7088118], [0.4396544, 47.7091054], [0.4401974, 47.7094145], [0.4400932, 47.7095257], [0.4400135, 47.7096205], [0.4399042, 47.7097643], [0.4394026, 47.7104063], [0.4393681, 47.7104603], [0.4393516, 47.710502], [0.4393553, 47.7105316], [0.4393721, 47.7105488], [0.4394153, 47.7105353], [0.439466, 47.710526], [0.4395246, 47.710522], [0.4396011, 47.7105256], [0.4396728, 47.7105319], [0.439812, 47.7105483], [0.4403213, 47.7106182], [0.4415906, 47.7107952], [0.4418059, 47.710832], [0.4419292, 47.7108552], [0.4423761, 47.7109538], [0.4429032, 47.7110848], [0.4436301, 47.7113298], [0.4442497, 47.7116307], [0.4447406, 47.711869], [0.4453922, 47.7121063], [0.4461451, 47.7123762], [0.4467816, 47.7125534], [0.4483716, 47.7129879], [0.4484823, 47.7130074], [0.4486128, 47.7129933], [0.4509206, 47.712461], [0.4523313, 47.7121397], [0.4528697, 47.7120398], [0.4536929, 47.7120021], [0.4541814, 47.7119309], [0.4547184, 47.7118083], [0.4554353, 47.7116834], [0.4558328, 47.7117003], [0.4560139, 47.7116971], [0.456099, 47.7116863], [0.4561714, 47.7116651], [0.4562184, 47.7116407], [0.4563927, 47.7117386], [0.4565436, 47.7118212], [0.4566616, 47.711883], [0.4567575, 47.711925], [0.4568574, 47.7119584], [0.4569526, 47.7119881], [0.4570747, 47.7120143], [0.457205, 47.7120302], [0.4575437, 47.7122329], [0.458782, 47.7130139], [0.4592286, 47.713226], [0.4595429, 47.7133753], [0.4604604, 47.7136689], [0.4634328, 47.7142374], [0.464692, 47.7146464], [0.4651111, 47.7148965], [0.4652153, 47.7149739], [0.4651159, 47.7150201], [0.4650529, 47.7150517], [0.4649825, 47.7151072], [0.4648826, 47.7152299], [0.4647946, 47.7153546], [0.4643995, 47.7159897], [0.4637086, 47.7169336], [0.4633846, 47.7174056], [0.4627122, 47.7187179], [0.4625804, 47.7189753], [0.4625094, 47.7192072], [0.46235, 47.720099], [0.4622331, 47.7207526], [0.462112, 47.7210278], [0.4619325, 47.7212896], [0.4610855, 47.7221275], [0.4607271, 47.722585], [0.4603882, 47.7230275], [0.460249, 47.7232671], [0.4602134, 47.7233771], [0.4601973, 47.7234822], [0.4601853, 47.7235657], [0.4601866, 47.723646], [0.460208, 47.7237969], [0.4602738, 47.7240817], [0.4603194, 47.7242441], [0.4603577, 47.7243662], [0.4604334, 47.7246925], [0.4604749, 47.7249244], [0.460485, 47.7250296], [0.460479, 47.7251409], [0.4604548, 47.7252737], [0.4604146, 47.7254404], [0.4603766, 47.7255705], [0.4603221, 47.7257246], [0.4602754, 47.7258338], [0.460204, 47.7259582], [0.4601061, 47.7260853], [0.4597838, 47.7264166], [0.458761, 47.727453], [0.4580958, 47.7281314], [0.4578625, 47.728375], [0.4577582, 47.7284941], [0.4576653, 47.7286158], [0.4576049, 47.7287146], [0.4575765, 47.7287765], [0.4575189, 47.728902], [0.4574655, 47.7290479], [0.4574487, 47.7291177], [0.4574051, 47.7292112], [0.4573193, 47.7293393], [0.4572244, 47.7294701], [0.4571517, 47.7295558], [0.4570376, 47.7296643], [0.4568419, 47.7298309], [0.4566405, 47.7299789], [0.4562317, 47.7302828], [0.456048, 47.7304425], [0.4559094, 47.730583], [0.4555235, 47.7309809], [0.4554096, 47.7311136], [0.4553345, 47.7312138], [0.4552658, 47.7313568], [0.4551543, 47.7316752], [0.4550735, 47.7318397], [0.454959, 47.7319931], [0.4548616, 47.7321014], [0.4546933, 47.7322723], [0.4545344, 47.7324196], [0.4544589, 47.7324957], [0.4544295, 47.7325253], [0.4542525, 47.7327038], [0.4538447, 47.7330881], [0.4537195, 47.7331659], [0.4534966, 47.733274], [0.4532951, 47.7333522], [0.4532049, 47.7333592], [0.4531323, 47.7333546], [0.4530588, 47.7333355], [0.4529482, 47.7333091], [0.4527696, 47.7332725], [0.4527546, 47.7332978], [0.4526488, 47.7335978], [0.4524604, 47.7339889], [0.4523827, 47.73426], [0.4523616, 47.7344428], [0.4524273, 47.7350864], [0.4524779, 47.7352773], [0.4525488, 47.7354198], [0.4529432, 47.7358543], [0.4530327, 47.7359807], [0.4532665, 47.7363629], [0.4535306, 47.7368022], [0.4536472, 47.7370454], [0.453794, 47.7375439], [0.4539191, 47.7378048], [0.4549197, 47.7391409], [0.4550544, 47.7393821], [0.4551891, 47.7398099], [0.4555149, 47.7404839], [0.4555367, 47.7406087], [0.4555287, 47.7407291], [0.4554333, 47.7410439], [0.4553051, 47.7413067], [0.4552228, 47.7414522], [0.4551331, 47.7415757], [0.4550019, 47.7417082], [0.4543786, 47.7422923], [0.4539233, 47.7427865], [0.4536889, 47.7430607], [0.4535408, 47.7432786], [0.4534169, 47.7435443], [0.4532006, 47.7440437], [0.4531785, 47.7441934], [0.4531918, 47.7443528], [0.4532435, 47.7445095], [0.4534393, 47.7448938], [0.4535266, 47.7451393], [0.453586, 47.7454874], [0.4535894, 47.7457956], [0.4535941, 47.7461158], [0.4536261, 47.7462695], [0.4536783, 47.7464205], [0.4537785, 47.7465785], [0.4538889, 47.7467049], [0.4542455, 47.7470582], [0.4543627, 47.7471948], [0.4544489, 47.7473438], [0.454483, 47.7474678], [0.4544846, 47.7476066], [0.4544401, 47.7477066], [0.4543562, 47.747827], [0.4542369, 47.7479501], [0.4541176, 47.7480515], [0.4539432, 47.7481657], [0.4534893, 47.7485701], [0.453328, 47.7486877], [0.4532038, 47.7487678], [0.4527454, 47.7490439], [0.4526687, 47.7491049], [0.4524952, 47.7492544], [0.452147, 47.7496283], [0.4515329, 47.7503057], [0.4509506, 47.75115], [0.4508052, 47.7513017], [0.4506172, 47.7514527], [0.4500422, 47.7518823], [0.4496554, 47.7521713], [0.4495237, 47.7522888], [0.4494447, 47.7524156], [0.4494002, 47.7525552], [0.4492896, 47.752994], [0.4491531, 47.7532657], [0.449033, 47.7534376], [0.4489397, 47.7535659], [0.4488398, 47.7536566], [0.4488309, 47.7537171], [0.4488254, 47.7537281], [0.4487842, 47.7538102], [0.4486887, 47.7539986], [0.4486305, 47.7541162], [0.4486145, 47.7542307], [0.44862, 47.7543182], [0.4486683, 47.7544796], [0.4488056, 47.7548543], [0.4488854, 47.7550721], [0.4489363, 47.7552163], [0.4489849, 47.7555576], [0.4490203, 47.7558399], [0.4490657, 47.7560951], [0.4491934, 47.756469], [0.4494435, 47.7572857], [0.4494322, 47.7574056], [0.4493692, 47.7577675], [0.4493377, 47.7579391], [0.4492839, 47.758103], [0.4491956, 47.7582826], [0.4491041, 47.7584103], [0.4488057, 47.7587432], [0.448088, 47.7594549], [0.4480449, 47.759517], [0.44797, 47.759625], [0.4477767, 47.7599506], [0.4473546, 47.7606064], [0.4469672, 47.761539], [0.4468236, 47.7618231], [0.4467533, 47.7619964], [0.4467495, 47.7621644], [0.4467809, 47.7623872], [0.4467907, 47.7625927], [0.4467481, 47.7627826], [0.4466825, 47.7629952], [0.4465569, 47.7632316], [0.4464261, 47.7634311], [0.4461953, 47.7636602], [0.4460815, 47.7637562], [0.4458682, 47.763936], [0.4453159, 47.7643415], [0.444932, 47.7645471], [0.4447481, 47.7646525], [0.4445935, 47.7647944], [0.4440951, 47.7653017], [0.4435412, 47.7657133], [0.4434116, 47.7658442], [0.4433517, 47.7659939], [0.443223, 47.7663788], [0.4431277, 47.7665451], [0.4429337, 47.7667156], [0.4423439, 47.7670929], [0.4421188, 47.7672801], [0.4419722, 47.7674916], [0.4414091, 47.7683378], [0.4409114, 47.7691426], [0.4406967, 47.7697324], [0.4404006, 47.7700443], [0.4399457, 47.7704186], [0.4397274, 47.7705855], [0.4387451, 47.7713363], [0.438213, 47.7715943], [0.4374781, 47.7719606], [0.4364857, 47.7726083], [0.435876, 47.773051], [0.4356763, 47.7732336], [0.4349884, 47.7739647], [0.43491, 47.774098], [0.4348626, 47.77427], [0.4348996, 47.7744675], [0.4349359, 47.7746613], [0.4349241, 47.7748071], [0.4348696, 47.7749353], [0.4347116, 47.7751283], [0.4344668, 47.7753198], [0.4337231, 47.7758485], [0.4333306, 47.7761917], [0.433256, 47.7762885], [0.4332009, 47.7763837], [0.4330638, 47.7767909], [0.4329238, 47.7770888], [0.4327599, 47.7773208], [0.432619, 47.7774179], [0.4324374, 47.7774972], [0.4315126, 47.777763], [0.4311576, 47.7778027], [0.4308328, 47.7777714], [0.4303991, 47.7776806], [0.4300884, 47.7776643], [0.4296155, 47.7776794], [0.4292817, 47.7777047], [0.4289039, 47.7777942], [0.4284417, 47.7779794], [0.4278461, 47.7782812], [0.4277391, 47.7783488], [0.4267814, 47.7789837], [0.4263463, 47.779246], [0.4259318, 47.7794676], [0.4256105, 47.7796324], [0.4253213, 47.7797348], [0.4248591, 47.7798576], [0.424343, 47.7799131], [0.4224578, 47.7800158], [0.4208056, 47.7801455], [0.4195685, 47.7803589], [0.4191844, 47.7804619], [0.4187918, 47.7806861], [0.4186919, 47.7807855], [0.4186428, 47.7808127], [0.4186301, 47.7808915], [0.418592, 47.7810159], [0.4182675, 47.7818837], [0.4178304, 47.7832058], [0.4177802, 47.7834309], [0.4177821, 47.783687], [0.4178208, 47.7839386], [0.4179218, 47.7844395], [0.4179403, 47.7848866], [0.4178734, 47.7857007], [0.4178308, 47.7860843], [0.4176708, 47.7875442], [0.4176394, 47.7875436], [0.4175529, 47.7875191], [0.4173158, 47.787445], [0.4170935, 47.7873412], [0.4167681, 47.7871756], [0.416599, 47.7871236], [0.41603, 47.7869776], [0.4157153, 47.786937], [0.4154954, 47.7868908], [0.4152565, 47.7868367], [0.4147899, 47.7866722], [0.4144708, 47.7865484], [0.4139126, 47.7864242], [0.4133093, 47.7863293], [0.4132829, 47.7864384], [0.4132477, 47.7866769], [0.4132077, 47.7868956], [0.413151, 47.787072], [0.4130617, 47.7873446], [0.4129606, 47.7876797], [0.4129091, 47.7878374], [0.4128533, 47.787937], [0.4128131, 47.7880532], [0.4128012, 47.7881408], [0.4128221, 47.7882983], [0.4128024, 47.7884025], [0.4127634, 47.7885237], [0.4126713, 47.7886797], [0.412574, 47.7887732], [0.4124573, 47.7888441], [0.412361, 47.7888893], [0.4122402, 47.7889459], [0.411575, 47.7892524], [0.4115343, 47.7892711], [0.4117248, 47.7894918], [0.4117438, 47.7895139], [0.4120719, 47.7898939], [0.4121705, 47.7900175], [0.4122047, 47.7900605], [0.4122774, 47.7901429], [0.4123393, 47.7901977], [0.4124038, 47.7902454], [0.412643, 47.7903982], [0.4126878, 47.7904272], [0.4127747, 47.7904941], [0.4128209, 47.79054], [0.41284, 47.79058], [0.4128483, 47.7906165], [0.4127633, 47.7906183], [0.4125405, 47.7906221], [0.4121917, 47.7906179], [0.4120897, 47.7906153], [0.4118404, 47.7906209], [0.4117861, 47.7906061], [0.4117503, 47.7906319], [0.4117144, 47.7906775], [0.4116901, 47.7907136], [0.4116325, 47.7907273], [0.4113585, 47.7906814], [0.4113042, 47.7907001], [0.4112594, 47.7907468], [0.4110905, 47.7909791], [0.4110437, 47.7910593], [0.4109043, 47.7910537], [0.4103021, 47.7910397], [0.4100228, 47.7910296], [0.4097092, 47.7910272], [0.4093003, 47.7910211], [0.40904, 47.7909871], [0.4089348, 47.7909733], [0.4083503, 47.7908357], [0.4081142, 47.7908717], [0.407846, 47.7910879], [0.4076421, 47.7912465], [0.4074113, 47.7913915], [0.4072949, 47.7914214], [0.4071154, 47.7914414], [0.4066889, 47.7914264], [0.4060436, 47.79147], [0.4050725, 47.7915698], [0.4044565, 47.7916116], [0.4042096, 47.7916667], [0.4040578, 47.7917498], [0.4038053, 47.7919458], [0.4033306, 47.7923341], [0.4031863, 47.7924349], [0.4030055, 47.7925265], [0.4024834, 47.7927056], [0.4023014, 47.7927329], [0.4021759, 47.7927126], [0.401986, 47.7926443], [0.401763, 47.7925648], [0.4015515, 47.7925174], [0.4014129, 47.7924961], [0.4013209, 47.7924975], [0.401239, 47.792512], [0.4009844, 47.7926199], [0.4004002, 47.7928755], [0.4002818, 47.7929048], [0.4001641, 47.7929187], [0.3996926, 47.7928491], [0.3994368, 47.7927805], [0.3992522, 47.7926665], [0.3989545, 47.7924951], [0.3987198, 47.7923837], [0.3985958, 47.7923452], [0.3984734, 47.7923224], [0.3983842, 47.7923231], [0.3982953, 47.792343], [0.398177, 47.792406], [0.3980686, 47.7925015], [0.3973099, 47.7931567], [0.3971995, 47.7932269], [0.3969913, 47.793319], [0.3968952, 47.7933968], [0.3968908, 47.7934937], [0.3969576, 47.7936118], [0.3971985, 47.7938341], [0.3980096, 47.7944541], [0.3987022, 47.7949162], [0.3992959, 47.7953109], [0.4001241, 47.7958578], [0.4007035, 47.7962623], [0.4016365, 47.7971237], [0.4018257, 47.7972488], [0.4019798, 47.7972803], [0.4021481, 47.7972584], [0.4026987, 47.7971129], [0.4029562, 47.7970228], [0.4031815, 47.7969003], [0.403557, 47.7966517], [0.4037485, 47.796538], [0.4039738, 47.7965308], [0.404131, 47.7966012], [0.4043402, 47.7967201], [0.4046262, 47.7968926], [0.4048689, 47.7970754], [0.4049652, 47.7971812], [0.4050066, 47.797274], [0.4050056, 47.7973863], [0.4049536, 47.7975192], [0.4049514, 47.7976216], [0.4049918, 47.7977474], [0.4055686, 47.7982408], [0.4056223, 47.7983021], [0.4056791, 47.7983778], [0.405711, 47.7984587], [0.4057027, 47.798576], [0.405676, 47.7986789], [0.4056833, 47.7987735], [0.4057278, 47.7988543], [0.4061423, 47.799248], [0.4059786, 47.7994273], [0.4056516, 47.799856], [0.4055995, 47.7999297], [0.4044663, 47.8015312], [0.4019942, 47.8049339], [0.3992803, 47.8087157], [0.3995208, 47.8087481], [0.3995915, 47.8087615], [0.4010771, 47.809024], [0.4011573, 47.8090382], [0.4012101, 47.8090475], [0.4048046, 47.8097059], [0.4048963, 47.8097246], [0.4073508, 47.810225], [0.412469, 47.8111476], [0.417487, 47.8120456], [0.4175408, 47.8120552], [0.4175999, 47.8120568], [0.4176696, 47.8120772], [0.4177329, 47.8120959], [0.4228225, 47.8130387], [0.4244872, 47.8133339], [0.4246945, 47.8135676], [0.4263693, 47.8156069], [0.4281326, 47.8177805], [0.4287296, 47.8186759], [0.4312617, 47.8215143], [0.4314175, 47.8217507], [0.4312854, 47.82182], [0.4312022, 47.8219148], [0.4308042, 47.822499], [0.4301186, 47.8234924], [0.4293194, 47.824546], [0.4292429, 47.8246469], [0.4291782, 47.8247451], [0.4291274, 47.8248069], [0.4290796, 47.8249395], [0.4288955, 47.8254499], [0.4287657, 47.8258486], [0.4284975, 47.8265257], [0.4283528, 47.826904], [0.4282139, 47.827267], [0.4280147, 47.8278222], [0.4277062, 47.8283005], [0.4275738, 47.8286477], [0.4275212, 47.8292772], [0.4274042, 47.8301048], [0.4274675, 47.8304872], [0.4277368, 47.8310699], [0.4280147, 47.831582], [0.4283913, 47.8321575], [0.4285297, 47.8325471], [0.4287014, 47.8330081], [0.4288301, 47.8336202], [0.4288483, 47.8341064], [0.4288234, 47.834347], [0.428804, 47.834368], [0.4290032, 47.8345321], [0.4294855, 47.8349412], [0.4298527, 47.8352527], [0.4298867, 47.8352846], [0.4299502, 47.8353432], [0.4299786, 47.8353693], [0.4300855, 47.8354635], [0.4303855, 47.835725], [0.4306962, 47.8359434], [0.4310248, 47.8362058], [0.4310482, 47.836239], [0.4311169, 47.8363006], [0.4313597, 47.8365023], [0.4313939, 47.8365364], [0.4314147, 47.8365929], [0.4314294, 47.8366383], [0.4315224, 47.8366476], [0.4316037, 47.8366673], [0.4318044, 47.83674], [0.431982, 47.8367415], [0.4320744, 47.8367314], [0.4323978, 47.836668], [0.4329473, 47.8365482], [0.4334689, 47.8364577], [0.4342831, 47.8362777], [0.4344275, 47.8362557], [0.4344447, 47.8362765], [0.4346447, 47.8363591], [0.4363725, 47.8368914], [0.4366437, 47.83694], [0.4369036, 47.83696], [0.437665, 47.836969], [0.4378605, 47.8369894], [0.4381964, 47.8370571], [0.4384118, 47.8371162], [0.4396117, 47.8374454], [0.4399837, 47.8375058], [0.4404528, 47.8375283], [0.440918, 47.8375107], [0.4418453, 47.8374152], [0.4422455, 47.8374095], [0.4423798, 47.8379383], [0.4425014, 47.8387114], [0.4425839, 47.8389501], [0.4427766, 47.8392933], [0.4430757, 47.8396599], [0.443098, 47.8397495], [0.4430649, 47.8398287], [0.4430246, 47.8398931], [0.4429639, 47.8399787], [0.4428922, 47.8401047], [0.4428504, 47.8402242], [0.442791, 47.840695], [0.4427495, 47.8409699], [0.442669, 47.8411272], [0.4425968, 47.8412038], [0.4424878, 47.8413448], [0.4424383, 47.8413858], [0.4423341, 47.8414196], [0.4422166, 47.8414404], [0.4421013, 47.8414464], [0.4417613, 47.8414447], [0.4416013, 47.8414484], [0.4414353, 47.8414864], [0.4412421, 47.8415946], [0.4412125, 47.8416734], [0.4412412, 47.8417399], [0.4416738, 47.8420814], [0.4421014, 47.842459], [0.4421919, 47.8425341], [0.4422255, 47.8425783], [0.4422503, 47.8426303], [0.4422385, 47.8426898], [0.442323, 47.8427071], [0.4424062, 47.8427343], [0.442494, 47.8427818], [0.4427833, 47.842921], [0.4429223, 47.8429559], [0.443242, 47.8429962], [0.4440098, 47.8430844], [0.4456976, 47.8433509], [0.4463313, 47.843456], [0.4466384, 47.8435248], [0.4469375, 47.8436285], [0.4487193, 47.8444729], [0.4494238, 47.8447928], [0.4498001, 47.8448956], [0.4498808, 47.844908], [0.4502956, 47.8449505], [0.4511864, 47.8450204], [0.4518603, 47.8450505], [0.4537606, 47.8450267], [0.4537982, 47.8450197], [0.4538473, 47.8450375], [0.4540821, 47.8453743], [0.454257, 47.8457164], [0.4543069, 47.8458421], [0.454439, 47.8462546], [0.4544994, 47.8463709], [0.4551726, 47.8473236], [0.4554888, 47.8479835], [0.4555293, 47.8480734], [0.4560797, 47.8493809], [0.4561454, 47.8494618], [0.4562954, 47.8495789], [0.4564716, 47.8497019], [0.4566052, 47.849825], [0.4567893, 47.8500887], [0.4569276, 47.8504293], [0.4570293, 47.8505556], [0.4571515, 47.8506573], [0.4573334, 47.8507412], [0.4581767, 47.8508969], [0.4585719, 47.8509747], [0.4589323, 47.8510732], [0.4595009, 47.8514557], [0.4597754, 47.8516582], [0.4600306, 47.8517979], [0.460522, 47.8519266], [0.4618147, 47.8521791], [0.4626621, 47.8524031], [0.4650425, 47.8527673], [0.4658039, 47.8528096], [0.4663219, 47.852598], [0.467705, 47.8527105], [0.4685938, 47.8528939], [0.4698768, 47.8532526], [0.4713912, 47.8538962], [0.4725541, 47.8541994], [0.472971, 47.8543141], [0.4734874, 47.8544656], [0.473858, 47.8545854], [0.4741311, 47.8547152], [0.4741926, 47.8548105], [0.4741961, 47.854905], [0.4741607, 47.8550011], [0.4739488, 47.8554431], [0.473942, 47.8554583], [0.4739191, 47.8555208], [0.4738334, 47.855745], [0.4738366, 47.8558212], [0.4738598, 47.8558753], [0.4737955, 47.8559099], [0.4737531, 47.8560178], [0.473751, 47.8561892], [0.4737553, 47.856663], [0.4736991, 47.8568694], [0.4734931, 47.8573497], [0.4733554, 47.857733], [0.4732871, 47.8582198], [0.473175, 47.8590526], [0.4731428, 47.8592295], [0.4730256, 47.8595781], [0.4729646, 47.8597311], [0.472561, 47.860858], [0.4725668, 47.861182], [0.472598, 47.8613932], [0.4726115, 47.8614204], [0.4726198, 47.8614427], [0.4724888, 47.8614737], [0.4718857, 47.8616289], [0.4717194, 47.861677], [0.4715806, 47.8617274], [0.4714573, 47.8617858], [0.4712199, 47.8619371], [0.4711072, 47.8620261], [0.4710702, 47.8620574], [0.4710379, 47.8620847], [0.4709677, 47.8621656], [0.4709154, 47.8622538], [0.4708806, 47.8623258], [0.4708525, 47.8624002], [0.4708424, 47.8624664], [0.4707163, 47.8628984], [0.4707049, 47.8629139], [0.4706653, 47.8629632], [0.470442, 47.8637069], [0.470428, 47.8637543], [0.4704119, 47.8638085], [0.4701456, 47.8646669], [0.4701262, 47.8647155], [0.4700989, 47.8647478], [0.4700538, 47.8647722], [0.469869, 47.8648453], [0.4695669, 47.8649579], [0.4695256, 47.8649699], [0.4690021, 47.8651216], [0.4689848, 47.8651263], [0.4688476, 47.8651637], [0.4688072, 47.8651747], [0.4688237, 47.8652555], [0.4688263, 47.8653228], [0.468827, 47.8653426], [0.4687847, 47.865504], [0.4687692, 47.865549], [0.4687341, 47.8656508], [0.4685769, 47.8661075], [0.4682947, 47.8669184], [0.4682365, 47.8670766], [0.4682196, 47.8671227], [0.4681726, 47.8672522], [0.4679216, 47.8679716], [0.4677087, 47.8685873], [0.4676654, 47.8687457], [0.4676539, 47.868828], [0.4676576, 47.8689129], [0.467674, 47.8690394], [0.4676954, 47.8691189], [0.4677081, 47.869166], [0.4677162, 47.8691884], [0.4677409, 47.8692606], [0.4677828, 47.869383], [0.4678161, 47.8694402], [0.4678342, 47.8694788], [0.4678544, 47.8695315], [0.4679107, 47.8696844], [0.4679591, 47.8697901], [0.4679997, 47.8698752], [0.4680185, 47.8699167], [0.4680812, 47.8700648], [0.4681492, 47.8704901], [0.4680976, 47.870506], [0.4676724, 47.8706363], [0.4675383, 47.8707226], [0.4674321, 47.8708306], [0.4673536, 47.8709367], [0.4673287, 47.8709837], [0.4670613, 47.8715815], [0.4668087, 47.8721434], [0.4667792, 47.8722477], [0.4664761, 47.8734613], [0.4663138, 47.8737262], [0.4656653, 47.8745601], [0.4655952, 47.8746665], [0.4652251, 47.8756073], [0.4648883, 47.8763542], [0.4639769, 47.8782495], [0.4638418, 47.8783846], [0.4635741, 47.8785276], [0.4611673, 47.8795711], [0.4606524, 47.8798229], [0.4602858, 47.8800504], [0.4588157, 47.8810315], [0.4587454, 47.8810648], [0.4585801, 47.881143], [0.4583286, 47.8812487], [0.4569481, 47.8818033], [0.4564264, 47.8820906], [0.4560048, 47.8823555], [0.4555729, 47.8827818], [0.45507, 47.8833014], [0.4546041, 47.8838198], [0.4543293, 47.8842161], [0.4542051, 47.8844626], [0.4538841, 47.8851], [0.4536068, 47.885494], [0.4532825, 47.8858877], [0.4530887, 47.8860858], [0.4528505, 47.886284], [0.4525356, 47.8864871], [0.4522207, 47.8866678], [0.4516507, 47.8869292], [0.4513056, 47.8871186], [0.4507473, 47.887528], [0.45043, 47.8877334], [0.4488916, 47.8885153], [0.4481476, 47.8888939], [0.4473585, 47.8892955], [0.4462769, 47.8898547], [0.4456688, 47.8902068], [0.4453825, 47.8904049], [0.4451171, 47.8906537], [0.4447234, 47.8910504], [0.4431496, 47.8927625], [0.4426615, 47.8932934], [0.4423226, 47.8937087], [0.4421979, 47.8938838], [0.4420453, 47.894133], [0.4413526, 47.8956679], [0.4411646, 47.8960848], [0.4410424, 47.8964128], [0.4410101, 47.8965447], [0.4409892, 47.8966299], [0.4408212, 47.8974228], [0.440776, 47.8976029], [0.4407029, 47.8977824], [0.4399826, 47.89935], [0.4394435, 47.900523], [0.4393879, 47.9006476], [0.4391517, 47.9012113], [0.4384379, 47.9027827], [0.4383093, 47.9030672], [0.4374692, 47.9046454], [0.4374012, 47.9048705], [0.4373561, 47.9051101], [0.4372803, 47.9059653], [0.4372781, 47.9062172], [0.4372868, 47.9063617], [0.4375876, 47.9080206], [0.4377891, 47.9091318], [0.4378936, 47.9095697], [0.4380206, 47.9099944], [0.4381476, 47.9103901], [0.4381758, 47.9104669], [0.438519, 47.9114193], [0.4385907, 47.9116671], [0.438622, 47.9117973], [0.4386227, 47.9119294], [0.4385145, 47.9136758], [0.4384713, 47.9144394], [0.4384835, 47.9148749], [0.4385714, 47.9156776], [0.4386508, 47.9162824], [0.4386806, 47.9165283], [0.4386688, 47.9167849], [0.4386012, 47.9171701], [0.4385597, 47.9174386], [0.438476, 47.9179603], [0.43838, 47.9185592], [0.4383953, 47.9192518], [0.438349, 47.9194327], [0.438276, 47.9195894], [0.4381405, 47.9197466], [0.4379876, 47.919872], [0.4373575, 47.9202644], [0.4371615, 47.920376], [0.4369566, 47.9204584], [0.4364915, 47.9206162], [0.4345265, 47.9211976], [0.4342894, 47.9212677], [0.4336205, 47.9214433], [0.4333341, 47.9215021], [0.4330428, 47.9215189], [0.430442, 47.9215642], [0.4302385, 47.9216155], [0.4300169, 47.92173], [0.4296082, 47.922014], [0.4295482, 47.9220613], [0.4285518, 47.9228465], [0.4281759, 47.9231298], [0.426626, 47.9243152], [0.4253282, 47.9253518], [0.4251487, 47.9254952], [0.4244728, 47.9259735], [0.4239245, 47.9263924], [0.4223024, 47.9276521], [0.4214131, 47.9283426], [0.420649, 47.928908], [0.4205035, 47.9290202], [0.4204927, 47.9290699], [0.4204984, 47.9291155], [0.420503, 47.9291478], [0.4202879, 47.9291669], [0.4199546, 47.9292405], [0.4199349, 47.9292448], [0.4197616, 47.9292822], [0.4195523, 47.929329], [0.4192044, 47.9294246], [0.4188035, 47.9295727], [0.4179847, 47.9299404], [0.4177677, 47.9300194], [0.4175956, 47.9300675], [0.4170941, 47.9301469], [0.4169229, 47.930174], [0.4166738, 47.9302134], [0.4164595, 47.9302445], [0.4163204, 47.9302646], [0.4162867, 47.9302695], [0.4158514, 47.9303326], [0.4154055, 47.930406], [0.4152273, 47.9304353], [0.4151951, 47.9304406], [0.4150697, 47.9304616], [0.4149798, 47.9304872], [0.4149141, 47.9305022], [0.4145001, 47.9305965], [0.4144019, 47.9306237], [0.4141814, 47.930674], [0.4136141, 47.9308156], [0.4134853, 47.9308399], [0.4133895, 47.9308748], [0.4132718, 47.9309605], [0.4129878, 47.9311673], [0.4127988, 47.9313161], [0.4126565, 47.9314281], [0.4126046, 47.9314519], [0.4124851, 47.9315046], [0.4123938, 47.9315366], [0.412156, 47.9315809], [0.4119965, 47.9315984], [0.4118906, 47.9316101], [0.4117472, 47.9315947], [0.4116014, 47.931549], [0.4106653, 47.931184], [0.4099796, 47.9309705], [0.4091029, 47.9307212], [0.4087302, 47.9305889], [0.4079539, 47.9301476], [0.4077327, 47.9300754], [0.4074891, 47.930032], [0.4072796, 47.9300379], [0.4070501, 47.9300952], [0.4053259, 47.9307728], [0.4033596, 47.9314676], [0.4012132, 47.9324647], [0.4011742, 47.9324828], [0.4005729, 47.9326641], [0.3997294, 47.9328407], [0.3995448, 47.9328809], [0.3992047, 47.9329416], [0.399057, 47.9329625], [0.3988013, 47.9329624], [0.3983476, 47.9329225], [0.3980888, 47.9329303], [0.3978014, 47.9329963], [0.3970657, 47.9333413], [0.3968456, 47.9333928], [0.3966164, 47.9334004], [0.3964062, 47.9333594], [0.3960561, 47.9332521], [0.3958809, 47.9331736], [0.395782, 47.9331293], [0.3955901, 47.9330433], [0.3954748, 47.932996], [0.3949299, 47.9327727], [0.3945129, 47.9326272], [0.3942314, 47.9325528], [0.3937349, 47.9324617], [0.3937421, 47.932437], [0.393772, 47.9322927], [0.3937829, 47.9320706], [0.3937104, 47.9318917], [0.3935611, 47.9316869], [0.3931507, 47.9311824], [0.3929532, 47.9310186], [0.3926963, 47.9308724], [0.3924428, 47.9307408], [0.3921657, 47.9306148], [0.3919175, 47.9304771], [0.3917014, 47.9303105], [0.3914475, 47.9300668], [0.3912979, 47.9298813], [0.3912075, 47.9297261], [0.3910903, 47.9295018], [0.3908708, 47.9290485], [0.3907512, 47.9286308], [0.3907915, 47.9284067], [0.3908187, 47.9282104], [0.3908855, 47.9280331], [0.3909022, 47.9279942], [0.3909688, 47.9278395], [0.3911421, 47.9275621], [0.3916107, 47.9269159], [0.3912939, 47.9268313], [0.3912205, 47.9267824], [0.3911677, 47.9267225], [0.3909171, 47.9264095], [0.3908593, 47.9263743], [0.3907965, 47.9263568], [0.3907183, 47.9263513], [0.3905428, 47.9264123], [0.3904325, 47.9264597], [0.3890391, 47.9272631], [0.3889538, 47.9272989], [0.3888891, 47.92731], [0.3888347, 47.9273066], [0.3887794, 47.927299], [0.3885551, 47.9272567], [0.38841, 47.9272437], [0.3882862, 47.9272428], [0.3881521, 47.9272466], [0.3879664, 47.9272623], [0.3875852, 47.9272956], [0.3874149, 47.9273095], [0.3873072, 47.9273174], [0.3871969, 47.9273188], [0.3870588, 47.9273164], [0.3869807, 47.9273085], [0.3866807, 47.9272786], [0.3859111, 47.9272038], [0.38571, 47.9271813], [0.385549, 47.9271521], [0.3853801, 47.9271135], [0.3852922, 47.9271014], [0.385195, 47.927097], [0.3851202, 47.9270979], [0.3850408, 47.9271071], [0.38496, 47.9271235], [0.3848875, 47.9271464], [0.3848138, 47.9271743], [0.3847621, 47.9272035], [0.384629, 47.9272809], [0.3842602, 47.9275073], [0.3834667, 47.9280214], [0.3827873, 47.928431], [0.3821092, 47.9288398], [0.3816432, 47.9290175], [0.3808756, 47.9292161], [0.3802342, 47.9293841], [0.3795941, 47.929631], [0.3785168, 47.9301096], [0.3782403, 47.9302071], [0.3770025, 47.9306289], [0.3762173, 47.9309043], [0.3761781, 47.9309199], [0.3761388, 47.9309355], [0.3759714, 47.931006], [0.3757691, 47.9310686], [0.3756516, 47.9311114], [0.3752686, 47.931286], [0.3744495, 47.9316594], [0.3738612, 47.9319252], [0.3737182, 47.932004], [0.3736342, 47.9320436], [0.3734718, 47.932096], [0.3733679, 47.9321303], [0.3732447, 47.9321767], [0.373159, 47.9322054], [0.3724725, 47.9324477], [0.3722961, 47.93251], [0.3722395, 47.9325258], [0.3719944, 47.9326175], [0.3718563, 47.9326878], [0.3715216, 47.9328045], [0.3709569, 47.9330797], [0.3707697, 47.9331406], [0.3705811, 47.9332446], [0.3704116, 47.9333698], [0.3702374, 47.9335287], [0.3701806, 47.9335981], [0.3699892, 47.9337923], [0.3697202, 47.9340651], [0.3695361, 47.9342434], [0.3692744, 47.9344968], [0.3687507, 47.934981], [0.3685522, 47.9351635], [0.3682089, 47.9354792], [0.367769, 47.935913], [0.3677298, 47.9359515], [0.367697, 47.9359836], [0.3675993, 47.9360651], [0.3675569, 47.9360991], [0.3674434, 47.9361901], [0.3669264, 47.9365659], [0.36666, 47.9367535], [0.3665341, 47.936842], [0.366168, 47.9371391], [0.366028, 47.937257], [0.3660011, 47.9372797], [0.3658764, 47.9375279], [0.3658271, 47.9376783], [0.3657788, 47.9378166], [0.3657626, 47.9378629], [0.3657474, 47.937936], [0.3657555, 47.9379802], [0.3658034, 47.9380502], [0.3657747, 47.9381415], [0.3657374, 47.9381877], [0.3652679, 47.9385642], [0.3650632, 47.9386852], [0.3648995, 47.9387566], [0.3647416, 47.9388131], [0.364241, 47.9389307], [0.3638488, 47.9390268], [0.3635656, 47.939092], [0.3632914, 47.9391294], [0.3629833, 47.9391587], [0.3627561, 47.939184], [0.362757, 47.9392125], [0.3627488, 47.9392381], [0.3625553, 47.9394796], [0.3621074, 47.9400386], [0.3619015, 47.9402531], [0.361525, 47.9405681], [0.3615604, 47.9405751], [0.3616054, 47.9405886], [0.3618155, 47.9406585], [0.3620512, 47.9407057], [0.3622646, 47.9407192], [0.3625151, 47.9407147], [0.3632223, 47.9407019], [0.3637445, 47.940685], [0.3638514, 47.9411634], [0.3639364, 47.9415907], [0.3640324, 47.9422038], [0.3640615, 47.9422761], [0.3642903, 47.9425559], [0.364466, 47.9427979], [0.3644808, 47.9428674], [0.3644514, 47.9429367], [0.3642181, 47.9430787], [0.363883, 47.9433893], [0.363453, 47.9437664], [0.3630915, 47.9441175], [0.3630582, 47.9441735], [0.3630476, 47.9442222], [0.3630555, 47.944281], [0.3631408, 47.9444091], [0.3632953, 47.9445658], [0.3634169, 47.9447983], [0.3635601, 47.9451312], [0.3635941, 47.9453521], [0.3635948, 47.9457221], [0.3636205, 47.9459724], [0.3636375, 47.9461949], [0.3636443, 47.9463814], [0.3635968, 47.946688], [0.3635397, 47.946896], [0.3634203, 47.9470782], [0.3632873, 47.9473142], [0.3631911, 47.9475919], [0.3632049, 47.9479298], [0.3632717, 47.9482671], [0.3633047, 47.9484795], [0.3633498, 47.9489462], [0.3633236, 47.9494896], [0.3632983, 47.9498936], [0.3633295, 47.9500472], [0.3633601, 47.9501825], [0.3627682, 47.9501215], [0.3621612, 47.9501289], [0.3616375, 47.9501649], [0.3613491, 47.9502099], [0.3603904, 47.9503604], [0.3602066, 47.950378], [0.3601056, 47.9503877], [0.3597131, 47.9503997], [0.3594467, 47.9503776], [0.359069, 47.9502998], [0.357793, 47.9499534], [0.3565724, 47.9496038], [0.3557824, 47.9494011], [0.3555046, 47.9493696], [0.355462, 47.9493608], [0.3554089, 47.9493398], [0.3551541, 47.9492394], [0.3550814, 47.9492107], [0.3548361, 47.9491657], [0.3545686, 47.9491347], [0.3542249, 47.9491379], [0.353838, 47.9491763], [0.3533553, 47.9492263], [0.3530306, 47.9492857], [0.3528884, 47.9493166], [0.3526266, 47.949393], [0.3524027, 47.9494824], [0.3521479, 47.9496072], [0.3517515, 47.9498317], [0.3514993, 47.9499385], [0.3514215, 47.9499714], [0.3513037, 47.9500059], [0.3510433, 47.9500822], [0.3505791, 47.9501942], [0.3505048, 47.9502121], [0.3503935, 47.950239], [0.3502138, 47.9502854], [0.3496695, 47.950426], [0.3496173, 47.9504395], [0.3486418, 47.9508353], [0.3483056, 47.9509332], [0.3479143, 47.9509898], [0.3477432, 47.9509981], [0.3474278, 47.9509696], [0.3468033, 47.9509192], [0.3462715, 47.9508861], [0.3460506, 47.9508901], [0.3454636, 47.9509008], [0.3448806, 47.9509099], [0.3444406, 47.9509133], [0.3430486, 47.950856], [0.3413293, 47.9507244], [0.3407053, 47.9507044], [0.3391497, 47.9507694], [0.339047, 47.950774], [0.3369176, 47.9508696], [0.3348105, 47.9509541], [0.3335178, 47.9509945], [0.3331969, 47.9509926], [0.3316015, 47.9510547], [0.3306394, 47.9510671], [0.3288156, 47.9510907], [0.3288923, 47.9513895], [0.3288505, 47.9517232], [0.3287656, 47.9524013], [0.3286989, 47.9529337], [0.328713, 47.953065], [0.3287776, 47.9531827], [0.3289374, 47.9533356], [0.3290165, 47.9534318], [0.3290716, 47.9535391], [0.3290896, 47.9536528], [0.3290648, 47.953747], [0.3290306, 47.9538256], [0.329016, 47.9538593], [0.3288289, 47.9543104], [0.3288273, 47.9546328], [0.3288483, 47.9552345], [0.3288633, 47.9556772], [0.3287117, 47.9563194], [0.3286734, 47.956475], [0.3285943, 47.9566246], [0.3284967, 47.9567546], [0.3279645, 47.9573341], [0.3277037, 47.9575521], [0.327469, 47.9576791], [0.3271663, 47.9577815], [0.3265097, 47.9579866], [0.3261764, 47.9580826], [0.3253831, 47.9583529], [0.3247838, 47.9586088], [0.3245953, 47.9587041], [0.3244782, 47.9587633], [0.3244324, 47.9587864], [0.3241763, 47.9589588], [0.3238131, 47.9591908], [0.3236751, 47.9593747], [0.3236466, 47.9595548], [0.32368, 47.9597773], [0.3236732, 47.9599708], [0.3234628, 47.960321], [0.322757, 47.9613711], [0.3225106, 47.9613428], [0.3219814, 47.9623303], [0.3220011, 47.9627387], [0.3218681, 47.9636227], [0.321832, 47.963976], [0.3218283, 47.9640954], [0.3219007, 47.964255], [0.3225036, 47.965484], [0.3215564, 47.9656575], [0.3202155, 47.9657953], [0.3188443, 47.9659604], [0.3187113, 47.9659617], [0.3178489, 47.9659699], [0.3166256, 47.9659169], [0.3161052, 47.9659086], [0.3155723, 47.9659288], [0.3153324, 47.9659622], [0.3150872, 47.9660188], [0.3146144, 47.9661536], [0.3139843, 47.9663727], [0.3124575, 47.9668285], [0.3115576, 47.9669725], [0.3112769, 47.9669911], [0.3110065, 47.9669906], [0.3091974, 47.9668584], [0.3078741, 47.9668162], [0.3072347, 47.9667641], [0.3068249, 47.9666983], [0.306396, 47.9666227], [0.3059519, 47.966621], [0.3053676, 47.9666484], [0.3049332, 47.9666511], [0.3048042, 47.9666519], [0.3042475, 47.9676006], [0.3040971, 47.9678803], [0.3040453, 47.9681212], [0.3040423, 47.968304], [0.3040877, 47.9684655], [0.3039962, 47.9685332], [0.3032314, 47.9690643], [0.3013832, 47.9703362], [0.3005666, 47.9709692], [0.2994663, 47.9714642], [0.2994143, 47.9714847], [0.2989922, 47.971653], [0.2984004, 47.9718267], [0.2972139, 47.9720097], [0.2970037, 47.9721094], [0.2968956, 47.9721774], [0.2966988, 47.9723269], [0.2964065, 47.9725859], [0.2962553, 47.972799], [0.2961772, 47.9729717], [0.2959681, 47.9735815], [0.2955932, 47.9747295], [0.2949863, 47.9764941], [0.2948754, 47.9766325], [0.2947562, 47.9767046], [0.2945409, 47.9767673], [0.2931486, 47.977017], [0.2929482, 47.977051], [0.2927446, 47.9770573], [0.2923045, 47.9770528], [0.2913778, 47.9769882], [0.2911912, 47.9769907], [0.2910161, 47.9770306], [0.2908919, 47.9770883], [0.2908445, 47.977125], [0.2907622, 47.9772377], [0.2906858, 47.9773788], [0.2905119, 47.9778578], [0.2905157, 47.9780271], [0.2905956, 47.9782887], [0.2908618, 47.9787592], [0.2909473, 47.9788429], [0.2911769, 47.9789746], [0.2912578, 47.9790475], [0.2913131, 47.9791231], [0.2914257, 47.9793219], [0.2915773, 47.9795897], [0.2917331, 47.9798789], [0.2918349, 47.980017], [0.2923716, 47.9805747], [0.2924633, 47.9806862], [0.2928853, 47.9811992], [0.2929328, 47.9813527], [0.2929176, 47.9814905], [0.2928549, 47.9816148], [0.2925733, 47.9822498], [0.2924769, 47.9823868], [0.2923876, 47.9824944], [0.2922902, 47.982555], [0.292258, 47.9825656], [0.2921235, 47.98261], [0.2919556, 47.9826654], [0.2916183, 47.9828258], [0.2915096, 47.982882], [0.2912194, 47.9830322], [0.2904841, 47.9834129], [0.2897133, 47.9838226], [0.2895393, 47.9839114], [0.2895626, 47.9839408], [0.2895706, 47.9839738], [0.2895623, 47.9840067], [0.2895386, 47.984036], [0.289502, 47.9840587], [0.2894552, 47.9840725], [0.2894042, 47.9840752], [0.2893548, 47.9840664], [0.2893124, 47.9840473], [0.2890927, 47.9841389], [0.2884065, 47.9844935], [0.2882688, 47.9845585], [0.2879046, 47.9847665], [0.2877983, 47.9848557], [0.2877302, 47.984946], [0.2877006, 47.9850182], [0.2876978, 47.9851199], [0.2877222, 47.9853144], [0.2877489, 47.9853979], [0.2877776, 47.9855045], [0.2878972, 47.9861659], [0.2879195, 47.9863143], [0.2873457, 47.9864769], [0.2871734, 47.9865308], [0.2871307, 47.9865441]], [[0.2893124, 47.9840473], [0.2892832, 47.9840215], [0.2892675, 47.9839909], [0.2892669, 47.9839586], [0.2892813, 47.9839277], [0.2893095, 47.9839015], [0.2893485, 47.9838824], [0.289399, 47.983872], [0.2894517, 47.9838738], [0.2895004, 47.9838874], [0.2895393, 47.9839114]], [[0.4681492, 47.8704901], [0.4678906, 47.870078], [0.4678411, 47.8699803], [0.4678237, 47.8699424], [0.4677942, 47.8698057], [0.4677833, 47.8694883], [0.4677819, 47.8694447], [0.4677828, 47.869383]], [[0.4152324, 47.6893503], [0.4152147, 47.6894367], [0.4152249, 47.6895835], [0.4152515, 47.6899667], [0.4152526, 47.690007], [0.4152716, 47.6907086], [0.4152817, 47.6908711], [0.4153038, 47.6909834], [0.4153333, 47.6910963], [0.4153843, 47.6912303], [0.4154413, 47.69135], [0.4155485, 47.6915057], [0.4159153, 47.691999], [0.4160018, 47.6921074], [0.4161956, 47.6923701], [0.4164099, 47.6926675], [0.4164718, 47.6927472], [0.4165236, 47.6928159], [0.4165374, 47.6928342], [0.4166662, 47.6930119], [0.4168546, 47.6932705], [0.4169841, 47.6934448], [0.4170669, 47.6935414], [0.4171456, 47.6936448], [0.4171842, 47.6936902], [0.4174239, 47.694008], [0.4175389, 47.6941386], [0.4176455, 47.6942478], [0.4177247, 47.6943259], [0.417738, 47.694339], [0.4177966, 47.6943801], [0.4179398, 47.6944806], [0.417985, 47.6945083], [0.418051, 47.6945487], [0.4185388, 47.6948476], [0.418557, 47.694869], [0.4185677, 47.6948815], [0.41861, 47.6949329]], [[0.415285, 47.6892687], [0.4153039, 47.6892757], [0.4153184, 47.6892864], [0.4153271, 47.6892997], [0.4153289, 47.6893142], [0.4153238, 47.6893283], [0.4153121, 47.6893405], [0.4152953, 47.6893496], [0.415275, 47.6893545], [0.4152534, 47.6893548], [0.4152324, 47.6893503], [0.4152147, 47.6893413], [0.4152024, 47.6893289], [0.4151986, 47.6893189], [0.4151969, 47.6893145], [0.4151987, 47.6892997], [0.4152077, 47.6892861], [0.4152228, 47.6892752], [0.4152424, 47.6892683], [0.4152638, 47.6892661], [0.415285, 47.6892687]], [[0.4152228, 47.6892752], [0.4152047, 47.6891836], [0.4151983, 47.6890482], [0.4151839, 47.6887427], [0.4151709, 47.6884849], [0.4151607, 47.6882821], [0.4151323, 47.6877162], [0.4151199, 47.6874545], [0.4150874, 47.6867691], [0.4150455, 47.6857454], [0.4150414, 47.6856475], [0.4150323, 47.6853745], [0.4150239, 47.68512], [0.4150222, 47.6850468], [0.4149416, 47.6850518], [0.4148879, 47.6850397], [0.4148547, 47.6850222], [0.4148208, 47.6849933], [0.4147939, 47.6849703], [0.4147509, 47.6848811], [0.4146516, 47.6846949], [0.4146186, 47.6846409], [0.4145741, 47.6845616], [0.41453, 47.6844911], [0.4144871, 47.6844359], [0.4144448, 47.68439], [0.4144012, 47.6843423], [0.4143354, 47.6842822], [0.4142597, 47.6842255], [0.4141955, 47.6841826], [0.4140824, 47.6841249], [0.4139743, 47.6840807], [0.4138624, 47.6840463], [0.4137261, 47.6840073], [0.4135775, 47.6839738], [0.4134383, 47.683956], [0.4132774, 47.6839495], [0.4131332, 47.6839513], [0.4130055, 47.683954], [0.4127983, 47.6839678], [0.4126434, 47.6839854], [0.4125287, 47.6840095], [0.4120791, 47.6841258], [0.4118494, 47.6841824], [0.4117381, 47.684202], [0.4116677, 47.6842077], [0.4115977, 47.6842072], [0.4115886, 47.684244], [0.4115608, 47.6843416], [0.4115125, 47.6845069], [0.4114656, 47.6846545], [0.4114357, 47.6847154], [0.4113365, 47.6848536], [0.4112862, 47.6849159], [0.4112285, 47.6849777], [0.4111447, 47.685047], [0.4110679, 47.6850876], [0.4109613, 47.6851282], [0.4108493, 47.685158], [0.4106146, 47.6852155], [0.4104379, 47.6852666], [0.4103424, 47.6852978], [0.4102633, 47.6853368], [0.4102029, 47.685378], [0.4099488, 47.6856105], [0.4096349, 47.6858635], [0.4093604, 47.6860972], [0.4091546, 47.6862937], [0.4086139, 47.6868498], [0.4085778, 47.6868727], [0.4085433, 47.6868871], [0.4084984, 47.6868934], [0.4084534, 47.6868929], [0.4084048, 47.6868837], [0.4083076, 47.6868557], [0.408156, 47.686802], [0.4077765, 47.6866821], [0.407624, 47.6866423], [0.4075019, 47.6866161], [0.4073879, 47.6865958], [0.4071995, 47.6865633], [0.4070915, 47.6865376], [0.4069574, 47.686496], [0.4064492, 47.6863168], [0.4057742, 47.6860788], [0.4055174, 47.6859867], [0.4053659, 47.6859312], [0.4052606, 47.6858836], [0.4051657, 47.6858339], [0.4050695, 47.6857748], [0.4049032, 47.6856743], [0.4047926, 47.6856109], [0.4046829, 47.6855601], [0.4045525, 47.6855094], [0.4044258, 47.6854703], [0.404187, 47.6854076], [0.403843, 47.6853299], [0.4033324, 47.6852381], [0.4031323, 47.6852087], [0.4029147, 47.6851882], [0.4027313, 47.685176], [0.4025217, 47.6851719], [0.4022512, 47.685171], [0.4018183, 47.6851683], [0.4014146, 47.6851665], [0.4013067, 47.6851697], [0.4012058, 47.6851749], [0.4010603, 47.6851898], [0.4009164, 47.6851963], [0.4007864, 47.6851973], [0.4006676, 47.6851982], [0.4003924, 47.6851953], [0.3996152, 47.6851838], [0.3994322, 47.6851838], [0.399239, 47.6851759], [0.3990798, 47.6851675], [0.3989641, 47.6851529], [0.3987941, 47.6851314], [0.3986778, 47.6851197], [0.3985722, 47.6851165], [0.39849, 47.6851217], [0.3984223, 47.685131], [0.3983512, 47.6851481], [0.3982661, 47.6851808], [0.3982, 47.685212], [0.398084, 47.685268], [0.3979968, 47.6853002], [0.3979462, 47.6853102], [0.3978621, 47.6853187], [0.3977638, 47.6853226], [0.3976649, 47.6853154], [0.3975506, 47.6852944], [0.3974125, 47.6852612], [0.3972224, 47.6852097], [0.3969089, 47.6851262], [0.3966862, 47.6850723], [0.3965199, 47.6850355], [0.3963523, 47.6850104], [0.3961843, 47.6849874], [0.3959205, 47.6849675], [0.3955946, 47.6849434], [0.3954893, 47.6849366], [0.3953948, 47.6849278], [0.395256, 47.6849118], [0.3950011, 47.6848793], [0.3948603, 47.6848639], [0.394687, 47.6848454], [0.3945549, 47.6848226], [0.3944681, 47.6848037], [0.3943695, 47.6847747], [0.3941489, 47.6847173], [0.3940325, 47.6846909], [0.3938414, 47.6846494], [0.3936835, 47.6846067], [0.3929063, 47.6844083], [0.3928064, 47.6843781], [0.3927105, 47.6843447], [0.3926415, 47.6843194], [0.3925784, 47.6842874], [0.392446, 47.684215], [0.3923598, 47.6841608], [0.3922475, 47.6841005], [0.3921228, 47.6840418], [0.3919941, 47.6839881], [0.3918673, 47.6839529], [0.3917372, 47.6839199], [0.3914999, 47.6838716], [0.3912585, 47.6838233], [0.3909192, 47.6837614], [0.3906493, 47.683717], [0.3904384, 47.6836795], [0.3902215, 47.6836484], [0.3901061, 47.6836294], [0.3898385, 47.6835748], [0.3895673, 47.6835194], [0.3894346, 47.6834954], [0.3891891, 47.6834512], [0.3888985, 47.6834094], [0.3886852, 47.6833826], [0.3885437, 47.6833697], [0.3883875, 47.6833643], [0.3882976, 47.6833652], [0.3881293, 47.6833733], [0.3879285, 47.6833857], [0.387778, 47.6833916], [0.3876221, 47.6833932], [0.3872868, 47.683389], [0.3871151, 47.6833854], [0.3869495, 47.6833791], [0.3867825, 47.6833682], [0.3866162, 47.6833524], [0.3863876, 47.6833245], [0.3858592, 47.6832473], [0.3856526, 47.6832247], [0.3855011, 47.6832154], [0.3853871, 47.6832098], [0.3852403, 47.6831964], [0.3850518, 47.683177], [0.384903, 47.683153], [0.3847856, 47.6831255], [0.3846622, 47.6830925], [0.3845315, 47.6830519], [0.3840661, 47.6828817], [0.383983, 47.6828582], [0.3838334, 47.6828025], [0.3837476, 47.6827646], [0.3835753, 47.6826999], [0.3834987, 47.68267], [0.3835632, 47.6825271], [0.3836702, 47.6823288], [0.3837641, 47.6821609], [0.3838225, 47.6820521], [0.3838687, 47.6819835], [0.3839304, 47.6819158], [0.3841108, 47.6817758], [0.3842784, 47.6816512], [0.3843944, 47.6815745], [0.3844977, 47.6815104], [0.3848913, 47.6813438], [0.3851501, 47.6812467], [0.3855764, 47.681105], [0.3856768, 47.6810716], [0.3857255, 47.6810547], [0.3857851, 47.6810319], [0.3858311, 47.6810073], [0.3858743, 47.6809799], [0.3859139, 47.6809526], [0.3859478, 47.6809235], [0.3859769, 47.680891], [0.3860038, 47.6808564], [0.3860329, 47.6808145], [0.3861087, 47.6806862], [0.3862217, 47.6804914], [0.3862827, 47.680416], [0.3863353, 47.680369], [0.3864148, 47.6803065], [0.3865513, 47.6802102], [0.3865774, 47.6801917], [0.3866671, 47.6801219], [0.3867341, 47.6800456], [0.3868067, 47.6799383], [0.3868795, 47.6798617], [0.3869261, 47.6797976], [0.3868966, 47.679755], [0.3868561, 47.6797152], [0.3867038, 47.6796326], [0.3864349, 47.679506], [0.3862011, 47.6793656], [0.3861235, 47.6792937], [0.3861026, 47.6792285], [0.3861046, 47.6791767], [0.3861201, 47.6791224], [0.3861534, 47.6790949], [0.3862488, 47.6790525], [0.3864486, 47.6789752], [0.3865291, 47.678936], [0.3865781, 47.6788958], [0.3866183, 47.6788515], [0.3866615, 47.6787831], [0.3866813, 47.6787524], [0.3867177, 47.6786946], [0.3867605, 47.678661], [0.3867993, 47.6786335], [0.386855, 47.6786121], [0.3869328, 47.6785938], [0.38705, 47.6785839], [0.3872339, 47.6785766], [0.3873523, 47.6785659], [0.3874981, 47.6785437], [0.3876327, 47.6785125], [0.3879006, 47.6784178], [0.3880394, 47.6783663], [0.3883127, 47.6782617], [0.3887092, 47.6781465], [0.389969, 47.6780141], [0.3911422, 47.6778869], [0.3913276, 47.6778534], [0.3914684, 47.6778172], [0.3916199, 47.677773], [0.3917488, 47.6777132], [0.3919566, 47.6776032], [0.3922167, 47.6774551], [0.3924904, 47.6773429], [0.3927062, 47.6772755], [0.3929383, 47.6772186], [0.3935566, 47.6770768], [0.3937322, 47.677], [0.3938687, 47.6769281], [0.3939857, 47.6768619], [0.3941958, 47.676707], [0.3947351, 47.676232], [0.3948587, 47.6761422], [0.3949739, 47.6760683], [0.3955733, 47.6757306], [0.3957251, 47.6756076], [0.3957861, 47.6755471], [0.3958317, 47.6754911], [0.3958733, 47.6754211], [0.3961423, 47.6748879], [0.3964895, 47.6740995], [0.3965432, 47.6739691], [0.3965679, 47.6738899], [0.3965814, 47.6738151], [0.3965807, 47.6737353], [0.3965539, 47.6735393], [0.3965465, 47.6734463], [0.3965492, 47.6733492], [0.3965553, 47.6732238], [0.3965888, 47.6729597], [0.396688, 47.6723134], [0.396833, 47.6715219], [0.3968784, 47.6713498], [0.3969282, 47.6711902], [0.3969938, 47.6710328], [0.3970662, 47.6708928], [0.3971505, 47.6707582], [0.3972432, 47.6706319], [0.3973679, 47.6704973], [0.397498, 47.6703663], [0.3976636, 47.6702215], [0.3978467, 47.6700783], [0.3987408, 47.6694462], [0.3987873, 47.6694269], [0.3979949, 47.6687063], [0.3973609, 47.6681334], [0.3972876, 47.6680667], [0.397256, 47.6680835], [0.396864, 47.6682936], [0.3966485, 47.6684005], [0.3964094, 47.6685338], [0.3962369, 47.6686154], [0.395913, 47.668751], [0.3956699, 47.6688325], [0.3955719, 47.6688506], [0.3954537, 47.6688603], [0.3950633, 47.668829], [0.3949701, 47.6688088], [0.3948846, 47.6687776], [0.3946899, 47.6686878], [0.3943922, 47.6685505], [0.3942226, 47.6685348], [0.394098, 47.6685364], [0.3939201, 47.668565], [0.3937085, 47.6686269], [0.3920074, 47.6691251], [0.3895454, 47.6698727], [0.3894795, 47.6698956], [0.3878395, 47.6704651], [0.3873353, 47.6705988], [0.3867854, 47.6707415], [0.3861202, 47.6708661], [0.3858615, 47.6709026], [0.385211, 47.6709943], [0.3839155, 47.671146], [0.3836126, 47.6711917], [0.3829096, 47.6712978], [0.3817751, 47.6714278], [0.3809087, 47.6714964], [0.3804018, 47.6715596], [0.3798251, 47.6716301], [0.3775854, 47.6717041], [0.3770222, 47.6716969], [0.3768022, 47.671668], [0.3763945, 47.6715994], [0.3760673, 47.6715434], [0.3754803, 47.6714144], [0.375128, 47.6712844], [0.3749027, 47.671205], [0.3746667, 47.6710858], [0.3742804, 47.6708221], [0.3739693, 47.6705956], [0.3735402, 47.6702719], [0.3733573, 47.6701416], [0.3731875, 47.6699948], [0.3730553, 47.669843], [0.372934, 47.6696553], [0.3728606, 47.669505], [0.3728293, 47.6693572], [0.3728395, 47.6691471], [0.3728804, 47.6689255], [0.3730252, 47.6685571], [0.3731593, 47.6681344], [0.3731503, 47.6680191], [0.3730949, 47.6679303], [0.3729903, 47.6678635], [0.3728348, 47.6678129], [0.3725316, 47.6677659], [0.3717753, 47.6676865], [0.3715473, 47.6676557], [0.3713837, 47.6676106], [0.3711691, 47.6675131], [0.3707318, 47.6672114], [0.370574, 47.667088], [0.370469, 47.6669549], [0.3702974, 47.6667363], [0.3702196, 47.6666316], [0.3695812, 47.6662378], [0.3689375, 47.6658332], [0.3684815, 47.6655442], [0.3681114, 47.6652985], [0.3679558, 47.6651359], [0.3676232, 47.664753], [0.3673013, 47.66437], [0.3672031, 47.6642577], [0.3669473, 47.6639654], [0.3666147, 47.6636005], [0.3663572, 47.6633946], [0.3660836, 47.6631453], [0.3658476, 47.6628418], [0.3655418, 47.6625672], [0.3652897, 47.6623757], [0.3652279, 47.6623426], [0.364603, 47.6620072], [0.3638949, 47.66157], [0.363219, 47.6611365], [0.3629025, 47.6609631], [0.3625377, 47.6608655], [0.3622373, 47.6607571], [0.3619675, 47.6606265], [0.3618564, 47.6605728], [0.3613147, 47.6603218], [0.3610571, 47.6602378], [0.3608077, 47.6601872], [0.3605368, 47.6601619], [0.359987, 47.6601555], [0.3596102, 47.6601583], [0.3593298, 47.6601501], [0.3589972, 47.6601031], [0.358729, 47.6600345], [0.3580745, 47.6598936], [0.3575274, 47.6598105], [0.3571635, 47.659779], [0.3569426, 47.6597599], [0.3564062, 47.6597058], [0.356189, 47.6596786], [0.3559691, 47.6596299], [0.355749, 47.6595558], [0.3553977, 47.6593516], [0.354711, 47.6589217], [0.3543463, 47.658694], [0.3539439, 47.6584953], [0.3534182, 47.6583616], [0.3526404, 47.6581665], [0.3521898, 47.6580184], [0.3517284, 47.6578088], [0.3513958, 47.6576064], [0.351192, 47.6574077], [0.3509935, 47.657097], [0.3509626, 47.6569974], [0.3496517, 47.6567491], [0.3495337, 47.656778], [0.3494854, 47.6568214], [0.3490509, 47.6578295], [0.3489704, 47.6578693], [0.3489007, 47.6578801], [0.3486968, 47.6578476], [0.3476937, 47.657638], [0.347066, 47.6575513], [0.3468246, 47.6575368], [0.346138, 47.6575657], [0.3458322, 47.6576019], [0.345623, 47.6576561], [0.3435255, 47.6585811], [0.3419618, 47.6592496], [0.340956, 47.6596795], [0.3404785, 47.6598782], [0.3404034, 47.6598854], [0.3402049, 47.6598565], [0.3397221, 47.6598131], [0.3395666, 47.6598204], [0.3394593, 47.659889], [0.3393144, 47.659983], [0.3383649, 47.6598926], [0.3371687, 47.6596975], [0.3366644, 47.6595783], [0.3357632, 47.6593362], [0.3356559, 47.6592929], [0.3355701, 47.6592025], [0.3353984, 47.6589604], [0.3348137, 47.6588773], [0.3347064, 47.6588918], [0.3345669, 47.6589641], [0.3343845, 47.6590435], [0.3342665, 47.6590688], [0.3336872, 47.6589857], [0.3335747, 47.659011], [0.3334297, 47.6590435], [0.3329522, 47.6591266], [0.3327296, 47.659161], [0.3323139, 47.6591736], [0.3316567, 47.6591592], [0.3311418, 47.65917], [0.3303237, 47.6592242], [0.329857, 47.6592549], [0.3290174, 47.6592856], [0.328076, 47.6593723], [0.3277193, 47.6594157], [0.326987, 47.6595476], [0.3261958, 47.6596903], [0.3257478, 47.6598059], [0.3245677, 47.6601492], [0.3237764, 47.6603948], [0.3231568, 47.6606152], [0.3221993, 47.6610181], [0.3218023, 47.6611789], [0.3213705, 47.6613017], [0.3208424, 47.6614702], [0.3207589, 47.6614968], [0.3203378, 47.6616775], [0.3200508, 47.6618039], [0.3199865, 47.6618852], [0.3199811, 47.6620532], [0.3199677, 47.6622158], [0.3198953, 47.6623621], [0.319788, 47.6624832], [0.3194715, 47.6627487], [0.3192032, 47.6629004], [0.3189323, 47.6630106], [0.3185327, 47.6631172], [0.3181572, 47.6632437], [0.3177388, 47.6634767], [0.3175, 47.6635742], [0.3168617, 47.6638217], [0.3163911, 47.663986], [0.3162656, 47.6640223], [0.3160552, 47.6640887], [0.3157996, 47.6641693], [0.3157808, 47.6640864], [0.3157733, 47.6639967], [0.3158115, 47.6637915], [0.3161654, 47.6629197], [0.316495, 47.6620284], [0.3166224, 47.6616105], [0.316669, 47.6613752], [0.3166865, 47.6611314], [0.3165174, 47.658902], [0.3164771, 47.6586855], [0.3164522, 47.6586234], [0.316398, 47.6584886], [0.3158047, 47.6574973], [0.3156865, 47.6572453], [0.3156592, 47.6571136], [0.315665, 47.6569931], [0.315762, 47.6564812], [0.3157756, 47.6564095], [0.3157868, 47.6562505], [0.3157744, 47.6561081], [0.3157499, 47.6559908], [0.3157223, 47.6559405], [0.3156802, 47.6558638], [0.3156374, 47.6558737], [0.31481, 47.6560622], [0.314631, 47.6560805], [0.3144422, 47.6560878], [0.3141802, 47.6560751], [0.3138923, 47.6560185], [0.3131179, 47.6557966], [0.3122362, 47.655544], [0.3118952, 47.6554382], [0.3114952, 47.6553362], [0.3108416, 47.6551932], [0.3106299, 47.6551427], [0.3100517, 47.654968], [0.3090523, 47.6546374], [0.3064977, 47.6538841], [0.3061509, 47.6538224], [0.3059376, 47.6538248], [0.3058172, 47.6538363], [0.3056255, 47.653878], [0.3047423, 47.6541409], [0.3045353, 47.6541914], [0.3040249, 47.6542835], [0.3038006, 47.6543379], [0.3032607, 47.6545183], [0.3030133, 47.6545623], [0.3027749, 47.6545752], [0.3024391, 47.6545651], [0.3014805, 47.6545231], [0.3012284, 47.6545282], [0.3000162, 47.6546327], [0.2995507, 47.654715], [0.2990547, 47.6548521], [0.2962395, 47.6556012], [0.2956494, 47.6557385], [0.295172, 47.6558216], [0.2947338, 47.6558532], [0.2940991, 47.6558542], [0.2907678, 47.6559626], [0.2896842, 47.6560312], [0.2889921, 47.6561541], [0.288225, 47.6563636], [0.2879032, 47.6564431], [0.2868571, 47.6565768], [0.2851298, 47.6568948], [0.2847221, 47.6569707], [0.2842715, 47.6569924], [0.2837082, 47.6569635], [0.2806558, 47.6565913], [0.2795669, 47.6564576], [0.2789768, 47.6563564], [0.2768739, 47.6557349], [0.2764324, 47.655654], [0.2759781, 47.6555904], [0.2753129, 47.6555521], [0.2747121, 47.6555398], [0.2740844, 47.6555868], [0.2715846, 47.6559879], [0.2709078, 47.6560867], [0.2705022, 47.6561055], [0.2686825, 47.6560782], [0.2677276, 47.6560565], [0.2674333, 47.6560324], [0.267159, 47.655986], [0.2668405, 47.6559131], [0.2664348, 47.6557747], [0.2657821, 47.6555589], [0.2644017, 47.6551026], [0.2615263, 47.654192], [0.260845, 47.6540655], [0.2604427, 47.6540474], [0.2601749, 47.6540317], [0.2601668, 47.6539031], [0.2601909, 47.6537197], [0.2602326, 47.6534785], [0.260255, 47.653182], [0.260254, 47.6529925], [0.2603059, 47.652752], [0.2603676, 47.6525948], [0.260474, 47.6524342], [0.2606627, 47.6522768], [0.2608772, 47.6520781], [0.2609738, 47.6519227], [0.2610382, 47.6517275], [0.261065, 47.6516083], [0.2611455, 47.6513951], [0.2613332, 47.6511855], [0.2618643, 47.6506796], [0.2621325, 47.6503435], [0.2623203, 47.6499929], [0.2623354, 47.6499242], [0.2623632, 47.6497978], [0.2624168, 47.6492593], [0.2624758, 47.6487317], [0.2626797, 47.6479945], [0.2630659, 47.6469031], [0.2634629, 47.6460321], [0.264525, 47.6443082], [0.2650937, 47.6434588], [0.2654209, 47.6429239], [0.2655186, 47.6427687], [0.2656811, 47.6426004], [0.2662416, 47.6422625], [0.2669712, 47.6419264], [0.2673682, 47.6416264], [0.267671, 47.6413676], [0.2669479, 47.641292], [0.2656034, 47.6411166], [0.2590665, 47.6404345], [0.2576467, 47.6401179], [0.2572473, 47.6400434], [0.2568688, 47.6400144], [0.2558608, 47.6399807], [0.2554327, 47.6399367], [0.2552637, 47.6398927], [0.2548099, 47.6397353], [0.2530841, 47.6392036], [0.252635, 47.6390597], [0.2521775, 47.6389012], [0.2514347, 47.6386059], [0.2511672, 47.638494], [0.2507262, 47.6382679], [0.2502769, 47.6380531], [0.2496144, 47.6377891], [0.2493443, 47.6376472], [0.2489887, 47.6373998], [0.2482126, 47.6368849], [0.24768, 47.6366428], [0.2472766, 47.6364951], [0.245281, 47.6360251], [0.2439292, 47.6357143], [0.2429099, 47.6356203], [0.2426557, 47.6356099], [0.2425559, 47.6356058], [0.2415152, 47.6355891], [0.239738, 47.6355288], [0.2387793, 47.6354655], [0.238126, 47.6353748], [0.2373309, 47.635201], [0.2350779, 47.6346588], [0.2339058, 47.6343804], [0.2327984, 47.6341059], [0.2314683, 47.633778], [0.2312156, 47.6337415], [0.2311228, 47.6337411], [0.2311502, 47.6338209], [0.2311517, 47.6339281], [0.2310983, 47.6341084], [0.2310087, 47.6343011], [0.2308878, 47.6345121], [0.2305981, 47.6349918], [0.2301452, 47.6357142], [0.229997, 47.6359257], [0.2298623, 47.6360525], [0.2296785, 47.6362124], [0.2294517, 47.6363597], [0.2292423, 47.6364797], [0.2290723, 47.6365328], [0.2288708, 47.636562], [0.2286877, 47.6365634], [0.2285661, 47.6365599], [0.2284286, 47.6365404], [0.228317, 47.6365116], [0.2281975, 47.6364668], [0.2275411, 47.6361189], [0.2262194, 47.6353887], [0.2256026, 47.6350552], [0.22382, 47.6340821], [0.2217291, 47.6329481], [0.2190619, 47.6315003], [0.2184654, 47.6311786], [0.218104, 47.631037], [0.2177692, 47.6309248], [0.2170707, 47.6307802], [0.2164697, 47.6307138], [0.2159958, 47.63069], [0.2155408, 47.6306848], [0.212056, 47.6309008], [0.210943, 47.6309611], [0.2108173, 47.630968], [0.209659, 47.6310308], [0.2092713, 47.6310735], [0.2089286, 47.6311263], [0.2086347, 47.6311866], [0.2083184, 47.6312721], [0.2078828, 47.6314176], [0.2074098, 47.6316085], [0.2063649, 47.6321427], [0.2053462, 47.6326542], [0.2036271, 47.6335151], [0.201893, 47.6343608], [0.1997918, 47.6353756], [0.1985838, 47.6359705], [0.1975539, 47.6364448], [0.1970968, 47.6366009], [0.1966901, 47.6367195], [0.1962235, 47.6368381], [0.1941751, 47.6373436], [0.191683, 47.6379658], [0.1912199, 47.6380853], [0.1895828, 47.6384971], [0.1879327, 47.6389057], [0.1869452, 47.6391977], [0.1859609, 47.6395683], [0.1857779, 47.6396372], [0.1853144, 47.6397876], [0.1850407, 47.63986], [0.1847435, 47.6398966], [0.1831328, 47.6400514], [0.1825058, 47.6401053], [0.1821758, 47.6401155], [0.1818345, 47.6400853], [0.1807905, 47.639915], [0.1805575, 47.6398721], [0.1789092, 47.6395722], [0.1776058, 47.6393252], [0.1766387, 47.6391533], [0.1731117, 47.6385081], [0.1727031, 47.6384245], [0.1724771, 47.6383713], [0.1722399, 47.6382916], [0.1720037, 47.6382071], [0.1717675, 47.6380962], [0.1715245, 47.637934], [0.1712871, 47.637734], [0.1705582, 47.6370348], [0.1702281, 47.6367503], [0.1700401, 47.6366457], [0.1699716, 47.6366076], [0.1701724, 47.6364554], [0.1703731, 47.6363145], [0.1702996, 47.6362667], [0.1701994, 47.6361901], [0.1700063, 47.6361611], [0.1665429, 47.6365336], [0.1651135, 47.6366734], [0.1647481, 47.6367476], [0.1648069, 47.6368239], [0.1657742, 47.6376921], [0.165815, 47.637751], [0.1658192, 47.6378045], [0.165755, 47.637878], [0.1637488, 47.6386736], [0.1631286, 47.6389459], [0.1625131, 47.6392755], [0.1619483, 47.639568], [0.1617459, 47.6396615], [0.161598, 47.6397022], [0.1615004, 47.639721], [0.1613935, 47.6397319], [0.1613006, 47.6397319], [0.1611466, 47.6397375], [0.160619, 47.6399384], [0.1593368, 47.640445], [0.1578283, 47.6410326], [0.1573209, 47.6412254], [0.1572702, 47.6412448], [0.1568113, 47.6414209], [0.1560268, 47.6417221], [0.1556868, 47.641865], [0.1555753, 47.6419008], [0.1553198, 47.6420107], [0.1549837, 47.6421239], [0.1536599, 47.6426244], [0.1530219, 47.6428715], [0.1504031, 47.6438855], [0.1472034, 47.6451244], [0.1468537, 47.6452598], [0.1394453, 47.6481886], [0.1367548, 47.6492231], [0.1366503, 47.6492634], [0.134844, 47.6499579], [0.1345808, 47.6500383], [0.1344685, 47.6500202], [0.1343929, 47.6500068], [0.1334754, 47.6503951], [0.1332386, 47.6504541], [0.1329892, 47.6504872], [0.132876, 47.6505112], [0.1328147, 47.6505357], [0.1327293, 47.650596], [0.1326956, 47.6506215], [0.132781, 47.6506575], [0.1329151, 47.6507139], [0.1328153, 47.6507496], [0.1244604, 47.6540296], [0.1243784, 47.6540681], [0.1243132, 47.6541664], [0.1242402, 47.6542631], [0.1241862, 47.6543182], [0.1241133, 47.6543816], [0.1226655, 47.654976], [0.1225841, 47.6550052], [0.1222681, 47.6549398], [0.1220909, 47.6549609], [0.1212014, 47.6553146], [0.1200628, 47.6557535], [0.118699, 47.6562752], [0.1171617, 47.6569933], [0.1158397, 47.6577293], [0.1157605, 47.6577919], [0.1157797, 47.6578445], [0.1158257, 47.6579159], [0.1158517, 47.6579991], [0.1158418, 47.6580279], [0.1157349, 47.6581076], [0.1155054, 47.6581938], [0.1151243, 47.6582912], [0.1146714, 47.6584817], [0.1144647, 47.6586389], [0.1141746, 47.6588407], [0.1130622, 47.6598095], [0.1122643, 47.6605501], [0.1115241, 47.661412], [0.1106779, 47.6626129], [0.1104188, 47.663031], [0.1100313, 47.6637497], [0.1087331, 47.666376], [0.1087464, 47.6664522], [0.1086246, 47.6664708], [0.1085096, 47.6664739], [0.1085117, 47.6666849], [0.1084868, 47.6668064], [0.1068127, 47.6701568], [0.1037233, 47.6762336], [0.1029259, 47.6777978], [0.1029011, 47.6778465], [0.0993907, 47.6847702], [0.099175, 47.6847237], [0.0990079, 47.6847675], [0.0989038, 47.6848561], [0.0988409, 47.6849781], [0.0987268, 47.6856395], [0.0987536, 47.6857056], [0.0985903, 47.6858726], [0.098644, 47.6858959], [0.0987814, 47.6859464], [0.0982527, 47.6869328], [0.0977513, 47.6880267], [0.0969775, 47.6892104], [0.0965369, 47.6897626], [0.0961143, 47.6902195], [0.0954738, 47.6908149], [0.0949703, 47.691204], [0.0945878, 47.6914562], [0.0942901, 47.6916393], [0.0939924, 47.691869], [0.0936941, 47.6921222], [0.0936227, 47.692162], [0.0935178, 47.6921339], [0.0934023, 47.6920834], [0.093354, 47.6920834], [0.0933024, 47.6920936], [0.093176, 47.6921924], [0.092995, 47.6923187], [0.0927917, 47.692459], [0.0926398, 47.6925332], [0.0925946, 47.6925573], [0.0921448, 47.6927375], [0.0912268, 47.6930813], [0.0905326, 47.6933261], [0.0898108, 47.6935242], [0.0889765, 47.6937124], [0.0881505, 47.6938636], [0.0867393, 47.6940287], [0.0853897, 47.6940761], [0.0846436, 47.6940692], [0.0835965, 47.6940114], [0.0822053, 47.6938807], [0.0819398, 47.6939082], [0.0812856, 47.6938745], [0.0812038, 47.6938742], [0.0810523, 47.69386], [0.0809652, 47.693837], [0.0809118, 47.6937934], [0.0807992, 47.6937307], [0.0806907, 47.6936964], [0.0759578, 47.6933314], [0.0757778, 47.6933676], [0.0756062, 47.6934022], [0.0649941, 47.692541], [0.0556302, 47.6917729], [0.0554846, 47.6917609], [0.0442168, 47.6908506], [0.0419633, 47.6906679], [0.0417382, 47.6906497], [0.0355331, 47.69014], [0.0288753, 47.6895931], [0.0244955, 47.6892514], [0.0198687, 47.6888731], [0.0149695, 47.6884741], [0.0113741, 47.6881831], [0.0096846, 47.6880716], [0.0076539, 47.6879727], [0.0074576, 47.687975], [0.0073065, 47.6880086], [0.0066668, 47.6882219], [0.0064045, 47.6882278], [0.0063272, 47.6882378], [0.0062552, 47.688238], [0.0060511, 47.6882727], [0.0058408, 47.6882967], [0.0054409, 47.6883301], [0.0049753, 47.6883363], [0.0048293, 47.6883243], [0.0045502, 47.6882913], [0.0042357, 47.6882529], [0.0041995, 47.6882382], [0.0041633, 47.6882101], [0.0041349, 47.6881604], [0.0041299, 47.6880793], [0.0041225, 47.6880463], [0.0040753, 47.688029], [0.0040583, 47.6880137], [0.0040548, 47.6879851], [0.0040433, 47.687904], [0.0039861, 47.6878861], [0.0036278, 47.6878807], [0.0011687, 47.6878981], [-0.0050995, 47.6880428], [-0.0117246, 47.6881935], [-0.0156539, 47.6882828], [-0.0179553, 47.6883485], [-0.019334, 47.6883838], [-0.0276199, 47.688584], [-0.0340517, 47.6887297], [-0.0394607, 47.6888417], [-0.040591, 47.6889102], [-0.0415686, 47.6889333], [-0.0426133, 47.6889158], [-0.0432341, 47.6889274], [-0.0454208, 47.6889783], [-0.0477209, 47.6890324], [-0.0534074, 47.6891623], [-0.053519, 47.6891653], [-0.053808, 47.6890743], [-0.053876, 47.6890551], [-0.0539252, 47.6890525], [-0.0539709, 47.6890602], [-0.0539995, 47.6890714], [-0.0540252, 47.6890815], [-0.0540509, 47.6890916], [-0.054082, 47.6891038], [-0.0541066, 47.6891135], [-0.0542217, 47.6891394], [-0.0544716, 47.6891924], [-0.0547481, 47.6891993], [-0.0608488, 47.6893266], [-0.0609854, 47.6893586], [-0.0610653, 47.6893683], [-0.0611075, 47.689374], [-0.061159, 47.6893739], [-0.0611875, 47.6893754], [-0.0612187, 47.689377], [-0.0613663, 47.6893549], [-0.0625182, 47.6893838], [-0.064659, 47.6894191], [-0.0651723, 47.689392], [-0.0658214, 47.6894136], [-0.0668845, 47.6894249], [-0.0675823, 47.6894481], [-0.0681418, 47.6894657], [-0.0685672, 47.689491], [-0.068747, 47.6895023], [-0.0693819, 47.6895764], [-0.069587, 47.6895956], [-0.069815, 47.6896048], [-0.0716655, 47.6896408], [-0.0717782, 47.6896446], [-0.0718831, 47.6896449], [-0.0720643, 47.6897026], [-0.0721429, 47.6897793], [-0.0721492, 47.6899602], [-0.0725053, 47.6899754], [-0.0725815, 47.6900637], [-0.0726462, 47.690104]], [[0.4150323, 47.6853745], [0.4148752, 47.685143], [0.4148596, 47.6851281], [0.4148522, 47.6851106], [0.414854, 47.6850924], [0.4148074, 47.6849977], [0.4147939, 47.6849703]], [[-0.07265, 47.6902552], [-0.0726808, 47.6902541], [-0.0727101, 47.6902475], [-0.0727356, 47.6902358], [-0.0727576, 47.6902175], [-0.0727702, 47.6901955], [-0.0727723, 47.690172], [-0.0727635, 47.6901492], [-0.0727447, 47.6901293], [-0.0727178, 47.6901142], [-0.0726854, 47.6901054], [-0.0726462, 47.690104], [-0.0726091, 47.6901115], [-0.0725575, 47.6901473], [-0.0725476, 47.690171], [-0.0725494, 47.6901954], [-0.0725627, 47.6902183], [-0.0725861, 47.690237], [-0.072616, 47.6902495], [-0.07265, 47.6902552]], [[-0.0684031, 47.7079021], [-0.0683192, 47.7077781], [-0.068316, 47.7077628], [-0.0683137, 47.7077374], [-0.0683033, 47.7076228], [-0.068296, 47.7075311], [-0.0682656, 47.70716], [-0.0682585, 47.7069953], [-0.0682668, 47.7068101], [-0.0682765, 47.7066392], [-0.0683364, 47.7063907], [-0.0683972, 47.7062219], [-0.0686071, 47.7056263], [-0.068675, 47.7054331], [-0.0687119, 47.7053282], [-0.0687742, 47.7051406], [-0.0687949, 47.7050215], [-0.0687905, 47.7049193], [-0.0685251, 47.7041238], [-0.0683503, 47.7036455], [-0.0683369, 47.7036073], [-0.068273, 47.7033865], [-0.0682596, 47.7033167], [-0.0682591, 47.7032938], [-0.0684782, 47.702757], [-0.0686879, 47.7023499], [-0.0689547, 47.702001], [-0.0689733, 47.7019767], [-0.069334, 47.7016652], [-0.0694215, 47.7015451], [-0.0694391, 47.701447], [-0.0694518, 47.7013707], [-0.0694669, 47.7013215], [-0.0694945, 47.701216], [-0.0695359, 47.7011389], [-0.0696538, 47.7011435], [-0.0699324, 47.701212], [-0.0700712, 47.7012481], [-0.0700882, 47.7012311], [-0.0701092, 47.7012119], [-0.0701326, 47.7011978], [-0.0702859, 47.7011055], [-0.0706541, 47.7009324], [-0.0715909, 47.7005706], [-0.0720169, 47.7004832], [-0.0724089, 47.7004409], [-0.0724608, 47.700439], [-0.0725128, 47.7004371], [-0.0725074, 47.7001687], [-0.0725503, 47.7000949], [-0.0725565, 47.6995789], [-0.0725326, 47.6995293], [-0.072598, 47.6995193], [-0.0732668, 47.6995392], [-0.0732962, 47.6995412], [-0.0733837, 47.6995437], [-0.0735284, 47.6995385], [-0.0737763, 47.6995314], [-0.0741045, 47.6995236], [-0.0743206, 47.6995056], [-0.0745357, 47.6994802], [-0.0747561, 47.6994538], [-0.0750798, 47.6994096], [-0.0750705, 47.6993757], [-0.0750196, 47.6991834], [-0.0749428, 47.6990178], [-0.0749234, 47.6988316], [-0.0749154, 47.6983173], [-0.0749179, 47.698261], [-0.0749317, 47.6980929], [-0.074956, 47.6977962], [-0.0749632, 47.697709], [-0.07497, 47.6976036], [-0.0749736, 47.6975476], [-0.0750151, 47.6969011], [-0.0750245, 47.6967551], [-0.0750241, 47.6966917], [-0.075024, 47.6966776], [-0.0750233, 47.6965554], [-0.0749695, 47.6958941], [-0.0753745, 47.6952941], [-0.0758254, 47.6947241], [-0.0758919, 47.6946185], [-0.0759388, 47.6945259], [-0.0759809, 47.6943379], [-0.0759799, 47.6942182], [-0.0759757, 47.6941658], [-0.0759562, 47.6939241], [-0.0758688, 47.6937104], [-0.0758266, 47.6936116], [-0.0757442, 47.6934324], [-0.0756725, 47.6932425], [-0.0756573, 47.6930448], [-0.0757449, 47.6926988], [-0.0757636, 47.6926213], [-0.075816, 47.6924091], [-0.0758768, 47.6922151], [-0.0759568, 47.6919598], [-0.0757498, 47.6917813], [-0.0756959, 47.6917349], [-0.0756701, 47.6917138], [-0.0755577, 47.6916223], [-0.0734944, 47.6902892], [-0.0734643, 47.6902696], [-0.0733731, 47.6902238], [-0.0733645, 47.6900979], [-0.0731483, 47.6901003], [-0.0728012, 47.6901041], [-0.0726854, 47.6901054]], [[-0.0727356, 47.6902358], [-0.0728567, 47.6902468], [-0.0733153, 47.6902377], [-0.0733731, 47.6902238]], [[-0.0683192, 47.7077781], [-0.0683049, 47.7078683], [-0.0682995, 47.7079022]], [[-0.0684336, 47.7080371], [-0.0684512, 47.7080236], [-0.0684668, 47.7080029], [-0.0684732, 47.7079801], [-0.0684699, 47.707957], [-0.0684562, 47.7079345], [-0.0684333, 47.7079156], [-0.0684031, 47.7079021], [-0.0683691, 47.7078953], [-0.0683335, 47.7078953], [-0.0682995, 47.7079022], [-0.0682708, 47.7079149], [-0.0682495, 47.7079313], [-0.0682354, 47.707951], [-0.0682295, 47.7079724], [-0.0682322, 47.7079941], [-0.0682437, 47.708015], [-0.0682631, 47.7080331], [-0.068289, 47.708047], [-0.0683196, 47.7080557], [-0.0683511, 47.7080586], [-0.0683826, 47.7080558], [-0.068412, 47.7080477], [-0.0684336, 47.7080371]], [[-0.0683196, 47.7080557], [-0.0683278, 47.7081534], [-0.0683362, 47.7082519], [-0.0682745, 47.7083922], [-0.0682416, 47.7084314], [-0.0681967, 47.7084626], [-0.0676862, 47.7086743], [-0.0673301, 47.7087798], [-0.0668895, 47.7089233], [-0.0661908, 47.7091652], [-0.0659524, 47.7092664], [-0.0658389, 47.7093477], [-0.0657295, 47.7094543], [-0.0656733, 47.7095445], [-0.0652198, 47.7105276], [-0.0650845, 47.7107922], [-0.0649374, 47.7110427], [-0.0646208, 47.711472], [-0.0645847, 47.711534], [-0.0644624, 47.7117361], [-0.0644651, 47.7117797], [-0.0642963, 47.7120953], [-0.064095, 47.7124717], [-0.0639856, 47.7126302], [-0.063924, 47.7127194], [-0.0638664, 47.7127414], [-0.0638263, 47.7127818], [-0.0637429, 47.7128597], [-0.0636395, 47.7129453], [-0.0631312, 47.7133496], [-0.0629385, 47.7135419], [-0.0628984, 47.7135922], [-0.0628977, 47.7135931], [-0.0628472, 47.7136565], [-0.0627531, 47.7137871], [-0.0626423, 47.7139796], [-0.0622509, 47.7148822], [-0.0620628, 47.7153164], [-0.0620482, 47.7153495], [-0.0621881, 47.7153775], [-0.0629196, 47.7155121], [-0.0630128, 47.7155331], [-0.0633239, 47.7156031], [-0.0633243, 47.7156296], [-0.0633324, 47.7156722], [-0.0633734, 47.7157029], [-0.0659313, 47.7167748], [-0.066029, 47.7168275], [-0.0660847, 47.7168832], [-0.0661053, 47.716944], [-0.0660978, 47.717011], [-0.0660616, 47.7170507], [-0.0660019, 47.7170841], [-0.065918, 47.7171067], [-0.0658083, 47.7171151], [-0.0633051, 47.7170208], [-0.0632382, 47.7170188], [-0.0625447, 47.7170023], [-0.0622374, 47.7170177], [-0.061979, 47.7170403], [-0.0617481, 47.717074], [-0.061609, 47.7170989], [-0.0615534, 47.7171088], [-0.0613753, 47.7171511], [-0.0611735, 47.7172059], [-0.0609519, 47.7172897], [-0.0607817, 47.7173614], [-0.0606111, 47.7174471], [-0.0604846, 47.7175254], [-0.0602793, 47.7176771], [-0.0601546, 47.7177882], [-0.0600244, 47.7179142], [-0.0600898, 47.7179288], [-0.0611691, 47.7181339], [-0.062518, 47.7183685], [-0.062733, 47.7183972], [-0.0633342, 47.7184776], [-0.0641732, 47.718428], [-0.0646617, 47.7184587], [-0.064942, 47.7186299], [-0.0651915, 47.7189467], [-0.065162, 47.7190933], [-0.0651467, 47.7192027], [-0.0649368, 47.7202132], [-0.0648838, 47.7212059], [-0.0649868, 47.7216923], [-0.0652625, 47.7222299], [-0.0653062, 47.7225365], [-0.0653027, 47.7231171], [-0.0654183, 47.7233188], [-0.0655359, 47.7234126], [-0.0658751, 47.7235307], [-0.0668582, 47.7238869], [-0.0668491, 47.7241019], [-0.0662282, 47.7253218], [-0.0659446, 47.7259959], [-0.0658852, 47.7269008], [-0.0658845, 47.726964], [-0.0658762, 47.7277757], [-0.0659781, 47.7279101], [-0.0668401, 47.7287186], [-0.0675053, 47.7307705], [-0.0677915, 47.7315016], [-0.0690813, 47.7327425], [-0.0691103, 47.7327705], [-0.0710287, 47.7346276], [-0.0732963, 47.7374557], [-0.0740017, 47.7383355], [-0.0740853, 47.7384398], [-0.0747476, 47.7392491], [-0.076336, 47.7411707], [-0.0769825, 47.7420368], [-0.077524, 47.7431065], [-0.0775461, 47.7431357], [-0.0781578, 47.7439449], [-0.0784389, 47.7443556], [-0.0784461, 47.7443735], [-0.0787052, 47.7450194], [-0.078814, 47.745324], [-0.0788761, 47.7454211], [-0.0788991, 47.7455823], [-0.0787662, 47.7461118], [-0.0786264, 47.7467324], [-0.0785728, 47.7469252], [-0.078514, 47.747469], [-0.0781774, 47.747787], [-0.0773335, 47.7483329], [-0.0769924, 47.7487559], [-0.0763843, 47.749759], [-0.0761881, 47.7502734], [-0.0760305, 47.7508433], [-0.0756682, 47.751435], [-0.0734557, 47.7511436], [-0.0727317, 47.7510882], [-0.070028, 47.7505052], [-0.0696786, 47.7504884], [-0.069416, 47.7505113], [-0.0692121, 47.7506724], [-0.0691373, 47.7507151], [-0.0686703, 47.7507155], [-0.0676445, 47.7508258], [-0.0670123, 47.7508688], [-0.0649588, 47.7508385], [-0.0662709, 47.7522184], [-0.0669091, 47.7528721], [-0.0670745, 47.7531647], [-0.0671055, 47.7536565], [-0.0669971, 47.7548146], [-0.0669708, 47.7550955], [-0.0665257, 47.7554388], [-0.0664595, 47.755704], [-0.0667863, 47.7573504], [-0.0667384, 47.7580196], [-0.0667944, 47.7583498], [-0.0673187, 47.7596033], [-0.0674037, 47.7599971], [-0.0673446, 47.7602872], [-0.0671921, 47.7606055], [-0.0668704, 47.7609948], [-0.0664918, 47.7617267], [-0.0662181, 47.7623176], [-0.0658462, 47.7627042], [-0.0657477, 47.7629876], [-0.0655285, 47.7636749], [-0.0652646, 47.7641118], [-0.0650636, 47.7642942], [-0.0649599, 47.7643883], [-0.0645306, 47.7646147], [-0.0627451, 47.7653681], [-0.0612335, 47.7660257], [-0.0607352, 47.7663286], [-0.0603403, 47.7667007], [-0.0598946, 47.767169], [-0.0593807, 47.7676138], [-0.0592836, 47.7676979], [-0.059014, 47.7678713], [-0.058906, 47.7679546], [-0.0588172, 47.7680359], [-0.0586837, 47.7681999], [-0.0585971, 47.7683851], [-0.0585307, 47.7686113], [-0.0584937, 47.7688134], [-0.058475, 47.7690002], [-0.0584959, 47.7691872], [-0.0585019, 47.7692409], [-0.0585761, 47.7695496], [-0.0585729, 47.7695982], [-0.0585785, 47.7696265], [-0.0587054, 47.7696101], [-0.0593344, 47.7695911], [-0.0595955, 47.7695791], [-0.0597792, 47.7695741], [-0.0605306, 47.7695698], [-0.0614964, 47.7695448], [-0.0614984, 47.76958], [-0.0616024, 47.7696651], [-0.0633526, 47.770518], [-0.0642984, 47.7709722], [-0.064817, 47.7710553], [-0.0654479, 47.7710095], [-0.0657732, 47.7709911], [-0.0660111, 47.7710026], [-0.0663189, 47.7710774], [-0.0675623, 47.7716131], [-0.0677731, 47.771695], [-0.0684135, 47.7719754], [-0.0689598, 47.7722079], [-0.0692084, 47.7724748], [-0.0696696, 47.7731881], [-0.0698629, 47.7735727], [-0.0699614, 47.7738757], [-0.0700426, 47.7743135], [-0.0701516, 47.7748738], [-0.0702054, 47.7750281], [-0.0702746, 47.7751176], [-0.070399, 47.7752228], [-0.0706038, 47.7753158], [-0.0711874, 47.7754541], [-0.0716688, 47.7756364], [-0.0732488, 47.7765698], [-0.0761109, 47.7783068], [-0.0762154, 47.7783862], [-0.0764118, 47.7784867], [-0.0772417, 47.7789829], [-0.0784558, 47.7797089], [-0.0789004, 47.7799748], [-0.0792443, 47.7802452], [-0.0795571, 47.7804911], [-0.0797119, 47.7807513], [-0.0797871, 47.7809826], [-0.0798205, 47.7810854], [-0.0798997, 47.7821042], [-0.0800068, 47.783046], [-0.0800979, 47.7835992], [-0.0802371, 47.7841161], [-0.0803499, 47.7844827], [-0.0806882, 47.7855696], [-0.0807151, 47.7856564], [-0.0808679, 47.7861822], [-0.0810014, 47.7865969], [-0.0810241, 47.7866766], [-0.0811391, 47.7870251], [-0.0812726, 47.7875108], [-0.0814564, 47.7879209], [-0.0815919, 47.7880794], [-0.0819665, 47.788407], [-0.0825061, 47.7888105], [-0.0828754, 47.7891189], [-0.0831132, 47.7894832], [-0.0840293, 47.7913099], [-0.084313, 47.7919373], [-0.084761, 47.7932257], [-0.0848794, 47.7935769], [-0.0851787, 47.7944643], [-0.0854071, 47.7951477], [-0.0856737, 47.7959075], [-0.0857475, 47.7960706], [-0.0858428, 47.7962354], [-0.0859315, 47.7963663], [-0.0862117, 47.7967803], [-0.0860349, 47.7972293], [-0.0857972, 47.7978291], [-0.0857143, 47.7980049], [-0.085647, 47.7981255], [-0.0855588, 47.7982509], [-0.0854268, 47.7984008], [-0.0851755, 47.7986693], [-0.0849724, 47.7988768], [-0.0847978, 47.7990605], [-0.0846908, 47.7991849], [-0.0846198, 47.7992709], [-0.0845432, 47.7993858], [-0.0844931, 47.7994764], [-0.0844547, 47.7995723], [-0.0844343, 47.7996568], [-0.0844145, 47.7997471], [-0.0844106, 47.7998446], [-0.084419, 47.7999666], [-0.0844728, 47.8002423], [-0.0848881, 47.8017168], [-0.0850494, 47.8023108], [-0.0852221, 47.8028414], [-0.0852674, 47.8029639], [-0.0853184, 47.803072], [-0.0854324, 47.8032834], [-0.0854753, 47.8033855], [-0.0854883, 47.8034501], [-0.0854886, 47.8035225], [-0.0854766, 47.8036026], [-0.0854524, 47.8036897], [-0.0852701, 47.8041142], [-0.0852356, 47.8042134], [-0.0852141, 47.8043049], [-0.0852165, 47.8043746], [-0.0852347, 47.8044258], [-0.0852642, 47.8044596], [-0.085309, 47.8044997], [-0.0853651, 47.8045301], [-0.0854538, 47.8045547], [-0.0855879, 47.8045823], [-0.0856523, 47.8046006], [-0.0857452, 47.8046466], [-0.0858012, 47.8046925], [-0.0858244, 47.804735], [-0.0858539, 47.8048027], [-0.0858658, 47.8048438], [-0.0858994, 47.8049908], [-0.0862023, 47.8063893], [-0.0862454, 47.8066038], [-0.0863242, 47.8069885], [-0.0863908, 47.8074008], [-0.0864168, 47.8075551], [-0.0864208, 47.8076776], [-0.0864104, 47.8078022], [-0.0863805, 47.8079532], [-0.0863345, 47.8081028], [-0.0862893, 47.8082369], [-0.086235, 47.8083782], [-0.0860244, 47.8088702], [-0.0857802, 47.8095241], [-0.0856366, 47.8098268], [-0.0855879, 47.8099176], [-0.0855343, 47.8099942], [-0.0854726, 47.8100626], [-0.0854056, 47.8101166], [-0.0853648, 47.8101454], [-0.0848108, 47.8104524], [-0.0847026, 47.8105151], [-0.0843526, 47.8107025], [-0.0842817, 47.8107453], [-0.0841959, 47.8108075], [-0.0841439, 47.8108624], [-0.0841114, 47.8109191], [-0.0840846, 47.8109831], [-0.0840752, 47.8110587], [-0.0840836, 47.8111479], [-0.0841215, 47.8112852], [-0.0843072, 47.8118709], [-0.0843689, 47.8119585], [-0.0844319, 47.8120323], [-0.0845094, 47.8121107], [-0.0845942, 47.8121917], [-0.0847136, 47.8122856], [-0.084924, 47.8124292], [-0.0851361, 47.8125689], [-0.0852536, 47.8126518], [-0.0856901, 47.8129959], [-0.0858852, 47.8131694], [-0.0860054, 47.8132683], [-0.0861245, 47.8133293], [-0.0859745, 47.8136499], [-0.0858166, 47.8139874], [-0.0858023, 47.8140305], [-0.085788, 47.8140736], [-0.0856655, 47.8144432], [-0.0855811, 47.8146978], [-0.0853961, 47.8152538], [-0.0853489, 47.8153957], [-0.0852811, 47.8155873], [-0.0852283, 47.8157409], [-0.0851145, 47.8159962], [-0.0850056, 47.816158], [-0.0846294, 47.8165914], [-0.0835672, 47.8175568], [-0.0826644, 47.818564], [-0.0824384, 47.8187755], [-0.0822006, 47.8189791], [-0.082056, 47.8190964], [-0.0819133, 47.8192], [-0.081751, 47.8192955], [-0.0815657, 47.8193905], [-0.0808512, 47.8197196], [-0.080821, 47.8197349], [-0.0807429, 47.8197682], [-0.0805843, 47.8198367], [-0.0802077, 47.8200098], [-0.080021, 47.8201032], [-0.0798535, 47.8201942], [-0.0796911, 47.820295], [-0.0795396, 47.8203972], [-0.0794095, 47.8205013], [-0.0792929, 47.8205969], [-0.0791828, 47.8207021], [-0.0790769, 47.8208074], [-0.07896, 47.8209336], [-0.0788744, 47.8210487], [-0.0787701, 47.8212065], [-0.0783205, 47.8219798], [-0.07818, 47.8222214], [-0.077894, 47.8227263], [-0.0775837, 47.8232579], [-0.0774957, 47.8233854], [-0.0773971, 47.8235057], [-0.0772905, 47.8236241], [-0.0771682, 47.8237442], [-0.0769776, 47.8239093], [-0.077014, 47.8239254], [-0.0771705, 47.8240072], [-0.0779827, 47.8243973], [-0.0780758, 47.8244322], [-0.0781803, 47.8244596], [-0.0782964, 47.8244817], [-0.0784539, 47.8244999], [-0.078964, 47.8245356], [-0.0791164, 47.8245565], [-0.0792399, 47.8245822], [-0.0793505, 47.8246105], [-0.0794388, 47.8246414], [-0.0795295, 47.8246839], [-0.0795986, 47.8247266], [-0.0796694, 47.8247847], [-0.0797372, 47.8248584], [-0.079779, 47.8249112], [-0.0798135, 47.824977], [-0.0798353, 47.8250359], [-0.079848, 47.8251075], [-0.0798551, 47.8251893], [-0.0798547, 47.82546], [-0.0798702, 47.8256505], [-0.0798792, 47.8257369], [-0.079899, 47.8258301], [-0.0799402, 47.8259764], [-0.0799788, 47.8260876], [-0.0800217, 47.8261943], [-0.0800693, 47.8263037], [-0.0801286, 47.8264248], [-0.0803441, 47.8268336], [-0.0803972, 47.8269242], [-0.0806453, 47.8273184], [-0.0810351, 47.8278577], [-0.0811534, 47.8280979], [-0.0814179, 47.8286349], [-0.0814686, 47.8288609], [-0.0814506, 47.8290344], [-0.0813462, 47.8294318], [-0.0812393, 47.8297044], [-0.0809233, 47.8302433], [-0.0807853, 47.8305282], [-0.0807551, 47.8307921], [-0.0807695, 47.8311861], [-0.0808617, 47.831512], [-0.080972, 47.8317608], [-0.0812893, 47.8321711], [-0.0813427, 47.8323539], [-0.0813647, 47.8325193], [-0.0814302, 47.8329225], [-0.0814989, 47.8332314], [-0.0817195, 47.8339233], [-0.0818372, 47.8345115], [-0.0819302, 47.8346748], [-0.0821256, 47.8349235], [-0.0827592, 47.8355146], [-0.0830296, 47.8358787], [-0.0833476, 47.836479], [-0.0834743, 47.8369439], [-0.083571, 47.8371189], [-0.0839809, 47.8374777], [-0.0854313, 47.8387229], [-0.085868, 47.8390636], [-0.0862253, 47.8393996], [-0.0868682, 47.8400894], [-0.0871154, 47.8404425], [-0.0873284, 47.8407224], [-0.0881365, 47.8414796], [-0.0883156, 47.8416476], [-0.0884098, 47.8417366], [-0.0885978, 47.841969], [-0.0887271, 47.8421833], [-0.0891558, 47.8428981], [-0.0893256, 47.8431617], [-0.0894892, 47.8434821], [-0.0897431, 47.8441529], [-0.0898719, 47.8444337], [-0.0902268, 47.8450609], [-0.0903663, 47.8452589], [-0.0906096, 47.8454886], [-0.0907168, 47.8456578], [-0.0907472, 47.8457791], [-0.0907329, 47.8458864], [-0.0906766, 47.8460592], [-0.0902608, 47.846754], [-0.0901914, 47.8469738], [-0.0901437, 47.8474208], [-0.090167, 47.8479295], [-0.0902447, 47.8483705], [-0.0903237, 47.8486422], [-0.0907195, 47.8492417], [-0.090825, 47.8495052], [-0.0908804, 47.8498033], [-0.0910655, 47.8507464], [-0.0912863, 47.8519885], [-0.0914572, 47.8526444], [-0.091702, 47.8526875], [-0.092091, 47.8527288], [-0.0929976, 47.8527738], [-0.0948644, 47.8527864], [-0.0951058, 47.8527936], [-0.0952721, 47.8528368], [-0.0964576, 47.8534775], [-0.0965917, 47.8535855], [-0.0966314, 47.8537216], [-0.0967822, 47.8550884], [-0.0970316, 47.8570051], [-0.0972006, 47.8581911], [-0.0972355, 47.858524], [-0.0972274, 47.858704], [-0.0972033, 47.8589236], [-0.0971416, 47.8592241], [-0.0969485, 47.8600429], [-0.0964308, 47.8619667], [-0.0963681, 47.8621986], [-0.0961358, 47.8630572], [-0.0957978, 47.8643583], [-0.0956637, 47.8648513], [-0.0955323, 47.8652022], [-0.0951648, 47.8659615], [-0.0951192, 47.8660534], [-0.0950039, 47.8663125], [-0.0949744, 47.8664546], [-0.0949502, 47.8667443], [-0.0949261, 47.8668883], [-0.0948537, 47.8672535], [-0.0947839, 47.8674892], [-0.094631, 47.8678293], [-0.0944817, 47.8680722], [-0.0944298, 47.8682894], [-0.0943883, 47.8684632], [-0.0943768, 47.8685113], [-0.094363, 47.8685689], [-0.0943558, 47.8685983], [-0.0926928, 47.8683899], [-0.092556, 47.8683728], [-0.0925314, 47.8684298], [-0.092298, 47.8687487], [-0.091915, 47.8686477], [-0.0913487, 47.8685242], [-0.0908215, 47.8684232], [-0.0906055, 47.8683818], [-0.0894197, 47.8681662], [-0.0881283, 47.8674157], [-0.0866416, 47.8665963], [-0.0804699, 47.867545], [-0.0801135, 47.8675591], [-0.0797289, 47.8675245], [-0.0751463, 47.8667478], [-0.0678965, 47.8655351], [-0.0678196, 47.8655073], [-0.0677672, 47.8654569], [-0.0674271, 47.8658268], [-0.0669473, 47.8664741], [-0.0668704, 47.866613], [-0.0668427, 47.8667284], [-0.0668134, 47.8670965], [-0.0667566, 47.8674016], [-0.0667014, 47.8676104], [-0.0665623, 47.86797], [-0.0664555, 47.8681839], [-0.0662634, 47.8684499], [-0.0661366, 47.8685748], [-0.0660009, 47.8686978], [-0.0653338, 47.8693946], [-0.0651696, 47.8695792], [-0.0650382, 47.8696961], [-0.06491, 47.8697855], [-0.0647821, 47.8698625], [-0.0646488, 47.8699226], [-0.0645098, 47.8699696], [-0.0643663, 47.8700047], [-0.0641799, 47.8700407], [-0.0639948, 47.8700794], [-0.0638346, 47.8701018], [-0.063736, 47.8701126], [-0.0636274, 47.8701153], [-0.0634902, 47.8701094], [-0.0633249, 47.8700898], [-0.0631962, 47.8700722], [-0.0631121, 47.8700666], [-0.0630348, 47.8700733], [-0.0629883, 47.8700844], [-0.0627961, 47.8699476], [-0.0626524, 47.8698841], [-0.0625469, 47.8698486], [-0.0623737, 47.8698172], [-0.0622407, 47.8698077], [-0.0620969, 47.8698094], [-0.0619818, 47.8698221], [-0.0618412, 47.8698448], [-0.0606629, 47.8702073], [-0.0604999, 47.8702512], [-0.0602895, 47.8702936], [-0.0600949, 47.8703232], [-0.0598827, 47.8703421], [-0.0596483, 47.8703528], [-0.059427, 47.870351], [-0.0591847, 47.870335], [-0.0573738, 47.8701729], [-0.0556717, 47.8700263], [-0.0520649, 47.8696993], [-0.0518444, 47.8696898], [-0.0516325, 47.8696844], [-0.0514156, 47.8696914], [-0.0511411, 47.8697132], [-0.0507358, 47.8697665], [-0.0480216, 47.8701224], [-0.0471099, 47.8702505], [-0.046624, 47.8703261], [-0.0464049, 47.8703708], [-0.0461702, 47.8704275], [-0.0459654, 47.8704826], [-0.0449553, 47.8707781], [-0.0428059, 47.8714326], [-0.0420959, 47.871669], [-0.0412068, 47.8719798], [-0.0408746, 47.8720896], [-0.0408462, 47.8720998], [-0.0406653, 47.8721642], [-0.0405305, 47.8722111], [-0.0403053, 47.8723155], [-0.0402088, 47.8723602], [-0.0399866, 47.8724678], [-0.0393525, 47.8727802], [-0.038965, 47.8729156], [-0.0388375, 47.8729601], [-0.0374873, 47.8733825], [-0.0372517, 47.87344], [-0.0371584, 47.8734475], [-0.0370763, 47.8734432], [-0.0368741, 47.8734135], [-0.0366575, 47.8733509], [-0.0359914, 47.8731077], [-0.035715, 47.8730166], [-0.0355338, 47.8729693], [-0.0347547, 47.8728428], [-0.0340428, 47.8726693], [-0.033684, 47.8725708], [-0.0330627, 47.8724041], [-0.0324898, 47.8722681], [-0.0321865, 47.8722231], [-0.0318942, 47.8722105], [-0.0316036, 47.8722278], [-0.030403, 47.8723491], [-0.0298371, 47.8724301], [-0.0296143, 47.8724669], [-0.0286035, 47.8727343], [-0.0282143, 47.8728186], [-0.0271143, 47.8729655], [-0.0270255, 47.8729772], [-0.0242805, 47.8733385], [-0.0218807, 47.873662], [-0.0211455, 47.8737743], [-0.0207405, 47.8738643], [-0.0205157, 47.8739644], [-0.0204089, 47.8739342], [-0.0201103, 47.8739497], [-0.0188578, 47.8740775], [-0.0181148, 47.8741891], [-0.0175818, 47.8742382], [-0.0171331, 47.874261], [-0.0160638, 47.8742778], [-0.0150651, 47.8743114], [-0.0133109, 47.8745363], [-0.0129408, 47.8745902], [-0.0128597, 47.8745961], [-0.0127032, 47.8746076], [-0.0122273, 47.8746424], [-0.0097785, 47.8748511], [-0.0089899, 47.8749105], [-0.00763, 47.8750076], [-0.0056613, 47.875103], [-0.0030709, 47.8752229], [-0.0016058, 47.8752865], [-0.0005516, 47.8753225], [0.0009611, 47.8753494], [0.0032034, 47.8753063], [0.0036299, 47.8753099], [0.0051587, 47.8753746], [0.007798, 47.8754052], [0.0080609, 47.8753962], [0.0081601, 47.875371], [0.0099921, 47.874592], [0.0116202, 47.8739012], [0.0118401, 47.8738076], [0.0118957, 47.8738046], [0.0119976, 47.8738388], [0.0127218, 47.874294], [0.0140476, 47.875085], [0.0149032, 47.8755778], [0.0152251, 47.8757686], [0.0157106, 47.8760601], [0.0166336, 47.8766328], [0.0167195, 47.8766975], [0.0168496, 47.8768073], [0.016981, 47.8769252], [0.0171018, 47.8770195], [0.0172158, 47.8770996], [0.0174383, 47.8772382], [0.0177173, 47.8774198], [0.0179212, 47.8775687], [0.0180085, 47.8776315], [0.0180687, 47.877664], [0.0181279, 47.877685], [0.0182155, 47.877704], [0.0182899, 47.8777067], [0.0183609, 47.8777045], [0.0184166, 47.8777037], [0.0184274, 47.8777419], [0.0184642, 47.8778142], [0.0184891, 47.8778687], [0.0185327, 47.8779334], [0.0185934, 47.8780092], [0.0189528, 47.8783708], [0.0192908, 47.8787072], [0.0194441, 47.8788611], [0.0195784, 47.8789936], [0.0196951, 47.8791088], [0.0197342, 47.8791485], [0.0198207, 47.8792363], [0.0203057, 47.8797288], [0.0204419, 47.8798671], [0.021019, 47.8804413], [0.0215739, 47.8809569], [0.0218013, 47.8811569], [0.0220795, 47.881384], [0.022097, 47.8813962], [0.0221701, 47.8814539], [0.0225235, 47.8817274], [0.0227421, 47.881887], [0.0228833, 47.8819891], [0.0232105, 47.8822194], [0.0234593, 47.8823781], [0.0237999, 47.8825868], [0.0241153, 47.8827747], [0.0242686, 47.882866], [0.0245278, 47.8830131], [0.0248181, 47.8831752], [0.0257241, 47.8836679], [0.0259157, 47.8837714], [0.0266196, 47.884158], [0.027272, 47.8845245], [0.0276972, 47.8847624], [0.0278265, 47.8848251], [0.0278936, 47.8848577], [0.0279496, 47.8848744], [0.0279141, 47.8849942], [0.0275616, 47.8859838], [0.0273564, 47.8868162], [0.0273415, 47.8869042], [0.0273243, 47.8869717], [0.0273109, 47.8872257], [0.0272908, 47.8876579], [0.0272566, 47.8881257], [0.0272452, 47.8881685], [0.0272324, 47.888197], [0.0271839, 47.8882865], [0.0271152, 47.8884408], [0.0270471, 47.888598], [0.0270143, 47.8887483], [0.0270055, 47.8888191], [0.0269849, 47.8889983], [0.0271976, 47.8890734], [0.0272874, 47.8891142], [0.0273192, 47.8891434], [0.0273151, 47.8892215], [0.0273, 47.8893144], [0.0273224, 47.8894176], [0.0273669, 47.8895612], [0.0276737, 47.8896727], [0.0277111, 47.8896875], [0.028288, 47.8898321], [0.0284289, 47.8898486], [0.0284856, 47.8898608], [0.0289216, 47.8899338], [0.0289289, 47.8899349], [0.0301819, 47.8901258], [0.0302523, 47.8901373], [0.0303477, 47.8901527], [0.0311099, 47.8902524], [0.0312387, 47.8902607], [0.0313191, 47.8902598], [0.0313902, 47.890253], [0.0317087, 47.8901946], [0.0322086, 47.8901136], [0.0323568, 47.8901013], [0.0324993, 47.8901094], [0.0325835, 47.8901188], [0.0326857, 47.8901364], [0.0328198, 47.8901681], [0.0334767, 47.890363], [0.0339051, 47.8905006], [0.0340812, 47.8905572], [0.0349736, 47.8909024], [0.0351304, 47.8909648], [0.0356203, 47.8911663], [0.036385, 47.8914808], [0.0367784, 47.8916426], [0.0372671, 47.891839], [0.0380844, 47.892189], [0.0383177, 47.8922879], [0.0385165, 47.8923897], [0.0386624, 47.8924681], [0.038825, 47.8925601], [0.0393709, 47.8928735], [0.0394626, 47.8929261], [0.0395623, 47.8929948], [0.04001, 47.8932591], [0.0401867, 47.8933604], [0.0402547, 47.8934215], [0.0403076, 47.8934849]], [[-0.0676862, 47.7086743], [-0.0682786, 47.7085816], [-0.0683291, 47.7085582], [-0.0683671, 47.7085384], [-0.0684012, 47.7085069], [-0.0684242, 47.7084691], [-0.0684403, 47.7084348], [-0.0684484, 47.7083992], [-0.068423, 47.7081499], [-0.068417, 47.7080913], [-0.068412, 47.7080477]], [[-0.0644624, 47.7117361], [-0.0644112, 47.7117621], [-0.0643053, 47.7119173], [-0.0639882, 47.7125152], [-0.0639302, 47.7126093], [-0.06393, 47.7126095], [-0.0638668, 47.7126952], [-0.0638664, 47.7127414]], [[0.0394626, 47.8929261], [0.0395802, 47.892971], [0.040228, 47.8933118], [0.0403354, 47.8933584], [0.0404484, 47.8933898]], [[0.0406659, 47.8936147], [0.040619, 47.8936419], [0.0405622, 47.8936586], [0.0405283, 47.8936628], [0.0404939, 47.8936631], [0.0404424, 47.8936564], [0.040395, 47.8936412], [0.0403547, 47.8936186], [0.0403242, 47.89359], [0.0403054, 47.8935571], [0.0402994, 47.8935209], [0.0403076, 47.8934849], [0.0403376, 47.8934431], [0.0403863, 47.8934102], [0.0404484, 47.8933898], [0.0404873, 47.8933847], [0.040527, 47.8933846], [0.0405814, 47.8933931], [0.0406305, 47.8934109], [0.0406708, 47.8934369], [0.0406994, 47.8934691], [0.0407138, 47.8935035], [0.0407148, 47.8935392], [0.0406988, 47.8935794], [0.0406659, 47.8936147]], [[0.0407148, 47.8935392], [0.0410549, 47.8939559], [0.0412497, 47.8941164], [0.04147, 47.8942889], [0.0416028, 47.8943933], [0.0419025, 47.8946396], [0.0422351, 47.8948842], [0.0424363, 47.8950141], [0.0425358, 47.8950682], [0.042677, 47.8951406], [0.0428855, 47.8952418], [0.0431993, 47.8953863], [0.0437614, 47.8956253], [0.0442645, 47.895842], [0.0451228, 47.8962059], [0.0457144, 47.8964633], [0.0461095, 47.8966261], [0.0464059, 47.8967421], [0.0467194, 47.8968628], [0.0470107, 47.8969727], [0.0473132, 47.8970847], [0.0476122, 47.8971971], [0.0478256, 47.8972725], [0.0483933, 47.8974704], [0.0488678, 47.8976351], [0.049932, 47.8979933], [0.0507115, 47.8982637], [0.0537195, 47.8993323], [0.0539629, 47.8994166], [0.0539734, 47.8993826], [0.0540785, 47.8991013], [0.0543462, 47.898357], [0.0545977, 47.8976777], [0.0546936, 47.8973099], [0.0547231, 47.8971759], [0.0547254, 47.8970647], [0.0547251, 47.8969772], [0.0547137, 47.8969111], [0.0546802, 47.896765], [0.0546413, 47.8966184], [0.0546037, 47.8963918], [0.0545883, 47.8962008], [0.0545876, 47.8960783], [0.0545907, 47.8959292], [0.0546015, 47.8957983], [0.0546118, 47.8957362], [0.054652, 47.8955731], [0.0547128, 47.8953827], [0.0547908, 47.8952049], [0.0548773, 47.8950143], [0.0549662, 47.8948225], [0.0550757, 47.894638], [0.055171, 47.8944932], [0.0552825, 47.8943424], [0.0552936, 47.8943201], [0.0554584, 47.8943975], [0.055749, 47.8945292], [0.0561123, 47.8947012], [0.0561656, 47.8947264], [0.0563163, 47.8947978], [0.0564196, 47.8948401], [0.0565658, 47.8948909], [0.0566794, 47.8949262], [0.0567264, 47.8949396], [0.0568866, 47.8949727], [0.0570127, 47.8949909], [0.0571777, 47.8950078], [0.0573761, 47.8950244], [0.0577516, 47.8950417], [0.058022, 47.8950609], [0.0581959, 47.8950813], [0.0583679, 47.8951052], [0.0585416, 47.8951377], [0.0589177, 47.8951978], [0.059054, 47.8952169], [0.0591752, 47.8952311], [0.0592956, 47.8952404], [0.0595534, 47.8952519], [0.0602203, 47.8952737], [0.0604322, 47.89528], [0.0607457, 47.8952807], [0.0609589, 47.8952789], [0.0613307, 47.895273], [0.0620254, 47.895258], [0.0623942, 47.8952544], [0.0630594, 47.8952463], [0.0637447, 47.8952367], [0.0639917, 47.8952309], [0.0648122, 47.8952124], [0.0649448, 47.8952098], [0.0650513, 47.8952094], [0.0654995, 47.8952036], [0.065864, 47.8952002], [0.0659344, 47.8952007], [0.0661429, 47.8952036], [0.0663163, 47.8952135], [0.0665915, 47.8952476], [0.066966, 47.8952867], [0.0673421, 47.8953233], [0.0674083, 47.8953285], [0.0675625, 47.8953405], [0.0676994, 47.8953618], [0.0682515, 47.8954449], [0.0683412, 47.8954631], [0.0685526, 47.8955147], [0.0686451, 47.8954742], [0.0690954, 47.8954553], [0.0692892, 47.8954491], [0.0696521, 47.8954277], [0.069931, 47.8954134], [0.0705509, 47.8953331], [0.0709064, 47.8952691], [0.0711382, 47.8952274], [0.0717011, 47.8951159], [0.0720482, 47.8950627], [0.0722926, 47.8950428], [0.0730171, 47.8950305], [0.073078, 47.8950317], [0.0737004, 47.8950444], [0.0742295, 47.8950543], [0.0745292, 47.8950696], [0.0747639, 47.8950907], [0.0751776, 47.8951375], [0.0754204, 47.8951797], [0.0758636, 47.8952859], [0.076225, 47.8953776], [0.0767508, 47.8955282], [0.0773066, 47.8957152], [0.0777626, 47.8959025], [0.0785351, 47.8962824], [0.0789146, 47.8964797], [0.0791808, 47.896618], [0.0795604, 47.8968082], [0.07979, 47.8969064], [0.0803902, 47.8971382], [0.0810702, 47.8974037], [0.0830306, 47.8963416], [0.0832779, 47.8962616], [0.083474, 47.8962368], [0.0837412, 47.8962387], [0.0839998, 47.8962902], [0.0848127, 47.8964807], [0.0850542, 47.8965226], [0.0858472, 47.8965798], [0.0865748, 47.8966541], [0.0883551, 47.8969377], [0.0903435, 47.8972544], [0.0906305, 47.8973134], [0.0911279, 47.897464], [0.092404, 47.8979232], [0.0928133, 47.8980414], [0.0934812, 47.8982148], [0.0938421, 47.8983462], [0.0948653, 47.8987426], [0.0953286, 47.8988988], [0.0964152, 47.8992191], [0.0974625, 47.899555], [0.0974889, 47.8995753], [0.0975743, 47.8989822], [0.0975553, 47.8986125], [0.0975005, 47.8982591], [0.0974312, 47.8980099], [0.097329, 47.8977918], [0.0971926, 47.8975978], [0.0969881, 47.8973922], [0.096511, 47.8969817], [0.096353, 47.8967978], [0.0961316, 47.89648], [0.0959423, 47.8961516], [0.095889, 47.8959454], [0.0958843, 47.8957059], [0.0959593, 47.8948252], [0.0959077, 47.8946442], [0.0953739, 47.8935976], [0.0944163, 47.8919393], [0.0942822, 47.8916767], [0.094242, 47.8915311], [0.0942554, 47.891407], [0.0943305, 47.8912199], [0.0944674, 47.890946], [0.0943172, 47.8908525], [0.0939501, 47.8905902], [0.0936713, 47.8903902], [0.0934159, 47.8902122], [0.093381, 47.8900509], [0.0933113, 47.8899142], [0.0930913, 47.8896588], [0.0929787, 47.8895185], [0.0929572, 47.8893818], [0.0929894, 47.8892631], [0.093086, 47.8890508], [0.0935259, 47.8882882], [0.0942286, 47.8874896], [0.0949474, 47.8866227], [0.0951835, 47.8862449], [0.0952854, 47.8860543], [0.0954141, 47.8858672], [0.0956072, 47.8856945], [0.0959023, 47.8855255], [0.0967981, 47.8851333], [0.0973131, 47.8849499], [0.0978962, 47.8847772], [0.0979515, 47.8847628], [0.0984097, 47.8846254], [0.0984949, 47.8845998], [0.1006552, 47.8839857], [0.1009502, 47.8838634], [0.1011326, 47.8837483], [0.1013901, 47.8835576], [0.1019051, 47.8831439], [0.1023342, 47.8828345], [0.1026454, 47.8826438], [0.1031711, 47.8823632], [0.103729, 47.8820826], [0.1041796, 47.8818883], [0.1049413, 47.8816473], [0.1055636, 47.8815105], [0.1057701, 47.8815186], [0.1063596, 47.8819488], [0.1070899, 47.8824073], [0.1076122, 47.8827145], [0.1089559, 47.8833883], [0.1097021, 47.8837655], [0.1102513, 47.884077], [0.1105097, 47.8842709], [0.1110381, 47.8848105], [0.1113756, 47.8850639], [0.1114767, 47.8851489], [0.1115742, 47.8852284], [0.1119394, 47.8855837], [0.1123056, 47.8859401], [0.112534, 47.8862739], [0.1126125, 47.8863772], [0.1127344, 47.8864629], [0.1133807, 47.8869109], [0.1138383, 47.8872676], [0.1142779, 47.8876537], [0.114462, 47.8878152], [0.1151527, 47.8883322], [0.1162293, 47.8890488], [0.1163488, 47.8891819], [0.11644, 47.8897426], [0.1164213, 47.8899259], [0.1163434, 47.8903077], [0.116364, 47.8904163], [0.1164584, 47.8905099], [0.1167621, 47.8905829], [0.1173051, 47.890681], [0.1180094, 47.8908696], [0.1186046, 47.8910914], [0.1191288, 47.8913409], [0.120942, 47.8924785], [0.1221616, 47.89324], [0.1227705, 47.8936202], [0.1237085, 47.8942058], [0.1242828, 47.8945859], [0.1245541, 47.8947655], [0.124948, 47.894959], [0.1250198, 47.8950327], [0.1250263, 47.8950653], [0.1250004, 47.8950906], [0.1246447, 47.8953358], [0.124592, 47.8953712], [0.1247019, 47.895454], [0.1248454, 47.8955408], [0.1255428, 47.8959746], [0.1262581, 47.8964375], [0.126406, 47.8965272], [0.1266664, 47.8966942], [0.1266976, 47.8967316], [0.1266972, 47.8967542], [0.1266747, 47.8968769], [0.1266606, 47.8969961], [0.1266404, 47.8974033], [0.1266291, 47.89759], [0.1265942, 47.8977208], [0.1265403, 47.8978759], [0.1265332, 47.8978997], [0.1264762, 47.8980605], [0.1264567, 47.8981098], [0.1263954, 47.8981886], [0.1263528, 47.8982196], [0.1263025, 47.8982393], [0.1261473, 47.8982823], [0.125977, 47.8983149], [0.1256698, 47.8983838], [0.1255854, 47.8984023], [0.12545, 47.8984379], [0.1251887, 47.8984902], [0.1251003, 47.8985236], [0.1250505, 47.8985615], [0.1250238, 47.8986026], [0.1250177, 47.8986438], [0.1250234, 47.8986765], [0.1250572, 47.8987524], [0.1252249, 47.898978], [0.1253758, 47.8991632], [0.1255935, 47.8994011], [0.1256584, 47.8994799], [0.1257654, 47.8995909], [0.1258218, 47.8996602], [0.1258959, 47.8997286], [0.1259498, 47.8997666], [0.1260437, 47.8998425], [0.1262861, 47.9000297], [0.1265904, 47.9002525], [0.1279575, 47.9012647], [0.1281844, 47.9014483], [0.1283082, 47.9015675], [0.1283796, 47.9016443], [0.1284745, 47.9017599], [0.1285479, 47.9018585], [0.1286505, 47.90203], [0.1287092, 47.9021746], [0.1287534, 47.9023285], [0.1287799, 47.9024254], [0.128804, 47.9025459], [0.1288255, 47.9026918], [0.1288513, 47.9028788], [0.1288554, 47.9028993], [0.1288785, 47.9030132], [0.1288986, 47.9030873], [0.1289371, 47.9031849], [0.1289663, 47.9032489], [0.1290183, 47.9033566], [0.1290739, 47.9034456], [0.1291356, 47.9035297], [0.1294418, 47.9039227], [0.129498, 47.9039877], [0.1295453, 47.9040458], [0.1289508, 47.9043329], [0.1288065, 47.9044285], [0.128732, 47.9045381], [0.1286575, 47.9046884], [0.1283979, 47.9051807], [0.128234, 47.9054003], [0.1279959, 47.9056428], [0.1279003, 47.9057119], [0.1282894, 47.9059324], [0.1289957, 47.9063327], [0.1296268, 47.906699], [0.129606, 47.9067246], [0.128459, 47.9077555], [0.1273127, 47.9087834], [0.1267955, 47.9092391], [0.1262762, 47.9097544], [0.1255627, 47.9104175], [0.1251351, 47.9108637], [0.1249404, 47.9111028], [0.1257262, 47.9113209], [0.1274564, 47.9117161], [0.1302611, 47.9123427], [0.131707, 47.9126665], [0.1323995, 47.9128215], [0.1337647, 47.9131375], [0.1338359, 47.9131934], [0.1352751, 47.9137957], [0.1369934, 47.9146506], [0.1374601, 47.9149234], [0.1381132, 47.91532], [0.1382918, 47.9154245], [0.1384503, 47.9155259], [0.1387703, 47.9156591], [0.1393036, 47.9158259], [0.1395994, 47.9159241], [0.1401387, 47.9161992], [0.1403242, 47.9163202], [0.1407781, 47.9166163], [0.1410294, 47.9167868], [0.1410859, 47.9168251], [0.1414908, 47.9170165], [0.1416482, 47.9171226], [0.141948, 47.9173247], [0.1421508, 47.9174426], [0.1425099, 47.9176512], [0.1429565, 47.9177741], [0.1433941, 47.9178654], [0.1435062, 47.917892], [0.1435989, 47.9179003], [0.1436417, 47.9179056], [0.1437605, 47.9178023], [0.1444289, 47.9182889], [0.1453788, 47.9186065], [0.1453932, 47.9185873], [0.1454146, 47.9185702], [0.1454669, 47.9185324], [0.1454944, 47.9185154], [0.1455323, 47.9185038], [0.1455481, 47.9185137], [0.145566, 47.9185219], [0.1455854, 47.9185283], [0.1456059, 47.9185328], [0.1456273, 47.9185352], [0.1456489, 47.9185355], [0.1456704, 47.9185336], [0.1456912, 47.9185297], [0.1457109, 47.9185238], [0.1457309, 47.9185154], [0.1457445, 47.9185067], [0.1457583, 47.9184969], [0.1457698, 47.9184852], [0.1457788, 47.9184726], [0.145785, 47.9184593], [0.1457884, 47.9184455], [0.1457888, 47.9184315], [0.1458411, 47.9184093], [0.1459798, 47.9183528], [0.1463186, 47.918374], [0.1467935, 47.9184168], [0.1469875, 47.9184275], [0.1476088, 47.9184859], [0.1484425, 47.9185727], [0.1487274, 47.9186399], [0.1492683, 47.9188157], [0.1494426, 47.9189126], [0.1496011, 47.9190579], [0.1500585, 47.9196251], [0.1500916, 47.9196662], [0.1501697, 47.9197427], [0.1509689, 47.9205679], [0.1514348, 47.921049], [0.1517318, 47.9212843], [0.151804, 47.921337], [0.1518361, 47.9213612], [0.1524169, 47.9217992], [0.1527346, 47.9220998], [0.1528575, 47.9222074], [0.1530241, 47.9223502], [0.1529783, 47.9223718], [0.1529531, 47.9223967], [0.1528614, 47.9224596], [0.1528142, 47.9225098], [0.1527784, 47.9225608], [0.1527763, 47.9226705], [0.1527294, 47.9228059], [0.1527104, 47.9228216], [0.1527003, 47.9228491], [0.1526334, 47.922891], [0.1523508, 47.9230284], [0.152147, 47.923149], [0.1521787, 47.923181], [0.1523951, 47.9233991], [0.1525786, 47.9235755], [0.1525818, 47.9235836], [0.1526766, 47.9238264], [0.1526841, 47.9238335], [0.1527316, 47.9238781], [0.1529463, 47.9240951], [0.1530113, 47.9240654], [0.153095, 47.924027], [0.1531914, 47.9239829], [0.1535184, 47.9238333], [0.1536443, 47.9237681], [0.1536951, 47.9237327], [0.153771, 47.9237694], [0.153933, 47.9238154], [0.1542878, 47.9239125], [0.1545726, 47.9240459], [0.1551434, 47.9243979], [0.155355, 47.9245384], [0.1554911, 47.9246837], [0.1555647, 47.9247781], [0.1555992, 47.9248417], [0.1556964, 47.9250283], [0.155839, 47.9253606], [0.1559622, 47.9255987], [0.1561995, 47.9259461], [0.1562364, 47.9260002], [0.1562577, 47.9260313], [0.1562994, 47.9260854], [0.1565305, 47.9264538], [0.1566758, 47.9267209], [0.1567483, 47.9269274], [0.1568166, 47.9272441], [0.1568462, 47.927487], [0.1568164, 47.9278795], [0.156832, 47.9282741], [0.1568772, 47.9284227], [0.1571793, 47.9290233], [0.1572666, 47.9292546], [0.1572783, 47.9295228], [0.1572311, 47.929643], [0.1571433, 47.9297599], [0.1570208, 47.9298952], [0.1568318, 47.9300422], [0.1567579, 47.9301355], [0.1567101, 47.9301258], [0.1566464, 47.930113], [0.1566041, 47.9301191], [0.1564975, 47.9301345], [0.155617, 47.930455], [0.1555449, 47.9304813], [0.1554619, 47.9305115], [0.1554176, 47.9304332], [0.155379, 47.930458], [0.1553703, 47.9304719], [0.1553603, 47.9305191], [0.15533, 47.9305505], [0.1552, 47.930622], [0.1550612, 47.9306809], [0.1549948, 47.9307604], [0.1549626, 47.9308525], [0.15495, 47.930904], [0.1549827, 47.9309703], [0.1553774, 47.9316138], [0.1557276, 47.9321332], [0.1558781, 47.9323752], [0.1561569, 47.9328563], [0.1561696, 47.932881], [0.156236, 47.9329232], [0.1563057, 47.9329353], [0.1563788, 47.9329183], [0.1564113, 47.9329142], [0.1564926, 47.9329439], [0.1565605, 47.9329785], [0.1565726, 47.9330279], [0.1566075, 47.9330522], [0.1566531, 47.933062], [0.1567121, 47.9330692], [0.1567057, 47.9331695], [0.1567732, 47.9331665], [0.1573943, 47.9330739], [0.1577135, 47.9330249], [0.1585954, 47.9328878], [0.1586992, 47.9328663], [0.1590827, 47.9327866], [0.1603909, 47.9324948], [0.1609628, 47.9323641], [0.1611212, 47.9323282], [0.1614747, 47.9322974], [0.1615905, 47.9322957], [0.1616965, 47.9322998], [0.161789, 47.9323121], [0.1618841, 47.9323333], [0.1620909, 47.9324002]], [[0.0410549, 47.8939559], [0.0409428, 47.8938742], [0.0406771, 47.8936989], [0.0405622, 47.8936586]], [[0.1455323, 47.9185038], [0.1455188, 47.9184925], [0.1455079, 47.91848], [0.1454999, 47.9184665], [0.1454948, 47.9184524], [0.1454929, 47.918438], [0.1454941, 47.9184235], [0.1454984, 47.9184093], [0.1455058, 47.9183957], [0.1455161, 47.9183829], [0.1455291, 47.9183713], [0.1455444, 47.9183611], [0.1455644, 47.9183514], [0.1455866, 47.918344], [0.1456103, 47.9183392], [0.1456349, 47.9183372], [0.1456596, 47.9183379], [0.1456838, 47.9183414], [0.1457068, 47.9183475], [0.1458431, 47.9183455], [0.1459798, 47.9183528]], [[0.1611212, 47.9323282], [0.1613115, 47.9322868], [0.1614869, 47.9322533], [0.1616489, 47.9322321], [0.1617854, 47.9322158], [0.1618804, 47.9321994], [0.1619413, 47.9321815], [0.1620537, 47.9321376]], [[0.162387, 47.9324661], [0.1622998, 47.9324688], [0.1622187, 47.9324568], [0.1621402, 47.9324292], [0.162117, 47.932417], [0.1620909, 47.9324002], [0.1620471, 47.9323601], [0.1620208, 47.9323207], [0.1620056, 47.9322707], [0.1620052, 47.9322385], [0.1620262, 47.9321746], [0.1620537, 47.9321376], [0.1620971, 47.9321007], [0.1621373, 47.9320774], [0.1621825, 47.9320588], [0.1622286, 47.9320461], [0.1622774, 47.9320382], [0.1623383, 47.9320356], [0.1623991, 47.9320407], [0.1624956, 47.9320666], [0.1625502, 47.9320943], [0.1625826, 47.9321179], [0.1626135, 47.9321494], [0.1626397, 47.9321923], [0.16265, 47.9322261], [0.1626518, 47.9322662], [0.1626443, 47.9323009], [0.1626282, 47.9323349], [0.1625989, 47.9323721], [0.1625624, 47.9324027], [0.1625247, 47.9324253], [0.1624748, 47.9324463], [0.1624247, 47.9324598], [0.162387, 47.9324661]], [[0.1626443, 47.9323009], [0.1627069, 47.9323543], [0.162772, 47.9324162], [0.1628656, 47.9324773], [0.163212, 47.9326632], [0.1634056, 47.9327542], [0.163601, 47.9328558], [0.1638722, 47.9330332], [0.1641673, 47.9332422], [0.164697, 47.9336057], [0.1648266, 47.9337057], [0.1649344, 47.933789], [0.1652643, 47.9340603], [0.1655178, 47.934293], [0.1656626, 47.9344664], [0.1658289, 47.9346731], [0.1659442, 47.9348537], [0.1660517, 47.9350659], [0.1661548, 47.9353254], [0.1662111, 47.9354943], [0.1662554, 47.9356951], [0.1662903, 47.9359292], [0.1663553, 47.936573], [0.1664405, 47.9372675], [0.1664954, 47.9377845], [0.1665786, 47.938484], [0.1666202, 47.9387342], [0.1666638, 47.9389125], [0.1667147, 47.9390406], [0.1667798, 47.9391327], [0.1668438, 47.9392065], [0.1667962, 47.9392305], [0.1667459, 47.9392634], [0.1667298, 47.9393022], [0.1667315, 47.9393335], [0.1667553, 47.9393647], [0.1668005, 47.9393927], [0.1668964, 47.9394498], [0.1670212, 47.9395158], [0.16716, 47.9395774], [0.1673082, 47.9396295], [0.1674087, 47.9396537], [0.1675449, 47.9396699], [0.1677024, 47.9396861], [0.168143, 47.9397288], [0.169005, 47.9398062], [0.1691237, 47.9398229], [0.1692487, 47.9398415], [0.1694439, 47.9398828], [0.1695941, 47.939917], [0.1696879, 47.9399358], [0.1698187, 47.939952], [0.1700574, 47.9399791], [0.1717875, 47.9401222], [0.1752783, 47.9404036], [0.1753536, 47.9404111], [0.1757386, 47.9404466], [0.1757739, 47.9404515], [0.1757906, 47.9404762], [0.1757732, 47.9405073], [0.1756838, 47.9406759], [0.1756585, 47.940726], [0.1756277, 47.9407543], [0.1755975, 47.9407705], [0.1755747, 47.9407938], [0.175515, 47.9408603], [0.1754596, 47.9409212], [0.1754192, 47.9409762], [0.1752987, 47.9411818], [0.1748961, 47.9418804], [0.1748848, 47.9419011], [0.1744401, 47.9427159], [0.1743087, 47.9430662], [0.1742543, 47.9432888], [0.1742151, 47.9434493], [0.1741427, 47.9438014], [0.1741102, 47.9440903], [0.1741024, 47.9443027], [0.1741212, 47.9444123], [0.1741638, 47.9445683], [0.1743441, 47.9449572], [0.1745975, 47.9454689], [0.1746708, 47.9456001], [0.1747412, 47.9457222], [0.1747975, 47.9457977], [0.1748975, 47.9458983], [0.1749238, 47.9459279], [0.1749819, 47.9460164], [0.1750062, 47.9460661], [0.1750617, 47.9461795], [0.1751147, 47.9462895], [0.1753058, 47.9466246], [0.1754138, 47.9468047], [0.1755191, 47.946952], [0.1757482, 47.9472428], [0.1759431, 47.9474527], [0.1759704, 47.9474821], [0.1762513, 47.9477533], [0.1763801, 47.9478975], [0.1764914, 47.9480322], [0.1765564, 47.9481148], [0.1766127, 47.9481984], [0.176781, 47.9484456], [0.1768206, 47.948533], [0.1768548, 47.9486233], [0.1768722, 47.9486882], [0.1768954, 47.9487984], [0.1769118, 47.9488802], [0.1769346, 47.9489698], [0.1769711, 47.9490839], [0.1770047, 47.949189], [0.1770449, 47.9493102], [0.1770908, 47.9494344], [0.177126, 47.9495213], [0.1771649, 47.9496203], [0.1772987, 47.9499509], [0.1773497, 47.9500825], [0.1773664, 47.9501395], [0.1773866, 47.9502231], [0.1774021, 47.9503044], [0.177412, 47.9503896], [0.1774147, 47.9504832], [0.1774107, 47.9506672], [0.1774107, 47.9507249], [0.1774157, 47.9507863], [0.1774342, 47.9508837], [0.1774499, 47.9510137], [0.1774529, 47.9510638], [0.1774539, 47.9511143], [0.1774519, 47.9511606], [0.1774432, 47.9512012], [0.1774214, 47.951239], [0.1773909, 47.9512731], [0.1773699, 47.9512935], [0.1772937, 47.9513416], [0.1772176, 47.9513755], [0.1771509, 47.9513979], [0.177062, 47.9514206], [0.1769849, 47.9514406], [0.1769306, 47.9514496], [0.1768477, 47.9514586], [0.1767792, 47.9514657], [0.1767043, 47.9514781], [0.1765795, 47.9515091], [0.1764733, 47.9515401], [0.1763586, 47.9515711], [0.1759546, 47.9516288], [0.1756927, 47.951658], [0.1752203, 47.9517372], [0.1751181, 47.951753], [0.175049, 47.9517581], [0.1749997, 47.9517557], [0.1749598, 47.9517518], [0.1748944, 47.9517456], [0.1748317, 47.9517444], [0.1747729, 47.9517456], [0.1746966, 47.9517563], [0.1746665, 47.9517721], [0.1746393, 47.9517992], [0.1746276, 47.951819], [0.1746232, 47.95186], [0.1746234, 47.9518722], [0.1746237, 47.9518883], [0.1746202, 47.9519144], [0.1746139, 47.9519457], [0.1746098, 47.9519701], [0.1745991, 47.9520173], [0.1745233, 47.9524021], [0.1744784, 47.9526065], [0.1744522, 47.9526667], [0.1744167, 47.9527273], [0.1743664, 47.9527933], [0.1742759, 47.9528953], [0.1742128, 47.952968], [0.1741719, 47.9530318], [0.1741431, 47.9530785], [0.1741283, 47.9531535], [0.1741076, 47.9532909], [0.1740894, 47.9534328], [0.1740646, 47.953533], [0.1740237, 47.9536039], [0.1739646, 47.9536801], [0.1738782, 47.9537436], [0.1737776, 47.9537979], [0.1735629, 47.9538994], [0.1733612, 47.9539892], [0.1731963, 47.9540593], [0.173327, 47.9540764], [0.1736261, 47.9541195], [0.1736754, 47.9541243], [0.1737227, 47.9541289], [0.1738122, 47.9541221], [0.1738702, 47.9540921], [0.173987, 47.9539446], [0.1740636, 47.9538618], [0.1742046, 47.9537995], [0.1743542, 47.9538262], [0.1744252, 47.9538792], [0.1744431, 47.9539555], [0.174507, 47.9540044], [0.1746147, 47.9540306], [0.1750812, 47.9540995], [0.1753408, 47.9541186], [0.1753645, 47.9541425], [0.1754996, 47.9542048], [0.1758064, 47.9542072], [0.1760263, 47.9542258], [0.1762363, 47.9542611], [0.1770606, 47.9543753], [0.1776238, 47.9544649], [0.1777312, 47.9544864], [0.1777859, 47.9545116], [0.1778187, 47.9545414], [0.1778328, 47.9545679], [0.1778402, 47.954602], [0.1778398, 47.9546384], [0.1778204, 47.954704], [0.1777574, 47.9549063], [0.177691, 47.9551427], [0.1776507, 47.955279], [0.177632, 47.955328], [0.1775991, 47.9553868], [0.1775596, 47.9554452], [0.177516, 47.9555058], [0.1774757, 47.9555574], [0.1774409, 47.9555934], [0.1773933, 47.9556311], [0.1773441, 47.9556606], [0.1772813, 47.955698], [0.1769909, 47.955859], [0.1765363, 47.9560977], [0.1764283, 47.9561682], [0.1763703, 47.9562135], [0.176315, 47.9562638], [0.1761273, 47.9564803], [0.1758952, 47.9567335], [0.175736, 47.9568972], [0.1755797, 47.9570658], [0.1754664, 47.957203], [0.175389, 47.9573027], [0.1753373, 47.9573595], [0.1752847, 47.9574175], [0.1752069, 47.9574931], [0.1751288, 47.9575659], [0.1750601, 47.9576319], [0.1749545, 47.9577212], [0.1748965, 47.9577644], [0.1748371, 47.9578198], [0.1747979, 47.9578625], [0.1747657, 47.9579114], [0.1747382, 47.9579599], [0.1746648, 47.9581279], [0.1746178, 47.958226], [0.1745437, 47.9584034], [0.1744549, 47.9586506], [0.1744287, 47.9587332], [0.1744076, 47.9588136], [0.174384, 47.9589149], [0.1743741, 47.9591759], [0.1743557, 47.9594427], [0.1743543, 47.9595118], [0.1743335, 47.9599043], [0.1743389, 47.9601755], [0.1743389, 47.9602909], [0.1743469, 47.960378], [0.1743778, 47.9605087], [0.1744422, 47.9607129], [0.1745541, 47.9610421], [0.174581, 47.9611535], [0.1745877, 47.961215], [0.1745816, 47.961294], [0.1745655, 47.9613605], [0.174538, 47.9614364], [0.1744988, 47.9615274], [0.174479, 47.9615796], [0.1744703, 47.9616362], [0.174481, 47.9616937], [0.1745099, 47.961752], [0.1745736, 47.9618171], [0.1747077, 47.9619159], [0.1747674, 47.9619689], [0.1748083, 47.9620084], [0.1748452, 47.9620542], [0.1748894, 47.9621346], [0.1749276, 47.9622145], [0.1749598, 47.9622926], [0.1749853, 47.9623869], [0.1750034, 47.9624821], [0.1750088, 47.9625791], [0.1750021, 47.9626932], [0.1749873, 47.9628759], [0.1749779, 47.9629742], [0.1749773, 47.9630533], [0.1749907, 47.9631543], [0.174984, 47.9632764], [0.1749585, 47.9634515], [0.1749411, 47.9635858], [0.1749243, 47.9636814], [0.1749089, 47.9637398], [0.1748519, 47.9639378], [0.1748183, 47.9640397], [0.1747821, 47.9641286], [0.1747426, 47.9642081], [0.1746359, 47.964385], [0.1743516, 47.9648219], [0.1742202, 47.9650257], [0.1740157, 47.965265], [0.1739533, 47.9653382], [0.1738946, 47.9654155], [0.1738541, 47.9654832], [0.1738058, 47.9655914], [0.1737857, 47.9656534], [0.1737622, 47.9657015], [0.1736844, 47.9658043], [0.1736033, 47.9659134], [0.1735094, 47.966031], [0.1734497, 47.9661118], [0.1733907, 47.9661855], [0.1733143, 47.9662694], [0.1732472, 47.9663435], [0.1731423, 47.9664583], [0.1730186, 47.966577], [0.1727886, 47.9668055], [0.1726384, 47.9669694], [0.1724768, 47.9671463], [0.1722997, 47.9673169], [0.1719987, 47.9675369], [0.1719011, 47.9677098], [0.1717347, 47.9679], [0.1714242, 47.9680946], [0.1708025, 47.9684832], [0.1705751, 47.9685574], [0.1699989, 47.9691064], [0.1685924, 47.9702579], [0.1684888, 47.970352], [0.1681418, 47.9706673], [0.167924, 47.9707812], [0.1677985, 47.9708469], [0.1676223, 47.9709889], [0.1671124, 47.9714], [0.1668506, 47.9715311], [0.1668038, 47.9715545], [0.1667574, 47.97166], [0.1667503, 47.9716762], [0.1667731, 47.9717108], [0.1667697, 47.9717624], [0.1667549, 47.9718091], [0.1667281, 47.9718616], [0.166478, 47.9720847], [0.1664671, 47.9720941], [0.1662333, 47.9722948], [0.1661972, 47.9723254], [0.1661913, 47.9723304], [0.1661374, 47.9723761], [0.1660854, 47.9724078], [0.1660276, 47.9724284], [0.1659674, 47.9724451], [0.1658841, 47.9724614], [0.1657904, 47.9724708], [0.165728, 47.9724703], [0.1657221, 47.9724702], [0.1654173, 47.9724367], [0.1653194, 47.9724234], [0.1652778, 47.972418], [0.1650663, 47.9731307], [0.1650678, 47.9731626], [0.1650692, 47.9732043], [0.1650826, 47.9732355], [0.1651151, 47.9732708], [0.165152, 47.9732968], [0.1652013, 47.9733197], [0.1652516, 47.9733343], [0.1653106, 47.9733397], [0.1653817, 47.9733386], [0.166307, 47.9732644], [0.1666966, 47.9732331], [0.1666902, 47.9732176], [0.1666594, 47.9731967], [0.1666034, 47.9731866], [0.1665072, 47.9731848], [0.1662758, 47.9731916], [0.166252, 47.9731916], [0.1661252, 47.9731914], [0.1660051, 47.973186], [0.1658195, 47.9731756], [0.1656613, 47.973161], [0.1655121, 47.9731424], [0.165378, 47.9731197], [0.165267, 47.973091], [0.1652009, 47.9730708], [0.1651432, 47.9730547], [0.1650385, 47.9730369], [0.1649887, 47.9730304], [0.1649015, 47.9730189], [0.1647674, 47.9729916], [0.1645852, 47.9729498], [0.1639629, 47.9727863], [0.1637643, 47.9727323], [0.1635866, 47.9726791], [0.1634924, 47.9726528], [0.1634303, 47.9726398], [0.1633599, 47.9726342], [0.163306, 47.9726344], [0.1632563, 47.9726416], [0.163195, 47.9726522], [0.1631437, 47.9726677], [0.163082, 47.972689], [0.163031, 47.9727135], [0.1629794, 47.9727411], [0.1629147, 47.9727801], [0.1628724, 47.9728115], [0.1628185, 47.9728533], [0.1627218, 47.9729383], [0.1625489, 47.9731081], [0.162446, 47.9732176], [0.1623142, 47.9733848], [0.1620134, 47.9737212], [0.1614949, 47.9743993], [0.1613574, 47.9744884], [0.1613302, 47.9745239], [0.1613188, 47.9745356], [0.1612413, 47.9746565], [0.1612173, 47.9747164], [0.1612138, 47.9747295], [0.1611951, 47.9748263], [0.1611736, 47.9749082], [0.1611428, 47.9749845], [0.1611096, 47.9750399], [0.161068, 47.9750947], [0.1610023, 47.9751674], [0.1609325, 47.9752536], [0.1608333, 47.9753555], [0.1607763, 47.975426], [0.1607213, 47.9754776], [0.1606583, 47.9755243], [0.1605936, 47.9755665], [0.1605592, 47.9755941], [0.1605324, 47.9756197], [0.1605251, 47.9756323], [0.1605178, 47.9756448], [0.1605, 47.975692], [0.1604799, 47.9757667], [0.1604672, 47.9758641], [0.1604666, 47.9760056], [0.160466, 47.9761299], [0.1604658, 47.9761748], [0.1604685, 47.9762987], [0.1604849, 47.9764807], [0.1605, 47.9765945], [0.1605228, 47.9766847], [0.1605617, 47.9767718], [0.1606053, 47.9768463], [0.1606569, 47.9769195], [0.1607099, 47.9769832], [0.1607753, 47.9770488], [0.1608541, 47.9771197], [0.1609463, 47.9771908], [0.1611149, 47.9773114], [0.1628936, 47.9786174], [0.1632879, 47.9789145], [0.1639205, 47.9793847], [0.1640593, 47.9794817], [0.164184, 47.979549], [0.1643024, 47.979597], [0.1643681, 47.9796217], [0.1644405, 47.9796567], [0.1645041, 47.979701], [0.1649, 47.9794692], [0.1651443, 47.9793295], [0.1653039, 47.9792478], [0.1654903, 47.9791728], [0.165784, 47.9791037], [0.1659669, 47.9790778], [0.1660485, 47.9790662], [0.1661028, 47.9790573], [0.1661491, 47.9790407], [0.1662205, 47.9790029], [0.1662789, 47.9789677], [0.1663359, 47.9790059], [0.1664032, 47.979033], [0.1664723, 47.9790503], [0.1665679, 47.9790629], [0.1666902, 47.9790689], [0.1674103, 47.9790932], [0.1676259, 47.9791005], [0.1691421, 47.9791544], [0.169287, 47.9791596], [0.169284, 47.9792069], [0.1692253, 47.9792379], [0.1692112, 47.9794247], [0.1692112, 47.9795813], [0.1692266, 47.9797429], [0.1692568, 47.9798627], [0.1693158, 47.9800284], [0.1694056, 47.9801918], [0.1694908, 47.9803008], [0.1695793, 47.9804072], [0.1696886, 47.9805082], [0.1697798, 47.9805877], [0.1703176, 47.9810316], [0.1706462, 47.9813112], [0.1708071, 47.9814387], [0.1710116, 47.9815872], [0.1712383, 47.9817394], [0.1728707, 47.9827841], [0.1729488, 47.9827739], [0.1731793, 47.9829381], [0.1732423, 47.9829829], [0.1736547, 47.9832393], [0.1744378, 47.9837262], [0.174802, 47.9839293], [0.1748421, 47.9839517], [0.1748893, 47.9839719], [0.1750201, 47.9840281], [0.1755235, 47.9842439], [0.1760814, 47.9844627], [0.176611, 47.9846704], [0.1770271, 47.9848455], [0.177696, 47.9851271], [0.1783199, 47.9854132], [0.1783327, 47.9854482], [0.178333, 47.9854795], [0.178329, 47.9855095], [0.1783227, 47.9855257], [0.1783162, 47.9855371], [0.1783001, 47.9855564], [0.1782851, 47.9855812], [0.1782884, 47.9856067], [0.1782983, 47.9856247], [0.1782928, 47.9856585], [0.178296, 47.9856898], [0.1783124, 47.9857267], [0.1783357, 47.9857541], [0.1783595, 47.9857752], [0.178387, 47.9857919], [0.178436, 47.9858107], [0.1784898, 47.9858254], [0.1786988, 47.9858839], [0.1787719, 47.9859173], [0.1788323, 47.9859508], [0.1788889, 47.9859945], [0.1789422, 47.986052], [0.1792467, 47.9864], [0.1792941, 47.9864617], [0.1798615, 47.9872005], [0.1798871, 47.9872559], [0.1798103, 47.9872849], [0.1797769, 47.9873392], [0.1796434, 47.9875555], [0.1796227, 47.98759], [0.1794324, 47.9878623], [0.1792875, 47.9880005], [0.1790466, 47.988135], [0.1789757, 47.9881803], [0.1790512, 47.9882115], [0.17912, 47.9882617], [0.1793802, 47.9884515], [0.1794202, 47.9884807], [0.1795118, 47.9885327], [0.1795593, 47.9885512], [0.1794975, 47.9886129], [0.1794393, 47.9886657], [0.1793759, 47.9887316], [0.1793553, 47.9887531], [0.1792887, 47.9888183], [0.1791269, 47.9889768], [0.1791116, 47.9889918], [0.1790996, 47.9890003], [0.1790727, 47.9890214], [0.1784604, 47.989474], [0.1784366, 47.9894954], [0.1783623, 47.9894864], [0.1783025, 47.9894628], [0.1781739, 47.9893577], [0.178107, 47.9893043], [0.178212, 47.9892427], [0.178482, 47.9894239], [0.1785013, 47.9894368], [0.1785153, 47.9894676], [0.1785163, 47.9894709], [0.17854, 47.9895248], [0.1786283, 47.9897258], [0.1786635, 47.9897549], [0.1787964, 47.9899305], [0.1788768, 47.9900702], [0.1789243, 47.9901778], [0.1790003, 47.9904094], [0.1791261, 47.9906716], [0.1791297, 47.9906822], [0.1792457, 47.991028], [0.1792934, 47.9912134], [0.1792763, 47.9916754], [0.1793243, 47.9921859], [0.1793517, 47.9923206], [0.1794587, 47.9926733], [0.179553, 47.9931724], [0.1795908, 47.9936971], [0.1796871, 47.9939889], [0.1796971, 47.9940193], [0.1797028, 47.9940365], [0.1797203, 47.9940837], [0.1799962, 47.9945547], [0.1802006, 47.9948764], [0.1804371, 47.9952484], [0.1805485, 47.9953607], [0.180659, 47.9954357], [0.1807361, 47.995488], [0.1808471, 47.9955321], [0.1813649, 47.9956379], [0.1816829, 47.9956958], [0.1817875, 47.9957148], [0.1818726, 47.9957303], [0.1821256, 47.9957626], [0.1822704, 47.995781], [0.1824317, 47.9958016], [0.1826607, 47.9958116], [0.1835123, 47.995878], [0.183904, 47.9959315], [0.1841685, 47.9959571], [0.1844045, 47.9960174], [0.1845286, 47.996087], [0.1846889, 47.9962676], [0.1848029, 47.9963957], [0.18488, 47.9964823], [0.1854451, 47.9971183], [0.185482, 47.9971598], [0.1857867, 47.9974473], [0.1859646, 47.997515], [0.1861336, 47.9977314], [0.186164, 47.9978744], [0.1862039, 47.997992], [0.1862699, 47.9980653], [0.1870616, 47.9989441], [0.1871691, 47.9990634], [0.1872084, 47.9991022]], [[0.163212, 47.9326632], [0.1628608, 47.9325352], [0.1627033, 47.9324829], [0.1626281, 47.9324631], [0.1625508, 47.9324525], [0.1624748, 47.9324463]], [[0.169284, 47.9792069], [0.1693365, 47.9792405], [0.1693245, 47.979518], [0.1693252, 47.9796132], [0.1693332, 47.9796996], [0.1693486, 47.9797914], [0.1693872, 47.9799126], [0.1694271, 47.9800073], [0.1694626, 47.9800739], [0.1694928, 47.9801271], [0.1695381, 47.9801936], [0.169589, 47.9802618], [0.1696313, 47.9803156], [0.1696816, 47.9803682], [0.169751, 47.9804368], [0.1701486, 47.9807766], [0.1702003, 47.9808196], [0.1706525, 47.9811965], [0.1707239, 47.981256], [0.1709472, 47.9814266], [0.1711176, 47.98155], [0.1713429, 47.9817008], [0.172352, 47.9823437], [0.1723722, 47.9823566], [0.1729542, 47.9827197], [0.1729488, 47.9827739]], [[0.1790466, 47.988135], [0.1791302, 47.9881592], [0.1791945, 47.9882069], [0.1794562, 47.9884013], [0.1795061, 47.9884384], [0.1795702, 47.9884934], [0.1795593, 47.9885512]]]}, "properties": {"from": "Le Mans", "name": "La Ronde des Vallées et Forêts", "network": "lcn", "operator": "cd72", "roundtrip": "yes", "route": "bicycle", "type": "route", "website": "https://www.sarthetourisme.com/itineraire/la-ronde-des-vallees-et-forets-2/", "id": "relation/17267578", "distance": 184.45, "dureeEstim": 46.11, "denivelePo": null, "deniveleNe": null, "altiMax": null, "altiMin": null}}, {"type": "Feature", "geometry": {"type": "MultiLineString", "coordinates": [[[0.7563593, 47.8431924], [0.7557216, 47.8440983], [0.7557544, 47.8441167], [0.7558206, 47.8441817], [0.7561598, 47.8446844], [0.7564706, 47.8451111], [0.7570255, 47.8455846], [0.7573148, 47.8461061], [0.7578747, 47.8468951], [0.7580169, 47.8469589], [0.7582311, 47.8469874], [0.7587911, 47.8470296], [0.7591564, 47.8471031], [0.7593485, 47.8471774], [0.7594381, 47.8472469], [0.7595392, 47.8474113], [0.7594903, 47.8474623], [0.7594158, 47.8475333], [0.7589062, 47.8479511], [0.75834, 47.8482786], [0.7582209, 47.8483639], [0.7580949, 47.8485048], [0.7579321, 47.8486475], [0.7572977, 47.8490083], [0.7565953, 47.849385], [0.7563717, 47.8495454], [0.7562214, 47.8497145], [0.7560602, 47.8500016], [0.7557866, 47.8505041], [0.7549681, 47.8515285], [0.7543794, 47.8522176], [0.7539066, 47.85274], [0.7533488, 47.8535095], [0.752843, 47.8540569], [0.7523638, 47.8546358], [0.7522065, 47.8547518], [0.7520676, 47.8548215], [0.7519086, 47.8550108], [0.7518636, 47.8551694], [0.7518573, 47.8553157], [0.751913, 47.8556794], [0.7520322, 47.8564279], [0.7520322, 47.8583775], [0.7521326, 47.8591097], [0.7520718, 47.8592701], [0.7520389, 47.8593568], [0.751597, 47.8599273], [0.7511706, 47.8612003], [0.751151, 47.861382], [0.7511765, 47.8615391], [0.7512408, 47.8618043], [0.7512611, 47.8619873], [0.7511928, 47.862576], [0.7511485, 47.8627617], [0.7509342, 47.8632513], [0.7506262, 47.8636106], [0.7504856, 47.863961], [0.7504856, 47.8641002], [0.7503718, 47.8652366], [0.7501442, 47.8657981], [0.7500839, 47.8672398], [0.7503116, 47.8674959], [0.7511083, 47.8680438], [0.7513158, 47.8683447], [0.7514363, 47.8686861], [0.751597, 47.8689825], [0.753003, 47.8704691], [0.7531168, 47.8708912], [0.7529494, 47.8716233], [0.7529628, 47.87227], [0.7528557, 47.8726607], [0.7523856, 47.8732699], [0.75221, 47.8735874], [0.7521034, 47.8738097], [0.7519735, 47.873986], [0.751138, 47.8747484], [0.7506246, 47.8753565], [0.7504025, 47.875581], [0.7501044, 47.875766], [0.7500383, 47.8758802], [0.7500191, 47.8759878], [0.7500688, 47.8765611], [0.7499472, 47.8772078], [0.7497758, 47.8783142], [0.7497758, 47.878593], [0.7498186, 47.8787712], [0.74999, 47.8792971], [0.7500286, 47.8795385], [0.7499815, 47.8797885], [0.7497415, 47.8809783], [0.7494801, 47.88128], [0.7490431, 47.8816766], [0.7488886, 47.8820008], [0.7488484, 47.8824184], [0.7490158, 47.8829168], [0.7489555, 47.88324], [0.7482971, 47.8840199], [0.7481833, 47.8841261], [0.7476299, 47.8846409], [0.7472483, 47.8851213], [0.7464181, 47.885723], [0.7450322, 47.8865267], [0.7441894, 47.8870947], [0.7436798, 47.8874381], [0.7432503, 47.8879752], [0.7429708, 47.8883247], [0.7429172, 47.8883906], [0.7428362, 47.8884931], [0.7423742, 47.8888747], [0.7421218, 47.8890685], [0.7420273, 47.8890883], [0.741946, 47.8890932], [0.741901, 47.8890935], [0.7418962, 47.8889259], [0.741837, 47.8887634], [0.7416468, 47.8885196], [0.7415372, 47.888379], [0.741425, 47.8881426], [0.7413225, 47.8879267], [0.7413024, 47.887966], [0.7409876, 47.8882488], [0.740575, 47.8885891], [0.7401804, 47.8888751], [0.7391014, 47.8894597], [0.7378513, 47.8901239], [0.7370578, 47.8905671], [0.7370378, 47.8907297], [0.7369663, 47.8908945], [0.7366199, 47.891285], [0.7359722, 47.8918398], [0.7355745, 47.8922742], [0.7353854, 47.8925514], [0.7348655, 47.8941272], [0.7348502, 47.8943135], [0.7348862, 47.8944771], [0.7349525, 47.8947034], [0.734985, 47.8949098], [0.73498, 47.8956758], [0.7349961, 47.8958887], [0.7350998, 47.8963352], [0.7351048, 47.8964881], [0.7350754, 47.8965957], [0.7349608, 47.8971357], [0.7353089, 47.8983117], [0.736121, 47.9010199], [0.7361624, 47.9015288], [0.7362354, 47.9017521], [0.7363651, 47.9019504], [0.7367241, 47.9024464], [0.7368948, 47.9028191], [0.7373677, 47.9032124], [0.7384735, 47.9039532], [0.7396454, 47.9047628], [0.7400256, 47.9052486], [0.7402716, 47.9056864], [0.7404729, 47.906361], [0.740595, 47.9067548], [0.7407869, 47.9074441], [0.7408834, 47.9079826], [0.7411441, 47.9094132], [0.7411221, 47.9096348], [0.741088, 47.9098263], [0.7410358, 47.9099735], [0.7409573, 47.9101174], [0.7402767, 47.9111252], [0.7402179, 47.9113398], [0.7402098, 47.9115792], [0.740243, 47.9117377], [0.7402569, 47.9118043], [0.7404306, 47.9123325], [0.7406176, 47.9129011], [0.7406134, 47.9134725], [0.7406355, 47.9136358], [0.7407233, 47.9137803], [0.7410035, 47.9140463], [0.7411167, 47.9141971], [0.741209, 47.914409], [0.7412844, 47.9146178], [0.7413068, 47.914809], [0.7413671, 47.9154237], [0.7414126, 47.9156412], [0.7414691, 47.9158037], [0.7415187, 47.9159416], [0.7416276, 47.9162441], [0.7416711, 47.9166647], [0.7415769, 47.9179654], [0.7416449, 47.9181048], [0.741664, 47.918132], [0.7416831, 47.9181693], [0.7416789, 47.9182238], [0.741731, 47.9183539], [0.7418383, 47.9186285], [0.7418692, 47.9187079], [0.7420401, 47.9193178], [0.7420492, 47.9193574], [0.7421067, 47.9193542], [0.743113, 47.9192759], [0.7432537, 47.9192589], [0.743367, 47.9192493], [0.7440876, 47.9191662], [0.7440107, 47.9194678], [0.74388, 47.9199473], [0.7438518, 47.9199726], [0.743863, 47.9200237], [0.7438531, 47.9201341], [0.7439109, 47.9201371], [0.7442486, 47.9201265], [0.7443364, 47.9201246], [0.744314, 47.920765], [0.7442948, 47.9212821], [0.7437648, 47.9212143], [0.7436669, 47.9212018], [0.7436147, 47.9211951], [0.7435439, 47.9211882], [0.7434354, 47.9211787], [0.7429723, 47.9211271], [0.7428583, 47.9211144], [0.74282, 47.9211107], [0.7426921, 47.9210985], [0.7426467, 47.9210942], [0.7425838, 47.9210887], [0.742506, 47.9210896], [0.742439, 47.9210959], [0.7423961, 47.921101], [0.7423845, 47.9210641], [0.7423426, 47.9209309], [0.7423393, 47.9209204], [0.7422977, 47.9207869], [0.7422713, 47.9206628], [0.7422115, 47.9201589], [0.7421529, 47.9198962], [0.742078, 47.9195386], [0.7420626, 47.9194936], [0.7420492, 47.9193574], [0.7419984, 47.9193542], [0.7416572, 47.9193201], [0.7403911, 47.9191745], [0.7401348, 47.9191248], [0.7396548, 47.9189872], [0.7395224, 47.9189455], [0.7386103, 47.9186018], [0.7382875, 47.9184801], [0.7370728, 47.9181686], [0.7368096, 47.9180703], [0.7365599, 47.9179576], [0.7365124, 47.91799], [0.7364529, 47.9180173], [0.7361206, 47.9180805], [0.7359857, 47.9180942], [0.7350386, 47.9181821], [0.7342853, 47.9182814], [0.7337992, 47.9184443], [0.7332489, 47.9187443], [0.7330717, 47.9187957], [0.7328813, 47.9188262], [0.7322841, 47.9188958], [0.7320055, 47.918918], [0.7317556, 47.9189084], [0.7315039, 47.91887], [0.7311049, 47.9187686], [0.7306099, 47.9186776], [0.7297581, 47.9186473], [0.7296627, 47.9186429], [0.728679, 47.9186015], [0.727214, 47.9185732], [0.7266057, 47.9184888], [0.7253672, 47.918192], [0.7242846, 47.9180436], [0.7227951, 47.91788], [0.7220245, 47.9178353], [0.7215005, 47.9177905], [0.7190447, 47.9175116], [0.7186748, 47.9175047], [0.7181654, 47.9175043], [0.7179959, 47.9174791], [0.7177465, 47.9174138], [0.717108, 47.9172269], [0.7164929, 47.9171144], [0.7157793, 47.9169978], [0.7147905, 47.9169422], [0.7146208, 47.9169417], [0.714072, 47.9169695], [0.7129927, 47.9168746], [0.7113075, 47.9167885], [0.7100488, 47.9167541], [0.7076444, 47.9169538], [0.7060157, 47.9169514], [0.7052812, 47.9169538], [0.7047725, 47.916965], [0.7042885, 47.9170132], [0.7036501, 47.9170133], [0.7035195, 47.9170048], [0.7032672, 47.9169883], [0.7006027, 47.9167069], [0.7000922, 47.9166267], [0.6985076, 47.9162668], [0.697693, 47.9161137], [0.6966106, 47.9159761], [0.696396, 47.915529], [0.69632, 47.9153549], [0.696297, 47.9151942], [0.6963216, 47.9146703], [0.6963665, 47.9142545], [0.6963425, 47.9141184], [0.6962696, 47.9139688], [0.69618, 47.9138179], [0.6959594, 47.9135495], [0.6956914, 47.9131765], [0.695467, 47.9128361], [0.6953416, 47.9126568], [0.6951688, 47.9123581], [0.6951378, 47.9122627], [0.6951018, 47.9121233], [0.6950829, 47.9120377], [0.6950399, 47.9117199], [0.6949766, 47.9111416], [0.6948919, 47.9109176], [0.6947405, 47.9106479], [0.6942469, 47.9096808], [0.6939289, 47.9090295], [0.6938951, 47.9089366], [0.6938979, 47.90883], [0.6940101, 47.9084895], [0.6940291, 47.9083396], [0.6940161, 47.9081962], [0.6939325, 47.9079587], [0.6935373, 47.9073122], [0.6929166, 47.9063171], [0.6928099, 47.9060992], [0.6927467, 47.9057701], [0.6927208, 47.9055131], [0.692621, 47.9051723], [0.6925623, 47.9049819], [0.6923131, 47.9043366], [0.692258, 47.9041939], [0.6921278, 47.9040166], [0.6919399, 47.9038713], [0.6915263, 47.9036355], [0.6907537, 47.9031873], [0.6895432, 47.9025039], [0.6885281, 47.9019232], [0.6882383, 47.9017033], [0.6879347, 47.9014447], [0.6878927, 47.9013676], [0.6878892, 47.9012802], [0.6882892, 47.9011217], [0.6885865, 47.9009541], [0.6890609, 47.9007322], [0.6889395, 47.9010129], [0.6888776, 47.9011461], [0.6886264, 47.901403], [0.6882659, 47.9016819], [0.6882383, 47.9017033]], [[0.7565716, 47.8428938], [0.7566276, 47.84292], [0.7566707, 47.8429555], [0.7566977, 47.8429976], [0.7567063, 47.8430348], [0.7567021, 47.8430723], [0.7566855, 47.8431082], [0.7566435, 47.8431518], [0.7565835, 47.8431845], [0.7565113, 47.8432032], [0.756434, 47.8432059], [0.7563593, 47.8431924], [0.7562986, 47.8431664], [0.7562516, 47.8431297], [0.7562224, 47.8430855], [0.7562135, 47.8430375], [0.7562257, 47.8429898], [0.7562577, 47.8429467], [0.7563069, 47.8429117], [0.756369, 47.8428876], [0.7564388, 47.8428765], [0.756507, 47.842879], [0.7565716, 47.8428938]], [[0.7562257, 47.8429898], [0.7560799, 47.8429235], [0.7560357, 47.842888], [0.756013, 47.8428373], [0.7560864, 47.8423153], [0.7560932, 47.8421], [0.756048, 47.8418765], [0.755656, 47.8411748], [0.7556086, 47.84109], [0.7554828, 47.8408648], [0.7553665, 47.8406568], [0.7553172, 47.8405711], [0.7548562, 47.8397702], [0.7547471, 47.8395807], [0.7546806, 47.8394618], [0.7541676, 47.8385984], [0.7541399, 47.8385654], [0.7541323, 47.8385355], [0.7539701, 47.8382605], [0.7539214, 47.8381768], [0.7536066, 47.8376287], [0.7535768, 47.8375177], [0.7534504, 47.8372871], [0.7533808, 47.8372223], [0.7533503, 47.8371695], [0.7531413, 47.8368078], [0.753086, 47.8366929], [0.7530176, 47.8365036], [0.7530025, 47.8364138], [0.7529885, 47.8363305], [0.7529922, 47.8356026], [0.7529494, 47.8349613], [0.7529391, 47.834908], [0.7528985, 47.8346346], [0.7528531, 47.8345082], [0.752837, 47.8344139], [0.7528039, 47.8343015], [0.7527203, 47.8343615], [0.752662, 47.8343662], [0.7524111, 47.8343809], [0.7522919, 47.8344119], [0.752069, 47.8344698], [0.7520338, 47.834479], [0.7519734, 47.8344939], [0.7518575, 47.8345249], [0.7516741, 47.8345725], [0.7513348, 47.8346608], [0.7511511, 47.8346813], [0.7508118, 47.8347192], [0.750461, 47.8347187], [0.7501077, 47.8347183], [0.7499663, 47.8347504], [0.7493919, 47.8349085], [0.7488073, 47.8351268], [0.7486693, 47.8351541], [0.7474842, 47.8353073], [0.7474233, 47.8353138], [0.7471018, 47.8353568], [0.7469642, 47.835377], [0.7463273, 47.8354284], [0.7460736, 47.8354419], [0.7458739, 47.8354639], [0.7458351, 47.8354769], [0.7455026, 47.8355886], [0.7454581, 47.8356036], [0.7454242, 47.835615], [0.7452092, 47.8356871], [0.7448099, 47.8358677], [0.7445909, 47.8359741], [0.7443252, 47.8360678], [0.7439445, 47.8362073], [0.7433873, 47.8364114], [0.743225, 47.8364708], [0.7431223, 47.8365148], [0.7422796, 47.8369241], [0.7404358, 47.837818], [0.740284, 47.8379165], [0.7393166, 47.8386094], [0.739119, 47.838751], [0.7387392, 47.8390231], [0.7366835, 47.8405412], [0.7355557, 47.8414092], [0.7349172, 47.8419063], [0.734795, 47.8419527], [0.7346391, 47.8420121], [0.7341017, 47.8415938], [0.7337487, 47.8412429], [0.7334509, 47.8409127], [0.7329916, 47.8404459], [0.7325562, 47.840158], [0.732174, 47.8399397], [0.7306904, 47.8392339], [0.7304127, 47.8390699], [0.730123, 47.8388687], [0.7299575, 47.8386646], [0.72979, 47.8384017], [0.7296511, 47.8381146], [0.7295657, 47.8380202], [0.7293572, 47.8379095], [0.7290653, 47.8378666], [0.7287617, 47.8378822], [0.7273424, 47.8381152], [0.7255709, 47.8385837], [0.7251925, 47.8386303], [0.7250113, 47.8386267], [0.7246871, 47.8385878], [0.7241743, 47.8384555], [0.7236118, 47.8381987], [0.723179, 47.8380726], [0.7224905, 47.8379168], [0.721907, 47.8377145], [0.7207929, 47.8373283], [0.7203454, 47.8372221], [0.7191054, 47.8369795], [0.7185508, 47.8367501], [0.7169478, 47.8363088], [0.716503, 47.8362409], [0.7159125, 47.8362436], [0.7147455, 47.8362586], [0.7138551, 47.8362318], [0.7131302, 47.8361917], [0.7121037, 47.8360663], [0.7104244, 47.8357983], [0.7086875, 47.8355909], [0.7081586, 47.8355891], [0.7079064, 47.8356036], [0.7079011, 47.8354706], [0.7079837, 47.8352093], [0.708329, 47.8345245], [0.7083524, 47.8343457], [0.7083649, 47.834213], [0.7082514, 47.8339702], [0.7082366, 47.8339042], [0.7082498, 47.8338566], [0.7083375, 47.8337792], [0.709628, 47.8327869], [0.7096929, 47.8327193], [0.7068665, 47.8318732], [0.7063003, 47.8317492], [0.7045877, 47.831519], [0.7031417, 47.8314082], [0.7023609, 47.8313247], [0.7020781, 47.831284], [0.6987917, 47.8300119], [0.6949371, 47.8282538], [0.6937521, 47.8275825], [0.6936834, 47.8275253], [0.6942244, 47.8273291], [0.6944768, 47.8272456], [0.6947131, 47.8271909], [0.6949805, 47.8271458], [0.6952747, 47.827108], [0.6955061, 47.8270596], [0.6957215, 47.827004], [0.6960421, 47.826889], [0.6963252, 47.8267703], [0.6965801, 47.826683], [0.6970849, 47.8265221], [0.6972889, 47.8264811], [0.6975009, 47.82646], [0.6977757, 47.8264534], [0.6990567, 47.826515], [0.7006639, 47.8265346], [0.7019887, 47.8265718], [0.7025811, 47.8265878], [0.7035367, 47.8265831], [0.7040686, 47.8265928], [0.7047724, 47.8266402], [0.7050479, 47.82661], [0.7052268, 47.8265618], [0.7013409, 47.823571], [0.7018429, 47.8230957], [0.7021339, 47.8226719], [0.7023756, 47.8223368], [0.7028754, 47.8219343], [0.7033761, 47.8216426], [0.7034965, 47.8215495], [0.7036356, 47.8212888], [0.7037855, 47.8210416], [0.7040329, 47.8208327], [0.7042148, 47.820695], [0.7046343, 47.8205698], [0.7047795, 47.8205574], [0.7050748, 47.8205533], [0.7052302, 47.8205512], [0.7055711, 47.8205465], [0.7062388, 47.820516], [0.7068489, 47.8204423], [0.7080884, 47.8201138], [0.7082979, 47.8200569], [0.7084341, 47.819989], [0.7085866, 47.8198106], [0.7086904, 47.8196446], [0.708772, 47.8194648], [0.7087963, 47.8193011], [0.7087461, 47.819054], [0.7086961, 47.8188082], [0.7087106, 47.8186729], [0.7087714, 47.8185787], [0.7089029, 47.8184915], [0.7098208, 47.8181241], [0.7101983, 47.8179216], [0.7103268, 47.8178364], [0.7104982, 47.8176794], [0.7107702, 47.817427], [0.7111431, 47.8171365], [0.7112501, 47.8170723], [0.7122149, 47.8164934], [0.7137149, 47.8156525], [0.713982, 47.8155757], [0.7142553, 47.8155506], [0.7146686, 47.8155646], [0.7148865, 47.8155747], [0.7149824, 47.8155922], [0.7150862, 47.8156111], [0.7152821, 47.8156704], [0.7157753, 47.8158655], [0.7160776, 47.8160205], [0.7163646, 47.8161332], [0.7178112, 47.8164428], [0.7197106, 47.8167079], [0.7200725, 47.8167323], [0.7201799, 47.8167325], [0.7202794, 47.8167326], [0.7205823, 47.8166795], [0.7221513, 47.8162676], [0.7223427, 47.8162208], [0.7225411, 47.8161723], [0.723582, 47.8159714], [0.7247789, 47.815768], [0.7262953, 47.8154544], [0.7268623, 47.8153912], [0.7271359, 47.8153584], [0.7274117, 47.815276], [0.7276761, 47.8151136], [0.7273111, 47.8146451], [0.7271893, 47.8145414], [0.7268879, 47.8144206], [0.7267238, 47.8143126], [0.7266052, 47.814211], [0.7264327, 47.8140105], [0.7262394, 47.8136178], [0.7260374, 47.8131033], [0.7259732, 47.8127834], [0.7259049, 47.8126956], [0.7257088, 47.8125485], [0.7247364, 47.811958], [0.7240547, 47.8114556], [0.723638, 47.8112218], [0.7227522, 47.8107126], [0.7226673, 47.8106753], [0.7222605, 47.8104962], [0.7216066, 47.8102307], [0.7211785, 47.8101195], [0.7195899, 47.8097746], [0.7187157, 47.8095519], [0.7179841, 47.8093212], [0.717422, 47.8091129], [0.7164085, 47.8087739], [0.7157723, 47.8084723], [0.7153311, 47.808193], [0.7150666, 47.807972], [0.714917, 47.8077732], [0.7147732, 47.8074881], [0.7146737, 47.8070162], [0.7145968, 47.8068054], [0.7142242, 47.8063442], [0.7139561, 47.8060606], [0.7138753, 47.8058929], [0.7137814, 47.8054292], [0.713763, 47.8053248], [0.7134751, 47.8048558], [0.7127537, 47.8039246], [0.7113784, 47.8024974], [0.7112279, 47.8023095], [0.711127, 47.8020851], [0.7109602, 47.8017139], [0.710851, 47.8015406], [0.7102336, 47.8010094], [0.7097751, 47.8006405], [0.7096048, 47.8004655], [0.7089221, 47.799552], [0.7086806, 47.7992946], [0.7071435, 47.798227], [0.7068058, 47.7978576], [0.7056111, 47.7968351], [0.7051655, 47.796487], [0.7039764, 47.7953839], [0.7034805, 47.794966], [0.7029492, 47.794547], [0.7028726, 47.7945151], [0.7037457, 47.7940224], [0.7041852, 47.7938342], [0.7076299, 47.7923585], [0.706626, 47.791098], [0.7066372, 47.7910371], [0.7070267, 47.7908229], [0.7070905, 47.7907447], [0.707103, 47.7905461], [0.707126, 47.7904454], [0.7071269, 47.7903489], [0.7070465, 47.7901462], [0.7068327, 47.7899417], [0.7065909, 47.7897679], [0.7062836, 47.7894413], [0.7060942, 47.7892337], [0.7060752, 47.7892129], [0.7041266, 47.7898989], [0.7038535, 47.7899952], [0.7037082, 47.7900292], [0.7033828, 47.7900878], [0.7027561, 47.7901678], [0.7025344, 47.7902091], [0.7022874, 47.7902937], [0.7019241, 47.7904321], [0.7017115, 47.7905243], [0.7015771, 47.79056], [0.7014464, 47.7905722], [0.7009524, 47.7905755], [0.7007744, 47.7905698], [0.7004685, 47.7905211], [0.699793, 47.790407], [0.6996064, 47.7903972], [0.699358, 47.7904138], [0.6991865, 47.7904385], [0.6984562, 47.7905439], [0.697995, 47.7906143], [0.6975454, 47.7907344], [0.6965886, 47.7910795], [0.6963041, 47.7911914], [0.6960564, 47.7913177], [0.6957599, 47.7915282], [0.6955193, 47.7917102], [0.695179, 47.7920163], [0.6945235, 47.792606], [0.6940525, 47.79295], [0.6936753, 47.793168], [0.6932868, 47.793335], [0.6925496, 47.793588], [0.690951, 47.7940567], [0.6902853, 47.7942871], [0.6884099, 47.7952302], [0.6865443, 47.7962209], [0.6857453, 47.7966431], [0.6856297, 47.7967037], [0.6845525, 47.7972685], [0.6842662, 47.7974187], [0.6840833, 47.7975055], [0.6840631, 47.7975151], [0.6835899, 47.797721], [0.6833063, 47.797821], [0.6824863, 47.7980455], [0.6811713, 47.7983893], [0.6804833, 47.7985892], [0.6801754, 47.798627], [0.6796599, 47.7987063], [0.679414, 47.7987756], [0.6793979, 47.7987839], [0.6793316, 47.7988101], [0.6791707, 47.7988962], [0.679095, 47.7989509], [0.6789789, 47.7990234], [0.6788166, 47.7991308], [0.6785561, 47.7993282], [0.6782185, 47.7995669], [0.6781158, 47.7995999], [0.6780892, 47.7997192], [0.6779337, 47.7999627], [0.6777669, 47.8001542], [0.6776456, 47.8002401], [0.6771231, 47.8005035], [0.6769153, 47.8006051], [0.6765618, 47.8007375], [0.675979, 47.8008383], [0.6754561, 47.8009006], [0.6751453, 47.8008653], [0.6746234, 47.8008119], [0.673668, 47.8008661], [0.6733683, 47.8008993], [0.6729642, 47.8009707], [0.6726618, 47.8010702], [0.6720816, 47.8013595], [0.6710246, 47.8019564], [0.6706915, 47.8021523], [0.6704362, 47.8023376], [0.6701512, 47.8025334], [0.6698356, 47.8026816], [0.6690826, 47.8030383], [0.6690463, 47.8030527], [0.6690094, 47.8030656], [0.667949, 47.8034367], [0.6667909, 47.8039378], [0.6654801, 47.804341], [0.6646725, 47.8048317], [0.6643706, 47.8049964], [0.6635229, 47.8052878], [0.6630168, 47.8055337], [0.6626546, 47.8056724], [0.6620948, 47.8057492], [0.6613803, 47.8058999], [0.6602848, 47.8062413], [0.6598856, 47.8062938], [0.6592997, 47.8063149], [0.6588035, 47.8063406], [0.6585515, 47.8063933], [0.6582118, 47.8065607], [0.6573366, 47.8070806], [0.6567986, 47.8072975], [0.6562253, 47.8076048], [0.6549621, 47.8083992], [0.654879, 47.8084208], [0.6547711, 47.8084216], [0.6546756, 47.8084063], [0.6544099, 47.8083009], [0.6543138, 47.8082809], [0.6541594, 47.8083113], [0.6540092, 47.8083846], [0.6532261, 47.8090125], [0.6529174, 47.8092392], [0.652477, 47.8095624], [0.6518973, 47.8100208], [0.6510074, 47.8105478], [0.6500415, 47.8110466], [0.6497976, 47.8111318], [0.6493656, 47.8112429], [0.6487229, 47.8114577], [0.6485717, 47.8114903], [0.6484284, 47.8114858], [0.6482549, 47.811458], [0.6476408, 47.8112709], [0.6474226, 47.8112432], [0.6472369, 47.811245], [0.6467097, 47.8113543], [0.646579, 47.8113908], [0.6464574, 47.8114616], [0.6462508, 47.8116454], [0.6460793, 47.8119691], [0.6458577, 47.8122979], [0.645794, 47.8124431], [0.6458134, 47.8127684], [0.6457915, 47.8128777], [0.6457182, 47.8129503], [0.6455495, 47.8130573], [0.6452728, 47.8132129], [0.6451218, 47.8133324], [0.6449399, 47.8135786], [0.6446113, 47.8139907], [0.6443147, 47.8143963], [0.6442176, 47.8144923], [0.644045, 47.8146227], [0.6437543, 47.8148319], [0.6436173, 47.8149528], [0.6433871, 47.8149184], [0.6429877, 47.814873], [0.6419103, 47.8147024], [0.6416096, 47.8147091], [0.6408972, 47.8148128], [0.6407553, 47.8148018], [0.6406077, 47.8153766], [0.6404654, 47.8159903], [0.6404294, 47.8162957], [0.6404442, 47.8165547], [0.6405028, 47.8168772], [0.6406431, 47.8174049], [0.6408741, 47.8183322], [0.640991, 47.8187191], [0.6411125, 47.8190114], [0.6412435, 47.8192802], [0.6412942, 47.8194342], [0.6413314, 47.8196473], [0.6412757, 47.8199871], [0.641281, 47.8201178], [0.641343, 47.8202181], [0.6414422, 47.8203093], [0.6416144, 47.8203818], [0.6421978, 47.8205531], [0.6426952, 47.820722], [0.6428893, 47.8208325], [0.6429883, 47.8209503], [0.6430215, 47.8210596], [0.643028, 47.8212061], [0.6429613, 47.8213873], [0.6428248, 47.8216427], [0.6426139, 47.8220344], [0.6425357, 47.8222079], [0.6424711, 47.8223769], [0.6424217, 47.8226361], [0.6424114, 47.8229184], [0.6424261, 47.8231925], [0.6424848, 47.8234465], [0.6425711, 47.8236789], [0.6426642, 47.8238839], [0.6428121, 47.8241033], [0.6429968, 47.8243021], [0.6432652, 47.8245448], [0.6436371, 47.8248839], [0.6438833, 47.8251211], [0.6440914, 47.8253824], [0.6442374, 47.8256288], [0.6445095, 47.8260344], [0.6446592, 47.8262308], [0.644835, 47.8264081], [0.6449736, 47.8265468], [0.645254, 47.8267629], [0.6455458, 47.8270019], [0.6457454, 47.8271681], [0.6458393, 47.8272698], [0.6459061, 47.8273851], [0.6459554, 47.8275352], [0.6460132, 47.8279462], [0.6461634, 47.8290615], [0.6462143, 47.8294392], [0.6462332, 47.8296151], [0.6463051, 47.8298393], [0.6463771, 47.8300181], [0.6464736, 47.830244], [0.6465669, 47.8304087], [0.6466637, 47.8305529], [0.6468199, 47.8307209], [0.6470244, 47.830936], [0.6472052, 47.8312169], [0.6473121, 47.8311852], [0.647443, 47.8311407], [0.6475301, 47.8310989], [0.6477504, 47.8309676], [0.6479648, 47.8308237], [0.6481837, 47.8306659], [0.6482814, 47.83056], [0.6483893, 47.830411], [0.6485586, 47.8300809], [0.6486724, 47.829812], [0.6488041, 47.8295009], [0.6489798, 47.8290288], [0.6489925, 47.8289845], [0.6490207, 47.8288858], [0.6491552, 47.8284151], [0.6493089, 47.8285637], [0.649551, 47.8289036], [0.6498534, 47.8292497], [0.6501524, 47.8294824], [0.6511155, 47.8300619], [0.6517992, 47.8304589], [0.6525908, 47.8313363], [0.6528154, 47.8318009], [0.6529599, 47.8319919], [0.6533608, 47.8323559], [0.6539255, 47.8331499], [0.6542644, 47.8348504], [0.6543269, 47.8349456], [0.6544101, 47.8350292], [0.6548148, 47.8353678], [0.6555826, 47.8362348], [0.6558359, 47.8364026], [0.656284, 47.8366852], [0.656786, 47.8372299], [0.6568084, 47.8373964], [0.6567623, 47.8376001], [0.6567732, 47.8377601], [0.6568154, 47.8379216], [0.6570181, 47.8384494], [0.657147, 47.8386949], [0.6576613, 47.8394121], [0.6578187, 47.8395424], [0.6587542, 47.840188], [0.6589166, 47.8403318], [0.6590189, 47.8405049], [0.6591893, 47.8420341], [0.6592177, 47.8422724], [0.6592845, 47.8423772], [0.6593119, 47.8424788], [0.6593398, 47.8426547], [0.6593498, 47.8432745], [0.659357, 47.8438797], [0.6592482, 47.8445188], [0.6592299, 47.8446768], [0.6592296, 47.8447967], [0.6592466, 47.8449436], [0.6593389, 47.8452733], [0.6594014, 47.8454351], [0.659464, 47.8455507], [0.6595575, 47.8456668], [0.6596682, 47.8457578], [0.6598243, 47.8458462], [0.6600205, 47.8459326], [0.6612819, 47.8463705], [0.6618292, 47.8465703], [0.6620005, 47.8466643], [0.6621201, 47.8467505], [0.6624485, 47.8470091], [0.6630223, 47.8474935], [0.6636381, 47.8480011], [0.6637502, 47.8480965], [0.6638007, 47.8481636], [0.6638529, 47.8482877], [0.6638567, 47.8484131], [0.6638446, 47.8486747], [0.6638513, 47.8489253], [0.6638978, 47.8490362], [0.663993, 47.8491246], [0.6641894, 47.849248], [0.6644698, 47.8494176], [0.6645343, 47.8494676], [0.6645815, 47.8495214], [0.6646091, 47.8495862], [0.6646138, 47.8496742], [0.6645876, 47.8497558], [0.6645327, 47.8498568], [0.6641368, 47.8503734], [0.6640283, 47.8505368], [0.6639678, 47.8506572], [0.6639454, 47.8507662], [0.663906, 47.8511901], [0.6639045, 47.8513273], [0.6639202, 47.8514413], [0.6639479, 47.8515227], [0.6639928, 47.8516119], [0.6641108, 47.8517708], [0.6646623, 47.8523785], [0.6647784, 47.8525372], [0.664882, 47.8527023], [0.665122, 47.8532998], [0.6651643, 47.8534347], [0.6651805, 47.8535377], [0.6651659, 47.8536457], [0.6649438, 47.8543701], [0.6648653, 47.854555], [0.6644486, 47.8554399], [0.6643906, 47.8556445], [0.6643727, 47.8557959], [0.6643821, 47.8560146], [0.6644773, 47.8566255], [0.6645107, 47.8569078], [0.6645245, 47.8571], [0.6645168, 47.8572718], [0.6644942, 47.8573677], [0.6644515, 47.8574655], [0.6642492, 47.8578184], [0.6641616, 47.8580685], [0.6641213, 47.8583068], [0.664116, 47.8585675], [0.6641215, 47.8588931], [0.6640911, 47.8590842], [0.6640492, 47.8592445], [0.6639582, 47.8595133], [0.6637803, 47.8598193], [0.6637155, 47.8599997], [0.6636949, 47.8601848], [0.6637239, 47.8604895], [0.6638436, 47.8610453], [0.6640412, 47.8616695], [0.664218, 47.862165], [0.6643388, 47.8623577], [0.6647639, 47.8628735], [0.6648797, 47.8630539], [0.6649496, 47.8632111], [0.6648963, 47.863226], [0.6645091, 47.8633651], [0.6641272, 47.8635625], [0.663926, 47.8637042], [0.663719, 47.8638651], [0.6630302, 47.8644868], [0.6625666, 47.8649261], [0.6623355, 47.8651536], [0.6616483, 47.8660078], [0.6614999, 47.8661704], [0.6613533, 47.8663004], [0.6611869, 47.8664216], [0.660897, 47.8665987], [0.660791, 47.8666664], [0.6605787, 47.866835], [0.6601859, 47.8672642], [0.6600088, 47.8674778], [0.6597784, 47.8677455], [0.6596665, 47.8678798], [0.6600069, 47.8678686], [0.6606633, 47.8678368], [0.6608287, 47.8678296], [0.6610336, 47.8678523], [0.6617503, 47.8679976], [0.6618772, 47.8680244], [0.6619681, 47.868039], [0.6622686, 47.868071], [0.6626367, 47.8680674], [0.6633067, 47.868009], [0.6641283, 47.8679424], [0.6657071, 47.867851], [0.6658531, 47.8678931], [0.6659304, 47.8679168], [0.6661398, 47.8680005], [0.6663393, 47.8682692], [0.6667688, 47.8689127], [0.6669193, 47.8691614], [0.6670516, 47.8694311], [0.6672046, 47.8698001], [0.6672686, 47.8700291], [0.6673081, 47.8702698], [0.6674204, 47.8710972], [0.6674513, 47.8712507], [0.667488, 47.8713516], [0.6676145, 47.871577], [0.6678159, 47.8718092], [0.6683733, 47.8724886], [0.6685174, 47.8727349], [0.6686258, 47.8731022], [0.6687364, 47.8737472], [0.6688254, 47.8739863], [0.6689858, 47.8741441], [0.6692969, 47.8743747], [0.6694572, 47.8744928], [0.6695667, 47.8746394], [0.6697592, 47.8750123], [0.6698396, 47.8751237], [0.6699571, 47.8752544], [0.6703758, 47.8755776], [0.670773, 47.8759125], [0.6709145, 47.8760486], [0.6709821, 47.8762168], [0.6709997, 47.8764033], [0.6709662, 47.8767026], [0.6709108, 47.8769381], [0.6708053, 47.8772079], [0.6705676, 47.877662], [0.6705139, 47.8779287], [0.6705403, 47.8781466], [0.6707556, 47.8788396], [0.6709718, 47.8792807], [0.6712003, 47.8796963], [0.6713437, 47.8800179], [0.671559, 47.8804923], [0.6716237, 47.8806618], [0.6717367, 47.8808584], [0.6719054, 47.8811366], [0.6719824, 47.8812532], [0.6721693, 47.8815359], [0.6727211, 47.8821199], [0.6729761, 47.8824728], [0.6734127, 47.8831854], [0.6737232, 47.8835649], [0.6739191, 47.8837333], [0.6742076, 47.8839451], [0.6744599, 47.884118], [0.6752842, 47.8846034], [0.6753695, 47.8846582], [0.6755447, 47.8848159], [0.6766676, 47.8861078], [0.6774535, 47.8870304], [0.6777915, 47.8874013], [0.6781397, 47.8877628], [0.6786745, 47.8882985], [0.679177, 47.888847], [0.679265, 47.8889705], [0.6793511, 47.8891103], [0.6793933, 47.8892481], [0.6794274, 47.8895678], [0.6795014, 47.8897771], [0.6795928, 47.8899581], [0.6797121, 47.8901539], [0.6801074, 47.8906942], [0.680189, 47.8908666], [0.6802566, 47.8910924], [0.6803103, 47.8914518], [0.6804049, 47.8922047], [0.6805085, 47.8925415], [0.6809304, 47.8933469], [0.6810622, 47.8937592], [0.6812718, 47.894552], [0.6813811, 47.8949171], [0.6814865, 47.8951631], [0.6821186, 47.8960373], [0.6824514, 47.8964802], [0.6828562, 47.8969984], [0.6832123, 47.8974259], [0.6833133, 47.8975472], [0.6835285, 47.8977539], [0.6837188, 47.8979004], [0.6840232, 47.8981164], [0.6843647, 47.898304], [0.6843986, 47.898316], [0.6844388, 47.8983286], [0.6849658, 47.8984942], [0.6856218, 47.8987296], [0.6867696, 47.8992669], [0.6868345, 47.8993227], [0.6868533, 47.8994098], [0.6868692, 47.8994709], [0.6871841, 47.899515], [0.687614, 47.8997324], [0.6876915, 47.8997742], [0.6883313, 47.900122], [0.6885228, 47.9002261], [0.6889981, 47.9004974], [0.6891743, 47.9005247], [0.6891654, 47.9005655], [0.6891495, 47.9006189], [0.6890609, 47.9007322]], [[0.6657071, 47.867851], [0.6659516, 47.8678469], [0.6660082, 47.8678311], [0.6661398, 47.8680005]]]}, "properties": {"name": "le Perche Sarthois à vélo – circuit n°7: le Tuffeau au fil des vallées pittoresques", "network": "lcn", "ref": "7", "route": "bicycle", "type": "route", "website": "https://www.sarthetourisme.com/itineraire/le-perche-sarthois-a-velo-circuit-n7-le-tuffeau-au-fil-des-vallees-pittoresques/", "id": "7", "distance": 48.71, "dureeEstim": 12.18, "denivelePo": null, "deniveleNe": null, "altiMax": null, "altiMin": null}}, {"type": "Feature", "geometry": {"type": "MultiLineString", "coordinates": [[[0.4269229, 47.680929], [0.4267885, 47.6813493], [0.4267267, 47.6814769], [0.426496, 47.6819321], [0.4264605, 47.6819879], [0.4264175, 47.6820479], [0.4263733, 47.6821016], [0.426319, 47.6821522], [0.4262483, 47.6822019], [0.4261675, 47.6822434], [0.4260682, 47.6822881], [0.4259932, 47.6823163], [0.4258389, 47.6823517], [0.4256319, 47.6823961], [0.4251388, 47.6824989], [0.4249216, 47.6825346], [0.4247519, 47.6825502], [0.4246046, 47.6825586], [0.4244978, 47.682558], [0.4244139, 47.6825462], [0.4243563, 47.6825269], [0.4243174, 47.6824989], [0.4242948, 47.6824677], [0.4242529, 47.6823718], [0.424204, 47.6822598], [0.4239728, 47.6817844], [0.4239339, 47.6817369], [0.4239044, 47.6817053], [0.4238649, 47.6816898], [0.4237979, 47.6816781], [0.4237355, 47.681692], [0.4230414, 47.6819514], [0.4227523, 47.6820565], [0.4226035, 47.6821007], [0.4223614, 47.6821646], [0.4217356, 47.6823051], [0.4216526, 47.6823147], [0.4215655, 47.6823138], [0.4215014, 47.6823027], [0.4214434, 47.6822803], [0.4213697, 47.6822217], [0.4212051, 47.682057], [0.4207815, 47.682036], [0.4201749, 47.6820227], [0.4179157, 47.6819733], [0.4174277, 47.6819626], [0.4173318, 47.6819705], [0.4172632, 47.6819897], [0.4172163, 47.6820165], [0.4171881, 47.6820583], [0.4171076, 47.6822451], [0.4170639, 47.6823156], [0.4170232, 47.6823571], [0.4169668, 47.6823896], [0.4168958, 47.6824151], [0.4168099, 47.6824285], [0.4166924, 47.6824326], [0.4162775, 47.682424], [0.4161705, 47.6824214], [0.4160173, 47.6824176], [0.4156773, 47.6824224], [0.415214, 47.6824655], [0.414635, 47.6825285], [0.4141116, 47.6825802], [0.4138488, 47.6826217], [0.413717, 47.682644], [0.4135691, 47.6826483], [0.4134307, 47.6826594], [0.413032, 47.6827078], [0.4129851, 47.6827066], [0.4129372, 47.6826964], [0.4128865, 47.6826682], [0.4128522, 47.682639], [0.4118712, 47.6815926], [0.4117151, 47.6814469], [0.4115641, 47.6812804], [0.4114876, 47.6812244], [0.4114151, 47.6812005], [0.4113565, 47.6812213], [0.4107521, 47.6812746], [0.4106985, 47.6812664]], [[0.4269792, 47.6808508], [0.4269836, 47.6808603], [0.4269835, 47.6808702], [0.4269749, 47.680904], [0.4269696, 47.680914], [0.4269596, 47.6809222], [0.4269462, 47.6809276], [0.4269308, 47.6809298], [0.4269229, 47.680929], [0.4269153, 47.6809283], [0.4269013, 47.6809234], [0.4268907, 47.6809156], [0.4268845, 47.6809059], [0.4268835, 47.6808954], [0.4268921, 47.6808616], [0.426896, 47.680852], [0.4269041, 47.6808437], [0.4269158, 47.6808376], [0.4269297, 47.6808343], [0.4269444, 47.6808341], [0.4269585, 47.680837], [0.4269705, 47.6808428], [0.4269792, 47.6808508]], [[0.4269792, 47.6808508], [0.4270596, 47.6808177], [0.428682, 47.6811382], [0.4290908, 47.6812287], [0.4291441, 47.6813124], [0.4292365, 47.6814075], [0.4293072, 47.6814924], [0.4292197, 47.6815274], [0.4291669, 47.6815545], [0.4291192, 47.681582], [0.4290777, 47.6816195], [0.4290515, 47.6816565], [0.4290253, 47.6817123], [0.4289441, 47.6819177], [0.4301695, 47.6820333], [0.4307205, 47.6820868], [0.4311923, 47.6821605], [0.4317117, 47.6822653], [0.4325137, 47.6824407], [0.4346064, 47.6829225], [0.4366583, 47.6834042], [0.4371679, 47.6835384], [0.4376534, 47.6836811], [0.4381603, 47.6838528], [0.4386377, 47.6840334], [0.4389891, 47.6841736], [0.4393539, 47.6843394], [0.4395175, 47.6844163], [0.4399011, 47.6846003], [0.4404509, 47.6848841], [0.4408516, 47.6850966], [0.4409257, 47.6851359], [0.4410172, 47.6851802], [0.4413387, 47.6853357], [0.4415549, 47.6854384], [0.4417651, 47.6855263], [0.4421528, 47.6856743], [0.4425538, 47.6858049], [0.4429779, 47.6859176], [0.4434441, 47.6860194], [0.4446046, 47.6862317], [0.4447568, 47.6862563], [0.445263, 47.6863486], [0.4458287, 47.6864688], [0.4463437, 47.6865953], [0.4468614, 47.6867377], [0.4479691, 47.6870578], [0.4480227, 47.687073], [0.4498923, 47.6876028], [0.4514051, 47.6880314], [0.4525665, 47.6883627], [0.4545754, 47.6889339], [0.4579388, 47.689894], [0.459414, 47.6903128], [0.4595621, 47.6903543], [0.4627074, 47.6912612], [0.463115, 47.691388], [0.4635606, 47.691548], [0.4639656, 47.6917152], [0.464089, 47.6917713], [0.4644862, 47.6919719], [0.4648912, 47.6921929], [0.4652399, 47.6924021], [0.4655564, 47.6926179], [0.4658753, 47.6928695], [0.4667634, 47.6936155], [0.4678285, 47.6945069], [0.467855, 47.6945291], [0.4678816, 47.6945531], [0.4682547, 47.6948885], [0.4685417, 47.6951744], [0.4687938, 47.6954626], [0.4690299, 47.6957768], [0.4692443, 47.696093], [0.4699633, 47.6972568], [0.4702753, 47.6977651], [0.4702951, 47.6977973], [0.4705988, 47.6982921], [0.4709851, 47.6989033], [0.471586, 47.6998576], [0.4724695, 47.7012508], [0.4732677, 47.7025479], [0.4741395, 47.7039317], [0.4749924, 47.7052944], [0.4758648, 47.7066747], [0.4760747, 47.706992], [0.4763333, 47.7074053], [0.4765092, 47.7076661], [0.4766876, 47.7079053], [0.4770711, 47.7083785], [0.4774788, 47.7087909], [0.4785101, 47.7098006], [0.4787233, 47.7100223], [0.4789339, 47.7102336], [0.4792062, 47.7105407], [0.4793631, 47.7107659], [0.4793836, 47.7107961], [0.4794039, 47.7108269], [0.4795112, 47.7109586], [0.4795938, 47.7110822], [0.4797424, 47.7113754], [0.4798096, 47.7115375], [0.4798732, 47.7117004], [0.4799664, 47.7120095], [0.4800028, 47.7121799], [0.4800216, 47.7123323], [0.4800282, 47.7125021], [0.4800349, 47.7126474], [0.4800348, 47.7129645], [0.4800175, 47.7131464], [0.4800001, 47.7133063], [0.479815, 47.714697], [0.4796809, 47.7157521], [0.4796325, 47.7161893], [0.4796057, 47.7165614], [0.4796058, 47.7169342], [0.4796352, 47.7172822], [0.4796648, 47.7174676], [0.479701, 47.7176344], [0.4797533, 47.7178276], [0.4798028, 47.7179869], [0.4799276, 47.7183099], [0.4800028, 47.7184745], [0.4800994, 47.7186543], [0.4802682, 47.7189407], [0.4804189, 47.7191576], [0.4804426, 47.7191873], [0.4804677, 47.7192229], [0.4807242, 47.7195227], [0.4809924, 47.7198148], [0.4812767, 47.7200834], [0.4816094, 47.7203588], [0.4819581, 47.7206084], [0.4823175, 47.7208357], [0.4827331, 47.7210596], [0.4832025, 47.7212924], [0.4837981, 47.7215638], [0.4859625, 47.7225535], [0.4860617, 47.7225993], [0.4885185, 47.7237224], [0.4927851, 47.7256781], [0.4976489, 47.7279028], [0.5002201, 47.729076], [0.5002817, 47.7291042], [0.5034264, 47.7305497], [0.5044316, 47.731013], [0.5044993, 47.7310442], [0.5045545, 47.731067], [0.5051376, 47.7313078], [0.5057679, 47.7315477], [0.5063298, 47.7317433], [0.5065713, 47.7318164], [0.5068911, 47.7319059], [0.5075865, 47.7320704], [0.5083349, 47.7322397], [0.511516, 47.7329147], [0.5141078, 47.7334731], [0.5141457, 47.7334813], [0.5141827, 47.733488], [0.5186505, 47.7344414], [0.5216937, 47.7350946], [0.5218483, 47.7351266], [0.5251788, 47.7358395], [0.5285799, 47.7365698], [0.53178, 47.7372552], [0.5352229, 47.7379923], [0.535259, 47.738], [0.5353097, 47.7380109], [0.5393313, 47.7388777], [0.5396149, 47.7389364], [0.5425705, 47.7395658], [0.5428548, 47.7396272], [0.5441827, 47.7399118], [0.5443515, 47.7399486], [0.5474145, 47.7406035], [0.5516017, 47.7414991], [0.5522584, 47.7416298], [0.5528247, 47.741723], [0.5534308, 47.7418026], [0.5540504, 47.74186], [0.5546728, 47.7418985], [0.5553568, 47.7419173], [0.5559656, 47.7419164], [0.5566816, 47.7418932], [0.557323, 47.7418415], [0.5574247, 47.7418333], [0.5575404, 47.7418203], [0.5581247, 47.7417549], [0.5609706, 47.7413952], [0.5643609, 47.7409641], [0.5661632, 47.7407332], [0.5667855, 47.7406429], [0.5673918, 47.7405387], [0.5702913, 47.7400223], [0.5723507, 47.7396678], [0.5724646, 47.7396387], [0.5725675, 47.7396473], [0.5726371, 47.7396665], [0.5726894, 47.73967], [0.5727438, 47.7396592], [0.5728171, 47.7396213], [0.5728972, 47.7395845], [0.5731295, 47.7395342], [0.5736922, 47.7394217], [0.5742501, 47.7393314], [0.5748134, 47.7392609], [0.5752856, 47.7392292], [0.5758164, 47.7392146], [0.5763019, 47.7392141], [0.5768624, 47.7392486], [0.5773935, 47.7393027], [0.5779545, 47.7393858], [0.5784912, 47.7394939], [0.5789432, 47.7396102], [0.5794004, 47.7397531], [0.5794588, 47.7397713], [0.5795369, 47.7397967], [0.5796776, 47.7398423], [0.5806673, 47.7401774], [0.5828509, 47.7409224], [0.5840766, 47.7413445], [0.5853842, 47.7417917], [0.5866738, 47.7422339], [0.5875402, 47.7425297], [0.5886694, 47.7429175], [0.5910016, 47.7437306], [0.5934413, 47.7445534], [0.5938491, 47.74471], [0.5944124, 47.7448959], [0.595024, 47.7450809], [0.5956608, 47.7452515], [0.5963502, 47.7454101], [0.5969979, 47.7455379], [0.5995086, 47.746125], [0.6003928, 47.746317], [0.6004689, 47.7463335], [0.600518, 47.7463445], [0.6039341, 47.7471073], [0.6073353, 47.7478774], [0.6090599, 47.7482704], [0.610751, 47.7486607], [0.6108005, 47.7486718], [0.610846, 47.7486821], [0.6141042, 47.7494094], [0.616428, 47.7499348], [0.619998, 47.7507426], [0.6209493, 47.7509631], [0.6210152, 47.7509784], [0.6210738, 47.7509916], [0.623973, 47.7516425], [0.6261623, 47.7521398], [0.6263337, 47.7522123], [0.6263986, 47.7522171], [0.6264889, 47.7522156], [0.6265525, 47.7521928], [0.6266134, 47.7522166], [0.6267503, 47.7522739], [0.6290773, 47.7527954], [0.6324969, 47.7535685], [0.6352325, 47.754198], [0.6359862, 47.7543618], [0.6367051, 47.7544887], [0.6375632, 47.7546288], [0.6383679, 47.7547498], [0.6389839, 47.7548617], [0.6395522, 47.7549898], [0.6400911, 47.7551267], [0.6433186, 47.7559463], [0.6464066, 47.756737], [0.646922, 47.7568926], [0.6473914, 47.7570584], [0.6478523, 47.7572533], [0.6483593, 47.7574963], [0.6508809, 47.7588067], [0.6527527, 47.7597624], [0.6537697, 47.7602796], [0.6541532, 47.7604554], [0.6545422, 47.7606062], [0.6549338, 47.7607369], [0.65532, 47.7608462], [0.6557411, 47.7609439], [0.6562507, 47.7610401], [0.6573476, 47.7612411], [0.6575088, 47.7612704], [0.6605958, 47.7618415], [0.6611564, 47.7619536], [0.6615372, 47.7620346], [0.6617034, 47.762074], [0.6622481, 47.7622328], [0.6627363, 47.7624112], [0.6631655, 47.7625932], [0.6636053, 47.7628151], [0.6646379, 47.7633345], [0.6656812, 47.7638794], [0.6660755, 47.764103], [0.6664726, 47.7643493], [0.6668373, 47.7645931], [0.6671915, 47.7648488], [0.6675212, 47.7651038], [0.6678377, 47.7653683], [0.6681435, 47.7656461], [0.6684225, 47.7659201], [0.6691361, 47.7666893], [0.6694579, 47.7670216], [0.6697877, 47.7673124], [0.6701231, 47.7675836], [0.6705174, 47.7678492], [0.6709276, 47.7680743], [0.671338, 47.7682655], [0.6718342, 47.7684673], [0.6723438, 47.768635], [0.6728454, 47.7687794], [0.6743634, 47.7691921], [0.6752873, 47.769446], [0.6761817, 47.7696997], [0.6766633, 47.76982], [0.6767284, 47.7698363], [0.676791, 47.7698497], [0.6771927, 47.769936], [0.6776268, 47.7700064], [0.6780395, 47.7700485], [0.678508, 47.7700766], [0.679013, 47.7700831], [0.6794533, 47.7700628], [0.6800125, 47.7700225], [0.6801914, 47.7700063], [0.6819862, 47.7698182], [0.6824284, 47.7697786], [0.6828598, 47.769756], [0.6833241, 47.769746], [0.6838925, 47.7697423], [0.6845292, 47.7697547], [0.6852941, 47.7697925], [0.6855442, 47.7698071], [0.687395, 47.7699533], [0.6881042, 47.7699902], [0.6888706, 47.7700131], [0.6916632, 47.7700293], [0.6924116, 47.7700362], [0.6929805, 47.7700271], [0.6934972, 47.7700079], [0.6945952, 47.7699463], [0.6951531, 47.7699158], [0.6956215, 47.7699016], [0.6956639, 47.7699003], [0.6957095, 47.7698996], [0.696175, 47.7698919], [0.6962524, 47.7698926], [0.6969341, 47.7698989], [0.6976985, 47.769901], [0.6981966, 47.7699136], [0.6986694, 47.7699373], [0.6991201, 47.7699828], [0.699568, 47.7700566], [0.7000266, 47.7701483], [0.7004612, 47.7702632], [0.7009145, 47.7704062], [0.7013409, 47.7705618], [0.7017996, 47.7707731], [0.7021202, 47.7709463], [0.7021697, 47.7709731], [0.7022277, 47.7710098], [0.7025318, 47.7712021], [0.7028344, 47.7714184], [0.7030979, 47.7716236], [0.7033429, 47.771846], [0.7035619, 47.7720732], [0.7037927, 47.7723575], [0.7040132, 47.7726933], [0.7042097, 47.7730511], [0.7056345, 47.7756601], [0.7062371, 47.7767556], [0.7063225, 47.7769107], [0.7070009, 47.7781498], [0.7080082, 47.7800182], [0.7080488, 47.7800946], [0.7082246, 47.7804254], [0.7082817, 47.7805328], [0.7084136, 47.7808139], [0.7085283, 47.7811058], [0.7086601, 47.7815006], [0.7086991, 47.7815504], [0.7087782, 47.7816044], [0.7088232, 47.7816551], [0.7088225, 47.7816716], [0.7087833, 47.78171], [0.7087467, 47.781745], [0.7087486, 47.7817969], [0.7089523, 47.7823482], [0.7099247, 47.7846968], [0.710059, 47.7850229], [0.7102092, 47.7853878], [0.7103888, 47.7858063], [0.7105888, 47.7862323], [0.71075, 47.7865591], [0.7109302, 47.7868992], [0.7111476, 47.7872634], [0.7112035, 47.7873557], [0.7113737, 47.7876151], [0.7113989, 47.7876536], [0.7114537, 47.7877286], [0.7116173, 47.7879524], [0.7118917, 47.788309], [0.7125243, 47.7891047], [0.7127343, 47.7893926], [0.7129577, 47.789737], [0.7134051, 47.7904732], [0.7150327, 47.7932532], [0.715869, 47.7946919], [0.7158843, 47.7947121], [0.7159022, 47.7947364], [0.7161266, 47.7950988], [0.7163724, 47.7954611], [0.7166043, 47.7957729], [0.7169083, 47.7961706], [0.717257, 47.7966412], [0.7175254, 47.7970142], [0.7177668, 47.7973853], [0.7180189, 47.7978012], [0.7188718, 47.7992452], [0.7206555, 47.8022767], [0.7209325, 47.8027281], [0.7211678, 47.8030776], [0.7214119, 47.8034021], [0.7216426, 47.8036878], [0.7218736, 47.8039496], [0.722171, 47.8042724], [0.7243373, 47.8066057], [0.7244482, 47.8067022], [0.7244673, 47.8067225], [0.7244864, 47.8067483], [0.7245603, 47.8068247], [0.7245851, 47.8068714], [0.7260172, 47.8083745], [0.730118, 47.8127867], [0.7304344, 47.813147], [0.7306665, 47.8134366], [0.7307221, 47.813506], [0.7307756, 47.8135912], [0.7310617, 47.8140283], [0.7318101, 47.8151231], [0.731835, 47.8151611], [0.7318447, 47.8151811], [0.7318997, 47.8152598], [0.7319335, 47.8153433], [0.7324061, 47.8160671], [0.7329547, 47.8168787], [0.7331215, 47.8171003], [0.7333571, 47.8173661], [0.733611, 47.8176747], [0.7351154, 47.8193026], [0.73522, 47.8193975], [0.7352435, 47.8194149], [0.7352537, 47.819434], [0.7390925, 47.8235897], [0.7405695, 47.8252291], [0.7407009, 47.8253343], [0.740725, 47.8253703], [0.7407514, 47.8254027], [0.7422595, 47.8270316], [0.7425608, 47.8273396], [0.7428346, 47.8275959], [0.743143, 47.8278454], [0.7434516, 47.8280625], [0.7438459, 47.8283038], [0.7442241, 47.8285099], [0.7446666, 47.8287322], [0.7452782, 47.8290268], [0.7458218, 47.8293119], [0.745932, 47.8293574], [0.7460128, 47.8293971], [0.7460428, 47.8294115], [0.7461395, 47.8294613], [0.7480328, 47.8303951], [0.7499613, 47.8313416], [0.7519132, 47.8323321], [0.7532246, 47.8329624], [0.7530935, 47.8331063]]]}, "properties": {"name": "Voie verte Bessé-sur-Braye / Montabon", "route": "bicycle", "type": "route", "id": "relation/20181708", "distance": 34.26, "dureeEstim": 8.56, "denivelePo": null, "deniveleNe": null, "altiMax": null, "altiMin": null}}]}