{
"type": "FeatureCollection",
"name": "rga_2025_loir_luce_berce",
"crs": { "type": "name", "properties": { "name": "urn:ogc:def:crs:OGC:1.3:CRS84" } },
"features": [
{ "type": "Feature", "properties": { "gid": 830, "insee_dep": "72", "niveau": 1.0, "surf_m2": 168.619 }, "geometry": { "type": "Polygon", "coordinates": [ [ [ 0.56027169627927, 47.804626413484122 ], [ 0.560164494388855, 47.804622455997055 ], [ 0.560658020007405, 47.804942252779533 ], [ 0.560385992309149, 47.804698584197524 ], [ 0.56027169627927, 47.804626413484122 ] ] ] } },
{ "type": "Feature", "properties": { "gid": 2833, "insee_dep": "72", "niveau": 1.0, "surf_m2": 18.396 }, "geometry": { "type": "Polygon", "coordinates": [ [ [ 0.484476756932287, 47.886281128257465 ], [ 0.484487752683621, 47.8863897406519 ], [ 0.484541368428562, 47.886516417096182 ], [ 0.484476756932287, 47.886281128257465 ] ] ] } },
{ "type": "Feature", "properties": { "gid": 3719, "insee_dep": "72", "niveau": 1.0, "surf_m2": 61797.31 }, "geometry": { "type": "Polygon", "coordinates": [ [ [ 0.412825813953829, 47.688558092299004 ], [ 0.412753709349274, 47.687908341858744 ], [ 0.412800049059895, 47.687291932398637 ], [ 0.412837546553051, 47.687120856569756 ], [ 0.41307560862077, 47.686472831369244 ], [ 0.412816883090717, 47.686757582396467 ], [ 0.412679929961573, 47.68688175512596 ], [ 0.411863708380242, 47.687409128876332 ], [ 0.411612116770636, 47.687930218364748 ], [ 0.411300571349781, 47.688647239667915 ], [ 0.411178220077664, 47.6888069593628 ], [ 0.411014103153423, 47.688944934883395 ], [ 0.410641204406592, 47.689197778261196 ], [ 0.410322017456213, 47.689488590021313 ], [ 0.409951004645334, 47.690040768931958 ], [ 0.409894409692949, 47.690237857476852 ], [ 0.409975090734575, 47.690517728135646 ], [ 0.410371779934669, 47.690886031031759 ], [ 0.410865261317936, 47.69160689347359 ], [ 0.411567510780338, 47.691436073647111 ], [ 0.411971439950133, 47.691400070338752 ], [ 0.412260285317038, 47.690907711817594 ], [ 0.412410783345869, 47.690751295988036 ], [ 0.412587451500365, 47.690630385459045 ], [ 0.412342261354138, 47.689857922019378 ], [ 0.412316873226299, 47.689612993926474 ], [ 0.412442292845644, 47.689058264837293 ], [ 0.412504886569621, 47.688894342189791 ], [ 0.41261182983893, 47.688741233378877 ], [ 0.412825813953829, 47.688558092299004 ] ] ] } },
{ "type": "Feature", "properties": { "gid": 4694, "insee_dep": "72", "niveau": 1.0, "surf_m2": 460541.518 }, "geometry": { "type": "Polygon", "coordinates": [ [ [ 0.402475115081419, 47.745029089943714 ], [ 0.401589109316661, 47.745130964507148 ], [ 0.401659592858263, 47.745175514616349 ], [ 0.401964118375024, 47.745434551819208 ], [ 0.402131025606525, 47.745652108475724 ], [ 0.402236129560968, 47.746000285054222 ], [ 0.40224002028947, 47.746267840567853 ], [ 0.40212711921141, 47.74652434396809 ], [ 0.401907401960545, 47.746747127566785 ], [ 0.401600286466862, 47.746916500408005 ], [ 0.401232913773351, 47.747017494277017 ], [ 0.401035756017593, 47.747038233840968 ], [ 0.400813387842103, 47.747097019944128 ], [ 0.400556756862417, 47.747128916555688 ], [ 0.40029582781894, 47.747126519382341 ], [ 0.399918156974537, 47.747059180556079 ], [ 0.399521777035465, 47.746916913711139 ], [ 0.399319933306756, 47.746824831849764 ], [ 0.399146281066988, 47.746709529988856 ], [ 0.398727300777163, 47.746370653214662 ], [ 0.39813771479583, 47.746108143049184 ], [ 0.397824249132331, 47.745916156031399 ], [ 0.397560511708907, 47.745997904611727 ], [ 0.397245906754133, 47.745936497052689 ], [ 0.396759056680538, 47.745911106022426 ], [ 0.396481430404609, 47.745929265343257 ], [ 0.395991042646794, 47.746007489981729 ], [ 0.395727224433219, 47.746022992003503 ], [ 0.39546008223968, 47.7459674914613 ], [ 0.395250848034011, 47.745949989506506 ], [ 0.39501532441954, 47.745949348087315 ], [ 0.394710635871782, 47.745983083479956 ], [ 0.394544410380114, 47.745910639609811 ], [ 0.394366025431614, 47.745855500533153 ], [ 0.394194167903251, 47.745875253730333 ], [ 0.393940944557212, 47.745887831249156 ], [ 0.39362851400254, 47.745867161125858 ], [ 0.393339783883594, 47.745874180037298 ], [ 0.393178654241213, 47.746008290303358 ], [ 0.392882810598377, 47.746160770039189 ], [ 0.39206029089986, 47.746406915322936 ], [ 0.391788255205602, 47.746446096849247 ], [ 0.391242014536286, 47.746445597368442 ], [ 0.390752448344711, 47.746558871144991 ], [ 0.389869591348073, 47.746692353273502 ], [ 0.389262927463176, 47.74686678266545 ], [ 0.388799840528271, 47.747110671365377 ], [ 0.388147886764958, 47.747317272153246 ], [ 0.38792171900037, 47.747371547479396 ], [ 0.387303790135054, 47.747475887823946 ], [ 0.386154741272104, 47.747559552381659 ], [ 0.38543714246945, 47.747679683909965 ], [ 0.385066686637642, 47.747789140165352 ], [ 0.384821325016533, 47.747977766196833 ], [ 0.384330593912129, 47.74826674938722 ], [ 0.383967463826339, 47.748529011837448 ], [ 0.383767228428406, 47.748633777625876 ], [ 0.383770629775075, 47.748676696794959 ], [ 0.383722888373838, 47.748932212894225 ], [ 0.383626726179378, 47.749099205114106 ], [ 0.383483429125944, 47.74925004508134 ], [ 0.383212452759023, 47.749423154381617 ], [ 0.383006037095117, 47.749628549221562 ], [ 0.382809164671777, 47.74974838530887 ], [ 0.382581041545309, 47.749839600102426 ], [ 0.382330679264593, 47.749898591993521 ], [ 0.382017105327417, 47.749922610858086 ], [ 0.381897079286291, 47.749919050691716 ], [ 0.381219582030902, 47.750727972279201 ], [ 0.381035075154921, 47.751112014757837 ], [ 0.380961063863163, 47.751438301483311 ], [ 0.380832138912196, 47.751665010594202 ], [ 0.380398845517775, 47.752186054149981 ], [ 0.380305235904953, 47.752265597326023 ], [ 0.380011106781174, 47.752451019373545 ], [ 0.38032005505131, 47.752411155218837 ], [ 0.380713431228418, 47.752293546861488 ], [ 0.38113056530623, 47.752195970850252 ], [ 0.381269465104082, 47.751899368751808 ], [ 0.381396204088251, 47.751709035281927 ], [ 0.382001327737155, 47.75102550328959 ], [ 0.382420679417096, 47.750518169017255 ], [ 0.382725044891999, 47.750097970936409 ], [ 0.382881908213561, 47.749956407289432 ], [ 0.383235706912951, 47.749695143465267 ], [ 0.383446026462723, 47.749569424213718 ], [ 0.384255424476486, 47.749179948191333 ], [ 0.384877112291833, 47.748914224729909 ], [ 0.385122954316252, 47.748739579371076 ], [ 0.38542000600698, 47.748350908316851 ], [ 0.385668572065795, 47.748154716993945 ], [ 0.385989463506027, 47.748014157578773 ], [ 0.386300492059402, 47.747936457952214 ], [ 0.386542535061476, 47.747896044658141 ], [ 0.386791500395191, 47.747886704510769 ], [ 0.387444414136683, 47.747924826651719 ], [ 0.388514095161798, 47.748165077518387 ], [ 0.389090938725754, 47.747914838471921 ], [ 0.389349047045674, 47.747747658894987 ], [ 0.389570931064836, 47.74764873299776 ], [ 0.389947000445527, 47.747560563129632 ], [ 0.390745056326506, 47.747463957684296 ], [ 0.39141696477496, 47.747461274461685 ], [ 0.392766012525907, 47.747488428678523 ], [ 0.39327954011761, 47.747571169365386 ], [ 0.39359211750499, 47.747571124826614 ], [ 0.393985262694071, 47.747515832662231 ], [ 0.394207794469107, 47.747415907603987 ], [ 0.394440945660208, 47.747351257493726 ], [ 0.395025386276026, 47.747271691623105 ], [ 0.395608581146238, 47.747268481236624 ], [ 0.395923705977513, 47.747288733028093 ], [ 0.396277418769385, 47.747216816310413 ], [ 0.396608111002383, 47.747185702992311 ], [ 0.396933179585146, 47.747184340704521 ], [ 0.397153303073125, 47.747197649268543 ], [ 0.397448780083228, 47.747246446383031 ], [ 0.398649761778143, 47.747353748456518 ], [ 0.399287226595107, 47.747295646153894 ], [ 0.399940198684898, 47.747276384529634 ], [ 0.401061519184031, 47.747164585219465 ], [ 0.401389965424409, 47.74709723597838 ], [ 0.401867101120921, 47.747041032250124 ], [ 0.402119582831512, 47.747037635303883 ], [ 0.402382799614074, 47.747055963693093 ], [ 0.402754739411401, 47.747147859915707 ], [ 0.403070299622476, 47.747309342474345 ], [ 0.403364815856484, 47.747558566142168 ], [ 0.403432087290604, 47.747637504410434 ], [ 0.403529558363737, 47.747807070353808 ], [ 0.403591364757237, 47.748026054127543 ], [ 0.403635481282895, 47.748301515765718 ], [ 0.403673849702054, 47.748781088528204 ], [ 0.403633077107372, 47.749526874724637 ], [ 0.403515485245266, 47.749839550920875 ], [ 0.403876464823726, 47.750063504873054 ], [ 0.40429592418205, 47.750159913 ], [ 0.404512992000158, 47.750251999958977 ], [ 0.404699937560241, 47.750370386736783 ], [ 0.404849856945939, 47.750510702309171 ], [ 0.404957215457149, 47.750667765825 ], [ 0.405018047972464, 47.750835777431007 ], [ 0.405017976205499, 47.75109235386136 ], [ 0.405238325091929, 47.751098793356753 ], [ 0.405496050067741, 47.751139871338211 ], [ 0.405736674169029, 47.751214459323094 ], [ 0.406039222624935, 47.751334066947436 ], [ 0.406698454307062, 47.751590690509289 ], [ 0.406993533355538, 47.751247505943446 ], [ 0.40715657330665, 47.750976171090024 ], [ 0.407267330800464, 47.750731075545374 ], [ 0.407272937123631, 47.750513814731931 ], [ 0.407311448103679, 47.750364039024269 ], [ 0.407516040553465, 47.749858239256298 ], [ 0.407647526192969, 47.749684939659069 ], [ 0.407790424999379, 47.749538261998566 ], [ 0.408089622409562, 47.749079174106441 ], [ 0.408235345634238, 47.748713787416435 ], [ 0.408365688719237, 47.748266150457063 ], [ 0.408400999128251, 47.748213949686196 ], [ 0.408778155584866, 47.748025989653812 ], [ 0.408971432158131, 47.747956273974403 ], [ 0.40934296845512, 47.747855875030716 ], [ 0.409749858347828, 47.74770786653383 ], [ 0.410088653732139, 47.747559399813362 ], [ 0.410438269593737, 47.747384624853176 ], [ 0.410946897557215, 47.747033728172518 ], [ 0.411276090195443, 47.747043400178171 ], [ 0.411601526569359, 47.747023696666844 ], [ 0.411937359959156, 47.746974684819328 ], [ 0.412067931480493, 47.746942711792684 ], [ 0.412294162391041, 47.74687382843652 ], [ 0.41250247989615, 47.746780108251109 ], [ 0.41268116797585, 47.74666178941299 ], [ 0.412832076616705, 47.74653652189415 ], [ 0.413154025927132, 47.746516537139506 ], [ 0.413309533861302, 47.74649132849126 ], [ 0.413263230443506, 47.746438113122622 ], [ 0.413076940487969, 47.746136877632573 ], [ 0.413025011199585, 47.745969714507112 ], [ 0.413002502071365, 47.745787093008822 ], [ 0.413038813696853, 47.745529923739554 ], [ 0.413135543031963, 47.74527635926745 ], [ 0.413277142503031, 47.745016952360565 ], [ 0.413282938433102, 47.744898952598589 ], [ 0.413333588654535, 47.744724666951477 ], [ 0.413433992931235, 47.744560481742084 ], [ 0.413668838957852, 47.744346960422014 ], [ 0.413872676304374, 47.74423453038137 ], [ 0.414164788619923, 47.744137105527102 ], [ 0.41402000087145, 47.74406341725301 ], [ 0.413842866311681, 47.74393530546628 ], [ 0.413671644828728, 47.743733254568227 ], [ 0.413596452653686, 47.743567501776077 ], [ 0.412988329184886, 47.743765522578919 ], [ 0.412676936726534, 47.743836589290737 ], [ 0.412459723236348, 47.743866712037992 ], [ 0.412264486370035, 47.744008039663626 ], [ 0.412215374044541, 47.743923132292807 ], [ 0.412258055741405, 47.744082384842521 ], [ 0.412279183166244, 47.744256283356698 ], [ 0.412250168290948, 47.744429664751507 ], [ 0.412172099124776, 47.744596011608294 ], [ 0.412047912010095, 47.744749072455363 ], [ 0.411882272167129, 47.744883095981542 ], [ 0.411681403160332, 47.744993044316551 ], [ 0.411358047871313, 47.745145229410817 ], [ 0.410993528146792, 47.745251613351336 ], [ 0.410731555324452, 47.74528002239385 ], [ 0.410466428665333, 47.745272908986855 ], [ 0.410208630601265, 47.745230555495517 ], [ 0.409968352859985, 47.74515463556569 ], [ 0.409755096129534, 47.745048153020704 ], [ 0.409577291614852, 47.744915315492783 ], [ 0.409257472793105, 47.744554011071386 ], [ 0.40923049232669, 47.744516450574082 ], [ 0.408932008107777, 47.744555625381693 ], [ 0.408740262510585, 47.744603273010156 ], [ 0.408887209398391, 47.744703151848299 ], [ 0.40910468669349, 47.744897828470421 ], [ 0.409244781518402, 47.74510073796241 ], [ 0.409327834470236, 47.745269564681792 ], [ 0.409356598212948, 47.745535128583811 ], [ 0.40926890315199, 47.745794747350125 ], [ 0.409149122467938, 47.745953220446054 ], [ 0.408986182568195, 47.746112138237109 ], [ 0.408549409377346, 47.746404342550605 ], [ 0.408237477837284, 47.746558711992591 ], [ 0.407872998565649, 47.746646241073925 ], [ 0.40761584354241, 47.746663573530391 ], [ 0.4073585578051, 47.746647148828288 ], [ 0.407110789232699, 47.746597584143842 ], [ 0.406881834103856, 47.746516737979611 ], [ 0.406562125680672, 47.746370524310052 ], [ 0.406217743319628, 47.746123546307842 ], [ 0.405483465029995, 47.7457781491308 ], [ 0.40478936002951, 47.745306819542911 ], [ 0.40461686480785, 47.745261372512587 ], [ 0.404341154686044, 47.745237223670969 ], [ 0.404202003475998, 47.74523979533852 ], [ 0.403954893764269, 47.745269838248959 ], [ 0.403620700210994, 47.745136091356144 ], [ 0.40349112067531, 47.745099492410205 ], [ 0.403218494181906, 47.745054768184374 ], [ 0.402966788621792, 47.745034868807274 ], [ 0.402475115081419, 47.745029089943714 ] ] ] } },
{ "type": "Feature", "properties": { "gid": 6186, "insee_dep": "72", "niveau": 1.0, "surf_m2": 440.026 }, "geometry": { "type": "Polygon", "coordinates": [ [ [ 0.505139622125939, 47.749593874404859 ], [ 0.505553102072593, 47.749387193824795 ], [ 0.505300130678228, 47.749420603513705 ], [ 0.504962938725201, 47.749437903086687 ], [ 0.504918411666024, 47.749464182108319 ], [ 0.505139622125939, 47.749593874404859 ] ] ] } },
{ "type": "Feature", "properties": { "gid": 7314, "insee_dep": "72", "niveau": 1.0, "surf_m2": 232.208 }, "geometry": { "type": "Polygon", "coordinates": [ [ [ 0.451753779011807, 47.75813705528428 ], [ 0.45161841626557, 47.758241622091631 ], [ 0.451423937280304, 47.758469304304114 ], [ 0.451589860870534, 47.758439533799816 ], [ 0.451753779011807, 47.75813705528428 ] ] ] } },
{ "type": "Feature", "properties": { "gid": 10277, "insee_dep": "72", "niveau": 1.0, "surf_m2": 42734.031 }, "geometry": { "type": "Polygon", "coordinates": [ [ [ 0.444343541682817, 47.840642292369061 ], [ 0.445007854686226, 47.840538708285791 ], [ 0.44570575574592, 47.840468038587801 ], [ 0.445135494900757, 47.840436717411116 ], [ 0.444771186524594, 47.840391599836316 ], [ 0.444499639833281, 47.840386091266964 ], [ 0.443884343374745, 47.840432710327413 ], [ 0.443355871894663, 47.840451124887089 ], [ 0.442768882059343, 47.840428480706791 ], [ 0.442636467165681, 47.840414330401515 ], [ 0.442381254231917, 47.840359686957356 ], [ 0.44196040659799, 47.840206909643975 ], [ 0.441765801614, 47.840117911385157 ], [ 0.441464860508948, 47.839936767724431 ], [ 0.441204197861455, 47.839975793038668 ], [ 0.44081946213311, 47.840008749091339 ], [ 0.440025324471341, 47.84004966027846 ], [ 0.439513616177538, 47.840004815090069 ], [ 0.439122361427946, 47.839927632441054 ], [ 0.438677911787759, 47.840061113348646 ], [ 0.438406677138195, 47.840114594544708 ], [ 0.437886385215294, 47.840142485728009 ], [ 0.437371082315587, 47.840108620326184 ], [ 0.437279462444577, 47.840117128981142 ], [ 0.43730335438165, 47.840212488920798 ], [ 0.437306445852283, 47.840387326406344 ], [ 0.437259264087238, 47.840559267690267 ], [ 0.437194329211943, 47.84067620457764 ], [ 0.437135446813501, 47.840754665995703 ], [ 0.437494811186318, 47.84083401808887 ], [ 0.43780414581168, 47.84095237557186 ], [ 0.438216457266758, 47.841013619538607 ], [ 0.43842737456052, 47.84102246804941 ], [ 0.438886848318104, 47.840945321859429 ], [ 0.439742382583257, 47.840941786615595 ], [ 0.440014488760541, 47.840960979402517 ], [ 0.440146926878677, 47.840984521462701 ], [ 0.440444563516905, 47.841078321731253 ], [ 0.441218091442173, 47.840868096943289 ], [ 0.441580747791321, 47.840778629530924 ], [ 0.4418295575611, 47.84073497652598 ], [ 0.442498138250887, 47.840702716010313 ], [ 0.442783517704172, 47.840711316033556 ], [ 0.443059666364745, 47.840760540449686 ], [ 0.443326568925407, 47.840846688944126 ], [ 0.443461844023855, 47.840850816447265 ], [ 0.443750019070403, 47.84076783878804 ], [ 0.444343541682817, 47.840642292369061 ] ] ] } },
{ "type": "Feature", "properties": { "gid": 10278, "insee_dep": "72", "niveau": 1.0, "surf_m2": 0.303 }, "geometry": { "type": "Polygon", "coordinates": [ [ [ 0.493601519161779, 47.819116864595216 ], [ 0.493632881147029, 47.819137860524144 ], [ 0.493583577675453, 47.819102531840301 ], [ 0.493601519161779, 47.819116864595216 ] ] ] } },
{ "type": "Feature", "properties": { "gid": 11731, "insee_dep": "72", "niveau": 1.0, "surf_m2": 1794.771 }, "geometry": { "type": "Polygon", "coordinates": [ [ [ 0.42966934527487, 47.733349186881057 ], [ 0.429696781930905, 47.733660166881656 ], [ 0.429682361546425, 47.733928395056232 ], [ 0.429910140800304, 47.73372955756637 ], [ 0.430144105784909, 47.733361568664023 ], [ 0.430013550163722, 47.733288490432962 ], [ 0.429715700661887, 47.733057248615992 ], [ 0.42966934527487, 47.733349186881057 ] ] ] } },
{ "type": "Feature", "properties": { "gid": 11732, "insee_dep": "72", "niveau": 1.0, "surf_m2": 7114.568 }, "geometry": { "type": "Polygon", "coordinates": [ [ [ 0.423493981325351, 47.838944508544152 ], [ 0.423497337390102, 47.838933026463813 ], [ 0.423192180102276, 47.838895875745159 ], [ 0.422684720678282, 47.838779313333859 ], [ 0.422704367633684, 47.838876877110266 ], [ 0.422707926524633, 47.838999689616273 ], [ 0.422667294330218, 47.839174183432995 ], [ 0.422576824355342, 47.839339974390931 ], [ 0.422440002472574, 47.839490677192032 ], [ 0.422339323637572, 47.839580409777177 ], [ 0.42251198498317, 47.839669866330311 ], [ 0.422887509188745, 47.839804624800017 ], [ 0.423148635863381, 47.839873174333569 ], [ 0.423275711353066, 47.839835159333226 ], [ 0.423531370163193, 47.839764763933701 ], [ 0.423465543421348, 47.839116044150913 ], [ 0.423493981325351, 47.838944508544152 ] ] ] } },
{ "type": "Feature", "properties": { "gid": 13744, "insee_dep": "72", "niveau": 1.0, "surf_m2": 121.41 }, "geometry": { "type": "Polygon", "coordinates": [ [ [ 0.468172133845111, 47.712455429346583 ], [ 0.468226381197494, 47.712340426875976 ], [ 0.468240740495177, 47.712256823155812 ], [ 0.468144357490095, 47.712383673050226 ], [ 0.468026151893125, 47.712647966789056 ], [ 0.468172133845111, 47.712455429346583 ] ] ] } },
{ "type": "Feature", "properties": { "gid": 15709, "insee_dep": "72", "niveau": 1.0, "surf_m2": 21148.91 }, "geometry": { "type": "Polygon", "coordinates": [ [ [ 0.384649151956343, 47.769992198900496 ], [ 0.384938927885474, 47.76976219901708 ], [ 0.385430308712803, 47.769507457749867 ], [ 0.385694879604319, 47.769424600482118 ], [ 0.385989596993971, 47.769357562559982 ], [ 0.386273028273355, 47.769315532663349 ], [ 0.386764553339711, 47.769314246238963 ], [ 0.387107561941419, 47.769363344630499 ], [ 0.387015668901164, 47.769260733791839 ], [ 0.386951581362392, 47.769164491495154 ], [ 0.386885368756917, 47.768996682733757 ], [ 0.386868187312931, 47.768823424997542 ], [ 0.386892704835936, 47.768681599679454 ], [ 0.386919937122156, 47.768604502730881 ], [ 0.38624041763288, 47.768634627063875 ], [ 0.38610020335632, 47.768697531632235 ], [ 0.385640959940722, 47.769103249880381 ], [ 0.385444966172755, 47.769243037078752 ], [ 0.385061920238699, 47.769425723410876 ], [ 0.384561592909077, 47.769704972908116 ], [ 0.384345563206812, 47.769803277308704 ], [ 0.383112665602168, 47.770249203414778 ], [ 0.38214286688038, 47.77046825083282 ], [ 0.381907980938093, 47.770491462841129 ], [ 0.380955196441979, 47.77053446653278 ], [ 0.38083458672087, 47.770602531281213 ], [ 0.380620017915367, 47.770689362821038 ], [ 0.380527013668826, 47.770716335027657 ], [ 0.381288315933197, 47.770999723718241 ], [ 0.381785056177806, 47.771037515129755 ], [ 0.38223304621005, 47.771027248355487 ], [ 0.38249847495636, 47.770965015058273 ], [ 0.382749285628058, 47.770877109051227 ], [ 0.382903867396084, 47.770719543590069 ], [ 0.383312353428853, 47.770394947463025 ], [ 0.383711826860147, 47.770175773320716 ], [ 0.383955501158765, 47.770090477181895 ], [ 0.384085795582445, 47.77006093955606 ], [ 0.384649151956343, 47.769992198900496 ] ] ] } },
{ "type": "Feature", "properties": { "gid": 17589, "insee_dep": "72", "niveau": 1.0, "surf_m2": 212730.091 }, "geometry": { "type": "Polygon", "coordinates": [ [ [ 0.337673567569233, 47.70075459025238 ], [ 0.337613012867788, 47.700908984773015 ], [ 0.336780536355117, 47.702109382206139 ], [ 0.335875839654723, 47.703107977314993 ], [ 0.33532910237627, 47.703518270460144 ], [ 0.335334090879643, 47.703532887070182 ], [ 0.335348867579729, 47.70358646155551 ], [ 0.335354644601834, 47.703616577093356 ], [ 0.335649383205184, 47.703926379480748 ], [ 0.335772733175254, 47.704146415928498 ], [ 0.336206278628353, 47.705665245566941 ], [ 0.336235633124276, 47.705823452368165 ], [ 0.336223172310529, 47.705982672594068 ], [ 0.336071079033574, 47.706657620444126 ], [ 0.335776523770989, 47.707163610724521 ], [ 0.335513343086485, 47.707468099445563 ], [ 0.335620284221452, 47.707404046374016 ], [ 0.335844921836654, 47.707306421864985 ], [ 0.336578566719548, 47.707119171525164 ], [ 0.337266687865641, 47.707024922885147 ], [ 0.337757064315158, 47.707007157506858 ], [ 0.338001513647287, 47.707026999138058 ], [ 0.338347718818492, 47.707112510982959 ], [ 0.338950466661271, 47.707380675315868 ], [ 0.339135340538796, 47.707503278065431 ], [ 0.339900430440133, 47.70812026848801 ], [ 0.339785344634062, 47.707634371966719 ], [ 0.339588778874718, 47.706600941664156 ], [ 0.338871683104648, 47.705944657537692 ], [ 0.338428751116331, 47.705567355012811 ], [ 0.338313397106508, 47.705423361300561 ], [ 0.338150701583604, 47.705079472903364 ], [ 0.338123026645117, 47.704884472141707 ], [ 0.338157289924845, 47.704551509645071 ], [ 0.33824239868764, 47.704377671267359 ], [ 0.338443060854973, 47.704075222657806 ], [ 0.338574348540151, 47.70392053312456 ], [ 0.338748227613305, 47.703786345413192 ], [ 0.338957877760258, 47.703677922010044 ], [ 0.339244442876295, 47.703578272032139 ], [ 0.338763953391772, 47.703250088388451 ], [ 0.33861373133036, 47.703126563798328 ], [ 0.338498240908483, 47.702987052647067 ], [ 0.338304785579175, 47.702680415026755 ], [ 0.338193026635812, 47.702288012210659 ], [ 0.338229238778102, 47.701464665183046 ], [ 0.338454840111905, 47.700153903331866 ], [ 0.338626306899288, 47.699491960596951 ], [ 0.338970256110284, 47.698546444497104 ], [ 0.339293700710427, 47.697843370625662 ], [ 0.339513896035615, 47.697459627603671 ], [ 0.339854011279332, 47.697015751197263 ], [ 0.340174734076699, 47.696718305707854 ], [ 0.340771428101028, 47.696320551873121 ], [ 0.341084971836544, 47.696100842752834 ], [ 0.341207378126674, 47.695905817454346 ], [ 0.340973342420184, 47.695446850684327 ], [ 0.340838507354788, 47.695037017525458 ], [ 0.340787036012634, 47.694745778498699 ], [ 0.340755931744685, 47.694245308468652 ], [ 0.340773693624477, 47.69384602967498 ], [ 0.340837251691736, 47.693536547534883 ], [ 0.341020336036571, 47.69307241160169 ], [ 0.341469074226279, 47.692344042845761 ], [ 0.34145850961631, 47.691520600310412 ], [ 0.341285050846131, 47.691512645607297 ], [ 0.341108478678008, 47.691496021663873 ], [ 0.340928717521692, 47.691463114419385 ], [ 0.340925679615052, 47.691497267482212 ], [ 0.340921954276002, 47.69157193115025 ], [ 0.340913483065717, 47.691634779288535 ], [ 0.340885848861058, 47.691653963563802 ], [ 0.340879846242585, 47.691667335777204 ], [ 0.340891194717804, 47.691707219561231 ], [ 0.340890956106491, 47.691738734541659 ], [ 0.34085860665998, 47.691772220889312 ], [ 0.34082728953841, 47.691785017299061 ], [ 0.340787964110846, 47.691824649033364 ], [ 0.340794342266691, 47.691857215103163 ], [ 0.34081901415826, 47.691897401947934 ], [ 0.340825498552501, 47.691981303661159 ], [ 0.340808796607522, 47.692155636849328 ], [ 0.340814456639713, 47.692202595902685 ], [ 0.340838783837587, 47.692222962068719 ], [ 0.341088054269302, 47.692252947378975 ], [ 0.341188550148759, 47.692270542879797 ], [ 0.341231620235559, 47.69228953405689 ], [ 0.341244615613439, 47.692323151160195 ], [ 0.341259108874582, 47.692380217474323 ], [ 0.34124977122667, 47.692487174445695 ], [ 0.341203741700988, 47.692607706273805 ], [ 0.341091348923556, 47.692748342756332 ], [ 0.340870043911939, 47.692826162925101 ], [ 0.340613635326768, 47.693019359331636 ], [ 0.340560103455975, 47.693129813849303 ], [ 0.340540931247884, 47.693353622761357 ], [ 0.340405530230523, 47.693741395363375 ], [ 0.340269584339102, 47.693899506912786 ], [ 0.34013215714565, 47.69416745563867 ], [ 0.340082825036728, 47.694207772557363 ], [ 0.34010643985778, 47.694453213334285 ], [ 0.339910087246607, 47.695407798134177 ], [ 0.339867327670671, 47.695500872091181 ], [ 0.33973852249626, 47.695674972303301 ], [ 0.338970974888598, 47.696480647768567 ], [ 0.338559225954942, 47.697364988424894 ], [ 0.338115634518924, 47.698243997016448 ], [ 0.337862496844979, 47.700018657368283 ], [ 0.337673567569233, 47.70075459025238 ] ] ] } },
{ "type": "Feature", "properties": { "gid": 19507, "insee_dep": "72", "niveau": 1.0, "surf_m2": 1177.629 }, "geometry": { "type": "Polygon", "coordinates": [ [ [ 0.401385366571361, 47.643425357658245 ], [ 0.401563122622516, 47.643623060118777 ], [ 0.401698109118655, 47.643882465276704 ], [ 0.402020963428533, 47.643796683347844 ], [ 0.40186493487113, 47.643518784453128 ], [ 0.401664945082201, 47.64346172720947 ], [ 0.401385366571361, 47.643425357658245 ] ] ] } },
{ "type": "Feature", "properties": { "gid": 19509, "insee_dep": "72", "niveau": 1.0, "surf_m2": 266587.436 }, "geometry": { "type": "Polygon", "coordinates": [ [ [ 0.435704674020988, 47.774315208419729 ], [ 0.43594633060121, 47.774384056138423 ], [ 0.436259956249436, 47.774543405858616 ], [ 0.436491239354156, 47.774757370569482 ], [ 0.436720321576828, 47.775139074223247 ], [ 0.436751144181788, 47.775205136445386 ], [ 0.43718639890219, 47.775152069958239 ], [ 0.437272444861299, 47.775133762887641 ], [ 0.43736240157124, 47.775090006604636 ], [ 0.437490757020986, 47.775041086884734 ], [ 0.437855799570332, 47.774911226210222 ], [ 0.438059878331664, 47.774787759237995 ], [ 0.438094535595764, 47.774734337675874 ], [ 0.438141875427593, 47.774474351058743 ], [ 0.438276321644812, 47.774188937907169 ], [ 0.438376361399251, 47.774037245327925 ], [ 0.438599286930875, 47.773839244263755 ], [ 0.439080956469014, 47.773524314267959 ], [ 0.439452128436331, 47.773362326762062 ], [ 0.439687463524597, 47.773284401935761 ], [ 0.440063157707052, 47.773189581980475 ], [ 0.44024833607955, 47.773120731618519 ], [ 0.440605045833383, 47.77303704843392 ], [ 0.440792568016779, 47.772906773663372 ], [ 0.44088267148871, 47.772807078581465 ], [ 0.441041834698635, 47.77267956592609 ], [ 0.441338837182499, 47.772530647941423 ], [ 0.441727929482176, 47.772417871319711 ], [ 0.442130170743347, 47.772336005052736 ], [ 0.442517010663694, 47.772303349528428 ], [ 0.443159938536218, 47.772222325828409 ], [ 0.443881691070318, 47.771826025543213 ], [ 0.44413316678483, 47.771735769755139 ], [ 0.444510226367609, 47.77164167886955 ], [ 0.444774977086727, 47.771600677297634 ], [ 0.445054292545857, 47.771592566890142 ], [ 0.445329989582534, 47.771623847779225 ], [ 0.445702734891125, 47.771713295205522 ], [ 0.445747805702153, 47.771608471859892 ], [ 0.445740607693969, 47.771542505992123 ], [ 0.445843737926519, 47.771314435493721 ], [ 0.445814381790297, 47.77129450002171 ], [ 0.445478372983178, 47.771014481820671 ], [ 0.445367396870544, 47.770851559170652 ], [ 0.445317072712906, 47.770715892463706 ], [ 0.444996676191472, 47.770638093905802 ], [ 0.444645564460696, 47.770583691019205 ], [ 0.444288923568803, 47.77046561951898 ], [ 0.444086841640656, 47.770349602518685 ], [ 0.443922798732025, 47.770208925847001 ], [ 0.443761770208924, 47.769964055071796 ], [ 0.443714767989371, 47.769698079381541 ], [ 0.443763623686795, 47.769423609195876 ], [ 0.443624058217344, 47.768999447582488 ], [ 0.443583357511731, 47.768756785581438 ], [ 0.443579761230052, 47.768578955185376 ], [ 0.443628101925949, 47.768404121008324 ], [ 0.443726489843481, 47.768239107201509 ], [ 0.443871086067291, 47.768090358513476 ], [ 0.444152206524256, 47.767915075875266 ], [ 0.444031850148473, 47.767796358773872 ], [ 0.443926714597643, 47.767635371744277 ], [ 0.443860613351378, 47.767375845141352 ], [ 0.443982618106634, 47.766349811559969 ], [ 0.444091967342597, 47.76601720096378 ], [ 0.443943781422778, 47.765920987535189 ], [ 0.443821884406759, 47.76581609605779 ], [ 0.443635824952933, 47.766003186244376 ], [ 0.443434082339739, 47.766128966603482 ], [ 0.443308559045843, 47.766185281770319 ], [ 0.443110939064182, 47.766626155537573 ], [ 0.442870343337803, 47.767282921717445 ], [ 0.442800882055506, 47.767741707952545 ], [ 0.442382923663411, 47.769050448115252 ], [ 0.442142042020451, 47.769402726819159 ], [ 0.441963487372376, 47.769605618324945 ], [ 0.441766694949601, 47.769901466603109 ], [ 0.441609001461114, 47.7700385721134 ], [ 0.441366313461419, 47.770174021836162 ], [ 0.441367531212902, 47.770199312157672 ], [ 0.441306995564912, 47.770199845243177 ], [ 0.441026790048706, 47.770282094648593 ], [ 0.441127257166338, 47.770533288486327 ], [ 0.441132478531241, 47.770708962621626 ], [ 0.441086968235361, 47.770881972865169 ], [ 0.440927254458234, 47.771159373627839 ], [ 0.440792470022273, 47.771303960384181 ], [ 0.440520780722407, 47.771482344646877 ], [ 0.440302821049545, 47.771569361464081 ], [ 0.440064402780625, 47.771627058573927 ], [ 0.43981411117306, 47.771653358790147 ], [ 0.439309205400391, 47.771649229345165 ], [ 0.438966397334459, 47.771686597823624 ], [ 0.438832564951947, 47.771684346820713 ], [ 0.438569254212314, 47.771652885675877 ], [ 0.438320528211529, 47.771586679974703 ], [ 0.438204786010297, 47.771541326829279 ], [ 0.437996350197764, 47.771428392995603 ], [ 0.43782548267069, 47.771289722182075 ], [ 0.437676541194765, 47.771088282868625 ], [ 0.43729587101929, 47.770988162225379 ], [ 0.437070799155827, 47.770969419424986 ], [ 0.436995974583529, 47.771186060153745 ], [ 0.436937352133765, 47.771480002049977 ], [ 0.436791205560454, 47.771709168925973 ], [ 0.436446334944295, 47.772029391961546 ], [ 0.436232768812693, 47.772200611261837 ], [ 0.435934873917682, 47.772374348361524 ], [ 0.435574735706162, 47.772481921046911 ], [ 0.435070877138257, 47.772523815979191 ], [ 0.434823323145854, 47.772613966605817 ], [ 0.433533456135026, 47.772968055161783 ], [ 0.431775726146867, 47.773330059412267 ], [ 0.431602887841259, 47.773539504345223 ], [ 0.431431417764505, 47.773818983663944 ], [ 0.431465764043188, 47.773818540292204 ], [ 0.431971376523847, 47.773864524694581 ], [ 0.432216440868459, 47.773905943590698 ], [ 0.432445544331222, 47.77397774002452 ], [ 0.432776446542538, 47.774139134243363 ], [ 0.432957459183953, 47.774271155717145 ], [ 0.433095938989159, 47.774424795026341 ], [ 0.433186358393272, 47.774593922069137 ], [ 0.433224765534152, 47.77482697056567 ], [ 0.433242534198485, 47.774822980885588 ], [ 0.433532796933663, 47.774784520277855 ], [ 0.433990721656423, 47.774804229104653 ], [ 0.434117117861767, 47.774755574458439 ], [ 0.434368290068841, 47.774535428944056 ], [ 0.43468484824186, 47.774378736894285 ], [ 0.435055341552794, 47.774290908445671 ], [ 0.435447712817943, 47.774279541856131 ], [ 0.435704674020988, 47.774315208419729 ] ] ] } },
{ "type": "Feature", "properties": { "gid": 21279, "insee_dep": "72", "niveau": 1.0, "surf_m2": 402025.92 }, "geometry": { "type": "Polygon", "coordinates": [ [ [ 0.424518784389987, 47.778142720665912 ], [ 0.422877109969311, 47.778520640995026 ], [ 0.42222763894689, 47.778642131534404 ], [ 0.421183173953753, 47.778891006893758 ], [ 0.420956748025804, 47.778917509549984 ], [ 0.420075352884437, 47.778920616096805 ], [ 0.419569523170549, 47.778955135265925 ], [ 0.417750639876422, 47.77932136715193 ], [ 0.417439350337293, 47.779357325616431 ], [ 0.416448555935041, 47.779388544060247 ], [ 0.415427253817728, 47.779364340551879 ], [ 0.415202764389815, 47.779333326830312 ], [ 0.41367491089332, 47.779023306962465 ], [ 0.413360996972351, 47.778981392379769 ], [ 0.41317886233955, 47.778981242370165 ], [ 0.412155967746152, 47.779496083168823 ], [ 0.411303822740406, 47.77977603597126 ], [ 0.410544830198894, 47.779952790544243 ], [ 0.409706113061872, 47.780124986230184 ], [ 0.409419559840701, 47.780161296924078 ], [ 0.409128145182897, 47.780154819536435 ], [ 0.408176490151647, 47.780060359866539 ], [ 0.407362157497716, 47.779898428648501 ], [ 0.406344842764686, 47.780022034935136 ], [ 0.40596099857432, 47.780007416852676 ], [ 0.405715456843454, 47.779956725901421 ], [ 0.405271197811965, 47.779801798781108 ], [ 0.40481771948257, 47.779591036262808 ], [ 0.4043382918599, 47.779536600769418 ], [ 0.403132648577497, 47.779573829099093 ], [ 0.402774680792461, 47.779655065107747 ], [ 0.40252352111926, 47.779694358316462 ], [ 0.402137557882634, 47.77969079930255 ], [ 0.401238080148959, 47.779536825569693 ], [ 0.400795063232447, 47.779429921500352 ], [ 0.399567609580539, 47.779257345194999 ], [ 0.398597261321405, 47.779092408078419 ], [ 0.398046209651124, 47.77897018721842 ], [ 0.397360810244745, 47.77874113103811 ], [ 0.396978663668982, 47.778643854258611 ], [ 0.396773990546389, 47.778643352428922 ], [ 0.395405085461232, 47.77872477195428 ], [ 0.394816598857105, 47.778712507450962 ], [ 0.394625102944552, 47.778838065192367 ], [ 0.394504903800139, 47.778894922483303 ], [ 0.394064635276633, 47.779043165501989 ], [ 0.393723175580791, 47.779223731990179 ], [ 0.39350586591369, 47.779293494489551 ], [ 0.393000946048192, 47.779419360238919 ], [ 0.392413253402882, 47.77978646448318 ], [ 0.392122715902459, 47.779924473383353 ], [ 0.390976206467327, 47.780320557974839 ], [ 0.39016982550495, 47.780466397523064 ], [ 0.388882103979467, 47.781053359246172 ], [ 0.388653371619194, 47.781206819243096 ], [ 0.388427985545399, 47.781328364235954 ], [ 0.387425485609776, 47.78168090192046 ], [ 0.386634296251486, 47.782058754356399 ], [ 0.38611516641629, 47.782364250424294 ], [ 0.385897852173829, 47.782468324255269 ], [ 0.385654194972258, 47.782541228845936 ], [ 0.384752510661238, 47.782741147459049 ], [ 0.383932112510001, 47.782858327764039 ], [ 0.383643457220671, 47.782963340679892 ], [ 0.383604762596211, 47.782991039877025 ], [ 0.383708491140935, 47.783083021207794 ], [ 0.383828565306778, 47.783235390928503 ], [ 0.384078627262948, 47.783361847326084 ], [ 0.384125810139197, 47.783395209205928 ], [ 0.384318278518348, 47.783320105431258 ], [ 0.384551724934602, 47.783263704482735 ], [ 0.384915773732798, 47.783232122765263 ], [ 0.385561265222206, 47.783144689854545 ], [ 0.386159665636695, 47.783001374232491 ], [ 0.386770017845331, 47.782881512505348 ], [ 0.386998742301654, 47.782610304707482 ], [ 0.387512443454782, 47.782238527885731 ], [ 0.387827390952624, 47.782098100092981 ], [ 0.38821598111645, 47.781998809769505 ], [ 0.388432643105608, 47.781959356562176 ], [ 0.389085769051261, 47.781913940970838 ], [ 0.390134232078653, 47.781883845130814 ], [ 0.390255125635708, 47.781654060115052 ], [ 0.390504843752331, 47.781365296924776 ], [ 0.390773194187205, 47.781192048295331 ], [ 0.391367478446833, 47.780906901118193 ], [ 0.39238447894463, 47.78055793392496 ], [ 0.393232211625589, 47.780206032442138 ], [ 0.394170737654912, 47.779882686333586 ], [ 0.395051976782539, 47.779605615931182 ], [ 0.395820411677401, 47.779399954209858 ], [ 0.39610378430598, 47.779366857701802 ], [ 0.397071420598359, 47.77930788365591 ], [ 0.397545118757109, 47.779337722281774 ], [ 0.398087967497217, 47.779333918469199 ], [ 0.398411370444667, 47.779380466013215 ], [ 0.398879366678852, 47.779381821541328 ], [ 0.399156406117484, 47.779402226261681 ], [ 0.399291046601635, 47.779426918001612 ], [ 0.399545233526533, 47.779503937706387 ], [ 0.399851910590416, 47.779649057741544 ], [ 0.400201360342904, 47.779756374537421 ], [ 0.400424966475867, 47.779843551078777 ], [ 0.400619487237609, 47.779958115574615 ], [ 0.400929501305674, 47.780258312611814 ], [ 0.4009484098046, 47.78024593231607 ], [ 0.401079887974978, 47.780171344541408 ], [ 0.401300172483086, 47.780084079513365 ], [ 0.401541084246317, 47.780026692543515 ], [ 0.401793803424712, 47.780001284137185 ], [ 0.402049074356771, 47.780008786233203 ], [ 0.402379644529101, 47.780067940274918 ], [ 0.402679632476945, 47.780082481625087 ], [ 0.403061271297181, 47.780159692433649 ], [ 0.403289423461807, 47.780252123210232 ], [ 0.40348584130747, 47.7803732202335 ], [ 0.403704315943105, 47.780597822147172 ], [ 0.403814741101695, 47.780855874224038 ], [ 0.403810155716475, 47.781161590184922 ], [ 0.404502299959486, 47.78115146543778 ], [ 0.406194262767614, 47.781288390876604 ], [ 0.407046532027414, 47.78126690654188 ], [ 0.408101865630775, 47.781394077166489 ], [ 0.408396744245074, 47.781455832362738 ], [ 0.408838996594262, 47.781595030955117 ], [ 0.409371427600586, 47.781813501964287 ], [ 0.409650774392538, 47.781999308911729 ], [ 0.410023914105284, 47.781873408626794 ], [ 0.410482846012097, 47.781679961195394 ], [ 0.410639043084665, 47.78155192563117 ], [ 0.410838897025836, 47.781181026953206 ], [ 0.410824142346966, 47.780940357591369 ], [ 0.410839385381539, 47.780762650666766 ], [ 0.410958241703425, 47.780508519719696 ], [ 0.411182282772796, 47.78028898106939 ], [ 0.41138071373265, 47.78017152084827 ], [ 0.411609560881447, 47.780082679986435 ], [ 0.411990039623797, 47.780010339006523 ], [ 0.412553644523801, 47.780015824689606 ], [ 0.413021748266856, 47.77977521958033 ], [ 0.413317550118355, 47.779670312527138 ], [ 0.413670965254146, 47.779602034856822 ], [ 0.414066178058685, 47.779592604537171 ], [ 0.414324425331958, 47.77963012815551 ], [ 0.41456666117056, 47.779701185763606 ], [ 0.414879509474078, 47.779864231882584 ], [ 0.415042504914596, 47.780004366257621 ], [ 0.415161379246984, 47.780163386416902 ], [ 0.415231479261818, 47.780335068118525 ], [ 0.415248846926143, 47.780473436757134 ], [ 0.415249405411673, 47.780491476413964 ], [ 0.415466902053575, 47.780516375110281 ], [ 0.415807873106509, 47.780597403782522 ], [ 0.415944817507982, 47.780637882302052 ], [ 0.416146837992645, 47.78072468512395 ], [ 0.416282271650132, 47.780690971058249 ], [ 0.416541564916978, 47.780655392142911 ], [ 0.41687793906636, 47.78065035891872 ], [ 0.417116735113951, 47.780418598010591 ], [ 0.417210131845043, 47.78035213262072 ], [ 0.417424464240014, 47.780240034397835 ], [ 0.417667985473318, 47.780159447123275 ], [ 0.417797587547134, 47.780132064819611 ], [ 0.418065783640787, 47.780104535855884 ], [ 0.418201603756356, 47.780104673814947 ], [ 0.418469676025683, 47.780132747698062 ], [ 0.418779139027877, 47.780210435541008 ], [ 0.419096246282759, 47.78018487197059 ], [ 0.419358681993754, 47.780203483994697 ], [ 0.419729445513283, 47.780295345150286 ], [ 0.420024122129598, 47.780443794554436 ], [ 0.420088399879324, 47.78049008207244 ], [ 0.420436419003253, 47.780402065640928 ], [ 0.420789391180394, 47.780348492791475 ], [ 0.421047747585455, 47.780326815139595 ], [ 0.422113783793546, 47.780311396787482 ], [ 0.422519441080542, 47.780348771791665 ], [ 0.422821494574002, 47.780359683221548 ], [ 0.423659118089738, 47.780253983738277 ], [ 0.425056246873494, 47.780011844935927 ], [ 0.42517975542876, 47.779971033583749 ], [ 0.425308293328118, 47.779873279218009 ], [ 0.425428233222734, 47.779690274644686 ], [ 0.425641155319717, 47.779491397488151 ], [ 0.426064000505186, 47.779245368410862 ], [ 0.426389595836335, 47.779122032648338 ], [ 0.426372296694013, 47.779093129794923 ], [ 0.426305964296999, 47.778940130979919 ], [ 0.426281591049889, 47.778764606851944 ], [ 0.426340838397946, 47.778503739600907 ], [ 0.426509794711735, 47.778265668993789 ], [ 0.426715115128897, 47.778106503682665 ], [ 0.426729781248812, 47.777966900522301 ], [ 0.426790683900238, 47.77779591036208 ], [ 0.426950985328431, 47.777583233274058 ], [ 0.427144080862901, 47.777430800977207 ], [ 0.427328981002864, 47.777334861806857 ], [ 0.427586112127027, 47.77724713501911 ], [ 0.427968075511147, 47.777192270636831 ], [ 0.428228797852386, 47.777198364217782 ], [ 0.428604206162086, 47.777270930551474 ], [ 0.428932409722702, 47.777413608359012 ], [ 0.429110879253214, 47.777541869573447 ], [ 0.429248943026975, 47.777691074476671 ], [ 0.429413056690081, 47.777966663561337 ], [ 0.4294332592045, 47.777943987410744 ], [ 0.429634331062441, 47.777769543165334 ], [ 0.429839280498754, 47.777657118764381 ], [ 0.430073061381944, 47.777574099746303 ], [ 0.43032651795198, 47.777523737571066 ], [ 0.430589724112856, 47.777508004346203 ], [ 0.430936581069282, 47.777539547092324 ], [ 0.431380858759374, 47.777529524138053 ], [ 0.431828303966802, 47.777461843807963 ], [ 0.432188560117335, 47.777368445084846 ], [ 0.432521802856464, 47.777308752395129 ], [ 0.433015772024034, 47.777294087339556 ], [ 0.433506133523, 47.77731241311767 ], [ 0.433585052756487, 47.777276858178475 ], [ 0.433629748543469, 47.777257543914892 ], [ 0.433601049533098, 47.777195758005426 ], [ 0.433400308311059, 47.776990511390785 ], [ 0.432764037958734, 47.776540466958345 ], [ 0.432628038695799, 47.776407171238176 ], [ 0.43250681325693, 47.776252214287076 ], [ 0.43234004775167, 47.7758902577661 ], [ 0.432336642708166, 47.775879374317981 ], [ 0.432157535828324, 47.775965937044624 ], [ 0.431912213686532, 47.776057539138279 ], [ 0.431637384913015, 47.776133740560503 ], [ 0.431490979891727, 47.776158853929878 ], [ 0.430973714665639, 47.776182195442999 ], [ 0.430630661757751, 47.776160503860758 ], [ 0.430226218084461, 47.776103025048407 ], [ 0.429970032014755, 47.776300364595819 ], [ 0.42976808464688, 47.776416797504915 ], [ 0.429322817813837, 47.776566150524047 ], [ 0.428780955164085, 47.776666295211044 ], [ 0.427979352742391, 47.776734740544896 ], [ 0.427375477462795, 47.777068867305871 ], [ 0.427160045878267, 47.777217453040151 ], [ 0.426792607311929, 47.777525151811354 ], [ 0.426559304368803, 47.777830585117748 ], [ 0.426374274055984, 47.778008637593565 ], [ 0.426082858423002, 47.778185821164811 ], [ 0.42572760708432, 47.778298243728756 ], [ 0.425339209315826, 47.778336192966748 ], [ 0.424951220695746, 47.778296390115074 ], [ 0.42464269395098, 47.778200854933672 ], [ 0.424518784389987, 47.778142720665912 ] ] ] } },
{ "type": "Feature", "properties": { "gid": 23015, "insee_dep": "72", "niveau": 1.0, "surf_m2": 8.287 }, "geometry": { "type": "Polygon", "coordinates": [ [ [ 0.462886129927429, 47.721100818428965 ], [ 0.462885989874025, 47.721102385903457 ], [ 0.462913917033474, 47.720939134240766 ], [ 0.462899254206098, 47.720953601909287 ], [ 0.462886129927429, 47.721100818428965 ] ] ] } },
{ "type": "Feature", "properties": { "gid": 23437, "insee_dep": "72", "niveau": 1.0, "surf_m2": 432.481 }, "geometry": { "type": "Polygon", "coordinates": [ [ [ 0.435413481951909, 47.864777847362078 ], [ 0.435947363243397, 47.864241369849381 ], [ 0.435481763539526, 47.864613655575461 ], [ 0.435140746232599, 47.864962842028746 ], [ 0.435209804323573, 47.864955768803135 ], [ 0.435272184398715, 47.864950815084732 ], [ 0.435413481951909, 47.864777847362078 ] ] ] } },
{ "type": "Feature", "properties": { "gid": 23894, "insee_dep": "72", "niveau": 2.0, "surf_m2": 58211843.423 }, "geometry": { "type": "Polygon", "coordinates": [ [ [ 0.380571830329176, 47.650896823613401 ], [ 0.380820344510179, 47.650950154947402 ], [ 0.38107947214786, 47.650969750835579 ], [ 0.381086894005013, 47.650969572301868 ], [ 0.381209920432901, 47.650966612544295 ], [ 0.381589829173079, 47.650906059098126 ], [ 0.381821502830624, 47.650825211503985 ], [ 0.382010303092634, 47.650724413749948 ], [ 0.382090782641476, 47.650795865155395 ], [ 0.382178892373826, 47.651155816633313 ], [ 0.382285391523093, 47.651409521774575 ], [ 0.382313810741343, 47.65146430636748 ], [ 0.382338885147545, 47.651512644350845 ], [ 0.382602377738132, 47.651921414861746 ], [ 0.38324582059259, 47.652534921095295 ], [ 0.383446284345409, 47.652684329901106 ], [ 0.38411688013127, 47.653085387447966 ], [ 0.384259238321918, 47.653274441388355 ], [ 0.384469050272462, 47.653639309914823 ], [ 0.384734617674689, 47.654021641133859 ], [ 0.384943568483977, 47.65423620337252 ], [ 0.385129312631036, 47.654353169092779 ], [ 0.385578927120205, 47.654580956168431 ], [ 0.385812635752582, 47.654658951458821 ], [ 0.386369715506666, 47.654764677599587 ], [ 0.386787594956252, 47.654914373496652 ], [ 0.387204258062562, 47.655042283449113 ], [ 0.387693200865304, 47.655299464795952 ], [ 0.387929200690025, 47.65539875796221 ], [ 0.38818312180751, 47.655482142636529 ], [ 0.388731803662924, 47.655662321379289 ], [ 0.388965666627936, 47.655721531023872 ], [ 0.389820145717698, 47.655877992585559 ], [ 0.390063605339327, 47.65590652984752 ], [ 0.390157836977005, 47.655911563636664 ], [ 0.390922145589345, 47.655952388908894 ], [ 0.391228199010086, 47.655944877234425 ], [ 0.391836761430606, 47.655882098313874 ], [ 0.392419874296406, 47.65581661565146 ], [ 0.39268837891227, 47.655746678587398 ], [ 0.394104239118658, 47.655117808343341 ], [ 0.394109376207163, 47.655126890908313 ], [ 0.394236912841876, 47.655286860760164 ], [ 0.394319155382496, 47.655360398400994 ], [ 0.394514765027407, 47.655488560204624 ], [ 0.395084949334933, 47.655738440059551 ], [ 0.395301593927135, 47.655817513275537 ], [ 0.395715628179642, 47.655960210268113 ], [ 0.39621522784393, 47.656160871124193 ], [ 0.396651157321449, 47.656293202469989 ], [ 0.396890144359782, 47.656348039689107 ], [ 0.397266489159949, 47.656371041843371 ], [ 0.397561156024423, 47.656360661712348 ], [ 0.398002008082692, 47.656310428764712 ], [ 0.398461482669108, 47.656247140712246 ], [ 0.399001109745352, 47.656237408690217 ], [ 0.399542420884306, 47.656369422968794 ], [ 0.400196737357366, 47.656782160266275 ], [ 0.400307130304793, 47.6568434424711 ], [ 0.400553779122309, 47.656940377000886 ], [ 0.400825324110943, 47.656999601151853 ], [ 0.401706976770648, 47.657119683286794 ], [ 0.402359524348952, 47.657134197567302 ], [ 0.40261408163956, 47.657227344526603 ], [ 0.403231572174893, 47.65741230099178 ], [ 0.403259631232429, 47.657532225714611 ], [ 0.403368364231565, 47.657760503156958 ], [ 0.403549546963711, 47.658038683021019 ], [ 0.403555584900367, 47.658046549545489 ], [ 0.403609368697404, 47.658116619898948 ], [ 0.403761199719396, 47.658258867147893 ], [ 0.403950977638395, 47.658378522593075 ], [ 0.404171498885984, 47.658471042906307 ], [ 0.404525159035217, 47.658549196182832 ], [ 0.404895951299298, 47.658800478007997 ], [ 0.405777693059671, 47.659502659650897 ], [ 0.406313357766453, 47.659774810809957 ], [ 0.406645581510652, 47.659874281662375 ], [ 0.407355095117852, 47.659973701211214 ], [ 0.407595536527746, 47.659993982305963 ], [ 0.408122839046456, 47.659955568583221 ], [ 0.408833308628899, 47.660006879988991 ], [ 0.409577873060409, 47.660003026443754 ], [ 0.409842829635188, 47.65998364668279 ], [ 0.409971829094161, 47.659960636548952 ], [ 0.410486075048597, 47.659815212207917 ], [ 0.411472888711221, 47.659828031151221 ], [ 0.411705635437705, 47.659803868408083 ], [ 0.411928449893277, 47.659752398709536 ], [ 0.412477156017502, 47.659587764317259 ], [ 0.412775299062534, 47.65949830732211 ], [ 0.413174367707011, 47.659366346505919 ], [ 0.413381099990712, 47.659335024031407 ], [ 0.415042411770777, 47.659259574304329 ], [ 0.41551660306761, 47.659221841807067 ], [ 0.416658111815544, 47.659028848342089 ], [ 0.41687006088437, 47.65896575943988 ], [ 0.417657150954353, 47.658672654806466 ], [ 0.418273170172202, 47.658417354143445 ], [ 0.418458839655479, 47.658340404625662 ], [ 0.418559202319757, 47.658294436293552 ], [ 0.418699163631833, 47.658223843138444 ], [ 0.419088169277821, 47.658027636769077 ], [ 0.419941350818021, 47.65779102356808 ], [ 0.420521243319558, 47.657895564533582 ], [ 0.420761565330695, 47.657909983940812 ], [ 0.421001795435564, 47.657894883775974 ], [ 0.421480569711478, 47.657802446083167 ], [ 0.421972756166322, 47.657669301325086 ], [ 0.422220633434779, 47.657581808615546 ], [ 0.424217720755267, 47.657728299058 ], [ 0.425220852894877, 47.657775600257615 ], [ 0.425902956037246, 47.657856035992779 ], [ 0.426307205202792, 47.657920379790802 ], [ 0.42668298043269, 47.658135609964837 ], [ 0.427659802003797, 47.65859834326443 ], [ 0.428576785694709, 47.65885325938703 ], [ 0.42880185704736, 47.658886182501973 ], [ 0.429473606064073, 47.658943985507968 ], [ 0.430076305473022, 47.65896889284317 ], [ 0.430530416820249, 47.659108518691603 ], [ 0.430765648501455, 47.659150028562422 ], [ 0.43100813027978, 47.659161966126533 ], [ 0.43158829247647, 47.65912245248748 ], [ 0.431917988826074, 47.65919703131236 ], [ 0.433494776240636, 47.659409563342017 ], [ 0.434564827265337, 47.65947881053382 ], [ 0.435038865121816, 47.65951461314706 ], [ 0.435448919830091, 47.659546977758787 ], [ 0.435981271207193, 47.659588395382428 ], [ 0.437129956637774, 47.659648505382421 ], [ 0.437354224584059, 47.659694787359605 ], [ 0.437976784755687, 47.659803468696111 ], [ 0.438764080480655, 47.659886182631901 ], [ 0.439110184372192, 47.660044747310614 ], [ 0.440101387419662, 47.660567534992886 ], [ 0.441204586731746, 47.661028314274454 ], [ 0.441826084078382, 47.661226474974661 ], [ 0.442069096071927, 47.661285276848709 ], [ 0.442723032132831, 47.6613908745557 ], [ 0.443027441542166, 47.661401413565258 ], [ 0.443219895883263, 47.661657035023758 ], [ 0.443358181575065, 47.661791889247148 ], [ 0.443789989779023, 47.6621329396174 ], [ 0.444003340046796, 47.662246932908381 ], [ 0.444121806842563, 47.662292308969207 ], [ 0.44455999098164, 47.662440688017078 ], [ 0.444865785130021, 47.66251434726545 ], [ 0.447323003704287, 47.662900868784376 ], [ 0.447905725991757, 47.663187190500395 ], [ 0.448478812152396, 47.66339982324142 ], [ 0.449062576157903, 47.663573484067037 ], [ 0.449648896533048, 47.66383419493809 ], [ 0.45040732822777, 47.664238245182098 ], [ 0.45049800215216, 47.664290240441183 ], [ 0.450981568271004, 47.664567529187906 ], [ 0.4510946164321, 47.664625642299782 ], [ 0.451344879242068, 47.664715921682756 ], [ 0.452120323675663, 47.664866923342188 ], [ 0.452343614136476, 47.66488333340962 ], [ 0.453201821720451, 47.66489314409295 ], [ 0.453855863371345, 47.665159086730682 ], [ 0.454224307072712, 47.665257038264635 ], [ 0.454477293414694, 47.665506242015752 ], [ 0.45468042494454, 47.665627908074377 ], [ 0.455346464214907, 47.665891685264313 ], [ 0.455621171877736, 47.66597205457056 ], [ 0.455698259859663, 47.665984789158159 ], [ 0.456338386195691, 47.666067791281627 ], [ 0.456541078800032, 47.666163882213624 ], [ 0.456805287139025, 47.666398734 ], [ 0.456982956587044, 47.666510769498146 ], [ 0.457187797322345, 47.666599138716911 ], [ 0.458095750287048, 47.666912266155236 ], [ 0.459175388131896, 47.667143494146949 ], [ 0.460405487831247, 47.667348382701483 ], [ 0.461088197146305, 47.667644000162916 ], [ 0.462070916163769, 47.667998101061691 ], [ 0.462840605012055, 47.668311749036995 ], [ 0.463087675775066, 47.668390351038504 ], [ 0.463218847512343, 47.668416421951619 ], [ 0.464320740990807, 47.66858985749888 ], [ 0.465275281377053, 47.66867352761485 ], [ 0.465632697856401, 47.668651623667877 ], [ 0.466604543712198, 47.668500990032591 ], [ 0.467163088026207, 47.668434115894755 ], [ 0.468256066697568, 47.668439151897935 ], [ 0.46856516379509, 47.668418646180875 ], [ 0.468648461303461, 47.668405799585535 ], [ 0.468894455178465, 47.668340694441873 ], [ 0.470007286629355, 47.667958835504464 ], [ 0.470539109303904, 47.667836049065862 ], [ 0.470745848746052, 47.667747457896432 ], [ 0.470925101194259, 47.66763481046744 ], [ 0.471381225919439, 47.667225198018848 ], [ 0.472040864356129, 47.666713430511841 ], [ 0.472352609701932, 47.666430582054744 ], [ 0.472992076931199, 47.666908491525511 ], [ 0.473639384224307, 47.667216527514825 ], [ 0.473887405260616, 47.66730727269497 ], [ 0.474158147436852, 47.667360718882222 ], [ 0.474900539949231, 47.667397308305951 ], [ 0.47517163309352, 47.667372732023836 ], [ 0.475781107208036, 47.667273627129141 ], [ 0.476131781448794, 47.667179476972933 ], [ 0.477505351656905, 47.666641130904566 ], [ 0.47841399556806, 47.66618728011214 ], [ 0.47941280659291, 47.665516677636695 ], [ 0.47986448911144, 47.665296150855816 ], [ 0.480449092462945, 47.665151367692033 ], [ 0.481171627189529, 47.665083074430797 ], [ 0.481396311082815, 47.665048234120022 ], [ 0.482704369568235, 47.66467947296394 ], [ 0.483858316356969, 47.664305938213914 ], [ 0.485079965074694, 47.664073850531302 ], [ 0.485714334990646, 47.664034277458427 ], [ 0.486810503597329, 47.66400770868124 ], [ 0.487028138600487, 47.664014369657657 ], [ 0.48701100183339, 47.664018953190201 ], [ 0.486530374216878, 47.664059019030489 ], [ 0.485689049101104, 47.664260172891503 ], [ 0.484932464071259, 47.664529141917079 ], [ 0.484817885418869, 47.664577061928519 ], [ 0.484613075320388, 47.664695054061134 ], [ 0.483713746069051, 47.665335557356094 ], [ 0.483357490944142, 47.665551992409462 ], [ 0.482971259727939, 47.665739123670463 ], [ 0.482700019905896, 47.665814913185621 ], [ 0.482109060673567, 47.665893722953463 ], [ 0.48173109490111, 47.665933412270086 ], [ 0.480834410248245, 47.666036110948717 ], [ 0.479777026667328, 47.666251218096932 ], [ 0.478685482932711, 47.66645389243299 ], [ 0.477580257732377, 47.666758214681707 ], [ 0.477362364673933, 47.666854052290688 ], [ 0.476571676435076, 47.667272595253877 ], [ 0.476130545839773, 47.667361249435686 ], [ 0.475230953343821, 47.667474690057475 ], [ 0.474048718443421, 47.667509079518837 ], [ 0.473782288745837, 47.667553774949553 ], [ 0.47352584766032, 47.667634661607586 ], [ 0.473237687319916, 47.667586126254236 ], [ 0.472852335411895, 47.667557021286072 ], [ 0.472718885143544, 47.667558980143482 ], [ 0.472456191998306, 47.667589813849901 ], [ 0.472207847034421, 47.667655359080726 ], [ 0.471842479546776, 47.667785843685451 ], [ 0.471204230739747, 47.66805900246402 ], [ 0.471008576815462, 47.668161075970168 ], [ 0.470775562620759, 47.6683553516092 ], [ 0.470480120849762, 47.668714110978527 ], [ 0.470415934809017, 47.668866397888024 ], [ 0.470323297999811, 47.669193012434825 ], [ 0.470170463105081, 47.669527674074331 ], [ 0.469938799794561, 47.66977982566803 ], [ 0.46981376002736, 47.670032200611516 ], [ 0.469793870818543, 47.670209476353754 ], [ 0.469825955545708, 47.670385934890469 ], [ 0.469908762861643, 47.670554691427313 ], [ 0.470128783257765, 47.67088839931909 ], [ 0.470261845912773, 47.671045489023172 ], [ 0.47081516150172, 47.671477569060265 ], [ 0.471202795046673, 47.671856739338068 ], [ 0.471322932577964, 47.67210005597596 ], [ 0.471534532028822, 47.672646872098056 ], [ 0.471624948631268, 47.672784521191616 ], [ 0.471960722460293, 47.673198352180854 ], [ 0.472125695325748, 47.673357899149785 ], [ 0.472226349545164, 47.673427712396908 ], [ 0.472873354871938, 47.673830362491621 ], [ 0.47320720472108, 47.674126545048111 ], [ 0.474103015130698, 47.674638695467209 ], [ 0.47437054252127, 47.674864675599594 ], [ 0.474445367397933, 47.675249104434663 ], [ 0.474768174928134, 47.675911811893194 ], [ 0.474904801627852, 47.676071872073521 ], [ 0.475482696463993, 47.676604614206965 ], [ 0.476185558973646, 47.677131845024505 ], [ 0.476914914886127, 47.677568147430783 ], [ 0.477905161602115, 47.678033600494217 ], [ 0.478545189466474, 47.678399307365382 ], [ 0.479289222667424, 47.678851288080324 ], [ 0.47955842115185, 47.679041892626223 ], [ 0.480106958865823, 47.679860218228846 ], [ 0.480482187384948, 47.680480607914973 ], [ 0.48086061203149, 47.680973360797978 ], [ 0.480982965983924, 47.681103884582157 ], [ 0.481433907325162, 47.681504227136244 ], [ 0.481590384721734, 47.681620496023776 ], [ 0.482358774120814, 47.682026169862965 ], [ 0.483151905566784, 47.682557496694749 ], [ 0.48416716325026, 47.683305618454568 ], [ 0.484521762511121, 47.683636955533323 ], [ 0.484976418556753, 47.684008552940959 ], [ 0.485433802008839, 47.684292813953689 ], [ 0.48553540678778, 47.684385959658535 ], [ 0.485799644185458, 47.684925122170554 ], [ 0.485888528911588, 47.685064339799688 ], [ 0.486333166765496, 47.68559037303806 ], [ 0.486498988554043, 47.685737297829547 ], [ 0.487446065838929, 47.686284014500913 ], [ 0.487922379879658, 47.68666441422242 ], [ 0.488423278829147, 47.68700524026989 ], [ 0.488821176096355, 47.687365004877499 ], [ 0.489343579174861, 47.68768114393076 ], [ 0.489619175542612, 47.687952430452164 ], [ 0.490993833669692, 47.688828735862856 ], [ 0.4911956652915, 47.688933017913563 ], [ 0.491915275552908, 47.689232454510808 ], [ 0.492495350639377, 47.68939781649668 ], [ 0.493035104439678, 47.68965345773907 ], [ 0.493463905699626, 47.689883403798753 ], [ 0.493858190223838, 47.690173215506427 ], [ 0.494231664004792, 47.69062632872788 ], [ 0.494844993563237, 47.691184207365929 ], [ 0.495310411125064, 47.6916821309797 ], [ 0.495939400359508, 47.692150859677874 ], [ 0.496194699494651, 47.692317150381044 ], [ 0.496281798137389, 47.692516739370767 ], [ 0.496382594782002, 47.692659245566411 ], [ 0.496913621934457, 47.693162345365671 ], [ 0.498430653347658, 47.694377755241881 ], [ 0.498775867469657, 47.69471035032992 ], [ 0.49909767811679, 47.694942072310511 ], [ 0.499581183465665, 47.695219253550619 ], [ 0.499688779772126, 47.695400611651763 ], [ 0.499843673730169, 47.695563782783793 ], [ 0.500208852981851, 47.69587002838518 ], [ 0.500659692385665, 47.696178153347191 ], [ 0.5011642242361, 47.696578135203339 ], [ 0.501705559828996, 47.697063145623609 ], [ 0.501922141555119, 47.69719077607165 ], [ 0.502374241617572, 47.697399188982843 ], [ 0.502599565050383, 47.69746783615026 ], [ 0.502946128536136, 47.697548255633642 ], [ 0.503241652909385, 47.697682243063213 ], [ 0.503588642709736, 47.697884791842476 ], [ 0.504231197895509, 47.698476814125073 ], [ 0.504708149179612, 47.698811926757259 ], [ 0.50523608731025, 47.699153104974698 ], [ 0.505425690007259, 47.699255043663392 ], [ 0.505639499716664, 47.699332123616557 ], [ 0.506638494891114, 47.699616831505594 ], [ 0.506764365518579, 47.699647771881786 ], [ 0.507160522006844, 47.699706338324539 ], [ 0.506992065492303, 47.699876135189264 ], [ 0.506414664185719, 47.700280617926538 ], [ 0.505940800305237, 47.700535959966381 ], [ 0.505741414152702, 47.700668820748156 ], [ 0.505255833280993, 47.701068717871117 ], [ 0.504798429302516, 47.701541357447972 ], [ 0.504550479052673, 47.701745817504651 ], [ 0.504153513941029, 47.701822410065667 ], [ 0.503814526327913, 47.701913333371024 ], [ 0.503516341700083, 47.702012758721004 ], [ 0.503292396771923, 47.702048868152218 ], [ 0.503055069688243, 47.702121109244359 ], [ 0.502749125603483, 47.702284084023781 ], [ 0.50258986250549, 47.702423103215914 ], [ 0.502473654691118, 47.702580362335468 ], [ 0.502404929521481, 47.702749868563409 ], [ 0.502358522834251, 47.703182338771668 ], [ 0.502387707798245, 47.703350398910516 ], [ 0.502462976524851, 47.703511801484048 ], [ 0.50263574686757, 47.703715672669055 ], [ 0.502802174621781, 47.703852886922824 ], [ 0.503005227882631, 47.703965410056988 ], [ 0.503237025361864, 47.704048876306672 ], [ 0.503488567033093, 47.704100042422297 ], [ 0.503750090620911, 47.704116924980809 ], [ 0.504072636129052, 47.704103562508209 ], [ 0.504388423939382, 47.704051272401976 ], [ 0.504642122766558, 47.703987461823317 ], [ 0.50503374659125, 47.703805062533142 ], [ 0.506045364909299, 47.703729771283726 ], [ 0.506306729522288, 47.703692129341334 ], [ 0.506551724289193, 47.703620061362635 ], [ 0.506755229413996, 47.703529229455341 ], [ 0.507319550455928, 47.703340971783781 ], [ 0.507540931446439, 47.703225597824513 ], [ 0.507785819185351, 47.703038279774496 ], [ 0.508101740503236, 47.702881217606212 ], [ 0.508587487224825, 47.702517488203803 ], [ 0.50924696149732, 47.702275173677748 ], [ 0.509881242064272, 47.701926352705996 ], [ 0.510363026719081, 47.701525710645413 ], [ 0.510698007759419, 47.701179830310785 ], [ 0.511030272397706, 47.700981230847823 ], [ 0.511631255644366, 47.700557030241022 ], [ 0.511775452977984, 47.700435825818644 ], [ 0.511886603132063, 47.70029967999244 ], [ 0.51217096879326, 47.699837059955236 ], [ 0.513080756996172, 47.700407875024574 ], [ 0.51328655582116, 47.700513841559314 ], [ 0.513642147375046, 47.70061776268517 ], [ 0.514444747512843, 47.700763479523367 ], [ 0.514490557899635, 47.700770512831411 ], [ 0.514400950307982, 47.70100773334358 ], [ 0.514398185161978, 47.701186266316206 ], [ 0.514447679267498, 47.70136165517696 ], [ 0.514615098516262, 47.701603846271325 ], [ 0.514782428928804, 47.701742116806621 ], [ 0.514986899846248, 47.701855369442988 ], [ 0.515345317974963, 47.70196890767415 ], [ 0.515605030239409, 47.702002695574933 ], [ 0.516123364842467, 47.701982692295481 ], [ 0.516444115804003, 47.701941367231498 ], [ 0.516676719600356, 47.701892555580237 ], [ 0.516925148948754, 47.701801590628605 ], [ 0.517497013220954, 47.70170962967395 ], [ 0.517780104485993, 47.701684181680108 ], [ 0.518482871974707, 47.701688397554975 ], [ 0.518632527445305, 47.701673208297812 ], [ 0.51901029892526, 47.701594921629926 ], [ 0.519478010517632, 47.701519778087714 ], [ 0.521005243679165, 47.701434273729035 ], [ 0.52180136748286, 47.701347407107569 ], [ 0.522308788517294, 47.701233665944571 ], [ 0.522539488231497, 47.70114562121227 ], [ 0.522671898258207, 47.701072400836097 ], [ 0.523314841021568, 47.701036286855341 ], [ 0.524953634529999, 47.700814410167929 ], [ 0.526381534685272, 47.700530384638895 ], [ 0.528063732284808, 47.700029447069014 ], [ 0.528191519567231, 47.69998703919287 ], [ 0.528423435905824, 47.699875935076577 ], [ 0.528926931016027, 47.699511237682202 ], [ 0.529060329419979, 47.699442481487267 ], [ 0.529496038075568, 47.699374160383357 ], [ 0.530476105538085, 47.699129592050191 ], [ 0.530711973418735, 47.699030697739971 ], [ 0.530817195852107, 47.698969364515598 ], [ 0.530912384685712, 47.6989009682556 ], [ 0.53112607177739, 47.698697785055103 ], [ 0.531460228335061, 47.698648894141613 ], [ 0.531720854553988, 47.698591278480713 ], [ 0.532390058031661, 47.698330886440004 ], [ 0.532597796418969, 47.69820475503785 ], [ 0.532685851839491, 47.698131373822683 ], [ 0.533288376615895, 47.697581852663404 ], [ 0.533499295382419, 47.697576672934453 ], [ 0.533720849561411, 47.697589557135807 ], [ 0.534154506416319, 47.697672860164118 ], [ 0.53441024447618, 47.697704203058343 ], [ 0.535126844250633, 47.6977009015487 ], [ 0.535368713232243, 47.697683354939315 ], [ 0.535601833642498, 47.697636431671683 ], [ 0.535951993705874, 47.697504685490536 ], [ 0.536129308481053, 47.697548086680335 ], [ 0.53682749955964, 47.697824588863341 ], [ 0.537194896701596, 47.697900543080713 ], [ 0.538126203151573, 47.697936204959682 ], [ 0.538821494310906, 47.697879156316574 ], [ 0.539361953398522, 47.697853273525865 ], [ 0.539890189053838, 47.697943061379618 ], [ 0.540791268702586, 47.698025712699909 ], [ 0.541579345547937, 47.697985763644041 ], [ 0.542471043731661, 47.697888161227155 ], [ 0.542738023166302, 47.697818035167757 ], [ 0.543317546127689, 47.69761038122121 ], [ 0.543600929075466, 47.697480542274903 ], [ 0.544628270415213, 47.697622959885209 ], [ 0.544767383071389, 47.697629065246026 ], [ 0.54504463743813, 47.697611798670955 ], [ 0.545651042439838, 47.69748575851051 ], [ 0.545868323882252, 47.69740831200825 ], [ 0.546060862332122, 47.697305263176702 ], [ 0.546557033886617, 47.696979393623288 ], [ 0.546763994600477, 47.696759558183928 ], [ 0.547360752300523, 47.695640669834908 ], [ 0.547513804783055, 47.695607453038221 ], [ 0.547755688687582, 47.695524098612857 ], [ 0.548220332620114, 47.695273712201569 ], [ 0.54837879238478, 47.695149940361695 ], [ 0.548625862174205, 47.694873097897869 ], [ 0.549031094780068, 47.694718305726433 ], [ 0.549231426114125, 47.694604971164587 ], [ 0.549395155162737, 47.694467425361822 ], [ 0.549515987369343, 47.694310956677988 ], [ 0.549589279673042, 47.694141577851596 ], [ 0.549612216235518, 47.693965800029844 ], [ 0.549550814269595, 47.693704916455395 ], [ 0.549448303201789, 47.693542596857945 ], [ 0.549300854916382, 47.693396900482277 ], [ 0.549114138157249, 47.693273425564975 ], [ 0.548993469088098, 47.693215703981927 ], [ 0.549930778614381, 47.692987074048759 ], [ 0.550143442708718, 47.692903830178018 ], [ 0.550430567230274, 47.692766095866105 ], [ 0.550615842749533, 47.692658693993224 ], [ 0.550768992809549, 47.692530275539468 ], [ 0.550986462462378, 47.692224163048806 ], [ 0.551103546330764, 47.692034633215975 ], [ 0.551248151453608, 47.692134305163165 ], [ 0.551555146095027, 47.692285226147384 ], [ 0.551431796450269, 47.69251315326764 ], [ 0.551402205845965, 47.692689828568319 ], [ 0.55142463248339, 47.692866984515639 ], [ 0.55155334302822, 47.693118557024711 ], [ 0.551697648135684, 47.693267288689071 ], [ 0.551882441663545, 47.693393965405541 ], [ 0.552219413094075, 47.693532099918599 ], [ 0.55247113038575, 47.693584361487424 ], [ 0.553265391192235, 47.693636946355269 ], [ 0.553566825660933, 47.69361075128046 ], [ 0.554085408298534, 47.693524235087466 ], [ 0.554407049398675, 47.693439479409228 ], [ 0.555109188494555, 47.693127722638472 ], [ 0.555574859702971, 47.693181109615438 ], [ 0.557633988536593, 47.69327385099789 ], [ 0.558198426407286, 47.69325009233264 ], [ 0.558477820770033, 47.693217951132425 ], [ 0.559217772820323, 47.693022876969465 ], [ 0.559559807618973, 47.692954163986286 ], [ 0.559619743459435, 47.693076606375016 ], [ 0.559750526348441, 47.69323753715242 ], [ 0.560038544809782, 47.693472782577508 ], [ 0.560240148324732, 47.693602188182908 ], [ 0.560660722601105, 47.693777778793674 ], [ 0.560895518238189, 47.693837891455054 ], [ 0.561455685546389, 47.693941799952874 ], [ 0.562240126446926, 47.694018090077563 ], [ 0.563296988771745, 47.694193254465212 ], [ 0.563829664807457, 47.694224866252661 ], [ 0.564145940474591, 47.694216343644101 ], [ 0.564663489588213, 47.694160352851412 ], [ 0.564932997274943, 47.694111210389075 ], [ 0.565181437334344, 47.694025252013461 ], [ 0.56574436753708, 47.693771346075259 ], [ 0.565938850720778, 47.693640120257555 ], [ 0.566089324786897, 47.693484747805726 ], [ 0.566145974641382, 47.693400039255742 ], [ 0.566219092093201, 47.693221085912072 ], [ 0.566324077396783, 47.692847501822897 ], [ 0.566475076745848, 47.692627009375585 ], [ 0.56678725916224, 47.692587587634776 ], [ 0.566996028118597, 47.692527993201217 ], [ 0.567084897024163, 47.692493519068329 ], [ 0.567607638716176, 47.692633865870881 ], [ 0.56802463310717, 47.69294836889803 ], [ 0.568629245713971, 47.693329665585281 ], [ 0.568851526133978, 47.693424135051622 ], [ 0.569365879196629, 47.693592657697913 ], [ 0.569749812346406, 47.693649672626698 ], [ 0.570012300025544, 47.693644333188537 ], [ 0.570268144050963, 47.693604356125341 ], [ 0.57091526428168, 47.693451692108148 ], [ 0.571149135839014, 47.693359232195384 ], [ 0.571350477049793, 47.69323674978439 ], [ 0.571847415304388, 47.692780583816365 ], [ 0.571996225264914, 47.692532923453385 ], [ 0.57211478602477, 47.691984900410709 ], [ 0.572278484205394, 47.691677582861622 ], [ 0.572891251278858, 47.691111183388479 ], [ 0.573596808767533, 47.690376310756456 ], [ 0.573603332391314, 47.690386552440692 ], [ 0.573745501090555, 47.690545846533055 ], [ 0.574020973824769, 47.690728700015143 ], [ 0.574362533289987, 47.690850544663022 ], [ 0.574741493558555, 47.690901148636542 ], [ 0.574999247563843, 47.690892947271919 ], [ 0.575369481229895, 47.690818506118013 ], [ 0.575591888052001, 47.690730163634356 ], [ 0.575762031857765, 47.69062965282437 ], [ 0.57604217397928, 47.690541050564306 ], [ 0.576251216493674, 47.69043184980962 ], [ 0.576424240849938, 47.690296949260571 ], [ 0.576554445618526, 47.690141650690094 ], [ 0.57665878187739, 47.689883974022699 ], [ 0.57666370549659, 47.689705549761094 ], [ 0.576573660281449, 47.689445427745554 ], [ 0.576172100318479, 47.688893194225102 ], [ 0.576526020881767, 47.688803886402532 ], [ 0.576795871213668, 47.688673623711381 ], [ 0.577045367413946, 47.689067885553612 ], [ 0.577192250293119, 47.689215536945547 ], [ 0.577485599537896, 47.689393472246131 ], [ 0.577843213473609, 47.689505671893407 ], [ 0.578233797231227, 47.689542319103793 ], [ 0.578495652662362, 47.689522907405809 ], [ 0.578746740354027, 47.689469106369152 ], [ 0.5790559607776, 47.689346331105689 ], [ 0.579450134976333, 47.689228229818085 ], [ 0.579952016821479, 47.689243582630397 ], [ 0.580421343195631, 47.689233575103664 ], [ 0.580796226611727, 47.689188858570326 ], [ 0.581625542752732, 47.688947519430869 ], [ 0.582702026647091, 47.688604984636406 ], [ 0.58358755521883, 47.688286794130711 ], [ 0.584045871035052, 47.688184039444423 ], [ 0.584598502217567, 47.688120064645091 ], [ 0.585259589624745, 47.688092994775317 ], [ 0.585599726759934, 47.688028387330398 ], [ 0.586236148543435, 47.687799995780026 ], [ 0.586585452200014, 47.687732802158635 ], [ 0.587222031331292, 47.687537554930074 ], [ 0.587779372711553, 47.687255803115498 ], [ 0.588269038705996, 47.687000104182296 ], [ 0.588662210873478, 47.686989364604401 ], [ 0.589544187131001, 47.686905361772538 ], [ 0.58979326123923, 47.686847622883697 ], [ 0.590681705862795, 47.686568758230848 ], [ 0.592987975651469, 47.685514074151044 ], [ 0.593800179150426, 47.685082728033009 ], [ 0.594572338528598, 47.68457367551823 ], [ 0.594739751152192, 47.68451526533832 ], [ 0.595101767092781, 47.684383936602394 ], [ 0.595572126460818, 47.684165952979228 ], [ 0.595761032777306, 47.684036797652446 ], [ 0.595907718772529, 47.68388467292835 ], [ 0.595963289599562, 47.683801900581088 ], [ 0.596036062145929, 47.683627148043598 ], [ 0.596055427655177, 47.683446088708401 ], [ 0.59604475002711, 47.683355493770833 ], [ 0.596020597121608, 47.683266087711168 ], [ 0.595932990450066, 47.68309446639411 ], [ 0.595710296896364, 47.682830702470326 ], [ 0.59633094161514, 47.68280431003285 ], [ 0.597366491650449, 47.682627854293884 ], [ 0.597668453336786, 47.682756879592986 ], [ 0.598011084993432, 47.682841580036047 ], [ 0.598595015545779, 47.682893754629347 ], [ 0.598873830072341, 47.682897007493409 ], [ 0.599147544773616, 47.68286101322316 ], [ 0.599278722186759, 47.682828724990763 ], [ 0.599749417615664, 47.682693613278744 ], [ 0.599979976634276, 47.682608417709424 ], [ 0.600181296342279, 47.682494327040502 ], [ 0.600603990260568, 47.682195481350227 ], [ 0.600750686314362, 47.682040692741388 ], [ 0.600912993730648, 47.68182332673701 ], [ 0.602055462020468, 47.680997555787023 ], [ 0.602486236514154, 47.680570894840585 ], [ 0.602777135163847, 47.680229775087952 ], [ 0.602903016477645, 47.68002944317756 ], [ 0.603182408874528, 47.679361586566159 ], [ 0.603202686081519, 47.679106912423613 ], [ 0.603463868086118, 47.679135667060585 ], [ 0.603726843841565, 47.679133628598443 ], [ 0.604107445480458, 47.679065654125282 ], [ 0.604442035798288, 47.678925551481065 ], [ 0.604624870232109, 47.678797885945393 ], [ 0.604738824864686, 47.678681594747182 ], [ 0.604902264143258, 47.678669429287666 ], [ 0.605142305706608, 47.67862405968684 ], [ 0.605432315468742, 47.678518444809342 ], [ 0.604503631254815, 47.678167456793069 ], [ 0.602559611407258, 47.67792949014521 ], [ 0.600589027265468, 47.677541463312181 ], [ 0.600096572020677, 47.677344050009815 ], [ 0.599670150811754, 47.676953483615563 ], [ 0.598817160485288, 47.67502150793343 ], [ 0.597732993241333, 47.674315751787205 ], [ 0.59713021616704, 47.673342529421127 ], [ 0.596638396332506, 47.67286595857626 ], [ 0.596320837000287, 47.672816952243792 ], [ 0.596166405799197, 47.672793119629802 ], [ 0.595843979428726, 47.672743360646756 ], [ 0.595841912015069, 47.672739128188617 ], [ 0.595841911776996, 47.672739128091976 ], [ 0.595742672994859, 47.672535962874356 ], [ 0.594377760672748, 47.672262940354983 ], [ 0.5941064206527, 47.672315357887484 ], [ 0.593198233969866, 47.672490795549962 ], [ 0.593156943657278, 47.672369352969156 ], [ 0.593075830294213, 47.672130776223 ], [ 0.593086689995332, 47.671978815340424 ], [ 0.5913181269022, 47.671079698843471 ], [ 0.591002246355327, 47.670959724869313 ], [ 0.589975551046273, 47.670697222609441 ], [ 0.58946460154967, 47.670586729021466 ], [ 0.588696068749852, 47.670570874514993 ], [ 0.587630555823391, 47.669693407184944 ], [ 0.586712032313209, 47.669221489748388 ], [ 0.584938907514703, 47.668692284572039 ], [ 0.584526970027423, 47.668633342563183 ], [ 0.584003714108174, 47.668853955808281 ], [ 0.58227410718117, 47.66880647898919 ], [ 0.580982664852485, 47.668592448507077 ], [ 0.579014600397004, 47.668130256339886 ], [ 0.578761283285627, 47.668600475835277 ], [ 0.578503900678938, 47.669042694809242 ], [ 0.57828495235217, 47.669313712893292 ], [ 0.577887212983847, 47.669705295040707 ], [ 0.57760676028067, 47.669598625351384 ], [ 0.575884000616067, 47.668872213616702 ], [ 0.575749087968613, 47.668848703333396 ], [ 0.571023776557568, 47.668569581424848 ], [ 0.570839648354362, 47.668572958254913 ], [ 0.570661605708151, 47.668589068438308 ], [ 0.567074206931751, 47.669287976942798 ], [ 0.564244187402152, 47.669835970568712 ], [ 0.561679317781968, 47.670211127813609 ], [ 0.560939629631661, 47.670410014292784 ], [ 0.559850243169773, 47.670646620691429 ], [ 0.558336577434563, 47.670773496094668 ], [ 0.559091909585584, 47.667699612958998 ], [ 0.5591121835477, 47.667023750162961 ], [ 0.558453691785583, 47.666789367869079 ], [ 0.558660414559175, 47.666612683337121 ], [ 0.559153833706652, 47.666230366187939 ], [ 0.559330635461677, 47.666153913193284 ], [ 0.559268477800518, 47.666026542862895 ], [ 0.558243438936552, 47.665121723016149 ], [ 0.558044927396168, 47.665079988160386 ], [ 0.557311270480906, 47.664925739728979 ], [ 0.556937996168137, 47.66487628647738 ], [ 0.556512283689335, 47.664819883952553 ], [ 0.556353763772367, 47.664730119486727 ], [ 0.556199144859123, 47.664613420874332 ], [ 0.556042151698383, 47.664490368761477 ], [ 0.55535582330657, 47.663928424306299 ], [ 0.555355807914735, 47.663928411941022 ], [ 0.555187744609351, 47.66379080422417 ], [ 0.554941033948536, 47.663473162557324 ], [ 0.554902071200701, 47.663406226107774 ], [ 0.554886679622128, 47.663379785166448 ], [ 0.55458763015415, 47.662866022198706 ], [ 0.554364486588729, 47.662034676193024 ], [ 0.554300810398874, 47.661708256187261 ], [ 0.554186669596453, 47.661523061740155 ], [ 0.553804026753767, 47.661117922721253 ], [ 0.553641579626982, 47.661055987955898 ], [ 0.553440115806069, 47.660711373426118 ], [ 0.553437825786323, 47.660701547577567 ], [ 0.553437824771975, 47.660701545813048 ], [ 0.553328804254023, 47.660290301023196 ], [ 0.553200497167361, 47.660152536251417 ], [ 0.55290781819506, 47.660023936178852 ], [ 0.552567913207691, 47.659907853927002 ], [ 0.552395075899721, 47.659752946053622 ], [ 0.552003766711237, 47.659479094678261 ], [ 0.551788515056554, 47.659406145059982 ], [ 0.551693824220567, 47.659349229162551 ], [ 0.55162513699173, 47.659277549232876 ], [ 0.551508325846071, 47.659150829533672 ], [ 0.551358997231156, 47.659093668865225 ], [ 0.551036060240602, 47.659043675551821 ], [ 0.550782842426544, 47.659042870443287 ], [ 0.550670994261446, 47.659069342492167 ], [ 0.550584249904049, 47.659129659997113 ], [ 0.550220905062419, 47.65920489030345 ], [ 0.550094555304543, 47.659169822302744 ], [ 0.549680459085707, 47.658899087011584 ], [ 0.549346417020934, 47.658750626251049 ], [ 0.549148820410299, 47.658662805980434 ], [ 0.548862353892233, 47.658562170660169 ], [ 0.548696273409882, 47.658503825661555 ], [ 0.548675844181254, 47.658513302794191 ], [ 0.547698408332251, 47.657942572326498 ], [ 0.546032276536291, 47.657392490496719 ], [ 0.544638637449135, 47.656772466911747 ], [ 0.543808143003658, 47.656514570414437 ], [ 0.543394510704238, 47.656437434024774 ], [ 0.543131647488992, 47.65641479666278 ], [ 0.542921767546135, 47.656457210276031 ], [ 0.542722912893433, 47.656491750677574 ], [ 0.542568833947322, 47.656538038848424 ], [ 0.542398024689771, 47.656571367545489 ], [ 0.542192133423084, 47.656585046958241 ], [ 0.541996516720317, 47.656578230084662 ], [ 0.541714629022598, 47.656505660383729 ], [ 0.541426839626761, 47.656474389977788 ], [ 0.541153992443432, 47.656465946471805 ], [ 0.540747465476487, 47.656581662720903 ], [ 0.540604750388025, 47.656670512260007 ], [ 0.540452585422012, 47.656733047443467 ], [ 0.540003731235722, 47.656812749587139 ], [ 0.539865337438671, 47.656865668193241 ], [ 0.539674479207389, 47.656986822361297 ], [ 0.539637281413851, 47.65701305482429 ], [ 0.539552274560508, 47.657064395725904 ], [ 0.539437765160632, 47.657119617875935 ], [ 0.539348054234737, 47.657157351673149 ], [ 0.539124938715361, 47.657226495609976 ], [ 0.539078042593333, 47.657231811524021 ], [ 0.538996649750137, 47.657233699213052 ], [ 0.538894200612801, 47.657229740145191 ], [ 0.538786549699808, 47.657222969829604 ], [ 0.538430092455121, 47.65718554610001 ], [ 0.538416449007366, 47.65718455493986 ], [ 0.538403725327694, 47.65718277782301 ], [ 0.537949558542676, 47.657135094005547 ], [ 0.537606328215125, 47.657134681488344 ], [ 0.537561652367013, 47.657135924348175 ], [ 0.537422835363221, 47.657140202752352 ], [ 0.537305531389759, 47.657140431818554 ], [ 0.537201460159674, 47.657142740757777 ], [ 0.537099052876856, 47.65713788046493 ], [ 0.537043251022529, 47.65713400256125 ], [ 0.53698262142681, 47.657119216532365 ], [ 0.536933018468018, 47.657096558186836 ], [ 0.536862816605248, 47.657058156590892 ], [ 0.536824822074987, 47.657015030802881 ], [ 0.536806842842463, 47.656971426450951 ], [ 0.536785868069838, 47.656934963157568 ], [ 0.536668376035808, 47.656851988316731 ], [ 0.536625697376851, 47.656824423443695 ], [ 0.536570309630882, 47.656782731889486 ], [ 0.536329158320804, 47.656578630446283 ], [ 0.536048689975702, 47.656446642021194 ], [ 0.535886111423559, 47.656388281032832 ], [ 0.535745337051193, 47.656319573371491 ], [ 0.535727879611934, 47.656309399822803 ], [ 0.535633358522322, 47.65626227926041 ], [ 0.535603855047839, 47.656237342685216 ], [ 0.53556099443534, 47.65621302487942 ], [ 0.535535568842662, 47.656186373246477 ], [ 0.535527017853118, 47.656168795968959 ], [ 0.53548222091107, 47.656129415181944 ], [ 0.535211452097588, 47.655989524474506 ], [ 0.535133929906595, 47.655965375777228 ], [ 0.535046129589591, 47.655932905422915 ], [ 0.5349858345626, 47.65591092114073 ], [ 0.534708205693924, 47.655890654744738 ], [ 0.534599933455657, 47.65586855840548 ], [ 0.534479427144083, 47.655822790046187 ], [ 0.534441768799913, 47.655801283176338 ], [ 0.534362208010382, 47.655763583001232 ], [ 0.534269290274508, 47.655726501400949 ], [ 0.534183113585086, 47.655687760940495 ], [ 0.534098102181203, 47.655652647123048 ], [ 0.534034520380161, 47.655615283970512 ], [ 0.534032871641204, 47.655614501561701 ], [ 0.533804703219826, 47.655512275348919 ], [ 0.533514593274237, 47.655416098156252 ], [ 0.533230476289898, 47.655363272153615 ], [ 0.533137393542159, 47.655358605182784 ], [ 0.533047015497542, 47.655353094719423 ], [ 0.53294602679548, 47.655346459597979 ], [ 0.532850322646396, 47.655340836513304 ], [ 0.53274146963216, 47.655331333553086 ], [ 0.532663241976112, 47.655322477266772 ], [ 0.532590465351177, 47.655311034462173 ], [ 0.532498048714695, 47.655291972575 ], [ 0.532417615952718, 47.655273163724793 ], [ 0.532337391374612, 47.655249856567252 ], [ 0.532331085714382, 47.655246352263717 ], [ 0.532133792807341, 47.655185220562572 ], [ 0.531819959612391, 47.655137793413431 ], [ 0.531814808823242, 47.655137057719266 ], [ 0.531688979605874, 47.655119990882532 ], [ 0.531600391660154, 47.655104611279128 ], [ 0.531529363478938, 47.655084199443237 ], [ 0.531524629287807, 47.655082042982045 ], [ 0.531390742013343, 47.655042160117027 ], [ 0.531243794839667, 47.655005222479467 ], [ 0.53120992473506, 47.654988297219454 ], [ 0.53112169681837, 47.654975640116952 ], [ 0.531089297227525, 47.654974041234127 ], [ 0.531025883743364, 47.654961894771688 ], [ 0.530802606560439, 47.65489053679886 ], [ 0.530613570426753, 47.654914457816304 ], [ 0.530483289326544, 47.654907201396874 ], [ 0.530380053784077, 47.654920328208249 ], [ 0.530344560872216, 47.654909672099031 ], [ 0.530340546015856, 47.654906904625193 ], [ 0.530269830480312, 47.654882877505962 ], [ 0.530194265301063, 47.654902892801758 ], [ 0.530066399059186, 47.654872273172039 ], [ 0.530035359113445, 47.654851805271619 ], [ 0.53001226665914, 47.654832405916942 ], [ 0.529853150699361, 47.654814633328591 ], [ 0.529545575236839, 47.654721678863353 ], [ 0.529484575402831, 47.65471498577277 ], [ 0.529419539354119, 47.654709107827607 ], [ 0.529341521539478, 47.654695751067024 ], [ 0.52928996741625, 47.6546865560341 ], [ 0.528969576399766, 47.65461133960725 ], [ 0.528777629693405, 47.654611782284768 ], [ 0.528669533566096, 47.654647437645423 ], [ 0.528667984381444, 47.654648185810643 ], [ 0.528605734105381, 47.654668481741211 ], [ 0.528503529343091, 47.654685812841613 ], [ 0.528467253756121, 47.654694369263822 ], [ 0.528400020137918, 47.654703365036717 ], [ 0.528284666395037, 47.65472292560419 ], [ 0.528207104774755, 47.654728488889432 ], [ 0.528144356625476, 47.654730763419444 ], [ 0.5280388747866, 47.654734835328838 ], [ 0.527950410780329, 47.654745570952088 ], [ 0.527861905037951, 47.654757206157292 ], [ 0.52778821277578, 47.654765552636931 ], [ 0.527706489671396, 47.65477462965746 ], [ 0.527652936970058, 47.654779800108834 ], [ 0.52761976094819, 47.654782818207842 ], [ 0.527619748248922, 47.654782819661733 ], [ 0.527619730538523, 47.654782820974283 ], [ 0.527556567104895, 47.654788567070106 ], [ 0.527460322329946, 47.654794635005338 ], [ 0.527373731842155, 47.654793702936587 ], [ 0.52729920845372, 47.654791225141217 ], [ 0.527226100014161, 47.654786976183289 ], [ 0.527167721722661, 47.654781237897254 ], [ 0.527087083042227, 47.654766923617181 ], [ 0.526957970822992, 47.65473447310282 ], [ 0.526858772170089, 47.654690472380864 ], [ 0.526698005190556, 47.654620906052592 ], [ 0.526589700709643, 47.654570884980593 ], [ 0.526515348185578, 47.654535991144165 ], [ 0.526421482051531, 47.654490778252445 ], [ 0.526205352297856, 47.654411435049269 ], [ 0.526185523829823, 47.654405634794507 ], [ 0.526118701825443, 47.654380806002756 ], [ 0.526038815188625, 47.654350297322146 ], [ 0.525768315063719, 47.654232953669222 ], [ 0.525700131715913, 47.654209846083056 ], [ 0.525610136141604, 47.654167416076959 ], [ 0.525542317114028, 47.654135361563753 ], [ 0.525475704448675, 47.654106034158424 ], [ 0.525475523672655, 47.654105938711957 ], [ 0.52526405037427, 47.65401419927553 ], [ 0.525190279582207, 47.653995526462623 ], [ 0.525102238080858, 47.653968446495121 ], [ 0.525010160429529, 47.653942181486272 ], [ 0.524998130832021, 47.653938073464268 ], [ 0.524832621126682, 47.653890691946913 ], [ 0.524734758484083, 47.653874210012681 ], [ 0.524653507779252, 47.653855757301301 ], [ 0.524568451523089, 47.653839167637052 ], [ 0.524488107260577, 47.653818554018777 ], [ 0.524339402355977, 47.653777580554603 ], [ 0.524246119199675, 47.653748587781074 ], [ 0.524101968365047, 47.65371952653183 ], [ 0.524058509096088, 47.653713093212957 ], [ 0.523967388001464, 47.653694952430818 ], [ 0.523869567752184, 47.653677570122234 ], [ 0.523791886981856, 47.653657012464954 ], [ 0.523734470988684, 47.653630580554839 ], [ 0.523663698401969, 47.65360476603442 ], [ 0.523593301827798, 47.653570854638495 ], [ 0.523534846946929, 47.653538096868857 ], [ 0.523498985617482, 47.653506718543476 ], [ 0.52345834145029, 47.653463531880597 ], [ 0.523337584403477, 47.653279964690405 ], [ 0.523260841535063, 47.65323845131023 ], [ 0.523260838943124, 47.653238450151925 ], [ 0.523229411127516, 47.653227241525002 ], [ 0.523123650344394, 47.653179972604718 ], [ 0.522963179435445, 47.653105428103991 ], [ 0.522808764481052, 47.653130070521165 ], [ 0.522686800560524, 47.653173411551307 ], [ 0.522452962161812, 47.653157646325454 ], [ 0.522162401835942, 47.6531866048322 ], [ 0.521986174988605, 47.65325040705514 ], [ 0.52191450152317, 47.653358751930433 ], [ 0.521854202533113, 47.653394394772242 ], [ 0.521791043840241, 47.653376845403955 ], [ 0.521646301128877, 47.653308035919387 ], [ 0.521506746623252, 47.653299672117022 ], [ 0.521431556669684, 47.653311584936759 ], [ 0.521380584170845, 47.653318608309576 ], [ 0.521290252607393, 47.653312189101221 ], [ 0.521262482836031, 47.653302980920422 ], [ 0.521195836066031, 47.653294162038591 ], [ 0.521195832410085, 47.65329416206211 ], [ 0.520900702924909, 47.653469148785305 ], [ 0.520903665523137, 47.653485894188066 ], [ 0.520903163720922, 47.653496689953379 ], [ 0.520890218573406, 47.653517127545513 ], [ 0.520848106202643, 47.653534244585551 ], [ 0.520794234330006, 47.653533101370535 ], [ 0.520042119545278, 47.654030955983501 ], [ 0.520042118066693, 47.654030963367028 ], [ 0.520029409599737, 47.654109562095357 ], [ 0.52002567767573, 47.65413815801795 ], [ 0.520023837059369, 47.654177742463233 ], [ 0.520020874100403, 47.654212800410832 ], [ 0.520011211794372, 47.65424861668113 ], [ 0.520001716806059, 47.654280834364229 ], [ 0.519979325099621, 47.654303772932622 ], [ 0.519953914626996, 47.65431881668006 ], [ 0.519908992035384, 47.654354510885959 ], [ 0.519880965016654, 47.654596976122015 ], [ 0.519880965151486, 47.65459698071588 ], [ 0.519886660918967, 47.6546341030175 ], [ 0.519924681895352, 47.654676334718573 ], [ 0.52001762190177, 47.654696126238363 ], [ 0.520017624850249, 47.654696126003252 ], [ 0.520178178357469, 47.654642092215454 ], [ 0.520222160085669, 47.654642125231526 ], [ 0.520266288128411, 47.654725010478003 ], [ 0.52025504340668, 47.654766196374794 ], [ 0.520227283713103, 47.654789921583486 ], [ 0.520179551249653, 47.654813222846087 ], [ 0.520125286653167, 47.654833683833715 ], [ 0.520062245211297, 47.65484225154762 ], [ 0.520048965731714, 47.654843002213454 ], [ 0.519823687271726, 47.654870507208699 ], [ 0.519659564986348, 47.654986800952628 ], [ 0.519630413163857, 47.655014091650393 ], [ 0.519588006325635, 47.65503750574446 ], [ 0.519532702640389, 47.655051640663729 ], [ 0.519521801728541, 47.655053367514903 ], [ 0.519335957159436, 47.655097893233268 ], [ 0.51929209959392, 47.655177070391083 ], [ 0.519290788334154, 47.655180683839227 ], [ 0.519276301406744, 47.655205591190338 ], [ 0.519244630162969, 47.655227432049656 ], [ 0.519243603506504, 47.655227898286761 ], [ 0.519148284748393, 47.655292926300106 ], [ 0.519131998253315, 47.655356518393326 ], [ 0.519163348541229, 47.655397161312962 ], [ 0.519175052336404, 47.655405160939871 ], [ 0.51919485032794, 47.655438000565873 ], [ 0.519195672115118, 47.655477641519063 ], [ 0.519158384220076, 47.655532822560289 ], [ 0.519140930920366, 47.655565632005853 ], [ 0.519114083363827, 47.65559838166967 ], [ 0.519081909629694, 47.655631018225996 ], [ 0.519042374383515, 47.655649990437688 ], [ 0.518982949755127, 47.655666739201479 ], [ 0.51891549401302, 47.655684217917802 ], [ 0.518770809036467, 47.65570005645214 ], [ 0.518708436627024, 47.655702097979521 ], [ 0.518699577222851, 47.655702863008706 ], [ 0.518563206823107, 47.655721762772743 ], [ 0.518504326132274, 47.65572681590465 ], [ 0.518455142937752, 47.65572397017722 ], [ 0.518120065117706, 47.655821314509787 ], [ 0.517942670115663, 47.655936162585078 ], [ 0.517935860833287, 47.65594167502536 ], [ 0.517899817147363, 47.655971527450852 ], [ 0.517850709195323, 47.655995699104004 ], [ 0.517693084465305, 47.656003156604825 ], [ 0.517666464353584, 47.656003120032437 ], [ 0.517456018150553, 47.656043413012263 ], [ 0.51742834129338, 47.656049762366557 ], [ 0.517395923538001, 47.656058979395951 ], [ 0.517369419644085, 47.656059993425167 ], [ 0.517300629945849, 47.65607316405643 ], [ 0.517245902277461, 47.656103519784146 ], [ 0.517191467717418, 47.65612757797394 ], [ 0.517133774964943, 47.656192991487693 ], [ 0.517119511953249, 47.656298951451795 ], [ 0.517152389079892, 47.656423023360226 ], [ 0.51722336301683, 47.656473160480708 ], [ 0.517275955180139, 47.656488686634454 ], [ 0.517337081147824, 47.656492687157886 ], [ 0.517385059070134, 47.65649280612682 ], [ 0.517423464827751, 47.656498124884465 ], [ 0.517450924994361, 47.656509514790798 ], [ 0.517467607081125, 47.656523377275676 ], [ 0.51747321794227, 47.65654600985475 ], [ 0.517466970411377, 47.656565688858137 ], [ 0.517459684458251, 47.656579042056308 ], [ 0.51742568355991, 47.65659362866424 ], [ 0.517386607675945, 47.656602704217846 ], [ 0.517326352462215, 47.656608628103832 ], [ 0.517266516041353, 47.65660555551532 ], [ 0.517206595864087, 47.65660428218478 ], [ 0.516953465144627, 47.656630421409098 ], [ 0.516859020816381, 47.656690964072254 ], [ 0.516857281934072, 47.656692315145989 ], [ 0.516848363021949, 47.656697796139269 ], [ 0.516757969952742, 47.656755741554996 ], [ 0.516730673091467, 47.656777876551764 ], [ 0.516689678923767, 47.656799518586354 ], [ 0.516629917144136, 47.656823463295872 ], [ 0.516577860447568, 47.656825058393757 ], [ 0.515631452688021, 47.65553878535512 ], [ 0.514982127520539, 47.654652859970078 ], [ 0.513196710220967, 47.652929461231416 ], [ 0.511763780176283, 47.651902857779106 ], [ 0.511164939670799, 47.651571407829458 ], [ 0.509200277872503, 47.650633497998506 ], [ 0.507610463852316, 47.64997461429045 ], [ 0.506790023030728, 47.649650022214814 ], [ 0.506263500231672, 47.64948118878845 ], [ 0.505434269612481, 47.649287878271878 ], [ 0.50538440332543, 47.649259880878738 ], [ 0.504894054605174, 47.648984565276827 ], [ 0.504411603689644, 47.648586125597681 ], [ 0.501770532459272, 47.646559282313788 ], [ 0.500861091077812, 47.645917551834202 ], [ 0.501133619932975, 47.645732466718648 ], [ 0.5001466561948, 47.645153010223467 ], [ 0.499849194227338, 47.645358271992116 ], [ 0.499666653833101, 47.645272415071339 ], [ 0.498414832938099, 47.644629638502295 ], [ 0.498234808656331, 47.644812590475112 ], [ 0.49791609726765, 47.645136481470047 ], [ 0.497044022483866, 47.646069064350314 ], [ 0.496732867503762, 47.646196578035884 ], [ 0.496621464135588, 47.646241919540756 ], [ 0.49561286363359, 47.645073902891617 ], [ 0.492971002140134, 47.644492210500999 ], [ 0.490046089256124, 47.64531103368364 ], [ 0.4870663967492, 47.644857930084704 ], [ 0.484444749825624, 47.644424254175398 ], [ 0.483653573296485, 47.64429365670356 ], [ 0.483574250944275, 47.644280240640342 ], [ 0.482928723152178, 47.644094326143282 ], [ 0.482535365635561, 47.643980533044946 ], [ 0.482535287064457, 47.643980510377517 ], [ 0.48081519294146, 47.643483370650223 ], [ 0.48063728522969, 47.643432547874056 ], [ 0.480367913169561, 47.643436643464121 ], [ 0.479967954883066, 47.643440622755335 ], [ 0.479665557480154, 47.643438600873097 ], [ 0.479568336583634, 47.643437403582098 ], [ 0.478675859834641, 47.643401931835413 ], [ 0.478242115907317, 47.64361320401553 ], [ 0.478389703047135, 47.643789296755934 ], [ 0.478311166182791, 47.643984822645621 ], [ 0.477605590187803, 47.644195626958449 ], [ 0.478124297581205, 47.644583258974066 ], [ 0.478035010346054, 47.64468062718808 ], [ 0.477747745777115, 47.644993886132497 ], [ 0.477357358951277, 47.644626134498566 ], [ 0.477021421055226, 47.644589004053742 ], [ 0.476603046176672, 47.645401117864488 ], [ 0.47664938429098, 47.645478976706741 ], [ 0.476548954454496, 47.645714553421506 ], [ 0.476339884939055, 47.646781695857335 ], [ 0.475359088395748, 47.647344060779055 ], [ 0.475324028675179, 47.64740904345836 ], [ 0.475342488040158, 47.647497696695112 ], [ 0.475402292867864, 47.647592129768476 ], [ 0.475403251396956, 47.647593568102188 ], [ 0.475426843170901, 47.647630100124324 ], [ 0.475454088290873, 47.647673915525758 ], [ 0.475570384161417, 47.647779091965333 ], [ 0.475663204663904, 47.647817120011716 ], [ 0.475712506003918, 47.647817284858611 ], [ 0.475835257498544, 47.647788247741474 ], [ 0.475875851785746, 47.64777308527497 ], [ 0.475941937728148, 47.64775650219768 ], [ 0.476009014391494, 47.647747144917766 ], [ 0.476051871928517, 47.647742667622914 ], [ 0.476114486364433, 47.647743119955408 ], [ 0.476168602103952, 47.647754195272952 ], [ 0.476212845290986, 47.647776764457134 ], [ 0.476239568556509, 47.64780345786906 ], [ 0.476260626053504, 47.647837233290979 ], [ 0.476263087667333, 47.647869706391795 ], [ 0.476254856155699, 47.647902849019864 ], [ 0.476243127121182, 47.647920962396007 ], [ 0.476231852403219, 47.647938374149554 ], [ 0.476191158334507, 47.647981622045428 ], [ 0.476149941651827, 47.648007748124684 ], [ 0.476108117258419, 47.648018551654424 ], [ 0.475919391651015, 47.647976226442424 ], [ 0.475417100278314, 47.647863575117988 ], [ 0.473908561521755, 47.647525232368025 ], [ 0.473276596892494, 47.647334154962863 ], [ 0.473059222932267, 47.647252905632726 ], [ 0.473034717613297, 47.647242558566305 ], [ 0.472753495023548, 47.647123816044321 ], [ 0.472448683408462, 47.647031668199247 ], [ 0.472039884815046, 47.646884136375462 ], [ 0.471594707896318, 47.64671690397504 ], [ 0.471205021200113, 47.646559876676193 ], [ 0.471044088290186, 47.646496955863121 ], [ 0.470603994132734, 47.646365069210326 ], [ 0.470548679248319, 47.646349344540631 ], [ 0.47048696238184, 47.646329996948189 ], [ 0.470467761119333, 47.646313371130752 ], [ 0.470467411057709, 47.646292650759591 ], [ 0.470478829179155, 47.646276688012115 ], [ 0.466148507140086, 47.644212412111379 ], [ 0.464005691411978, 47.645614006993803 ], [ 0.461740167949431, 47.644242776261315 ], [ 0.462340710807535, 47.643664157041499 ], [ 0.46197784294545, 47.643336573804184 ], [ 0.462652886610303, 47.642564150161803 ], [ 0.462601398507862, 47.642554026024165 ], [ 0.462516070029866, 47.642526956591503 ], [ 0.462137214031617, 47.642339513688434 ], [ 0.461903171382897, 47.642245272543128 ], [ 0.461760941636723, 47.642181844147466 ], [ 0.461571354909638, 47.642161513860628 ], [ 0.459387866296442, 47.64103066252936 ], [ 0.458883074782176, 47.64069007496299 ], [ 0.458937125995533, 47.640590387883876 ], [ 0.458669594034867, 47.640416995632371 ], [ 0.457068063198786, 47.639378975466734 ], [ 0.455547582180325, 47.637370019835302 ], [ 0.452953554630379, 47.633737321365373 ], [ 0.453149423458216, 47.63337416131084 ], [ 0.453256974753556, 47.633102734027766 ], [ 0.453374571267363, 47.632844133653414 ], [ 0.453518957692768, 47.632359174008165 ], [ 0.453570563327836, 47.632254932773655 ], [ 0.453608301615731, 47.632078343615277 ], [ 0.453638826899635, 47.631969139825202 ], [ 0.453676392996089, 47.631851984429339 ], [ 0.453700005886892, 47.631775950944395 ], [ 0.453731131870313, 47.631682069893664 ], [ 0.453775395032973, 47.631592077559247 ], [ 0.453832237160797, 47.63148975151239 ], [ 0.453971901406112, 47.631299739004049 ], [ 0.454030582344745, 47.6312139990766 ], [ 0.454137138443305, 47.631074932853195 ], [ 0.454458349273501, 47.630681182039581 ], [ 0.454555843678746, 47.630480679192971 ], [ 0.454556143654014, 47.630446464097027 ], [ 0.454525361470466, 47.630421477721285 ], [ 0.455554042591746, 47.629567786453642 ], [ 0.455843202214602, 47.629323396489639 ], [ 0.456353431175826, 47.628879913429472 ], [ 0.457006631168764, 47.628479878747136 ], [ 0.456930726179005, 47.628395373269619 ], [ 0.456361155943469, 47.627963301824884 ], [ 0.456437309576746, 47.62790282140233 ], [ 0.454462032241907, 47.627001532785336 ], [ 0.455062121032464, 47.626597649195411 ], [ 0.454806821130963, 47.626336322316774 ], [ 0.453989935549623, 47.624973959422142 ], [ 0.452616093286662, 47.623224800216178 ], [ 0.452619588227394, 47.622342314327781 ], [ 0.45198849468457, 47.62138744312449 ], [ 0.450846180259745, 47.620929330961324 ], [ 0.450735196075315, 47.620631518994415 ], [ 0.450741164734109, 47.620590222856642 ], [ 0.450077092467318, 47.61937885556609 ], [ 0.449061361364762, 47.619534079793269 ], [ 0.448763574538865, 47.619576612415344 ], [ 0.447948648982736, 47.619699295457814 ], [ 0.447621798360722, 47.619750275154686 ], [ 0.446692115715144, 47.619888448110231 ], [ 0.446066159491943, 47.619970217889424 ], [ 0.445858795912266, 47.619989096545176 ], [ 0.445659889479633, 47.619998253517196 ], [ 0.445489054933439, 47.620005322646406 ], [ 0.445291823503444, 47.620007311023123 ], [ 0.445228802742649, 47.620008769425425 ], [ 0.445228563244365, 47.620008775267294 ], [ 0.445228551114354, 47.620008775248429 ], [ 0.445071799449994, 47.6200124025872 ], [ 0.444600290466101, 47.620011989506835 ], [ 0.444217974882027, 47.620007200574157 ], [ 0.443761855984928, 47.620006486988103 ], [ 0.442247280828569, 47.620007616357697 ], [ 0.441800553176354, 47.620009212856353 ], [ 0.441559842871698, 47.620001236426958 ], [ 0.44143094663421, 47.619994809399032 ], [ 0.441247625008444, 47.619984487676035 ], [ 0.44113079056375, 47.61997652351144 ], [ 0.44101958052998, 47.619962378454822 ], [ 0.440907684815385, 47.619942883231708 ], [ 0.440907670820797, 47.619942881121581 ], [ 0.440907662829776, 47.619942879401215 ], [ 0.440895409624431, 47.619940744558072 ], [ 0.440791111588565, 47.619921347314168 ], [ 0.440674157056786, 47.619892608770733 ], [ 0.440348869990887, 47.619822577932766 ], [ 0.44021374437387, 47.619795216574666 ], [ 0.439973343964815, 47.619741729823872 ], [ 0.439973317692969, 47.619741724167675 ], [ 0.436252865446032, 47.618925091255022 ], [ 0.436252721902132, 47.618925059723644 ], [ 0.435253745341369, 47.618706526750621 ], [ 0.434950933394481, 47.618639095338146 ], [ 0.434064903968007, 47.618444450835653 ], [ 0.433524600564824, 47.618683836824019 ], [ 0.432133078736061, 47.618454209128053 ], [ 0.431711391425469, 47.618304442126203 ], [ 0.429274872439515, 47.617620406049994 ], [ 0.428463659981665, 47.617538598493063 ], [ 0.427262782498859, 47.617693157804766 ], [ 0.426580041923873, 47.617681712189949 ], [ 0.425400433681995, 47.617533223879875 ], [ 0.424215260293006, 47.617914145571156 ], [ 0.423180562480913, 47.61865410864489 ], [ 0.422913827310578, 47.618909390988108 ], [ 0.422586762993865, 47.61920026491341 ], [ 0.422227256158337, 47.619473310490612 ], [ 0.421809460507466, 47.619739664281198 ], [ 0.421642166273563, 47.619832944414796 ], [ 0.421632772871623, 47.619840230302671 ], [ 0.420347473592493, 47.620554821544246 ], [ 0.419585469383639, 47.621135071089789 ], [ 0.418558747892715, 47.623008282573586 ], [ 0.418258887488462, 47.623555338940996 ], [ 0.417857319092727, 47.623870669641981 ], [ 0.417407290553717, 47.623921055401247 ], [ 0.416280040399917, 47.624669719539341 ], [ 0.416036359040117, 47.624832736549294 ], [ 0.413466959951365, 47.626273480027557 ], [ 0.413434365715062, 47.626291755781395 ], [ 0.413423625553368, 47.626297777836825 ], [ 0.411419542116633, 47.626390254311715 ], [ 0.41110550619548, 47.626392565309828 ], [ 0.410577199704977, 47.626398594426838 ], [ 0.410400054937783, 47.626480221590988 ], [ 0.410374159465837, 47.626492255494398 ], [ 0.409596177478752, 47.626848742275548 ], [ 0.409594474273929, 47.626883827409735 ], [ 0.409581405631606, 47.626906052171698 ], [ 0.40954100242024, 47.62691506227516 ], [ 0.409490346172885, 47.626915739602232 ], [ 0.409423677123108, 47.626916962227028 ], [ 0.409391293560545, 47.626967462274393 ], [ 0.409379954531549, 47.626994343297184 ], [ 0.409331432874211, 47.627060810820147 ], [ 0.409241767971372, 47.627096646048322 ], [ 0.409211943730153, 47.627134709574698 ], [ 0.409191035268389, 47.627154474235397 ], [ 0.409155742888456, 47.627194702525436 ], [ 0.409120834220935, 47.627255167904472 ], [ 0.409076129591043, 47.627325322371462 ], [ 0.409074618087789, 47.627438762875691 ], [ 0.409049243000865, 47.627494936836456 ], [ 0.409005411724764, 47.627547098901744 ], [ 0.408956105925316, 47.627574823604874 ], [ 0.408906124559373, 47.627589024482447 ], [ 0.408880107785948, 47.627795582291185 ], [ 0.408883525829756, 47.627917237452714 ], [ 0.408877085403428, 47.627968424987337 ], [ 0.408874110121335, 47.628138573016443 ], [ 0.40889677406065, 47.628193111185169 ], [ 0.408955325785589, 47.62824934629014 ], [ 0.408979952509191, 47.628318337386887 ], [ 0.40899840582713, 47.628377285030119 ], [ 0.409019584776127, 47.628462410175814 ], [ 0.409066092693592, 47.628547196750944 ], [ 0.409129781680271, 47.628826891313679 ], [ 0.409221447422551, 47.628969416736417 ], [ 0.409326005489848, 47.62914825157138 ], [ 0.409376850980179, 47.629335801082014 ], [ 0.409342459844574, 47.629495342492746 ], [ 0.409426535425731, 47.629629593992782 ], [ 0.409430764176806, 47.629707138244044 ], [ 0.409427031107327, 47.629756587678003 ], [ 0.409387190841005, 47.629808838400386 ], [ 0.409374921915859, 47.629823384341641 ], [ 0.409277859025277, 47.629947804819018 ], [ 0.40923515597447, 47.630086448265338 ], [ 0.409247718975771, 47.630156972729999 ], [ 0.409308238802025, 47.630172724829301 ], [ 0.409351958663234, 47.630205215315598 ], [ 0.409439198053663, 47.630356648059873 ], [ 0.409477481680144, 47.630473672979804 ], [ 0.409487840707012, 47.630562160221594 ], [ 0.409464730578274, 47.630681425471089 ], [ 0.409415090555361, 47.630798300976906 ], [ 0.409353737366488, 47.630854577341601 ], [ 0.409342368422, 47.630896652653945 ], [ 0.409356504210439, 47.630934790871343 ], [ 0.409365599134593, 47.630994431313454 ], [ 0.409332455881209, 47.631045929994869 ], [ 0.409284521564331, 47.631072784695775 ], [ 0.409231176377361, 47.631101320501685 ], [ 0.409226438347715, 47.631171461077656 ], [ 0.409285168410026, 47.631224097464234 ], [ 0.409311430803616, 47.63134175626351 ], [ 0.409280815191393, 47.631450948488599 ], [ 0.409212142915079, 47.631685378355797 ], [ 0.409108735970425, 47.631921739266765 ], [ 0.409050913616852, 47.632015017820578 ], [ 0.408970358275071, 47.632082575549184 ], [ 0.408901323613916, 47.632132377145119 ], [ 0.408873852279528, 47.632176796860747 ], [ 0.408852010291096, 47.632215037382338 ], [ 0.408819852171461, 47.632244584754275 ], [ 0.408718561425836, 47.632384088011634 ], [ 0.40868951690731, 47.632460893850762 ], [ 0.408623294484654, 47.632535073500776 ], [ 0.408489632831358, 47.632598750658616 ], [ 0.408345172791981, 47.632731668575069 ], [ 0.408327688497357, 47.632750957939898 ], [ 0.40830464927731, 47.63276895417399 ], [ 0.408113071006961, 47.632945224024304 ], [ 0.407965987267963, 47.633038322018756 ], [ 0.407768177459576, 47.633105978015827 ], [ 0.407583787851771, 47.633144212289245 ], [ 0.407384898305427, 47.633104844208141 ], [ 0.407327845757823, 47.633535971181011 ], [ 0.406773659974365, 47.633659816531157 ], [ 0.406546092297391, 47.633744622387205 ], [ 0.406260969996363, 47.633923508011904 ], [ 0.406099904391247, 47.634098504957258 ], [ 0.406020920592282, 47.634236143188566 ], [ 0.405512458052527, 47.634347168966038 ], [ 0.405253422617127, 47.634447778299808 ], [ 0.404426517488617, 47.634858690928169 ], [ 0.403777245124816, 47.635225900655023 ], [ 0.403219869941977, 47.635472378873551 ], [ 0.402698362412752, 47.635604885132494 ], [ 0.402465118902541, 47.635702209384895 ], [ 0.401908338076376, 47.636052780915549 ], [ 0.401798709780771, 47.636132130504357 ], [ 0.401623724654931, 47.636304459539431 ], [ 0.401449979772522, 47.636316598912003 ], [ 0.40120192972459, 47.636361301419463 ], [ 0.400865004666052, 47.636486272416519 ], [ 0.400675988770513, 47.636603684367621 ], [ 0.40024620257352, 47.636927613878555 ], [ 0.400014029168157, 47.637135315093929 ], [ 0.399619373806601, 47.637226833817756 ], [ 0.399389753338357, 47.637326622959208 ], [ 0.399287490741514, 47.637387911829975 ], [ 0.39885763108092, 47.637737554647899 ], [ 0.398738363933543, 47.637882865502007 ], [ 0.398638263043543, 47.638122305585014 ], [ 0.398499037013291, 47.638793836371789 ], [ 0.398240056896473, 47.638956735393243 ], [ 0.398099491611211, 47.639093227204633 ], [ 0.397963935836376, 47.639324763963927 ], [ 0.397913535134132, 47.639530665112353 ], [ 0.397141663482402, 47.639557323068068 ], [ 0.396890311978999, 47.63959845521272 ], [ 0.39668369195184, 47.63966169366023 ], [ 0.396733647120885, 47.639695724336825 ], [ 0.396744909949213, 47.639701628531427 ], [ 0.396765460828371, 47.639717396574355 ], [ 0.39676135002328, 47.6397470243013 ], [ 0.396748141189643, 47.639771946303391 ], [ 0.396723479465534, 47.639785805982832 ], [ 0.396496771783479, 47.639816775936119 ], [ 0.396461475328017, 47.639857416091196 ], [ 0.396468838833081, 47.639919681976302 ], [ 0.396471405497175, 47.639926982619592 ], [ 0.396472794442064, 47.639953130591209 ], [ 0.396453061740101, 47.639975205371883 ], [ 0.396422460862225, 47.640001540804903 ], [ 0.39635024521967, 47.640034153212554 ], [ 0.396234381102114, 47.640087406564994 ], [ 0.396251382754712, 47.640272568230664 ], [ 0.396259299512746, 47.640314009300241 ], [ 0.396258742567122, 47.640352722100104 ], [ 0.39622339927072, 47.640476215087538 ], [ 0.396177159881152, 47.640549932891794 ], [ 0.396176917159051, 47.640634949113512 ], [ 0.396182451701287, 47.640659922400609 ], [ 0.396176745946679, 47.640694918060944 ], [ 0.396163286954176, 47.640752255524689 ], [ 0.396130986777402, 47.640840693450471 ], [ 0.396107669278493, 47.640881600562615 ], [ 0.396101587990522, 47.640888664966681 ], [ 0.396041257015553, 47.640986389076971 ], [ 0.395972374424272, 47.64103258437342 ], [ 0.395760011737872, 47.641042637313845 ], [ 0.395670446760571, 47.641048366923975 ], [ 0.395584904667157, 47.641053664133906 ], [ 0.395442125023233, 47.64105768487962 ], [ 0.394497526584917, 47.641143126792741 ], [ 0.39453184398235, 47.641409659971615 ], [ 0.394435269096218, 47.641806158267791 ], [ 0.394394106141631, 47.64189195563636 ], [ 0.394274823258841, 47.642053076944734 ], [ 0.394110447479316, 47.642194915564673 ], [ 0.394013345653533, 47.642256791560492 ], [ 0.393794175001176, 47.642359355577995 ], [ 0.393549171123925, 47.642430366136082 ], [ 0.392980962700987, 47.642509822759138 ], [ 0.39270752409343, 47.642509631425206 ], [ 0.392474699744466, 47.642493228722806 ], [ 0.392292522958595, 47.642869490080614 ], [ 0.39169418789139, 47.643524638085992 ], [ 0.391277098189388, 47.644105084042998 ], [ 0.391101742683459, 47.644613737996103 ], [ 0.391071107981397, 47.644782614329735 ], [ 0.391088047172082, 47.644952369543361 ], [ 0.391151953863145, 47.645116937222603 ], [ 0.391260543937001, 47.645270438576318 ], [ 0.391605185883605, 47.645649265014171 ], [ 0.391692508832783, 47.645720132325842 ], [ 0.391896946479538, 47.645841961669859 ], [ 0.392527792837406, 47.646084049760404 ], [ 0.392192362659195, 47.646634427986001 ], [ 0.391965019351007, 47.647134454237658 ], [ 0.391912271006003, 47.647313522237027 ], [ 0.39191408275265, 47.647496099510057 ], [ 0.392010510035325, 47.648055229791012 ], [ 0.392252250383192, 47.648588861762384 ], [ 0.392286270702696, 47.648975968157458 ], [ 0.392258830941938, 47.649173758711349 ], [ 0.390594514423838, 47.649990532719116 ], [ 0.389707826423191, 47.650351909203671 ], [ 0.389510987430419, 47.65047239099458 ], [ 0.389347931083201, 47.650623917709659 ], [ 0.389208773997954, 47.650399962799042 ], [ 0.388871273137679, 47.650026131703676 ], [ 0.388481905546666, 47.649760716794042 ], [ 0.388421821307593, 47.649389440203784 ], [ 0.388177671409694, 47.648582402859809 ], [ 0.388024549792363, 47.648333944998448 ], [ 0.387864640602694, 47.648190234435901 ], [ 0.387665651706169, 47.648070867864909 ], [ 0.387121884977603, 47.647810704177722 ], [ 0.38675450171418, 47.647712192905743 ], [ 0.386492673746254, 47.647689141023513 ], [ 0.386229260206713, 47.647701441626637 ], [ 0.385527896940099, 47.647828068896985 ], [ 0.385541983239211, 47.647436630617619 ], [ 0.385502530530425, 47.647272084755109 ], [ 0.385418853911986, 47.647115276569735 ], [ 0.385245750419931, 47.646876799631087 ], [ 0.385085492544864, 47.64673149565364 ], [ 0.384885411372505, 47.646610828814758 ], [ 0.384638110513549, 47.646515558209472 ], [ 0.385046385623138, 47.646126503179708 ], [ 0.385146362292567, 47.64595143088021 ], [ 0.385177492463024, 47.645851494265848 ], [ 0.384075240546555, 47.645587301401982 ], [ 0.383747215291013, 47.645440620880834 ], [ 0.383570188180823, 47.645309402375581 ], [ 0.383384297674925, 47.645075152159016 ], [ 0.383320501259335, 47.64490289923512 ], [ 0.383307987269679, 47.644725535132324 ], [ 0.383347238909491, 47.644549961110918 ], [ 0.383436730412443, 47.644383010845267 ], [ 0.383657042289361, 47.644162813987087 ], [ 0.383962914590423, 47.643995702780749 ], [ 0.384201430642051, 47.643921217347085 ], [ 0.384365605235202, 47.643890106927252 ], [ 0.384925998590643, 47.643568733705877 ], [ 0.385072217988446, 47.643441943384445 ], [ 0.385674165773688, 47.64249268219077 ], [ 0.385929033030194, 47.641984830091133 ], [ 0.385924743576871, 47.641919127037852 ], [ 0.385701008084031, 47.641700244616651 ], [ 0.385165246219781, 47.641877241674102 ], [ 0.382633515816287, 47.643421783633329 ], [ 0.382213195790214, 47.643650119721912 ], [ 0.382113151235879, 47.643706415787605 ], [ 0.381996653459779, 47.643799267181286 ], [ 0.381130830769755, 47.644605698445496 ], [ 0.380955495307424, 47.645109699850138 ], [ 0.380804011889533, 47.645534983886606 ], [ 0.379262509256187, 47.646828777735955 ], [ 0.37951921116347, 47.647029064300739 ], [ 0.379857839432216, 47.647270813904264 ], [ 0.379622461474465, 47.647423137011536 ], [ 0.37932174624031, 47.647494741927005 ], [ 0.37961141291058, 47.647648036490445 ], [ 0.379827994247563, 47.647796989150137 ], [ 0.380499299459681, 47.64777782302145 ], [ 0.380562908646249, 47.647866606586369 ], [ 0.380577691034862, 47.647891253976368 ], [ 0.380644410750565, 47.647998119012932 ], [ 0.380720373270775, 47.648161027750298 ], [ 0.380746436479339, 47.648227355140406 ], [ 0.380760827482382, 47.64828711667591 ], [ 0.380770290980783, 47.648338662421644 ], [ 0.380780605868634, 47.648427151383025 ], [ 0.380780188193233, 47.648544218515298 ], [ 0.38076480902452, 47.64883026076842 ], [ 0.380727142815899, 47.649271604988691 ], [ 0.380704520335468, 47.649515157086277 ], [ 0.380689464036539, 47.649658913552393 ], [ 0.380664019752881, 47.649987057580759 ], [ 0.380633938877186, 47.650219635295052 ], [ 0.380596179011449, 47.650445736676737 ], [ 0.380549011104821, 47.650673428238235 ], [ 0.380494465687772, 47.650868022094826 ], [ 0.380571830329176, 47.650896823613401 ] ], [ [ 0.502842185370819, 47.66114684035324 ], [ 0.503606758790517, 47.660958977810608 ], [ 0.50316090183123, 47.661084248876854 ], [ 0.502842063704811, 47.66122382108788 ], [ 0.502778103871369, 47.661212516702008 ], [ 0.502739740177144, 47.661207904609256 ], [ 0.502568530593967, 47.661194394291229 ], [ 0.502842185370819, 47.66114684035324 ] ], [ [ 0.501120556543522, 47.661103063070662 ], [ 0.500719685559079, 47.661002801711668 ], [ 0.500347743136405, 47.660834093731893 ], [ 0.499859891016287, 47.660654483434186 ], [ 0.499486726233904, 47.660566249188747 ], [ 0.499223643753872, 47.660550484041273 ], [ 0.498961126017142, 47.660570088250971 ], [ 0.498334924301123, 47.660665044397248 ], [ 0.498089587195302, 47.660738502945634 ], [ 0.497887453154072, 47.660692948737399 ], [ 0.49732467886157, 47.6606346540527 ], [ 0.496948604286267, 47.660635789090911 ], [ 0.497180913022701, 47.660497083498726 ], [ 0.497765903307153, 47.660305538015855 ], [ 0.498476969663656, 47.660141733892843 ], [ 0.498781377799275, 47.660130096798873 ], [ 0.498997449678558, 47.66014295749337 ], [ 0.49904769620723, 47.660170413414846 ], [ 0.499980064244443, 47.660649555105991 ], [ 0.501050500174028, 47.661019019662234 ], [ 0.501409364602735, 47.661100741866989 ], [ 0.502298346455017, 47.661203099655786 ], [ 0.502256215031948, 47.661206926848088 ], [ 0.502056435827947, 47.661231795621688 ], [ 0.501645789793769, 47.661162240386851 ], [ 0.501120556543522, 47.661103063070662 ] ], [ [ 0.399248197606556, 47.651298324597484 ], [ 0.399570181295083, 47.650999977983595 ], [ 0.399583600247696, 47.651214973197504 ], [ 0.399618940186192, 47.651335626177435 ], [ 0.399248197606556, 47.651298324597484 ] ], [ [ 0.401698109118655, 47.643882465276704 ], [ 0.401563122622516, 47.643623060118777 ], [ 0.401385366571361, 47.643425357658245 ], [ 0.401664945082201, 47.64346172720947 ], [ 0.40186493487113, 47.643518784453128 ], [ 0.402020963428533, 47.643796683347844 ], [ 0.401698109118655, 47.643882465276704 ] ], [ [ 0.416167436574549, 47.651242244046109 ], [ 0.416352380371345, 47.651083719749344 ], [ 0.416753220562557, 47.651353811992394 ], [ 0.416963132536898, 47.651466838576148 ], [ 0.41720231711324, 47.651549135985753 ], [ 0.417615444372727, 47.651615081010469 ], [ 0.417227789605573, 47.651889434109968 ], [ 0.417070692701567, 47.652047012942496 ], [ 0.416727245673465, 47.651955241225565 ], [ 0.416484985485819, 47.651907854039067 ], [ 0.416107761840715, 47.651896435517202 ], [ 0.414672248289434, 47.651994167720922 ], [ 0.413351978001893, 47.65222691049928 ], [ 0.41217627056629, 47.65233740718714 ], [ 0.411271579873603, 47.652094019296491 ], [ 0.411003570422076, 47.652037904345661 ], [ 0.410724110040041, 47.652020963957483 ], [ 0.41016598845129, 47.652027012397554 ], [ 0.409885115179301, 47.652050368259211 ], [ 0.409743585928408, 47.652078298269942 ], [ 0.409499330208702, 47.651971883418021 ], [ 0.408342025132577, 47.651301666113021 ], [ 0.408116374828123, 47.651214285785116 ], [ 0.407212919166655, 47.651007839084606 ], [ 0.406654674217065, 47.650971005707163 ], [ 0.40621839020379, 47.650818102304129 ], [ 0.405530880174965, 47.65064142432329 ], [ 0.40527502488026, 47.650543507031934 ], [ 0.405013121325841, 47.650467004737116 ], [ 0.404400362804993, 47.650343217941234 ], [ 0.404073111138607, 47.650327015943432 ], [ 0.403826052575627, 47.65009046030238 ], [ 0.403372210436092, 47.649724492842118 ], [ 0.403144875289103, 47.649498680213341 ], [ 0.403095857003207, 47.649358158256426 ], [ 0.402999126944704, 47.648635740253525 ], [ 0.402922345803562, 47.648456880098777 ], [ 0.402793498736679, 47.648242615865186 ], [ 0.403338589203659, 47.648261041035909 ], [ 0.404285136142509, 47.648181138860899 ], [ 0.404313747472037, 47.648226757700144 ], [ 0.404158296486478, 47.648420699548616 ], [ 0.40406035176881, 47.648582251917425 ], [ 0.404004087439433, 47.648840833147347 ], [ 0.404029070180029, 47.649014598603799 ], [ 0.404103225471873, 47.649181836987765 ], [ 0.404225127859332, 47.64937179255061 ], [ 0.404369160244855, 47.649518888508865 ], [ 0.404657471438322, 47.64969710783577 ], [ 0.405009911561103, 47.649811126738648 ], [ 0.405451356807435, 47.649876378349738 ], [ 0.405817305245032, 47.649958735949085 ], [ 0.406234685411721, 47.650090803453999 ], [ 0.406944105242868, 47.650251501241577 ], [ 0.407220099798483, 47.650274745578479 ], [ 0.407466620892587, 47.650261616440005 ], [ 0.40764537364727, 47.650486296045941 ], [ 0.408130330080842, 47.650920913674724 ], [ 0.408316886667146, 47.651036468502198 ], [ 0.409213569895348, 47.651481643253462 ], [ 0.409940188781676, 47.651744016556925 ], [ 0.410202617174133, 47.651797978585741 ], [ 0.410666657521193, 47.651927127568278 ], [ 0.41102666705395, 47.651955501140392 ], [ 0.411560867902798, 47.651948153996962 ], [ 0.411826320400105, 47.651926362603554 ], [ 0.412598430831909, 47.651752198689564 ], [ 0.412832740376652, 47.651660348476597 ], [ 0.412986793014434, 47.651570416463628 ], [ 0.413656026175669, 47.651757426716614 ], [ 0.413933716677546, 47.651808516636741 ], [ 0.414221167010329, 47.651818112718608 ], [ 0.414918758349808, 47.651785366486259 ], [ 0.41518785609277, 47.651735278287397 ], [ 0.415435599926078, 47.651648398691385 ], [ 0.416167436574549, 47.651242244046109 ] ], [ [ 0.410115187349103, 47.65645366340901 ], [ 0.410380093281847, 47.656327874394329 ], [ 0.410640639811495, 47.656380409806566 ], [ 0.411797876817202, 47.65652552977496 ], [ 0.412111189973144, 47.656544218336279 ], [ 0.411205544201919, 47.656753774896941 ], [ 0.410534596777278, 47.656855367881647 ], [ 0.408984014758912, 47.656874916429459 ], [ 0.409081678557509, 47.656587837804793 ], [ 0.409596930488607, 47.656557995424052 ], [ 0.409863976580564, 47.656523783010407 ], [ 0.410115187349103, 47.65645366340901 ] ], [ [ 0.429784004883827, 47.653676377023423 ], [ 0.430231310385469, 47.653719015879993 ], [ 0.430323860048537, 47.653742354569097 ], [ 0.430349930776825, 47.65378650287311 ], [ 0.430189520026899, 47.653840592697371 ], [ 0.429971550132496, 47.653947361866898 ], [ 0.429708769260006, 47.654134570463249 ], [ 0.42949372279045, 47.65431304773518 ], [ 0.429361859292922, 47.65447935929614 ], [ 0.429263273854359, 47.654691607871982 ], [ 0.429018925533507, 47.654673609336946 ], [ 0.42833674471664, 47.654662414891114 ], [ 0.427720401888395, 47.654606413826684 ], [ 0.427195747243569, 47.654597798447121 ], [ 0.426179653269192, 47.654549250160329 ], [ 0.426712656598865, 47.654317559917196 ], [ 0.427071637780196, 47.654212936941128 ], [ 0.42779934201469, 47.654014792821094 ], [ 0.428011634810212, 47.653942100794907 ], [ 0.428201393024273, 47.65384504455718 ], [ 0.428582224418287, 47.653611312621415 ], [ 0.428841327072409, 47.653516247296466 ], [ 0.429784004883827, 47.653676377023423 ] ], [ [ 0.436928036605805, 47.657953489561649 ], [ 0.436923810767969, 47.657862916392673 ], [ 0.436929936448389, 47.657803215568457 ], [ 0.436933086123276, 47.657772515127945 ], [ 0.436991628623954, 47.657595882364369 ], [ 0.437175539981647, 47.657307783078288 ], [ 0.437549149719019, 47.65674514696903 ], [ 0.438448285882727, 47.65529630028896 ], [ 0.439905664278822, 47.653148963420399 ], [ 0.440146104832028, 47.652943323741077 ], [ 0.440464020631284, 47.652793197876299 ], [ 0.440835403344989, 47.65269634729178 ], [ 0.441444052049485, 47.652580314865638 ], [ 0.442638662424041, 47.652413867885805 ], [ 0.443622114560748, 47.652374447931358 ], [ 0.444723190628377, 47.652423102848047 ], [ 0.446105235964727, 47.652600929373826 ], [ 0.446291337146973, 47.652575677155042 ], [ 0.446935351350876, 47.652350764092496 ], [ 0.447647589230151, 47.652052481673728 ], [ 0.448604896009116, 47.651811806368876 ], [ 0.449215391261231, 47.651680469292756 ], [ 0.449435503527768, 47.65164667720601 ], [ 0.450454522696668, 47.651606375497828 ], [ 0.450676533497693, 47.651610829726771 ], [ 0.451850447633137, 47.651765625308194 ], [ 0.45206039454104, 47.651806211691202 ], [ 0.453036456090503, 47.652115575377927 ], [ 0.453281341532764, 47.652217213709918 ], [ 0.454021645220835, 47.652697775636824 ], [ 0.454482239955752, 47.653133672585227 ], [ 0.45483319090717, 47.653498773265554 ], [ 0.455143679014541, 47.653728758602377 ], [ 0.455545999588299, 47.653893519217526 ], [ 0.455631382962979, 47.653939921330839 ], [ 0.455646898845637, 47.653948353468401 ], [ 0.455896050845436, 47.654148645803467 ], [ 0.456009922752055, 47.654305571162595 ], [ 0.45607676513487, 47.654474407924909 ], [ 0.45609405561925, 47.654648789244916 ], [ 0.456061143628854, 47.654822141327209 ], [ 0.455920865059907, 47.655066012281857 ], [ 0.455771878660126, 47.655208884148401 ], [ 0.454538393836031, 47.656176466000055 ], [ 0.452668936344779, 47.657871405137243 ], [ 0.451177540280562, 47.659424773835809 ], [ 0.450388288465414, 47.660415394917422 ], [ 0.449752092784176, 47.66129783293615 ], [ 0.449426690718431, 47.661812515320477 ], [ 0.449258648918421, 47.66206850897084 ], [ 0.449022871520702, 47.662279193494662 ], [ 0.44870671920975, 47.662434573717775 ], [ 0.44846452401471, 47.662500593915347 ], [ 0.448207918158037, 47.662533428589207 ], [ 0.447946760563157, 47.662531814255537 ], [ 0.447399816377253, 47.662459228832098 ], [ 0.446753338537238, 47.662429536063627 ], [ 0.446418688320928, 47.662364926751088 ], [ 0.445472195235565, 47.66208442407779 ], [ 0.44476367207688, 47.661825015440172 ], [ 0.444078949972657, 47.661450417396388 ], [ 0.443579840678621, 47.661143600764397 ], [ 0.44328339544626, 47.660933643807191 ], [ 0.443152795048836, 47.660893357788005 ], [ 0.441784764036063, 47.660647363198223 ], [ 0.441572389232817, 47.66059448086861 ], [ 0.439865589505963, 47.65994563390759 ], [ 0.439154941047091, 47.659607221597589 ], [ 0.438356730573687, 47.659138057777547 ], [ 0.437759953831693, 47.658737004331016 ], [ 0.437414839398484, 47.658577966166533 ], [ 0.437225107673724, 47.658450169034488 ], [ 0.437145457061112, 47.658377260312108 ], [ 0.437077060587211, 47.658299309397584 ], [ 0.436976683074063, 47.658131486735464 ], [ 0.436928036605805, 47.657953489561649 ] ], [ [ 0.472519355240494, 47.653950396596812 ], [ 0.472617418255777, 47.654221875808965 ], [ 0.47230459497207, 47.654084611643064 ], [ 0.472519355240494, 47.653950396596812 ] ], [ [ 0.464400806853071, 47.665700414493422 ], [ 0.464321111731394, 47.665747661515134 ], [ 0.464201224362894, 47.665725235225551 ], [ 0.463453826191375, 47.665561985410427 ], [ 0.462953809438809, 47.665403871495137 ], [ 0.462694501633307, 47.665342968139697 ], [ 0.462313497216975, 47.665304958244249 ], [ 0.461879978066498, 47.665051199883301 ], [ 0.462322104407999, 47.66515421476263 ], [ 0.464400806853071, 47.665700414493422 ] ], [ [ 0.524920572394336, 47.697770150111914 ], [ 0.52468688329633, 47.697867560780963 ], [ 0.524047263171885, 47.697975956757432 ], [ 0.52437970190812, 47.697762365791696 ], [ 0.524462841507207, 47.697704761573611 ], [ 0.524920572394336, 47.697770150111914 ] ], [ [ 0.527523410080688, 47.656897364646049 ], [ 0.527328664996931, 47.656747518480827 ], [ 0.527110468218849, 47.656639143018886 ], [ 0.526864341860807, 47.65656281925898 ], [ 0.526593955792077, 47.656521374949513 ], [ 0.526472342382037, 47.65637773479537 ], [ 0.526758571155832, 47.656355637414798 ], [ 0.527007860188545, 47.656308542167686 ], [ 0.527398857796657, 47.656421714239912 ], [ 0.527652891579863, 47.656451644072263 ], [ 0.52786221491831, 47.656452869349486 ], [ 0.52764481482896, 47.656679004825541 ], [ 0.527523410080688, 47.656897364646049 ] ], [ [ 0.508895975756577, 47.659523348131536 ], [ 0.509320139452732, 47.659376613431874 ], [ 0.509716626393584, 47.659284736027615 ], [ 0.50968448252368, 47.659301316888993 ], [ 0.509179052921724, 47.659539064847372 ], [ 0.507799787491793, 47.660528352211358 ], [ 0.507611442724844, 47.660604902976267 ], [ 0.507350776493863, 47.660646659213093 ], [ 0.506830294395162, 47.660688318584356 ], [ 0.506288449961795, 47.660615876547084 ], [ 0.505296755098948, 47.660627347872783 ], [ 0.505756369088615, 47.660509132726411 ], [ 0.506924075797995, 47.660097317430285 ], [ 0.507612815552226, 47.659975822284231 ], [ 0.508167490262361, 47.659842637885269 ], [ 0.508374315483115, 47.659764350598465 ], [ 0.508895975756577, 47.659523348131536 ] ], [ [ 0.506190594680571, 47.663984136173788 ], [ 0.505806457976659, 47.663902228501904 ], [ 0.506199840266867, 47.663671709208785 ], [ 0.506189757580777, 47.663964039083744 ], [ 0.506190594680571, 47.663984136173788 ] ] ] } },
{ "type": "Feature", "properties": { "gid": 24405, "insee_dep": "72", "niveau": 1.0, "surf_m2": 4656.34 }, "geometry": { "type": "Polygon", "coordinates": [ [ [ 0.511592944996542, 47.879460731960279 ], [ 0.511013183733797, 47.879203404716435 ], [ 0.511268289600244, 47.879445277151298 ], [ 0.512093190011327, 47.880305975809407 ], [ 0.512279422561239, 47.880076093268862 ], [ 0.512495308393986, 47.879903310039197 ], [ 0.512679211806222, 47.879785664834607 ], [ 0.512801587231291, 47.879721831904867 ], [ 0.511853607617423, 47.879550585202246 ], [ 0.511592944996542, 47.879460731960279 ] ] ] } },
{ "type": "Feature", "properties": { "gid": 24409, "insee_dep": "72", "niveau": 1.0, "surf_m2": 55961.597 }, "geometry": { "type": "Polygon", "coordinates": [ [ [ 0.355129222469701, 47.741506516363586 ], [ 0.355531780949039, 47.741447527035362 ], [ 0.355787503735136, 47.741433818634754 ], [ 0.35616656437959, 47.741475443586594 ], [ 0.356424426594214, 47.741552094968867 ], [ 0.356752677517433, 47.741577854216999 ], [ 0.356784626127036, 47.741583611757591 ], [ 0.357265330839164, 47.741331343558691 ], [ 0.357485782666574, 47.741253200075029 ], [ 0.357723922673794, 47.741204049926829 ], [ 0.358074944011092, 47.741187709123231 ], [ 0.358416480903176, 47.741046988631972 ], [ 0.358700989475751, 47.740896663366875 ], [ 0.359529449314271, 47.740569757075853 ], [ 0.359754378119241, 47.740499033744015 ], [ 0.359994831830207, 47.74045763010129 ], [ 0.360438532627395, 47.740413386638096 ], [ 0.360808781239218, 47.740415235755812 ], [ 0.361053768770801, 47.740434359228324 ], [ 0.361031245450999, 47.740201299139841 ], [ 0.360504901944665, 47.740354176613351 ], [ 0.360106899606626, 47.740404852785339 ], [ 0.359819101358725, 47.740473898960992 ], [ 0.359304975214293, 47.740562334929301 ], [ 0.358759387060762, 47.740617627851265 ], [ 0.358047550707325, 47.741005049406276 ], [ 0.357827935820898, 47.741103331155962 ], [ 0.35745579599742, 47.741191695095317 ], [ 0.356953196064071, 47.741256925434662 ], [ 0.356698869684548, 47.741273135414609 ], [ 0.356387543824084, 47.741256740442807 ], [ 0.356127394055782, 47.741221695933277 ], [ 0.35588266420528, 47.741152628748374 ], [ 0.355663029283777, 47.741052268346074 ], [ 0.355477169382885, 47.740924582538028 ], [ 0.355332433078132, 47.740774618560302 ], [ 0.355234538889842, 47.740608304475622 ], [ 0.355187133163507, 47.740427052036523 ], [ 0.355185550335671, 47.740390811296848 ], [ 0.355035664568694, 47.740398651602369 ], [ 0.354773002142857, 47.740383888870852 ], [ 0.354411586675795, 47.740301174087641 ], [ 0.353937593877713, 47.740522656647151 ], [ 0.353215608052394, 47.740709695307132 ], [ 0.352401635924446, 47.741067050580952 ], [ 0.352206265640382, 47.741137975884683 ], [ 0.351696495487442, 47.74128763046739 ], [ 0.351452752096072, 47.741341077795241 ], [ 0.350621098038394, 47.741416055282123 ], [ 0.350456748801838, 47.741548633231019 ], [ 0.350008669276434, 47.741828096559288 ], [ 0.34992669216792, 47.742022575527727 ], [ 0.350181922114617, 47.742266414204444 ], [ 0.350333352315071, 47.742565153860596 ], [ 0.350597782348432, 47.742516237699419 ], [ 0.350896957237555, 47.742487681949441 ], [ 0.351106535583549, 47.742490748393124 ], [ 0.351255775710035, 47.742458905799943 ], [ 0.35150734984892, 47.742434062918868 ], [ 0.35176134173951, 47.742441857165119 ], [ 0.35204102298118, 47.742490743578649 ], [ 0.352078999766705, 47.742500956960605 ], [ 0.35226741456603, 47.742267327142535 ], [ 0.352497157584514, 47.742085777217213 ], [ 0.353174472730688, 47.741744280599157 ], [ 0.353516885067381, 47.741644230465575 ], [ 0.354233202344478, 47.74151534364816 ], [ 0.354480837775777, 47.74150161193198 ], [ 0.355129222469701, 47.741506516363586 ] ] ] } },
{ "type": "Feature", "properties": { "gid": 25013, "insee_dep": "72", "niveau": 1.0, "surf_m2": 14799.668 }, "geometry": { "type": "Polygon", "coordinates": [ [ [ 0.457710748327291, 47.739044028424821 ], [ 0.457333904519072, 47.739063289256073 ], [ 0.457073982223147, 47.739033669393848 ], [ 0.456938244202303, 47.739002966558047 ], [ 0.45727131215672, 47.739603875964185 ], [ 0.457352870992363, 47.739899555806247 ], [ 0.457384161611707, 47.74025676065861 ], [ 0.457350283854684, 47.740565158929755 ], [ 0.457281137509542, 47.740832568397735 ], [ 0.457209255907639, 47.741000496978984 ], [ 0.457025165552327, 47.741296603325516 ], [ 0.457516518192509, 47.740830557781813 ], [ 0.457671488313956, 47.740660897855797 ], [ 0.457847698520977, 47.740527704452958 ], [ 0.458176029322207, 47.740378173089638 ], [ 0.458512515799986, 47.74030596059292 ], [ 0.45867508356746, 47.740292357076882 ], [ 0.45852039139871, 47.739985428449408 ], [ 0.458467143391606, 47.739729079424173 ], [ 0.458323484528354, 47.739416203469972 ], [ 0.458193120303969, 47.73925153025634 ], [ 0.458056108117534, 47.739150375325657 ], [ 0.457918497597673, 47.739000414561161 ], [ 0.457710748327291, 47.739044028424821 ] ] ] } },
{ "type": "Feature", "properties": { "gid": 28450, "insee_dep": "72", "niveau": 1.0, "surf_m2": 12161.638 }, "geometry": { "type": "Polygon", "coordinates": [ [ [ 0.555108964100761, 47.798485812517377 ], [ 0.554687025585242, 47.798263651678802 ], [ 0.554434137155905, 47.798086773056937 ], [ 0.554790760910817, 47.798460021667879 ], [ 0.555352110983623, 47.798973197637366 ], [ 0.556032889187436, 47.799345401300549 ], [ 0.556199604604205, 47.799477343488491 ], [ 0.556675614136226, 47.800103631358077 ], [ 0.556753496274324, 47.800271365987214 ], [ 0.556807314442305, 47.80056923592474 ], [ 0.556959041449723, 47.80039601263158 ], [ 0.557342876020611, 47.800112416991375 ], [ 0.557431589090729, 47.800018726157354 ], [ 0.557142679556127, 47.799396379801181 ], [ 0.557095237398626, 47.799336619106995 ], [ 0.556775632342982, 47.799173006877766 ], [ 0.556281098918195, 47.79902554779742 ], [ 0.555609237165831, 47.798793324675849 ], [ 0.555387270269769, 47.798672975419656 ], [ 0.555108964100761, 47.798485812517377 ] ] ] } },
{ "type": "Feature", "properties": { "gid": 28454, "insee_dep": "72", "niveau": 1.0, "surf_m2": 83589.723 }, "geometry": { "type": "Polygon", "coordinates": [ [ [ 0.45520891749739, 47.748522719004129 ], [ 0.454844987571311, 47.748834250514072 ], [ 0.454572285800741, 47.749043286694558 ], [ 0.454373416608651, 47.749165888660016 ], [ 0.454135789476833, 47.749290066920956 ], [ 0.453828769317904, 47.749391655929578 ], [ 0.453615718229238, 47.749533629727409 ], [ 0.453228966553565, 47.749875596978313 ], [ 0.452994198418834, 47.750002883444928 ], [ 0.452779157635697, 47.750091601199124 ], [ 0.452736642017547, 47.750126424455701 ], [ 0.452670912714497, 47.750424392673821 ], [ 0.452641895158688, 47.751126316360363 ], [ 0.452506744237944, 47.751845442143647 ], [ 0.452741510013347, 47.752455824861897 ], [ 0.452926044034712, 47.752395584672648 ], [ 0.453037406677493, 47.752369227645524 ], [ 0.453025964462325, 47.752142080450852 ], [ 0.453049767430975, 47.751939606045504 ], [ 0.453369986720505, 47.751177877243023 ], [ 0.453691860703129, 47.750725422801551 ], [ 0.453962922397224, 47.750490880151325 ], [ 0.454140783289551, 47.75036562463665 ], [ 0.454320559239983, 47.749963241080053 ], [ 0.454477265272998, 47.749727753448241 ], [ 0.454772566066037, 47.749413871546203 ], [ 0.454945295210106, 47.749290967057441 ], [ 0.4553018807077, 47.749076180572217 ], [ 0.456022516500817, 47.748776135148795 ], [ 0.456149043183345, 47.748559686275001 ], [ 0.456298805970979, 47.748354403434782 ], [ 0.456140772124338, 47.747347887121123 ], [ 0.456113496288268, 47.746585217359119 ], [ 0.456131072225477, 47.746438940953588 ], [ 0.456269343313672, 47.745895412362145 ], [ 0.456362098042158, 47.745695445951071 ], [ 0.456485986626912, 47.745494210100972 ], [ 0.456440621366691, 47.745469367748555 ], [ 0.456281854554412, 47.745364033835592 ], [ 0.456134892144198, 47.745221621883161 ], [ 0.45599680757286, 47.744979128698539 ], [ 0.455964646252075, 47.744806977149914 ], [ 0.455942722399066, 47.744293792024415 ], [ 0.455746666429953, 47.743825487651051 ], [ 0.455654240051754, 47.743446613783156 ], [ 0.455695589314183, 47.743036087401336 ], [ 0.45587904503631, 47.742557547524569 ], [ 0.456099688772758, 47.742173601661641 ], [ 0.456315908642214, 47.741922986745543 ], [ 0.456443588890867, 47.741802918215001 ], [ 0.455828767935766, 47.742192717532689 ], [ 0.455568901084957, 47.74233696108243 ], [ 0.455258522104124, 47.742476932271884 ], [ 0.455018848992764, 47.742876182204611 ], [ 0.454713189690118, 47.743462716518358 ], [ 0.454497632507021, 47.74378507529233 ], [ 0.454513956832156, 47.743991771633283 ], [ 0.454683186851905, 47.744460162989363 ], [ 0.45473309632959, 47.744981164034805 ], [ 0.454735131253441, 47.745314750621681 ], [ 0.454832743455717, 47.745992972091322 ], [ 0.455020929971278, 47.746544425408423 ], [ 0.455326747082561, 47.746848292233814 ], [ 0.455446449760191, 47.747031277500085 ], [ 0.455514757807082, 47.747188291992472 ], [ 0.455573217670633, 47.747491950630625 ], [ 0.455561346186414, 47.74785526908714 ], [ 0.455496186716566, 47.74808457817538 ], [ 0.455286854552898, 47.748436611824545 ], [ 0.45520891749739, 47.748522719004129 ] ] ] } },
{ "type": "Feature", "properties": { "gid": 30276, "insee_dep": "72", "niveau": 1.0, "surf_m2": 132.503 }, "geometry": { "type": "Polygon", "coordinates": [ [ [ 0.504850590246026, 47.864444566409581 ], [ 0.504810464904709, 47.864491592613156 ], [ 0.504763139830803, 47.864538661948558 ], [ 0.505071107144223, 47.864575900200272 ], [ 0.504850590246026, 47.864444566409581 ] ] ] } },
{ "type": "Feature", "properties": { "gid": 32437, "insee_dep": "72", "niveau": 1.0, "surf_m2": 84.354 }, "geometry": { "type": "Polygon", "coordinates": [ [ [ 0.500381079102172, 47.861684784455079 ], [ 0.500240242431011, 47.861558532998274 ], [ 0.500225875922849, 47.861581594989545 ], [ 0.500194773163016, 47.86162681034606 ], [ 0.500179227995055, 47.861648901752503 ], [ 0.500381079102172, 47.861684784455079 ] ] ] } },
{ "type": "Feature", "properties": { "gid": 32438, "insee_dep": "72", "niveau": 1.0, "surf_m2": 69401.625 }, "geometry": { "type": "Polygon", "coordinates": [ [ [ 0.502127800310208, 47.877721180665411 ], [ 0.501748556368226, 47.877695697589026 ], [ 0.50149484837668, 47.877646600293374 ], [ 0.501260413828921, 47.87756494188141 ], [ 0.499933457922912, 47.876979420262096 ], [ 0.499377128096458, 47.876875052897681 ], [ 0.497954516845975, 47.87653106808181 ], [ 0.497893476355859, 47.876515384717038 ], [ 0.497463168736515, 47.876489791768549 ], [ 0.497724326306842, 47.876570145157046 ], [ 0.498052530510473, 47.87671345857553 ], [ 0.498305060003283, 47.876914530125674 ], [ 0.498460311926759, 47.877156157104174 ], [ 0.498502994961189, 47.877336423777528 ], [ 0.49874064646971, 47.877318191564072 ], [ 0.499158591702558, 47.87732212285573 ], [ 0.499538540283518, 47.877365454311899 ], [ 0.499884363894081, 47.877479852244839 ], [ 0.5001673661431, 47.877655825500057 ], [ 0.500364061273116, 47.877878770755906 ], [ 0.500458127240087, 47.878130187190116 ], [ 0.500441753835293, 47.878389211429962 ], [ 0.500369775611917, 47.878555477482728 ], [ 0.50027021967341, 47.878687957165333 ], [ 0.500200214363708, 47.878757929173091 ], [ 0.500528286647347, 47.878851774405142 ], [ 0.50129710356431, 47.879161617494802 ], [ 0.501506136335826, 47.879265678525357 ], [ 0.501669165153846, 47.879379698057569 ], [ 0.502029646197514, 47.879318883570726 ], [ 0.502684100440437, 47.879100302271596 ], [ 0.503630469433832, 47.878840793676311 ], [ 0.503878570407578, 47.878790962088296 ], [ 0.504136293339044, 47.878774215556469 ], [ 0.50520381964696, 47.878778590798156 ], [ 0.506179558127268, 47.878899139694816 ], [ 0.50636627455963, 47.878910513942465 ], [ 0.507035471099162, 47.878711423707948 ], [ 0.507366945004309, 47.878548714803053 ], [ 0.507607192555052, 47.878454813717916 ], [ 0.507871090075614, 47.878396323987381 ], [ 0.508765457472838, 47.878265420662203 ], [ 0.508472138991872, 47.878189198009402 ], [ 0.508228900843104, 47.878214654454673 ], [ 0.508013019440936, 47.87823724638119 ], [ 0.507139417182935, 47.878436760957307 ], [ 0.506882188696825, 47.878461083617388 ], [ 0.506622822795073, 47.87845150516133 ], [ 0.505489116765238, 47.878329720234767 ], [ 0.505229968383485, 47.878264216876346 ], [ 0.504536037406942, 47.878031138370304 ], [ 0.503755183984512, 47.877735897521291 ], [ 0.502909049412471, 47.877694492860023 ], [ 0.502127800310208, 47.877721180665411 ] ] ] } },
{ "type": "Feature", "properties": { "gid": 34232, "insee_dep": "72", "niveau": 2.0, "surf_m2": 19958904.828000002 }, "geometry": { "type": "Polygon", "coordinates": [ [ [ 0.575138951945346, 47.70584673056964 ], [ 0.575039154377476, 47.705633462046904 ], [ 0.574788123249692, 47.705181944519921 ], [ 0.574646237258857, 47.704534891676488 ], [ 0.574645108356401, 47.704306617187775 ], [ 0.574679726662765, 47.704105795325653 ], [ 0.574876769784469, 47.703499683610765 ], [ 0.575016443521106, 47.703263938142157 ], [ 0.57503271727603, 47.703184175086477 ], [ 0.575011797167469, 47.702931445130453 ], [ 0.575071632132681, 47.702554486589804 ], [ 0.575176059381394, 47.702296032568661 ], [ 0.575229166408889, 47.702211642878169 ], [ 0.575487286469852, 47.701921472306175 ], [ 0.575393681535871, 47.701797510341393 ], [ 0.575265066681473, 47.701503639663812 ], [ 0.575242363802609, 47.70118636038508 ], [ 0.57488055885591, 47.701026380693584 ], [ 0.574690187589999, 47.700918192295049 ], [ 0.574532913170485, 47.700788007549967 ], [ 0.574414215736183, 47.700640361684165 ], [ 0.574242468822496, 47.700334987012972 ], [ 0.574179381080584, 47.700066495596822 ], [ 0.574166811930269, 47.699894860144838 ], [ 0.574238648567736, 47.699642195133393 ], [ 0.57434445343727, 47.699485896843477 ], [ 0.574777208967376, 47.698980649061745 ], [ 0.574843583595762, 47.69874092931434 ], [ 0.574954255997161, 47.698576019147318 ], [ 0.575142410377355, 47.698357297513766 ], [ 0.575350924100849, 47.697878730697553 ], [ 0.57558890743182, 47.697483719015736 ], [ 0.575739290305477, 47.697331835859323 ], [ 0.575932005341404, 47.697203581116668 ], [ 0.576634495150302, 47.696897264262638 ], [ 0.577020545606261, 47.696794993875187 ], [ 0.577244353935449, 47.696753618960642 ], [ 0.577524830438391, 47.696723599576487 ], [ 0.577932237298648, 47.696724033258924 ], [ 0.57820938474974, 47.696747062498602 ], [ 0.578598051177465, 47.696811872787976 ], [ 0.579052984565813, 47.696957214389052 ], [ 0.579477253294534, 47.697167993034277 ], [ 0.579968487791612, 47.697504548295939 ], [ 0.580119378102126, 47.697659396029039 ], [ 0.580168554377424, 47.697723364468338 ], [ 0.580281070201359, 47.697869723978307 ], [ 0.580736918795114, 47.698255406310444 ], [ 0.581266479965935, 47.698610163125004 ], [ 0.581613755779297, 47.698807519990268 ], [ 0.582425533524358, 47.699212728831995 ], [ 0.582683700722887, 47.699382487694329 ], [ 0.583695960709132, 47.700446336526646 ], [ 0.583875055851206, 47.700779182363163 ], [ 0.583930476495455, 47.701018568173652 ], [ 0.584497768422022, 47.70161893586463 ], [ 0.584664693064682, 47.701456159853514 ], [ 0.58491052442418, 47.701275369133413 ], [ 0.585153075007632, 47.701156898741743 ], [ 0.58544005499098, 47.701060819235344 ], [ 0.585708178172772, 47.700998429620924 ], [ 0.586250032486914, 47.700943547712619 ], [ 0.586479250059691, 47.700948501352599 ], [ 0.58690496762024, 47.701004506195545 ], [ 0.587020877360793, 47.700927381331482 ], [ 0.587215776652042, 47.700831337067314 ], [ 0.588020101045894, 47.700521030587382 ], [ 0.588248297765306, 47.700469776477526 ], [ 0.588553759326007, 47.700436891422008 ], [ 0.588877635941906, 47.700420475206172 ], [ 0.589115213670421, 47.700424781163264 ], [ 0.58960261444442, 47.700468934159666 ], [ 0.58997461394643, 47.700552295762527 ], [ 0.590247826214196, 47.700642901749774 ], [ 0.590607800857707, 47.700810112689418 ], [ 0.590855285399037, 47.700961844340512 ], [ 0.591099382364597, 47.701146965935322 ], [ 0.591252060719498, 47.701285998096083 ], [ 0.591413529772812, 47.701475190807471 ], [ 0.592001311398807, 47.701616080920097 ], [ 0.592201730991876, 47.701677110465049 ], [ 0.592717010452858, 47.701872652908861 ], [ 0.593249241599571, 47.702131540560423 ], [ 0.593301906490472, 47.701856202549571 ], [ 0.593146984775303, 47.701860217888111 ], [ 0.593269892181009, 47.70114176172774 ], [ 0.59329742163301, 47.700980837830578 ], [ 0.59417237725422, 47.700481062883284 ], [ 0.594408667626467, 47.700329239521743 ], [ 0.594311030762681, 47.700275903166833 ], [ 0.594193492646007, 47.70019064025702 ], [ 0.594147473176849, 47.700116754047649 ], [ 0.59412385593849, 47.699930767932102 ], [ 0.594038871861297, 47.699833567805406 ], [ 0.593512192040899, 47.699478251385976 ], [ 0.592349600646423, 47.698693899922446 ], [ 0.592187116193941, 47.698629321020007 ], [ 0.591736183996976, 47.697863624619998 ], [ 0.591601837274402, 47.697707774514626 ], [ 0.591628661494915, 47.697675008944451 ], [ 0.591635557894172, 47.697668273345769 ], [ 0.591684934425509, 47.697610432329803 ], [ 0.591703243324593, 47.697559481587469 ], [ 0.591765073094264, 47.697299112623327 ], [ 0.591767493518693, 47.69728885736852 ], [ 0.591778944889391, 47.697212551691436 ], [ 0.591794394059954, 47.697136328348712 ], [ 0.591812549058658, 47.697059260241396 ], [ 0.591836319010286, 47.696976004351257 ], [ 0.591852194742393, 47.696932233568781 ], [ 0.591852195825658, 47.696932229007011 ], [ 0.591876690385299, 47.696859068782999 ], [ 0.591895047998859, 47.696798016636563 ], [ 0.591925562011594, 47.696713098638483 ], [ 0.591965200857749, 47.696632870996602 ], [ 0.591997444887505, 47.696568699848441 ], [ 0.592075271028496, 47.696263235890783 ], [ 0.592084991492694, 47.696166183262896 ], [ 0.592089982488008, 47.696085242035267 ], [ 0.592102083517108, 47.695994541845998 ], [ 0.59211333970546, 47.695893018384346 ], [ 0.592130770962022, 47.695802427952884 ], [ 0.592137373606254, 47.695766825104613 ], [ 0.592165049951145, 47.695545593959636 ], [ 0.592163077429612, 47.695111061888525 ], [ 0.592158264120508, 47.694869186658828 ], [ 0.592161031405072, 47.694660330051057 ], [ 0.592192899419584, 47.694633971634396 ], [ 0.592228561818988, 47.694612193795912 ], [ 0.594105782556512, 47.692383403727298 ], [ 0.595034116234976, 47.691111200399114 ], [ 0.594764183640601, 47.690975076324428 ], [ 0.595705287106459, 47.689832800931249 ], [ 0.595751692250608, 47.689779725807099 ], [ 0.595465571056994, 47.688790505104066 ], [ 0.595948164451641, 47.688528481572966 ], [ 0.595524051934774, 47.688026290103899 ], [ 0.604220267753811, 47.685422313558647 ], [ 0.604257328180516, 47.68545819217946 ], [ 0.604315825167954, 47.685521524789557 ], [ 0.604362412204357, 47.685582812318124 ], [ 0.604384025581378, 47.685618171727093 ], [ 0.604384025716776, 47.685618171865848 ], [ 0.604745574264838, 47.685988680153514 ], [ 0.605324318699642, 47.687146859340324 ], [ 0.60718150922605, 47.687960207240899 ], [ 0.607502848130509, 47.689120308129262 ], [ 0.608107944779809, 47.689425029899333 ], [ 0.608870931392274, 47.6898092542989 ], [ 0.60948455648487, 47.69043053132814 ], [ 0.610628034337139, 47.691073440268497 ], [ 0.610648829526194, 47.691085571563157 ], [ 0.611308018723775, 47.692059858440139 ], [ 0.612985798614349, 47.693297855633077 ], [ 0.613008295728893, 47.693314454544378 ], [ 0.613168877305801, 47.693232703812313 ], [ 0.613448193067557, 47.693141962912335 ], [ 0.613554864639373, 47.69311907890684 ], [ 0.61359116295566, 47.693111291317059 ], [ 0.613738331837991, 47.69309165872464 ], [ 0.613866695533712, 47.693084493857299 ], [ 0.613887836080829, 47.693083314338232 ], [ 0.614503976109074, 47.693077780186663 ], [ 0.614728776367752, 47.693104986703872 ], [ 0.613893965699959, 47.692624877453099 ], [ 0.61295145655755, 47.692024367321785 ], [ 0.612192159229688, 47.691404071185367 ], [ 0.61200552772244, 47.691196371683638 ], [ 0.611610249999257, 47.69040189500727 ], [ 0.611337388616053, 47.689557826347247 ], [ 0.611308624280741, 47.689360890469125 ], [ 0.611318439380929, 47.689262015978613 ], [ 0.611404461432068, 47.688788292751397 ], [ 0.611465557051865, 47.688607993138767 ], [ 0.611579943544001, 47.688439932041973 ], [ 0.61165569427683, 47.688362737503709 ], [ 0.611840309737979, 47.688226097047014 ], [ 0.612300633763414, 47.687954520017108 ], [ 0.612522101152171, 47.687865915689571 ], [ 0.612764663027036, 47.687807707173093 ], [ 0.613019270016652, 47.687782065234799 ], [ 0.613276428530638, 47.687789944990591 ], [ 0.61406091135, 47.687918804194744 ], [ 0.614400115167895, 47.688037595546106 ], [ 0.615250651759754, 47.688533937884451 ], [ 0.615871678547694, 47.688779474873542 ], [ 0.616533154037088, 47.689117241187056 ], [ 0.617254114576641, 47.689665946606056 ], [ 0.617688826823417, 47.690131072309264 ], [ 0.617827718526764, 47.690153659012267 ], [ 0.618427364988978, 47.690120747123615 ], [ 0.618747930263679, 47.690069232586602 ], [ 0.618229051403935, 47.689066475529096 ], [ 0.617724492697532, 47.68919577013812 ], [ 0.617193825951532, 47.687104837109608 ], [ 0.617060588641651, 47.687102121340878 ], [ 0.616522097401242, 47.687274842665346 ], [ 0.615852376636314, 47.687399861132022 ], [ 0.615211209240995, 47.684651107499576 ], [ 0.61480971981711, 47.682924786951475 ], [ 0.614512869429309, 47.682943042677501 ], [ 0.614126511821736, 47.682935157654263 ], [ 0.613963448336846, 47.682913819615088 ], [ 0.61377450484611, 47.682874843782642 ], [ 0.613297688003932, 47.682594062480398 ], [ 0.613175721550221, 47.68254834873202 ], [ 0.612939696641997, 47.682399451067958 ], [ 0.61219652934931, 47.682230289185121 ], [ 0.611968622961678, 47.682078853822283 ], [ 0.611658371164534, 47.68206891329595 ], [ 0.611569878695619, 47.68207971205377 ], [ 0.611468265297818, 47.682085740196165 ], [ 0.611285557416099, 47.682264805998372 ], [ 0.611246885571092, 47.682324348503101 ], [ 0.611178499118194, 47.682362572512098 ], [ 0.611047454644141, 47.682370700317826 ], [ 0.610936392232977, 47.682349520228314 ], [ 0.610782051134074, 47.682312147144366 ], [ 0.610608089448346, 47.682266268392404 ], [ 0.610480192138275, 47.682233937870983 ], [ 0.610373733289498, 47.682229060148423 ], [ 0.610283464400998, 47.682249727010905 ], [ 0.610193600033618, 47.682291113331097 ], [ 0.610112699485947, 47.682370503402815 ], [ 0.610008585686293, 47.682462025662247 ], [ 0.609870155589785, 47.682545642261594 ], [ 0.609721227365471, 47.682595725928223 ], [ 0.609558491247994, 47.682626616767799 ], [ 0.609355059359185, 47.682613451616447 ], [ 0.609181542468469, 47.682587390612341 ], [ 0.609031723262566, 47.682538401331087 ], [ 0.608572982616676, 47.682449774224729 ], [ 0.608485296438668, 47.68247229353539 ], [ 0.608408995553452, 47.682567985399167 ], [ 0.608334389482911, 47.682596175149641 ], [ 0.608275285449167, 47.682546339411708 ], [ 0.608236205693748, 47.682496012866011 ], [ 0.608153565491138, 47.682465506266858 ], [ 0.60763572275513, 47.682505336686631 ], [ 0.607393942716608, 47.68212848565404 ], [ 0.607458860829918, 47.681959621698816 ], [ 0.607547919427713, 47.681906514573129 ], [ 0.60755757164143, 47.681394332969809 ], [ 0.607435411785861, 47.681263962953174 ], [ 0.60574086904006, 47.681168933478396 ], [ 0.604669142148781, 47.680724744978171 ], [ 0.604633864665551, 47.680845289524171 ], [ 0.604615827391828, 47.681207916294831 ], [ 0.604675690642777, 47.68171170383107 ], [ 0.604821179986828, 47.682047216735725 ], [ 0.604928622812599, 47.682217097800439 ], [ 0.605085161706039, 47.682368588043104 ], [ 0.60529611844954, 47.682533130672311 ], [ 0.604637184697633, 47.682574536435141 ], [ 0.603337895522923, 47.682653555717096 ], [ 0.60283832775113, 47.682758609305779 ], [ 0.601998657429332, 47.682951245945944 ], [ 0.601040129027279, 47.683322376071672 ], [ 0.600107617130415, 47.683898647892129 ], [ 0.599364405135722, 47.684437454038374 ], [ 0.599183241267381, 47.684543121693814 ], [ 0.598668864373146, 47.68463604289532 ], [ 0.598414147889927, 47.68472144840819 ], [ 0.59777257416235, 47.685007224210125 ], [ 0.596838840914532, 47.685539345862225 ], [ 0.595981524194348, 47.685866429065477 ], [ 0.593347466701446, 47.686754339270564 ], [ 0.592411066696225, 47.68725954601949 ], [ 0.592224623223248, 47.6873839012856 ], [ 0.592077815136178, 47.687530484574552 ], [ 0.591976315745564, 47.687693629019137 ], [ 0.591924049693529, 47.687867029270954 ], [ 0.591921638905234, 47.688023203442896 ], [ 0.591847412777459, 47.688030213860898 ], [ 0.591307264913469, 47.688005565226092 ], [ 0.591040976789562, 47.688027539875449 ], [ 0.590911637822701, 47.688051974109563 ], [ 0.590667121876331, 47.688126497316588 ], [ 0.590448263679871, 47.688227612735282 ], [ 0.58874795726751, 47.68878444659844 ], [ 0.586449975211797, 47.68925604384355 ], [ 0.586123076447409, 47.689395996909901 ], [ 0.585786903361686, 47.689627304528685 ], [ 0.585621839382783, 47.689705032153803 ], [ 0.584932868828567, 47.689941233831142 ], [ 0.584143402861052, 47.690380787481551 ], [ 0.583643212669243, 47.690543065427697 ], [ 0.583428184686945, 47.690631539440261 ], [ 0.583391045509133, 47.690603768634034 ], [ 0.583103673439481, 47.690448304645841 ], [ 0.582866351981398, 47.6903736585652 ], [ 0.582481486339554, 47.690323665763593 ], [ 0.582220084614769, 47.690333529851173 ], [ 0.581966578293347, 47.690377698033551 ], [ 0.581638137638512, 47.690492599317778 ], [ 0.581053961816887, 47.690606986771776 ], [ 0.580685627008213, 47.690708103678844 ], [ 0.580464101004357, 47.690807883182167 ], [ 0.580204359526088, 47.691001754745855 ], [ 0.580178775841363, 47.691029556620094 ], [ 0.579620226521796, 47.69108231435132 ], [ 0.579350513105805, 47.691130489031089 ], [ 0.579101557174593, 47.691215509875569 ], [ 0.578686508860313, 47.691396362076958 ], [ 0.577719796994047, 47.691936779030819 ], [ 0.576430221747649, 47.69274404783728 ], [ 0.575394195668182, 47.693567722802037 ], [ 0.575265753396316, 47.693688889069819 ], [ 0.574633942692373, 47.694552764998605 ], [ 0.574281962844851, 47.694993214876895 ], [ 0.573965321640737, 47.695321159627362 ], [ 0.573363229105171, 47.695698283640809 ], [ 0.572763002625342, 47.696116509601993 ], [ 0.57141057794479, 47.697347818906351 ], [ 0.571175869775768, 47.697549104128818 ], [ 0.570634693845085, 47.697617395120879 ], [ 0.569980793154334, 47.697612879005717 ], [ 0.569201465862855, 47.697711406139796 ], [ 0.568465703845973, 47.697834258704795 ], [ 0.567586416436128, 47.697882618046918 ], [ 0.567077155471731, 47.69792885331622 ], [ 0.566824142977074, 47.69796908262002 ], [ 0.566478163534413, 47.698089318212475 ], [ 0.566198343845727, 47.698271872838582 ], [ 0.566060620855948, 47.698420698467181 ], [ 0.565904269256686, 47.698633330779522 ], [ 0.565849735866057, 47.698718181311349 ], [ 0.56578150885399, 47.698894189506014 ], [ 0.564143242573374, 47.698747211936812 ], [ 0.563732225683051, 47.698571897540091 ], [ 0.563300749024859, 47.698447205394885 ], [ 0.561235093722235, 47.697595385547103 ], [ 0.561061955857478, 47.697535443535521 ], [ 0.559364520543982, 47.6970498191939 ], [ 0.558113771719029, 47.696738835432541 ], [ 0.557850253847476, 47.696710763432193 ], [ 0.557716698824949, 47.696710206207712 ], [ 0.556898755900706, 47.696739322296359 ], [ 0.556763211545565, 47.696757831051094 ], [ 0.556504248745589, 47.696822686553382 ], [ 0.55622863474943, 47.696946966047783 ], [ 0.55586067514127, 47.696811372320717 ], [ 0.5554990764761, 47.696754539466262 ], [ 0.555251117842007, 47.696755222011952 ], [ 0.554538194821289, 47.696806230299202 ], [ 0.554295610142705, 47.696854603939514 ], [ 0.553317327049806, 47.697127599238932 ], [ 0.551961599591984, 47.697639387288469 ], [ 0.551785237133474, 47.697735003953568 ], [ 0.551388586783499, 47.697990301421299 ], [ 0.550213324534681, 47.698278178333275 ], [ 0.549083501757702, 47.698693440223742 ], [ 0.547569613371595, 47.699160243031628 ], [ 0.546554535759701, 47.699582535144209 ], [ 0.546325973269994, 47.699654827726867 ], [ 0.545679943678534, 47.6997903012739 ], [ 0.545151579720735, 47.69987176203184 ], [ 0.544798941932468, 47.699951851226594 ], [ 0.544018889958331, 47.700040449865575 ], [ 0.542964471849833, 47.700111549500754 ], [ 0.542065256274403, 47.700236144020593 ], [ 0.541134727060464, 47.700429623740611 ], [ 0.540288091435783, 47.700715588606407 ], [ 0.540282544116692, 47.700688554022094 ], [ 0.540229772265822, 47.700533372930494 ], [ 0.540123258042731, 47.700371230476534 ], [ 0.539880827106336, 47.700162149612495 ], [ 0.539558579001928, 47.700009915284767 ], [ 0.539184557521822, 47.699927773645342 ], [ 0.538922416665257, 47.699915757677616 ], [ 0.538661875753921, 47.699938676607772 ], [ 0.538262012958253, 47.700041866894324 ], [ 0.538107220225432, 47.699981773439518 ], [ 0.537884259126662, 47.69992546016887 ], [ 0.537343218725066, 47.699829513711023 ], [ 0.537079510331911, 47.699817025635546 ], [ 0.536439666444422, 47.699868390583319 ], [ 0.535547751828486, 47.699989371776034 ], [ 0.534695203804828, 47.700008442750921 ], [ 0.534413042827085, 47.70005550640753 ], [ 0.53409196301975, 47.700157083948582 ], [ 0.53387715956559, 47.70024710898889 ], [ 0.533691393614341, 47.700362888270227 ], [ 0.533295001228589, 47.700662444767865 ], [ 0.532787458433796, 47.700762459880991 ], [ 0.532240651179453, 47.700961323205156 ], [ 0.532036690250141, 47.701076727663001 ], [ 0.531616531312321, 47.701425124884366 ], [ 0.531496365829002, 47.701511160388186 ], [ 0.531454197031997, 47.701523541879496 ], [ 0.529870462934098, 47.701733681792035 ], [ 0.529621697127623, 47.701782779515419 ], [ 0.529391701723073, 47.701863436290203 ], [ 0.528877532465875, 47.702089090390963 ], [ 0.528185971642207, 47.70230544018748 ], [ 0.527755617505565, 47.702377780058001 ], [ 0.527496351675987, 47.702441198178619 ], [ 0.527261955138187, 47.702539260096643 ], [ 0.527065385865199, 47.702665679785618 ], [ 0.526658211800559, 47.702756628636443 ], [ 0.526252349558395, 47.702925723897458 ], [ 0.525240920769816, 47.703297205686034 ], [ 0.524971972597224, 47.703417952365662 ], [ 0.524246404497382, 47.703560029459766 ], [ 0.523026330680452, 47.703865930492995 ], [ 0.522235920039064, 47.704024289844774 ], [ 0.521988655543043, 47.704112164107066 ], [ 0.521733333249198, 47.704146184095791 ], [ 0.521021252221352, 47.704286158103741 ], [ 0.520762481037723, 47.704380046251835 ], [ 0.520445071518981, 47.704558438010892 ], [ 0.519934983986694, 47.704589425726745 ], [ 0.519573133354996, 47.704669467171904 ], [ 0.519161688806803, 47.70483700803662 ], [ 0.518905114297058, 47.704976759454553 ], [ 0.518804959672007, 47.704986832812139 ], [ 0.518421718308056, 47.704962309775041 ], [ 0.518180262071625, 47.704974226970968 ], [ 0.517477074178374, 47.705057303125606 ], [ 0.517063985668927, 47.705132712011952 ], [ 0.516784499040612, 47.705207424689185 ], [ 0.51616094087963, 47.705498371275375 ], [ 0.515698508697692, 47.705841262573173 ], [ 0.515466068247461, 47.70605930101739 ], [ 0.51490380004086, 47.706064455698709 ], [ 0.514630829682083, 47.706103776652078 ], [ 0.514375965443897, 47.706180590999672 ], [ 0.513859853222017, 47.706433383579899 ], [ 0.513686202327934, 47.706559261944783 ], [ 0.513551195694743, 47.706705138096382 ], [ 0.513219324038762, 47.707264099936154 ], [ 0.511736814151554, 47.707787025020842 ], [ 0.510488181606932, 47.708157248030496 ], [ 0.510261627710178, 47.708265794211925 ], [ 0.509929610504997, 47.708463002114449 ], [ 0.509735214564991, 47.708606428950013 ], [ 0.509590976492026, 47.708774682681742 ], [ 0.509296934404951, 47.709223483798262 ], [ 0.509210478771418, 47.709405751300942 ], [ 0.509074912440604, 47.709881790408566 ], [ 0.50910988417771, 47.71068695316616 ], [ 0.509134988023199, 47.710830291797052 ], [ 0.5092818997501, 47.711324699772099 ], [ 0.50944069082506, 47.711662923624019 ], [ 0.509551428835517, 47.711826528926728 ], [ 0.509801875667063, 47.712036095535815 ], [ 0.510015346343429, 47.712143777664245 ], [ 0.510752648063798, 47.712384038572651 ], [ 0.511639102068931, 47.712644125653469 ], [ 0.512565741885694, 47.712886879173226 ], [ 0.512950367143958, 47.713098642828093 ], [ 0.51381707438293, 47.713504165366437 ], [ 0.514024443168685, 47.713693319539075 ], [ 0.514459329474997, 47.714256026724868 ], [ 0.515007673925457, 47.714839959474112 ], [ 0.515171056285747, 47.714960427105851 ], [ 0.515724648643462, 47.715252970740991 ], [ 0.515816304449444, 47.715544813001166 ], [ 0.515928498689667, 47.716266995685302 ], [ 0.516041744572358, 47.716504444436524 ], [ 0.516434419903154, 47.716950921939187 ], [ 0.516575582125286, 47.717080838143886 ], [ 0.516748803813642, 47.717191690293717 ], [ 0.51702574823532, 47.717318356010438 ], [ 0.517170465806177, 47.717698106468291 ], [ 0.517246034047278, 47.717843473363708 ], [ 0.517625034362082, 47.718308813201425 ], [ 0.518082866171394, 47.718807488632542 ], [ 0.51880477149179, 47.719419100032802 ], [ 0.5190078217851, 47.719757850177956 ], [ 0.519074647402033, 47.720009151736001 ], [ 0.519074969230763, 47.720455625278873 ], [ 0.5190086085476, 47.720905501255551 ], [ 0.519006527376844, 47.72106833914728 ], [ 0.519047961594485, 47.721228764466389 ], [ 0.519227215142391, 47.721677779817796 ], [ 0.519372161414817, 47.721907610826428 ], [ 0.51999407048975, 47.722484469700959 ], [ 0.520121965929037, 47.722801345261423 ], [ 0.520223487920399, 47.723402356788149 ], [ 0.520272303518101, 47.723561609580955 ], [ 0.520608945151246, 47.724124816719602 ], [ 0.520811637476077, 47.72435759997969 ], [ 0.520756791299215, 47.72442284146225 ], [ 0.520360052016387, 47.724766935578742 ], [ 0.520010380915721, 47.725042073517521 ], [ 0.519938135675325, 47.725117969715114 ], [ 0.519829118533722, 47.725282448356047 ], [ 0.519770837810512, 47.725458282657591 ], [ 0.519765630680952, 47.725638426290523 ], [ 0.519783080008343, 47.725727857488621 ], [ 0.519857205887292, 47.725900954406782 ], [ 0.51998094462625, 47.726060620241242 ], [ 0.520149340035648, 47.7262004579826 ], [ 0.520248237322273, 47.726261151584914 ], [ 0.520755979960577, 47.726537409619084 ], [ 0.520979585953807, 47.726619236134759 ], [ 0.52122214647994, 47.726670935086958 ], [ 0.521474842646109, 47.726690627498044 ], [ 0.521852770102716, 47.726658912455164 ], [ 0.522202011497419, 47.726556434392727 ], [ 0.522404677339525, 47.726452709009472 ], [ 0.523161271105661, 47.725908185201078 ], [ 0.523502523867268, 47.725618911271027 ], [ 0.523919225003696, 47.725359960991142 ], [ 0.524109478126487, 47.725218216624697 ], [ 0.524234943234639, 47.725161705472225 ], [ 0.524560052662531, 47.725118752450662 ], [ 0.524522751599205, 47.725310609545836 ], [ 0.524525113054456, 47.725503502184182 ], [ 0.524663631960491, 47.726038862696683 ], [ 0.524803360068924, 47.72628049877045 ], [ 0.525089197211587, 47.726589886738871 ], [ 0.525358511141707, 47.726754326987333 ], [ 0.525950049823681, 47.726980760005169 ], [ 0.526465253072653, 47.727209557092323 ], [ 0.526876022647587, 47.72731846009345 ], [ 0.52711900487471, 47.727348666076878 ], [ 0.52726651719513, 47.727352207175869 ], [ 0.52756770081705, 47.727430770714598 ], [ 0.527737157350487, 47.727786584474096 ], [ 0.52801471654088, 47.728121301539311 ], [ 0.528326021538451, 47.728412436251276 ], [ 0.528587621374354, 47.728597208013092 ], [ 0.528783836202947, 47.728695680463893 ], [ 0.529798279712458, 47.729035568738944 ], [ 0.530101468024008, 47.729114929549077 ], [ 0.53039328481681, 47.72916146782336 ], [ 0.530708466967681, 47.729168629103235 ], [ 0.530947954628523, 47.729155131376977 ], [ 0.532314912645597, 47.728932270231887 ], [ 0.532663631949176, 47.728894618159849 ], [ 0.533445822278525, 47.728865160670715 ], [ 0.533839488149539, 47.728915070258104 ], [ 0.534271527920293, 47.72900972321488 ], [ 0.534478790294023, 47.729073120235569 ], [ 0.534632417015245, 47.729140162896861 ], [ 0.535297459880546, 47.729536248439551 ], [ 0.535530123630679, 47.729647402247124 ], [ 0.53579248040075, 47.729722663287212 ], [ 0.536141651268012, 47.729793756473242 ], [ 0.53601322366967, 47.730002682866029 ], [ 0.535958101713627, 47.730168125659084 ], [ 0.535963647606155, 47.730421982216413 ], [ 0.536025972920741, 47.730586255903148 ], [ 0.536132861507837, 47.73073972826446 ], [ 0.536379142647429, 47.731012248666538 ], [ 0.536556137812816, 47.731145048234119 ], [ 0.53690618695498, 47.731353557016476 ], [ 0.537147873878322, 47.731448839654057 ], [ 0.537413711694143, 47.731507999908587 ], [ 0.537915420180741, 47.731545479460046 ], [ 0.538175736570794, 47.731530019669997 ], [ 0.538426592571096, 47.731480620689169 ], [ 0.53865836083709, 47.731399176401155 ], [ 0.538862148693779, 47.731288813671085 ], [ 0.539043589537559, 47.731138997428921 ], [ 0.539055865794476, 47.731125521357498 ], [ 0.539640121231471, 47.731409628019641 ], [ 0.53987581863957, 47.731500462915278 ], [ 0.54177615447296, 47.732044897905297 ], [ 0.542065026142386, 47.732100607905394 ], [ 0.542688853898151, 47.73216166032558 ], [ 0.543153855550913, 47.732163392020013 ], [ 0.543472936964173, 47.732144599675003 ], [ 0.544056569202846, 47.732150802163559 ], [ 0.544605326541178, 47.732213842585175 ], [ 0.545196795012711, 47.732314545224213 ], [ 0.545890490228654, 47.732395591803211 ], [ 0.547353120320218, 47.73240425424536 ], [ 0.549246923417279, 47.732534119269339 ], [ 0.549723149233675, 47.73253314051162 ], [ 0.549989468412815, 47.732495162625369 ], [ 0.550267449776207, 47.732428673092784 ], [ 0.550348930081194, 47.732661097897051 ], [ 0.550356636938643, 47.73276823065634 ], [ 0.550410936175966, 47.732943447546148 ], [ 0.55058552324998, 47.733184125576372 ], [ 0.550757295437654, 47.733320558207957 ], [ 0.550965692369753, 47.733431359415071 ], [ 0.551202470357184, 47.733512145812533 ], [ 0.551458264340467, 47.733559722647648 ], [ 0.552078598307848, 47.733631304912272 ], [ 0.552206910867929, 47.733641825276088 ], [ 0.552336129982176, 47.733643919717252 ], [ 0.552592441087687, 47.733622829400709 ], [ 0.552837929706825, 47.733568825495098 ], [ 0.553063399300938, 47.733483930042865 ], [ 0.55319301362471, 47.733413793149211 ], [ 0.553246405126586, 47.733380144629855 ], [ 0.553559490984258, 47.7334138155476 ], [ 0.553995899942846, 47.733436797771304 ], [ 0.554507872390079, 47.733421907474792 ], [ 0.554702872310098, 47.733398229940967 ], [ 0.555201415064768, 47.733419620102211 ], [ 0.555342331671985, 47.7334148220122 ], [ 0.555643292655539, 47.733373750498025 ], [ 0.556376677049173, 47.733434012112625 ], [ 0.556861220741923, 47.733525794347834 ], [ 0.557009826891945, 47.733540697988893 ], [ 0.557699838019225, 47.733575616442423 ], [ 0.55772596039916, 47.733626767017789 ], [ 0.55785717544849, 47.733802555998267 ], [ 0.558023142349794, 47.733941296632587 ], [ 0.558226390436086, 47.734055244902287 ], [ 0.558458946303851, 47.734139930840264 ], [ 0.558842540285165, 47.734205170781102 ], [ 0.55993223998697, 47.734231152472454 ], [ 0.560044232170531, 47.734227392489274 ], [ 0.560264839986911, 47.734200952018838 ], [ 0.561064417962488, 47.734057513651798 ], [ 0.561312895843932, 47.733994501891011 ], [ 0.561428939600749, 47.733950812152258 ], [ 0.561638887488163, 47.733841225249719 ], [ 0.561812518286379, 47.733705766803439 ], [ 0.561942960720744, 47.733549798437089 ], [ 0.562021657310136, 47.733387937790624 ], [ 0.562027223247565, 47.7333706789749 ], [ 0.562429186333046, 47.733368580067065 ], [ 0.562935772761383, 47.733299166116367 ], [ 0.563738630897235, 47.733080667252025 ], [ 0.565026243530146, 47.732574175790077 ], [ 0.566560832056684, 47.731936246765152 ], [ 0.567758270623466, 47.731307428461065 ], [ 0.568291264847891, 47.730963212618974 ], [ 0.56859867844208, 47.730718652751499 ], [ 0.568975318629304, 47.730673475866972 ], [ 0.569627439755906, 47.730474912788033 ], [ 0.570058513807931, 47.730398676403766 ], [ 0.570195206971746, 47.730359292625472 ], [ 0.570546469912413, 47.730225886001705 ], [ 0.570839669854479, 47.730035586291038 ], [ 0.571163507897968, 47.729872416715772 ], [ 0.571497679482098, 47.729788132977433 ], [ 0.572016404185278, 47.729693885646107 ], [ 0.572275514961921, 47.72960591600976 ], [ 0.572889814661531, 47.729337242261622 ], [ 0.573144605607488, 47.729192339269503 ], [ 0.57341455727223, 47.728986351885389 ], [ 0.573497013644955, 47.728900406652436 ], [ 0.573724291079405, 47.728547230803002 ], [ 0.574028235076074, 47.728643639129686 ], [ 0.57426905095701, 47.728681561878446 ], [ 0.574516104691606, 47.728688844064827 ], [ 0.57476090426505, 47.728665233988103 ], [ 0.575472349727573, 47.728506184183217 ], [ 0.575822620260215, 47.728384388345674 ], [ 0.576104869543616, 47.728198862822239 ], [ 0.576242770227801, 47.728047579333364 ], [ 0.576328611662107, 47.727892451875533 ], [ 0.577300525150013, 47.727885336947843 ], [ 0.578526290876931, 47.727686418354303 ], [ 0.579005306345037, 47.727571016562905 ], [ 0.579339147486298, 47.727556494705418 ], [ 0.579657562658904, 47.727576838053615 ], [ 0.580405484527334, 47.727550460381927 ], [ 0.580660496765964, 47.727516907241288 ], [ 0.580891608954327, 47.727453604655487 ], [ 0.581001617986862, 47.727449828949631 ], [ 0.581391393144711, 47.727628619627502 ], [ 0.581775373763822, 47.7278394974335 ], [ 0.58198173762195, 47.727927096389401 ], [ 0.582547580804589, 47.728082992819473 ], [ 0.582884498244876, 47.72814053008323 ], [ 0.583323203923149, 47.728156850611875 ], [ 0.583506186097078, 47.728242975992615 ], [ 0.583746143571685, 47.728315382974316 ], [ 0.584984423776081, 47.728543255932316 ], [ 0.585244111519167, 47.728554824778882 ], [ 0.585502187196204, 47.728532153416033 ], [ 0.585864897582407, 47.728436184333944 ], [ 0.58617104086771, 47.728273602351145 ], [ 0.586330544738544, 47.728134854763489 ], [ 0.58644708592398, 47.727977852314595 ], [ 0.586487139260973, 47.727895685358341 ], [ 0.586487789602402, 47.727894351662918 ], [ 0.58653533876323, 47.727633453551384 ], [ 0.586503693355249, 47.727459164730142 ], [ 0.586381043919903, 47.727228860085326 ], [ 0.586410947527777, 47.727079418998073 ], [ 0.58644512013034, 47.727036153733444 ], [ 0.586800034100954, 47.726773371813756 ], [ 0.587113649553457, 47.726386274654814 ], [ 0.587291296501505, 47.726447991126498 ], [ 0.587550216118583, 47.726503229413737 ], [ 0.587820350039002, 47.726521944518431 ], [ 0.588071986680499, 47.726509332814601 ], [ 0.588094991257527, 47.726816740455654 ], [ 0.588144887986232, 47.726988881030699 ], [ 0.588355910029225, 47.727295052360631 ], [ 0.58856575609281, 47.727492776387834 ], [ 0.588946574142934, 47.727724627033716 ], [ 0.589438710205944, 47.727943965256955 ], [ 0.589823808443408, 47.728064191806908 ], [ 0.589967888723459, 47.728092609022582 ], [ 0.590435357242807, 47.728139409085266 ], [ 0.590841750974473, 47.728440604053098 ], [ 0.59168692403826, 47.728908078918387 ], [ 0.591879053170698, 47.728995301206346 ], [ 0.592016252287695, 47.729046519132481 ], [ 0.592253133482273, 47.729134948169907 ], [ 0.592673042401313, 47.729274713810128 ], [ 0.593027343797087, 47.729347188403878 ], [ 0.593353182730135, 47.729394774496406 ], [ 0.593739387754881, 47.729424748906183 ], [ 0.5947663992073, 47.729466627513723 ], [ 0.595374740698465, 47.729431954412298 ], [ 0.595620427686613, 47.729401049566079 ], [ 0.596224295996206, 47.729279628689085 ], [ 0.596572027466898, 47.729161014336071 ], [ 0.596746912838062, 47.729123315624129 ], [ 0.596753938175627, 47.72913932263161 ], [ 0.596868060650708, 47.729305837933886 ], [ 0.597215147721169, 47.729699653886605 ], [ 0.597466103614465, 47.729906657782941 ], [ 0.597679019589266, 47.730012874680746 ], [ 0.597918837465435, 47.73008862587124 ], [ 0.598176107249597, 47.730130926651498 ], [ 0.598440693363058, 47.73013811101589 ], [ 0.599548762481666, 47.730093805315775 ], [ 0.600152407594621, 47.73009342960794 ], [ 0.600450347373536, 47.730108989859659 ], [ 0.600990518149765, 47.730269797720375 ], [ 0.601260393264523, 47.730307943211059 ], [ 0.60239965820029, 47.730312336894059 ], [ 0.602954638104999, 47.730267021872216 ], [ 0.603626608634964, 47.730267218459183 ], [ 0.605207777902962, 47.730309319213305 ], [ 0.606187924520221, 47.730283152036449 ], [ 0.60633118280013, 47.730267389240275 ], [ 0.606702235851589, 47.730188670874149 ], [ 0.607824125954355, 47.730023566704055 ], [ 0.608303233353445, 47.72993973532936 ], [ 0.608707591939178, 47.730043784796337 ], [ 0.609251931043506, 47.730092170067842 ], [ 0.609866182963559, 47.730200762529478 ], [ 0.610324540669307, 47.730305581606729 ], [ 0.610626906819866, 47.730329376197247 ], [ 0.610989605910726, 47.730329156461686 ], [ 0.61148367660476, 47.73065852702706 ], [ 0.611755597351309, 47.73077318170116 ], [ 0.61195018864944, 47.730472822324174 ], [ 0.612014028585502, 47.730418296437911 ], [ 0.612261329823322, 47.730498982586973 ], [ 0.612380527377006, 47.729953932122257 ], [ 0.612362941127325, 47.729924365114087 ], [ 0.612253596296679, 47.729808167787333 ], [ 0.612302056663849, 47.72964632862211 ], [ 0.612312895815176, 47.729586962937496 ], [ 0.612319518372959, 47.729536114576803 ], [ 0.612319510405967, 47.729439421546999 ], [ 0.612233382971825, 47.729187334373393 ], [ 0.611944473956664, 47.728635755408874 ], [ 0.611808251549605, 47.728459184894241 ], [ 0.611641041165657, 47.728318900739708 ], [ 0.611413223571985, 47.72819088599735 ], [ 0.611247043121778, 47.728130518864447 ], [ 0.610673660118543, 47.72792725609294 ], [ 0.61067356216838, 47.727915108036065 ], [ 0.610640041318903, 47.727903157378144 ], [ 0.610659635529682, 47.727853131379845 ], [ 0.610665894301322, 47.727773117624039 ], [ 0.610662780428544, 47.727734707066077 ], [ 0.610633238210282, 47.727608565680974 ], [ 0.610599837328162, 47.727518235023688 ], [ 0.610583776046705, 47.727491395247917 ], [ 0.61055464056919, 47.727426867029081 ], [ 0.6105276861291, 47.727343473528578 ], [ 0.610524776765398, 47.727315237121374 ], [ 0.610433286407252, 47.727067803391925 ], [ 0.610544312006005, 47.726913389622432 ], [ 0.609860794778087, 47.726174550987061 ], [ 0.608850749363689, 47.725248040070753 ], [ 0.608025746211913, 47.725313117844784 ], [ 0.606944987356399, 47.725248693833962 ], [ 0.605697772112361, 47.725087204358438 ], [ 0.605066674682247, 47.724965329842455 ], [ 0.604470764825207, 47.724830686844555 ], [ 0.604428211128818, 47.724822441132744 ], [ 0.603782610913863, 47.724970552930934 ], [ 0.603249270070509, 47.725137920992665 ], [ 0.602516774757517, 47.725406786886651 ], [ 0.602258493694313, 47.725505722181062 ], [ 0.601804616894345, 47.725698407155392 ], [ 0.60159579559553, 47.725789293833316 ], [ 0.60035277560753, 47.725416222497358 ], [ 0.59991142771825, 47.725259491606323 ], [ 0.599635246610814, 47.725139465401448 ], [ 0.599554479453578, 47.72509629127174 ], [ 0.599287640404707, 47.724975650641639 ], [ 0.598953617739867, 47.724776995140488 ], [ 0.598772925849731, 47.724703481540359 ], [ 0.598646775328261, 47.724656337190808 ], [ 0.598538506417525, 47.724632558432205 ], [ 0.598026203246604, 47.724538242181296 ], [ 0.597750343369716, 47.724470445360645 ], [ 0.596695902351647, 47.724089499725032 ], [ 0.596173976747611, 47.723914890292704 ], [ 0.595794539380054, 47.723806240005658 ], [ 0.595040909277859, 47.723472882214701 ], [ 0.593922023514843, 47.722904062606752 ], [ 0.593492297414055, 47.722688238846494 ], [ 0.593457225008748, 47.722667761381985 ], [ 0.591740465480255, 47.721794935030339 ], [ 0.591100813830344, 47.721408087022347 ], [ 0.591083184538544, 47.721397798915262 ], [ 0.591079196841927, 47.72139501335694 ], [ 0.590931226216076, 47.721305522419911 ], [ 0.590846833608934, 47.721230463443 ], [ 0.590797454671079, 47.721194710242891 ], [ 0.590704829518912, 47.721104164060471 ], [ 0.589924461757715, 47.720410085864565 ], [ 0.589910000553065, 47.720399317663002 ], [ 0.589802642839191, 47.720324167040346 ], [ 0.589668266805304, 47.720230657846344 ], [ 0.589089676772457, 47.71983132115983 ], [ 0.588667186373469, 47.719583986046743 ], [ 0.588357963485573, 47.719378622755592 ], [ 0.588094381729819, 47.719208383518946 ], [ 0.587672278855614, 47.718923232386217 ], [ 0.587118082448976, 47.718520093525797 ], [ 0.587017793531503, 47.718441341641253 ], [ 0.586854539713951, 47.718321137603048 ], [ 0.5854675540776, 47.71728119271333 ], [ 0.585272587835027, 47.71710787762202 ], [ 0.585144102153989, 47.716969252468843 ], [ 0.584952727203744, 47.716716768542646 ], [ 0.584943604948158, 47.716702205545523 ], [ 0.584501862747165, 47.716113827970126 ], [ 0.584336267949165, 47.715980952218281 ], [ 0.583536693275054, 47.715458365438195 ], [ 0.582972865452332, 47.715063110164294 ], [ 0.582267324893392, 47.71452714878469 ], [ 0.582174163638136, 47.714441309225428 ], [ 0.582159677513368, 47.714429472366398 ], [ 0.582007170928365, 47.714291247202006 ], [ 0.58190234252937, 47.714190848956569 ], [ 0.581237632059409, 47.713578361494534 ], [ 0.580789161339997, 47.713123050886303 ], [ 0.580752901702577, 47.713087477695744 ], [ 0.580631577515377, 47.712967905150926 ], [ 0.580594799856093, 47.712925722096472 ], [ 0.580546502874752, 47.712703744940484 ], [ 0.580542730746442, 47.712691419420558 ], [ 0.580515151444437, 47.712593596532976 ], [ 0.580493246356581, 47.712458971121002 ], [ 0.580559573849089, 47.712379299517309 ], [ 0.580722437448683, 47.712230486390219 ], [ 0.581064495287357, 47.711984524877437 ], [ 0.581514208610501, 47.71171827641151 ], [ 0.582086401205507, 47.711428444301468 ], [ 0.582589002235518, 47.711113758499387 ], [ 0.58303957318991, 47.710622400812511 ], [ 0.583622028012309, 47.710105851257637 ], [ 0.583947451098557, 47.709784797634136 ], [ 0.584266449225987, 47.709369959951786 ], [ 0.584605150432217, 47.70896183172831 ], [ 0.584874757214214, 47.708694552433336 ], [ 0.584977549877033, 47.708596372728593 ], [ 0.584725820366405, 47.708512871733554 ], [ 0.584270164493579, 47.708264125141767 ], [ 0.584090791133939, 47.708391034490575 ], [ 0.583970052857422, 47.708452706232428 ], [ 0.583934272849853, 47.708468911517805 ], [ 0.583883301165546, 47.708491996930846 ], [ 0.583691310597598, 47.70857895341117 ], [ 0.583486449537653, 47.708655071046913 ], [ 0.582932793295493, 47.708784024715499 ], [ 0.581947204856571, 47.708933366090783 ], [ 0.581772502425424, 47.709240727871595 ], [ 0.581600845650259, 47.70946651608503 ], [ 0.581439884911164, 47.709607921860879 ], [ 0.581113566308642, 47.709842299227248 ], [ 0.580903932636805, 47.709964509600411 ], [ 0.580786157559385, 47.71001394240448 ], [ 0.580531046812766, 47.710086795890582 ], [ 0.580156838637921, 47.710140897648934 ], [ 0.579866938161935, 47.710156256932969 ], [ 0.579651542701053, 47.71024917013726 ], [ 0.579522862860015, 47.710287500854839 ], [ 0.579153700070228, 47.710354506084094 ], [ 0.579545307798675, 47.710423649765005 ], [ 0.579834991005875, 47.710514584660466 ], [ 0.58004592439794, 47.710609307657329 ], [ 0.580303333123431, 47.710797348324931 ], [ 0.580426581801183, 47.710946749354328 ], [ 0.580525150467933, 47.711167054507328 ], [ 0.580558060403172, 47.711367533259718 ], [ 0.580550625362403, 47.711676976296516 ], [ 0.580498156518266, 47.711851529691927 ], [ 0.580405243508442, 47.712034235025449 ], [ 0.580268195089115, 47.712203536565639 ], [ 0.580119108787953, 47.712342454148633 ], [ 0.579829397050517, 47.71250894233139 ], [ 0.579602430002604, 47.712586131338782 ], [ 0.579370008517021, 47.712645158602562 ], [ 0.579005769254598, 47.71293349948855 ], [ 0.578605182873018, 47.713135956724749 ], [ 0.577926348829675, 47.713356078044718 ], [ 0.577572027952148, 47.713425716455298 ], [ 0.57733756241686, 47.713454446525198 ], [ 0.576727887707587, 47.713453067425618 ], [ 0.576280524115559, 47.713392323513808 ], [ 0.576030361534043, 47.713337420818185 ], [ 0.575801034967354, 47.713250447273445 ], [ 0.575251297199578, 47.712990715796842 ], [ 0.57482647920471, 47.713147789493348 ], [ 0.574500573114572, 47.71321409971717 ], [ 0.574351851155896, 47.713232115732751 ], [ 0.574067745650626, 47.71323934262854 ], [ 0.573689036428469, 47.713204301485227 ], [ 0.573451543908115, 47.713141036563563 ], [ 0.573236268980917, 47.713048386370197 ], [ 0.573053881860216, 47.712947147662767 ], [ 0.572889471721665, 47.712820636711392 ], [ 0.572824667716164, 47.712753820171578 ], [ 0.572821118544497, 47.712750160777723 ], [ 0.572715108262441, 47.71259785040904 ], [ 0.572634422134814, 47.712431844084577 ], [ 0.572629178381768, 47.712413194211877 ], [ 0.572608246127004, 47.71233874058202 ], [ 0.572570572595148, 47.71211686098259 ], [ 0.572589006562152, 47.711934803775634 ], [ 0.572685319361238, 47.711683837495102 ], [ 0.572795377030878, 47.71149904239077 ], [ 0.573065312898978, 47.71122524045979 ], [ 0.573232877723933, 47.711091359597084 ], [ 0.573435707681871, 47.710981933530576 ], [ 0.573875325281935, 47.710788875992058 ], [ 0.573898373786034, 47.710779643235036 ], [ 0.574068584224488, 47.710718558435133 ], [ 0.57442486259426, 47.71063306968724 ], [ 0.574542404768295, 47.710472482966907 ], [ 0.574787044820784, 47.710211048504952 ], [ 0.574802217445092, 47.710194834663838 ], [ 0.574876859217428, 47.710123066460945 ], [ 0.574894706056211, 47.710109038614121 ], [ 0.574961492673252, 47.710056540916703 ], [ 0.57526688876627, 47.709894450000725 ], [ 0.575703679504121, 47.709777036634271 ], [ 0.575826711280523, 47.709754060689669 ], [ 0.575845871382673, 47.709750483072604 ], [ 0.575991538616459, 47.709734691964712 ], [ 0.576330797283355, 47.709733619450525 ], [ 0.576619470990072, 47.709750579148974 ], [ 0.576877716468351, 47.709783288482939 ], [ 0.577234880511429, 47.70989448519493 ], [ 0.577580793411599, 47.71007722378593 ], [ 0.577769410250095, 47.71020274741268 ], [ 0.577947459535279, 47.710376614230817 ], [ 0.578467137401563, 47.710313201076247 ], [ 0.578270351123094, 47.710253152265494 ], [ 0.57806019707142, 47.710154443030071 ], [ 0.577881867511044, 47.710030447637628 ], [ 0.577741933733925, 47.709885734524534 ], [ 0.577085996316132, 47.709039660155234 ], [ 0.577078557166522, 47.709030064422421 ], [ 0.577077446990446, 47.709028630358269 ], [ 0.576841112872787, 47.708722442363907 ], [ 0.576752856367044, 47.708608097723143 ], [ 0.576655632785376, 47.708444958831983 ], [ 0.576619714536781, 47.708332774621766 ], [ 0.576230952960707, 47.708051879311178 ], [ 0.576068483483129, 47.707905021884805 ], [ 0.575953460017817, 47.70773899468648 ], [ 0.575890650705203, 47.707560681875982 ], [ 0.575881694626492, 47.707485676395038 ], [ 0.575879728511946, 47.707469217923332 ], [ 0.575870643943495, 47.707259043637784 ], [ 0.57582350753331, 47.707137257838106 ], [ 0.575595004778776, 47.706875883400336 ], [ 0.575562141119004, 47.706822127259244 ], [ 0.575541374051777, 47.706788156202634 ], [ 0.575288259424788, 47.706303028574027 ], [ 0.575138951945346, 47.70584673056964 ] ], [ [ 0.563219900003579, 47.699597705562979 ], [ 0.563580231107194, 47.699630382965061 ], [ 0.564365398980708, 47.699622054040837 ], [ 0.564719246293807, 47.699635531143372 ], [ 0.564984335438759, 47.699669882022285 ], [ 0.565233741261798, 47.699739572606497 ], [ 0.565653916189396, 47.699931847330149 ], [ 0.566288316712848, 47.70029586265585 ], [ 0.566622019937247, 47.700506917464246 ], [ 0.566782386256527, 47.700656132155245 ], [ 0.566844764128814, 47.700738262212489 ], [ 0.5669306388772, 47.700913259365059 ], [ 0.566961895607537, 47.701096396020894 ], [ 0.566937222382826, 47.701279990725425 ], [ 0.566899592966517, 47.70140992816863 ], [ 0.566851365367294, 47.70157646181984 ], [ 0.56677012038405, 47.701755493468411 ], [ 0.566709265908452, 47.701839764320134 ], [ 0.566234359800425, 47.702300398070093 ], [ 0.566059041480983, 47.70241662304187 ], [ 0.565725055794637, 47.702600462526021 ], [ 0.565043359259741, 47.70290541710051 ], [ 0.564684512159862, 47.702992600054969 ], [ 0.564218074145562, 47.70305538873869 ], [ 0.563721893561038, 47.703099581149942 ], [ 0.563488209744723, 47.703094192848823 ], [ 0.563048293721916, 47.703057802304109 ], [ 0.562793437280554, 47.703019325704346 ], [ 0.562554579370703, 47.702948054561865 ], [ 0.562166378964619, 47.702799995564817 ], [ 0.56170717727849, 47.702591932426465 ], [ 0.561534804129467, 47.702601870797032 ], [ 0.561272775075364, 47.702588638847111 ], [ 0.560899575750069, 47.702504761475261 ], [ 0.560484496001745, 47.702331094120787 ], [ 0.560290124909336, 47.702229140610058 ], [ 0.560126830237914, 47.702104804943687 ], [ 0.560000178089419, 47.701962324966246 ], [ 0.559806997143477, 47.70161388780383 ], [ 0.559727058611951, 47.70135568314172 ], [ 0.559701968848026, 47.701166121638501 ], [ 0.559736481803728, 47.700977236632582 ], [ 0.559829057619125, 47.700797472339254 ], [ 0.560058219888619, 47.700479775087942 ], [ 0.560216730290473, 47.700336031124394 ], [ 0.560557289268327, 47.700123676817952 ], [ 0.560566153548963, 47.700118805446479 ], [ 0.560657015550737, 47.70006887639304 ], [ 0.560877542186272, 47.699979941874687 ], [ 0.561119238780488, 47.699921206356954 ], [ 0.562041226342027, 47.69982125730467 ], [ 0.562453262627962, 47.699729014937084 ], [ 0.56271419859575, 47.699645275099137 ], [ 0.5629636445541, 47.699604996368528 ], [ 0.563219900003579, 47.699597705562979 ] ], [ [ 0.519004647570647, 47.707211830636354 ], [ 0.519518550841346, 47.707087945322442 ], [ 0.519466543274557, 47.707388153518316 ], [ 0.519004647570647, 47.707211830636354 ] ], [ [ 0.535334621438533, 47.7035674762177 ], [ 0.534831005460989, 47.703424957389679 ], [ 0.534070667596706, 47.70328869630108 ], [ 0.534482970501895, 47.703001497190868 ], [ 0.534783875683093, 47.702967230033281 ], [ 0.534973425661272, 47.702961013203321 ], [ 0.53509655415887, 47.703015159900268 ], [ 0.535154571416035, 47.703059245979574 ], [ 0.535334621438533, 47.7035674762177 ] ], [ [ 0.517775377878994, 47.709231546380465 ], [ 0.517370409222674, 47.709054280655224 ], [ 0.517922502086321, 47.70918984606449 ], [ 0.518631331727459, 47.709459859220821 ], [ 0.519420945839766, 47.709873937268625 ], [ 0.519621505531004, 47.709960823360831 ], [ 0.519921048599143, 47.710048220538482 ], [ 0.520157109714405, 47.710095967808499 ], [ 0.520468385763163, 47.710206966084058 ], [ 0.520675538511447, 47.710252528008702 ], [ 0.520797851433972, 47.710325383844733 ], [ 0.5210343463072, 47.710553732493693 ], [ 0.520775380744349, 47.710721704299239 ], [ 0.520506787143895, 47.71099502977615 ], [ 0.520408957310827, 47.711153839415296 ], [ 0.520354536949647, 47.711358047158562 ], [ 0.520075278633378, 47.711141888384539 ], [ 0.519968732367621, 47.710982310536302 ], [ 0.51983351309779, 47.710834247157393 ], [ 0.519558295072465, 47.710651772402642 ], [ 0.519336547048289, 47.710563159957019 ], [ 0.519093686456, 47.710504987541533 ], [ 0.518839628618722, 47.710475255539279 ], [ 0.518596100548993, 47.710465207265408 ], [ 0.518389503146569, 47.709834948021218 ], [ 0.518207456895152, 47.709564204072244 ], [ 0.518075327001132, 47.709435924165668 ], [ 0.517775377878994, 47.709231546380465 ] ], [ [ 0.586805948487194, 47.721304769391949 ], [ 0.586961834016623, 47.721403612243385 ], [ 0.586559381624101, 47.721641092897997 ], [ 0.586206862790034, 47.721970660725475 ], [ 0.586040620820766, 47.721821154784948 ], [ 0.586326962768896, 47.72159470997002 ], [ 0.586666244275193, 47.721184061537912 ], [ 0.586805948487194, 47.721304769391949 ] ] ] } },
{ "type": "Feature", "properties": { "gid": 35692, "insee_dep": "72", "niveau": 1.0, "surf_m2": 13641.748 }, "geometry": { "type": "Polygon", "coordinates": [ [ [ 0.629767231356959, 47.775645968511924 ], [ 0.629708796171114, 47.775818771740035 ], [ 0.629370234645769, 47.776300171341916 ], [ 0.629231717739866, 47.776442392435079 ], [ 0.629055969237696, 47.776564500205694 ], [ 0.629222242299489, 47.77660478251476 ], [ 0.62948292389831, 47.776639692021917 ], [ 0.629917835982178, 47.776638106435477 ], [ 0.63075909670146, 47.776514764757842 ], [ 0.631393425458165, 47.776336695844478 ], [ 0.631657687276385, 47.776358662532928 ], [ 0.631353858596258, 47.776147582907285 ], [ 0.629784519764187, 47.775257185664188 ], [ 0.629767231356959, 47.775645968511924 ] ] ] } },
{ "type": "Feature", "properties": { "gid": 35693, "insee_dep": "72", "niveau": 1.0, "surf_m2": 22.313 }, "geometry": { "type": "Polygon", "coordinates": [ [ [ 0.59764977255134, 47.865037099025614 ], [ 0.597562853717329, 47.865080580363085 ], [ 0.597803421875298, 47.864984974370806 ], [ 0.597726883427174, 47.864989974539917 ], [ 0.59764977255134, 47.865037099025614 ] ] ] } },
{ "type": "Feature", "properties": { "gid": 35701, "insee_dep": "72", "niveau": 1.0, "surf_m2": 1936.818 }, "geometry": { "type": "Polygon", "coordinates": [ [ [ 0.464201224362894, 47.665725235225551 ], [ 0.464321111731394, 47.665747661515134 ], [ 0.464400806853071, 47.665700414493422 ], [ 0.462322104407999, 47.66515421476263 ], [ 0.461879978066498, 47.665051199883301 ], [ 0.462313497216975, 47.665304958244249 ], [ 0.462694501633307, 47.665342968139697 ], [ 0.462953809438809, 47.665403871495137 ], [ 0.463453826191375, 47.665561985410427 ], [ 0.464201224362894, 47.665725235225551 ] ] ] } },
{ "type": "Feature", "properties": { "gid": 37402, "insee_dep": "72", "niveau": 3.0, "surf_m2": 1363053.332 }, "geometry": { "type": "Polygon", "coordinates": [ [ [ 0.469046490395354, 47.85729875885265 ], [ 0.469734010225983, 47.857474381175919 ], [ 0.470088682446251, 47.857529326490663 ], [ 0.471299777169705, 47.857602661725892 ], [ 0.47401421929767, 47.857694606060463 ], [ 0.475144097253734, 47.857763889410791 ], [ 0.476335627871804, 47.85788338185349 ], [ 0.476628242092208, 47.857966759602895 ], [ 0.476704354215382, 47.858123174223131 ], [ 0.476754928684274, 47.85843036057161 ], [ 0.476720467720997, 47.858750450603232 ], [ 0.476553625508898, 47.859083555719458 ], [ 0.476523541424005, 47.859117771106405 ], [ 0.476266386972779, 47.859410231487303 ], [ 0.476048662337444, 47.859657844780074 ], [ 0.475320550891152, 47.860586818005636 ], [ 0.475226040361617, 47.860844179155592 ], [ 0.475227114002606, 47.861021271612209 ], [ 0.475253783337531, 47.861126621696748 ], [ 0.475324746135266, 47.861278104179974 ], [ 0.475450175151011, 47.861433787986606 ], [ 0.475618475824538, 47.861569928942444 ], [ 0.475722921214168, 47.861632030302886 ], [ 0.475370135939819, 47.86160179141222 ], [ 0.475105770619415, 47.861621508046504 ], [ 0.474852430559666, 47.861676043107259 ], [ 0.4746201381913, 47.861763237975843 ], [ 0.474418080926946, 47.861879644688742 ], [ 0.474254252999105, 47.862020658666829 ], [ 0.474135133626033, 47.862180702647215 ], [ 0.474065435778116, 47.862353444552546 ], [ 0.474056741361982, 47.86240377869742 ], [ 0.474050061116768, 47.862442454907629 ], [ 0.474059021337795, 47.862621350534965 ], [ 0.474120415554494, 47.862795513343492 ], [ 0.474451733238929, 47.863289587171494 ], [ 0.474560339363498, 47.86353102725645 ], [ 0.474533012107239, 47.863767060820805 ], [ 0.474220992315898, 47.864577538749892 ], [ 0.47394800227269, 47.865006684588522 ], [ 0.473454081792403, 47.865399441574901 ], [ 0.47272817402823, 47.866144703536335 ], [ 0.471861121427728, 47.867392177148155 ], [ 0.471777017989773, 47.867558010355168 ], [ 0.471742263730031, 47.867731665816841 ], [ 0.471785018783697, 47.867992398007821 ], [ 0.471937692140744, 47.868233759496583 ], [ 0.47218731678812, 47.868435245542706 ], [ 0.472397410112852, 47.868538778057683 ], [ 0.472633338346371, 47.868612954908741 ], [ 0.473015919056927, 47.868663358973492 ], [ 0.473403850377214, 47.868637391515335 ], [ 0.473764173873968, 47.868537257516692 ], [ 0.474066277485207, 47.868371464634926 ], [ 0.474094442919319, 47.868350724266037 ], [ 0.474261178836534, 47.868227942370602 ], [ 0.474468581462762, 47.86804832270694 ], [ 0.475151531061752, 47.867526316902051 ], [ 0.475632076433172, 47.867116924035507 ], [ 0.476094271775779, 47.866780587263506 ], [ 0.476409863276292, 47.86648603793941 ], [ 0.476734395494475, 47.86611748892981 ], [ 0.476764301799434, 47.866075969824273 ], [ 0.477007042092606, 47.86579423739056 ], [ 0.477109622909113, 47.865645345529444 ], [ 0.477383048721464, 47.865165270522326 ], [ 0.477438697230731, 47.864935919280271 ], [ 0.477621645530511, 47.864787192026562 ], [ 0.477749293257901, 47.864622498245758 ], [ 0.477831839050949, 47.86446614788008 ], [ 0.477881649570852, 47.864280333419558 ], [ 0.478447140532218, 47.864738351001826 ], [ 0.478978433445785, 47.865057733930954 ], [ 0.479267011731055, 47.865188524471982 ], [ 0.47976221194428, 47.865343747959905 ], [ 0.479336609574449, 47.865438066072848 ], [ 0.479053863572749, 47.865526469984026 ], [ 0.478541089557047, 47.865744248204109 ], [ 0.478096337948975, 47.866018833303357 ], [ 0.477859935765604, 47.866217464428793 ], [ 0.477752611672533, 47.866371327085837 ], [ 0.477690191074192, 47.866536024013158 ], [ 0.477663440268245, 47.866766435043594 ], [ 0.477657005923583, 47.867072326712844 ], [ 0.477702650354393, 47.867333031919593 ], [ 0.477763001135048, 47.867514145260344 ], [ 0.477877284560315, 47.867683076225703 ], [ 0.47810554224568, 47.867937278174693 ], [ 0.478393893925593, 47.86816620198104 ], [ 0.478088337635471, 47.868128182097074 ], [ 0.477631382812745, 47.868107322837766 ], [ 0.477084038448711, 47.868135361389236 ], [ 0.47660491293322, 47.868206485096209 ], [ 0.475783159345695, 47.868361711881768 ], [ 0.47530150630672, 47.868426746585996 ], [ 0.475048747698202, 47.868496325259031 ], [ 0.474594513943397, 47.868660707885532 ], [ 0.473938650636583, 47.868948006113605 ], [ 0.473720308385824, 47.869067408041346 ], [ 0.473238007881568, 47.869423355604553 ], [ 0.47287569123127, 47.869782360465379 ], [ 0.472746318316005, 47.869951058463379 ], [ 0.472491440127325, 47.870392281028018 ], [ 0.472341583994093, 47.87075510953067 ], [ 0.4722368731679, 47.871143235996229 ], [ 0.47212651979691, 47.871437256118178 ], [ 0.471939009836147, 47.872128736504109 ], [ 0.471917650298392, 47.872311233537637 ], [ 0.471928882117944, 47.872635638399586 ], [ 0.471926562997969, 47.872650338570509 ], [ 0.471917336124078, 47.872708827868323 ], [ 0.471933601930022, 47.872972607210812 ], [ 0.472062933999781, 47.873221861163685 ], [ 0.472294202504483, 47.873435141435571 ], [ 0.472495499808734, 47.873548101145929 ], [ 0.472848863332322, 47.873662892683498 ], [ 0.47323653170313, 47.873703756451761 ], [ 0.47349759767695, 47.873687917542973 ], [ 0.473868147387035, 47.873601050396211 ], [ 0.474185285255204, 47.873445578394936 ], [ 0.474421722766784, 47.87323487947836 ], [ 0.47452412455594, 47.873072535424079 ], [ 0.474878419205118, 47.872310603924944 ], [ 0.475106014451079, 47.871877803157446 ], [ 0.475383200011607, 47.871499822738883 ], [ 0.475795477444558, 47.871206983001365 ], [ 0.476523624213436, 47.870799853309578 ], [ 0.476967120582773, 47.870672805859947 ], [ 0.477381233238807, 47.870590640454971 ], [ 0.477621133689129, 47.870574433930813 ], [ 0.478095800054117, 47.8706208885325 ], [ 0.478613647270922, 47.870725817322842 ], [ 0.479077527390111, 47.870861941473578 ], [ 0.480145499999123, 47.871502497044517 ], [ 0.480468638856368, 47.871645073121691 ], [ 0.480712080621219, 47.871702798414709 ], [ 0.480967469950403, 47.871727988421071 ], [ 0.481225294133248, 47.871719704984301 ], [ 0.481428778759467, 47.871687703852608 ], [ 0.481499252136224, 47.871784865884571 ], [ 0.4816781003934, 47.871960757381657 ], [ 0.481916681502623, 47.872132290292917 ], [ 0.482166537737128, 47.872262078090614 ], [ 0.482573805728592, 47.872401154481132 ], [ 0.483785373151655, 47.873082951513425 ], [ 0.484139459524859, 47.873199285491928 ], [ 0.484528563909405, 47.873241156544388 ], [ 0.484660243165848, 47.87323774331923 ], [ 0.484918918147558, 47.873204931157289 ], [ 0.48516303368512, 47.873138672062645 ], [ 0.48548147306736, 47.872982512028884 ], [ 0.48564995528175, 47.872846438106265 ], [ 0.485775567829618, 47.87269079900144 ], [ 0.485853445904558, 47.872521622568406 ], [ 0.485880576372267, 47.872345460733236 ], [ 0.485855906043673, 47.872169136073992 ], [ 0.485780392998268, 47.871999475486177 ], [ 0.485656961305404, 47.871843048993973 ], [ 0.484721582822019, 47.8710660588115 ], [ 0.484107417146109, 47.87051554555763 ], [ 0.48355238196081, 47.869947022210475 ], [ 0.483035978301964, 47.869316293839837 ], [ 0.482647918775791, 47.868658661736809 ], [ 0.482178462298745, 47.867787300890079 ], [ 0.482135782370495, 47.867549462574885 ], [ 0.482150640373264, 47.867154335567761 ], [ 0.482279174041396, 47.86667917593843 ], [ 0.482422544652912, 47.866379187693759 ], [ 0.482477587720451, 47.866208901460588 ], [ 0.482482729855584, 47.866158626693995 ], [ 0.482486489876645, 47.866121871212847 ], [ 0.482438068074931, 47.865863024696743 ], [ 0.482281349578864, 47.865624398169594 ], [ 0.48202950496918, 47.865426045801399 ], [ 0.481818932464533, 47.865324598414865 ], [ 0.481667076886245, 47.865274820673058 ], [ 0.481920144599115, 47.86511668254137 ], [ 0.481998294598752, 47.865045815042613 ], [ 0.481999571180952, 47.865044657462704 ], [ 0.482168964361513, 47.864801910754828 ], [ 0.482219183080857, 47.864625970622072 ], [ 0.48221661791708, 47.864446822897953 ], [ 0.482136936517627, 47.863958339419597 ], [ 0.482308134065357, 47.863338382358151 ], [ 0.482581298831507, 47.862631944840707 ], [ 0.483021240688515, 47.861985322613698 ], [ 0.483667400095688, 47.861524805423727 ], [ 0.484383727290796, 47.861108480632964 ], [ 0.485038277708006, 47.860768236391074 ], [ 0.485236392340848, 47.86064149743396 ], [ 0.485392077009841, 47.860490296519416 ], [ 0.485451898551763, 47.860407464034033 ], [ 0.485593823493704, 47.860113419509609 ], [ 0.486812414105627, 47.859887365017165 ], [ 0.487057837971677, 47.859824231983112 ], [ 0.487280183019236, 47.85973002407674 ], [ 0.487470866449759, 47.859608377258027 ], [ 0.487681828215054, 47.85938497766098 ], [ 0.487764511543838, 47.859217141117497 ], [ 0.48779683860507, 47.859041663527769 ], [ 0.487748725914202, 47.858778955054824 ], [ 0.487654055918872, 47.858614011756799 ], [ 0.487427262118315, 47.858397752759409 ], [ 0.487228049728973, 47.858282466588769 ], [ 0.486999191372193, 47.85819561751844 ], [ 0.486749519186507, 47.858140558800571 ], [ 0.485991518080923, 47.858027415307099 ], [ 0.485312452683317, 47.857924430656041 ], [ 0.484039869507034, 47.857775177476036 ], [ 0.483579162975903, 47.857777894715156 ], [ 0.48329437183564, 47.857821751693471 ], [ 0.482979628269618, 47.857900386054084 ], [ 0.482590376007568, 47.858022844300578 ], [ 0.482245945582372, 47.8581629532232 ], [ 0.48192503183662, 47.858252169475506 ], [ 0.481642039055172, 47.858359581305123 ], [ 0.481257006437005, 47.85855369510849 ], [ 0.480875872059728, 47.858779389924919 ], [ 0.480400288410813, 47.859190898556456 ], [ 0.480676109923268, 47.858749646395928 ], [ 0.480816282942779, 47.8583994561358 ], [ 0.480858959780768, 47.858114174812997 ], [ 0.480934134589852, 47.857958859557932 ], [ 0.480974835490096, 47.857791243011874 ], [ 0.480985384371162, 47.857459576557872 ], [ 0.480840590445859, 47.856363238095931 ], [ 0.480755068854913, 47.856085726375085 ], [ 0.480568119774802, 47.855768043143001 ], [ 0.48043092346844, 47.855628534803991 ], [ 0.480215969242957, 47.855458099228471 ], [ 0.479890329479385, 47.855282814966806 ], [ 0.479440238365168, 47.855119183094622 ], [ 0.479013193101629, 47.855022576273377 ], [ 0.478008923365148, 47.854849566313803 ], [ 0.477433624596343, 47.854806514544507 ], [ 0.476822248863225, 47.854801227536456 ], [ 0.476293743400578, 47.854827709202524 ], [ 0.475936028098084, 47.854904409458328 ], [ 0.475602351384797, 47.854888065674807 ], [ 0.47535090019727, 47.854910747129928 ], [ 0.47472715777906, 47.854925005532927 ], [ 0.474398011553427, 47.854876008276683 ], [ 0.47429084076672, 47.854866817297207 ], [ 0.474035913389184, 47.854862931618783 ], [ 0.47369892484038, 47.854884426363597 ], [ 0.473229380849747, 47.85497298169544 ], [ 0.472991269751975, 47.855046985801955 ], [ 0.471871349774172, 47.855505229952726 ], [ 0.471754364874687, 47.855523360026986 ], [ 0.471143419045143, 47.855537969048939 ], [ 0.470246006134204, 47.85543858960564 ], [ 0.469791496589899, 47.855402534146705 ], [ 0.468995645043021, 47.855399237028713 ], [ 0.468742793989483, 47.85543194037578 ], [ 0.468503943649144, 47.85549665122123 ], [ 0.468191062273474, 47.855648183427277 ], [ 0.468024013267251, 47.855780053873147 ], [ 0.467955401812485, 47.855853488479113 ], [ 0.46781654643958, 47.856095506462609 ], [ 0.467786035991539, 47.856354126705774 ], [ 0.467866405456861, 47.856607859762171 ], [ 0.468050978948987, 47.856835620341613 ], [ 0.468324420930099, 47.857018483484936 ], [ 0.468832183112934, 47.8572287396671 ], [ 0.469046490395354, 47.85729875885265 ] ], [ [ 0.477907213358689, 47.861657804323542 ], [ 0.478158382674366, 47.86160444427361 ], [ 0.478280480128548, 47.861564222463201 ], [ 0.478192210463772, 47.86182748350609 ], [ 0.478198382603166, 47.862230902361595 ], [ 0.477987485351692, 47.862463233845105 ], [ 0.47780092621134, 47.862734471570342 ], [ 0.477506511874587, 47.862437944121133 ], [ 0.477304131943627, 47.862278182044925 ], [ 0.476758356842919, 47.861942386792329 ], [ 0.476461593813439, 47.861826115719957 ], [ 0.476832459861966, 47.861809808061011 ], [ 0.477907213358689, 47.861657804323542 ] ] ] } },
{ "type": "Feature", "properties": { "gid": 40261, "insee_dep": "72", "niveau": 1.0, "surf_m2": 234.007 }, "geometry": { "type": "Polygon", "coordinates": [ [ [ 0.503606758790517, 47.660958977810608 ], [ 0.502842185370819, 47.66114684035324 ], [ 0.502568530593967, 47.661194394291229 ], [ 0.502739740177144, 47.661207904609256 ], [ 0.502778103871369, 47.661212516702008 ], [ 0.502842063704811, 47.66122382108788 ], [ 0.50316090183123, 47.661084248876854 ], [ 0.503606758790517, 47.660958977810608 ] ] ] } },
{ "type": "Feature", "properties": { "gid": 41116, "insee_dep": "72", "niveau": 2.0, "surf_m2": 2790207635.9860001 }, "geometry": { "type": "MultiPolygon", "coordinates": [ [ [ [ 0.712998579281683, 47.79022259993674 ], [ 0.712998579281665, 47.790222599936492 ], [ 0.712906963277885, 47.790022722933067 ], [ 0.712906963276044, 47.790022722930075 ], [ 0.712699201662148, 47.789696322574009 ], [ 0.712699201662066, 47.78969632257391 ], [ 0.712699201988174, 47.789696322307336 ], [ 0.712940153591059, 47.789499337235235 ], [ 0.71294259773007, 47.788851996015637 ], [ 0.712942597726573, 47.788851996009583 ], [ 0.71221857548309, 47.787606330764007 ], [ 0.712163665623723, 47.787515894542267 ], [ 0.712047733567546, 47.787312391509111 ], [ 0.711954834879624, 47.787152554707731 ], [ 0.71195483487919, 47.787152554707063 ], [ 0.711684483208077, 47.787225608557804 ], [ 0.711452089416398, 47.787272817822135 ], [ 0.711015275941676, 47.787377306966938 ], [ 0.711015275940735, 47.787377306967187 ], [ 0.710809213368396, 47.787353471142644 ], [ 0.710615106536691, 47.787362283154565 ], [ 0.710418329780382, 47.787371042658222 ], [ 0.710244923444381, 47.787395565543498 ], [ 0.710244923441004, 47.78739556554433 ], [ 0.709111435417882, 47.787686743155135 ], [ 0.709111435417622, 47.787686743155213 ], [ 0.708761597095291, 47.78780595718397 ], [ 0.708498452697237, 47.78787852142834 ], [ 0.708309681468498, 47.787937579620277 ], [ 0.708309681466612, 47.787937579620888 ], [ 0.708226234628152, 47.787982768016256 ], [ 0.708132375017712, 47.788083577669028 ], [ 0.708045964977613, 47.788166524930496 ], [ 0.707983386587712, 47.78820577891932 ], [ 0.707944349231353, 47.788230266111029 ], [ 0.707897230631629, 47.788240895478793 ], [ 0.707812128623185, 47.78826009337039 ], [ 0.707635411121339, 47.788268340393536 ], [ 0.707542369064083, 47.788288129221428 ], [ 0.70747376058064, 47.78833000587629 ], [ 0.707470135716388, 47.788336987123081 ], [ 0.707434421457944, 47.788405770297551 ], [ 0.707390544369988, 47.788435139392767 ], [ 0.707382142368905, 47.788440763260134 ], [ 0.707382142368895, 47.788440763260134 ], [ 0.707382142368885, 47.788440763260148 ], [ 0.707337149962437, 47.788446185484048 ], [ 0.707292157546799, 47.788451607690654 ], [ 0.707274259558197, 47.78844923560802 ], [ 0.70719650601961, 47.788438930627137 ], [ 0.707106094637468, 47.788459671011822 ], [ 0.707106094637159, 47.788459671011985 ], [ 0.706936023107519, 47.788561689120769 ], [ 0.70682770371477, 47.788594499373211 ], [ 0.706802000788363, 47.788602284842057 ], [ 0.706695397961347, 47.788595695808944 ], [ 0.706620042181195, 47.788577112795046 ], [ 0.706564073983388, 47.788542702046151 ], [ 0.706502976214829, 47.788534302559185 ], [ 0.706413162408604, 47.788572161799216 ], [ 0.706342519525904, 47.788630205253206 ], [ 0.706271511260918, 47.788665731402851 ], [ 0.706271511260839, 47.788665731402901 ], [ 0.706266374719284, 47.788666922950284 ], [ 0.706189186480699, 47.788684828630871 ], [ 0.706126598480308, 47.788680001385785 ], [ 0.706126598480293, 47.788680001385764 ], [ 0.706126598480287, 47.788680001385764 ], [ 0.706126598480278, 47.788680001385757 ], [ 0.706104951532752, 47.788655266558891 ], [ 0.706089653044885, 47.788607245535097 ], [ 0.706089653044856, 47.788607245535026 ], [ 0.705958633092043, 47.788609181709546 ], [ 0.705836104317177, 47.788631092938786 ], [ 0.70583610431686, 47.788631092938907 ], [ 0.705705241494715, 47.78868716746581 ], [ 0.705639640965224, 47.788725389086409 ], [ 0.705498515604316, 47.788775748663753 ], [ 0.705487070699122, 47.788783253385546 ], [ 0.705410516916551, 47.788833451606394 ], [ 0.705397664166644, 47.78888362248896 ], [ 0.705421259173092, 47.788956117045068 ], [ 0.705421259173085, 47.788956117045082 ], [ 0.705421259173091, 47.788956117045082 ], [ 0.70540645472571, 47.788979099037135 ], [ 0.705381163765181, 47.789018359935234 ], [ 0.705381163765146, 47.789018359935255 ], [ 0.705381163765139, 47.789018359935255 ], [ 0.705322751153443, 47.789040626193277 ], [ 0.705244376022205, 47.789030086795087 ], [ 0.705145184739602, 47.789006533873192 ], [ 0.705039473946672, 47.78897925151756 ], [ 0.705039473946467, 47.788979251517517 ], [ 0.704823605541552, 47.788903890074963 ], [ 0.704823605541053, 47.788903890074813 ], [ 0.704742149055116, 47.788933808170498 ], [ 0.704728154068711, 47.78896640739304 ], [ 0.704718383013496, 47.788989167576169 ], [ 0.70471838301354, 47.788989167576268 ], [ 0.704754457652246, 47.789051101956858 ], [ 0.70477801304181, 47.789124496279676 ], [ 0.704762970718818, 47.789194433095197 ], [ 0.70473854471657, 47.789265086444416 ], [ 0.704706495023975, 47.789306692084814 ], [ 0.704679098723513, 47.789342256816731 ], [ 0.704679098723417, 47.789342256816802 ], [ 0.704603943357998, 47.789411916091524 ], [ 0.704511316594152, 47.789483934160415 ], [ 0.70440346127599, 47.789568259386094 ], [ 0.704312168952753, 47.789640303452984 ], [ 0.704220084942884, 47.789699726271984 ], [ 0.704220084942347, 47.789699726272239 ], [ 0.704011095123333, 47.789805479522052 ], [ 0.704011095122471, 47.789805479522371 ], [ 0.703884650238789, 47.789856124952919 ], [ 0.70375309814829, 47.789901267709268 ], [ 0.703649061189361, 47.78992804121944 ], [ 0.7035218875218, 47.789933651751916 ], [ 0.703409515245848, 47.789936851122192 ], [ 0.703409515244895, 47.789936851122341 ], [ 0.703071713424195, 47.789993256201818 ], [ 0.70307171342293, 47.789993256202038 ], [ 0.702986273916328, 47.789991580844465 ], [ 0.702930786944214, 47.789976986712176 ], [ 0.70293078694383, 47.789976986712169 ], [ 0.702643025547963, 47.78998845118069 ], [ 0.702643025545387, 47.789988451180818 ], [ 0.702553969615378, 47.789977700533314 ], [ 0.702553969614687, 47.789977700532894 ], [ 0.702444200470795, 47.789920622903949 ], [ 0.702393509699879, 47.789918728253298 ], [ 0.702332372152983, 47.789911226241003 ], [ 0.702280254861175, 47.789880490599458 ], [ 0.702280254861176, 47.789880490599444 ], [ 0.702280254861157, 47.789880490599444 ], [ 0.702280254861182, 47.789880490599124 ], [ 0.702281601049213, 47.78981838905667 ], [ 0.702291967441734, 47.789733053912457 ], [ 0.702291967441809, 47.789733053911505 ], [ 0.702255856348957, 47.789672018439553 ], [ 0.702155990822487, 47.789633142879282 ], [ 0.702083339767765, 47.789657265658633 ], [ 0.702063812990845, 47.789663749243779 ], [ 0.702047681168699, 47.789676338591732 ], [ 0.702015417501505, 47.78970151728074 ], [ 0.70197409915034, 47.789761033861268 ], [ 0.701910216127772, 47.789848020308952 ], [ 0.701811959381206, 47.789895614922067 ], [ 0.701721396959559, 47.789903831067399 ], [ 0.701714038761573, 47.789904498626115 ], [ 0.701556536841909, 47.789962635894753 ], [ 0.701556536841481, 47.789962635894938 ], [ 0.701556536838747, 47.789962635897759 ], [ 0.701420823185959, 47.79010403777 ], [ 0.701420823178098, 47.790104037778271 ], [ 0.70133324548467, 47.790151841548841 ], [ 0.701225798187747, 47.790195653714981 ], [ 0.701079363638474, 47.790245003493141 ], [ 0.701079363637993, 47.790245003493311 ], [ 0.700926085249306, 47.790267206613464 ], [ 0.700888504297869, 47.790263150295573 ], [ 0.700803732020023, 47.790254000312856 ], [ 0.700703633154842, 47.790220521380633 ], [ 0.700522074029012, 47.790124215747475 ], [ 0.700530490672458, 47.789898551987747 ], [ 0.70053888656822, 47.789673442570013 ], [ 0.700462189567901, 47.789659080062009 ], [ 0.700436831761201, 47.789654331471056 ], [ 0.700412277399698, 47.789656878947007 ], [ 0.700320066035603, 47.789666445681249 ], [ 0.700160956059372, 47.789730852369445 ], [ 0.699956611767235, 47.789790769055585 ], [ 0.699840195722698, 47.789794786007619 ], [ 0.699744387954967, 47.789785701438568 ], [ 0.69974438795433, 47.789785701438326 ], [ 0.699390256932288, 47.789663494912944 ], [ 0.699390256931777, 47.789663494912787 ], [ 0.699207256364522, 47.789651017029129 ], [ 0.699149131002226, 47.789647053693436 ], [ 0.699004135333008, 47.789596229519134 ], [ 0.698947758438565, 47.789576468101366 ], [ 0.698848000400729, 47.789504276744943 ], [ 0.698821739680634, 47.789478980020974 ], [ 0.698665917639553, 47.789358435439269 ], [ 0.698665917639439, 47.789358435439205 ], [ 0.698443922712842, 47.789363077935796 ], [ 0.698417041878473, 47.789369104532867 ], [ 0.698373764510665, 47.789378807164461 ], [ 0.698373764510645, 47.789378807164432 ], [ 0.698373764510644, 47.789378807164432 ], [ 0.698373764510639, 47.789378807164432 ], [ 0.698331267311804, 47.789341955877724 ], [ 0.698273645773874, 47.789284098034464 ], [ 0.698248191943185, 47.789254784860503 ], [ 0.698046920809428, 47.789027528855812 ], [ 0.69804692080925, 47.78902752885562 ], [ 0.698046920808826, 47.789027528854525 ], [ 0.697939515487651, 47.78876159887264 ], [ 0.697794446889243, 47.788365341012472 ], [ 0.697646463333593, 47.788031011356544 ], [ 0.697646463333027, 47.788031011355358 ], [ 0.697451123202839, 47.787790364489616 ], [ 0.697234887118947, 47.78763124355342 ], [ 0.697234861924813, 47.787631228399547 ], [ 0.696845108245458, 47.787396796232429 ], [ 0.696845025855542, 47.78739674627645 ], [ 0.696725744033106, 47.787324998889353 ], [ 0.696523739189384, 47.78720757513851 ], [ 0.696257093132177, 47.787040257633933 ], [ 0.696156730459048, 47.787013072252734 ], [ 0.696056533978935, 47.787012902309058 ], [ 0.695705676583937, 47.787093340272072 ], [ 0.695360015256149, 47.78719670133345 ], [ 0.695284710676865, 47.787219219026838 ], [ 0.695284710676863, 47.787219219026838 ], [ 0.695284710676824, 47.787219219026838 ], [ 0.695173093956993, 47.786989219384601 ], [ 0.694998026739176, 47.786620208409524 ], [ 0.6949980267359, 47.786620208402674 ], [ 0.694927897432011, 47.786503823575487 ], [ 0.694827268113337, 47.78633682071564 ], [ 0.694711746894924, 47.786230454786697 ], [ 0.694683373332966, 47.786204329803304 ], [ 0.694145659405258, 47.785972244810537 ], [ 0.694145659405017, 47.785972244810445 ], [ 0.693830281379469, 47.78572742719642 ], [ 0.693346239582936, 47.785336122012595 ], [ 0.693346239580777, 47.78533612201057 ], [ 0.691294438265815, 47.783420140381295 ], [ 0.691294438255023, 47.783420140371305 ], [ 0.690996255551978, 47.7830567987507 ], [ 0.690711460016315, 47.782508235175747 ], [ 0.690547855324761, 47.781937749222088 ], [ 0.690413376660448, 47.781681180952901 ], [ 0.690413376659665, 47.781681180951821 ], [ 0.690148578925781, 47.781318494849856 ], [ 0.690148578923951, 47.781318494847383 ], [ 0.690148578923212, 47.781318494846253 ], [ 0.689525164764588, 47.780385074804435 ], [ 0.689525164764396, 47.780385074804045 ], [ 0.689350047607921, 47.780049367155158 ], [ 0.689338263016573, 47.780013118078621 ], [ 0.689505657059352, 47.779923992817167 ], [ 0.689685606300871, 47.779828182212697 ], [ 0.690638966016529, 47.779376968656315 ], [ 0.692089547719376, 47.779011181809437 ], [ 0.692701411679544, 47.778794532697489 ], [ 0.692919381984179, 47.778634872445153 ], [ 0.692945612220783, 47.77861565906445 ], [ 0.693088248554609, 47.778406871536312 ], [ 0.693166245647094, 47.778370568345373 ], [ 0.693529971719003, 47.778201273287337 ], [ 0.694051766213648, 47.777843279277235 ], [ 0.694638924446643, 47.77739472750428 ], [ 0.695773155666617, 47.776805668643085 ], [ 0.696187323499571, 47.776557199030087 ], [ 0.696187330222476, 47.77655719234756 ], [ 0.696227721079919, 47.776517043814543 ], [ 0.695894861285732, 47.776249589585184 ], [ 0.695291514907965, 47.775823695929184 ], [ 0.695187608115227, 47.775757789076749 ], [ 0.694951575616196, 47.775650188246196 ], [ 0.694687047667659, 47.775578797112821 ], [ 0.694271517998562, 47.775500093286716 ], [ 0.694090349742957, 47.775374237145918 ], [ 0.693909613493883, 47.775281829727632 ], [ 0.693494570999361, 47.775109652428675 ], [ 0.693260512976082, 47.775047514682839 ], [ 0.692887528768012, 47.775012256021235 ], [ 0.692252283607039, 47.775013188821426 ], [ 0.691998156553434, 47.775027268518848 ], [ 0.691830548487736, 47.774976808483977 ], [ 0.691400928825819, 47.774787133785587 ], [ 0.691254778088229, 47.774673069089097 ], [ 0.690925142987659, 47.774493243242297 ], [ 0.690595176665902, 47.774385487338151 ], [ 0.690212492653654, 47.774307155378089 ], [ 0.690073280465853, 47.774292489731593 ], [ 0.689163840437758, 47.774289523809202 ], [ 0.68890085831798, 47.774306467214053 ], [ 0.688206268755773, 47.77414800512777 ], [ 0.687653030888319, 47.77409154351475 ], [ 0.687421544239983, 47.774094965335145 ], [ 0.687032786135172, 47.774148809427409 ], [ 0.686897266825613, 47.774183007477923 ], [ 0.686603964697755, 47.774290737474992 ], [ 0.686708238854198, 47.774026555410252 ], [ 0.686862648300753, 47.773327414268188 ], [ 0.686865970263195, 47.772767172740679 ], [ 0.686897622058777, 47.772371974703361 ], [ 0.68688183576958, 47.771936360638463 ], [ 0.686846631780006, 47.771656662194495 ], [ 0.686901825302584, 47.771388100253802 ], [ 0.686954299855513, 47.771150583242743 ], [ 0.686951183786888, 47.770748701281931 ], [ 0.686915997207766, 47.770575456958809 ], [ 0.686772214857142, 47.770332290018629 ], [ 0.6866209692206, 47.770190233954949 ], [ 0.686431832572135, 47.770070574325985 ], [ 0.686093027518548, 47.769942684899512 ], [ 0.685656712881895, 47.769874989060881 ], [ 0.685356571580606, 47.769863427918416 ], [ 0.685096065417292, 47.769873229600904 ], [ 0.684829282004786, 47.769902580791474 ], [ 0.684172326900457, 47.76988815536378 ], [ 0.683907848036034, 47.769916587494599 ], [ 0.683780113501026, 47.769944062010453 ], [ 0.683657109676891, 47.769980035404458 ], [ 0.683430199723505, 47.770075945274939 ], [ 0.683328582188492, 47.770134914093283 ], [ 0.683154135672533, 47.770271913040737 ], [ 0.683023758671428, 47.770429628135901 ], [ 0.682976812228077, 47.770514295944167 ], [ 0.682942700410101, 47.770601711867734 ], [ 0.68291421989214, 47.770781240646421 ], [ 0.682939467027704, 47.770960988862157 ], [ 0.683017424307951, 47.771133723063819 ], [ 0.683341748559873, 47.771547016690512 ], [ 0.683559711882741, 47.772087875682033 ], [ 0.683690295136382, 47.772562250120572 ], [ 0.683817131716287, 47.773274663414291 ], [ 0.683727340017788, 47.773814407763084 ], [ 0.683710466606809, 47.773848082849092 ], [ 0.683525466784217, 47.774019798107545 ], [ 0.683453537833391, 47.773845881886082 ], [ 0.683163563147102, 47.773302927831814 ], [ 0.683052414054431, 47.773144945273913 ], [ 0.682545627086179, 47.77267647434843 ], [ 0.68229606474247, 47.772503611256568 ], [ 0.681634431798301, 47.772154179833379 ], [ 0.680825544701693, 47.771831234969675 ], [ 0.680570240006956, 47.771755370960264 ], [ 0.679838741042218, 47.771597137061789 ], [ 0.679535700490325, 47.771467394492667 ], [ 0.679311948749217, 47.771390465528242 ], [ 0.678758007427118, 47.771277624805947 ], [ 0.678534563858019, 47.771247439545654 ], [ 0.677894243430508, 47.771198745371493 ], [ 0.677346668109514, 47.771183720885077 ], [ 0.676636956523596, 47.770887184960365 ], [ 0.675574222225734, 47.770594341564447 ], [ 0.675452392281798, 47.77054838400516 ], [ 0.674739372618254, 47.770176027645554 ], [ 0.67359879593386, 47.769641299216048 ], [ 0.672581034625692, 47.769037230091854 ], [ 0.671397387943407, 47.768298095013776 ], [ 0.671133677683595, 47.768103552702392 ], [ 0.670222639905556, 47.767566081676335 ], [ 0.669886029714503, 47.767285857091295 ], [ 0.668544390021435, 47.765946925567064 ], [ 0.668270809762317, 47.765649184947797 ], [ 0.667688389046503, 47.765169444372788 ], [ 0.667517098477939, 47.765055437801578 ], [ 0.66712108251859, 47.764835665097763 ], [ 0.666519574794605, 47.76456483280721 ], [ 0.666151653177018, 47.764337631526224 ], [ 0.665960924911157, 47.764239554437765 ], [ 0.664868956987719, 47.763873382175944 ], [ 0.663869745190091, 47.763611617413225 ], [ 0.662998561834344, 47.763498631411863 ], [ 0.662461424897442, 47.763470894806744 ], [ 0.662244660012317, 47.763294049458146 ], [ 0.661856388526477, 47.763015891792698 ], [ 0.661657359197929, 47.762916024415063 ], [ 0.661316249883455, 47.762816848341501 ], [ 0.660947814298675, 47.762784890960042 ], [ 0.660240149194656, 47.762791370529392 ], [ 0.65975581351899, 47.762815271868057 ], [ 0.659234832812092, 47.762908394112088 ], [ 0.658874938635118, 47.763001628819616 ], [ 0.658788668417509, 47.76302884002429 ], [ 0.658760911534128, 47.763037595445276 ], [ 0.658550416625324, 47.763130391409263 ], [ 0.658369471349362, 47.763248160847873 ], [ 0.65816417845976, 47.763437433546422 ], [ 0.658038898933701, 47.763585049636298 ], [ 0.657876232407336, 47.763900356306308 ], [ 0.657785643996669, 47.764248030956765 ], [ 0.657662084987869, 47.764586140606788 ], [ 0.657635617925161, 47.764764721582353 ], [ 0.657635702081809, 47.764972525112277 ], [ 0.657661656323306, 47.765148897928015 ], [ 0.657436884887431, 47.765274223536132 ], [ 0.657191268300335, 47.765446100882301 ], [ 0.657034797749235, 47.76557855247129 ], [ 0.656917892889666, 47.765728419435213 ], [ 0.656786663396131, 47.766025626395475 ], [ 0.656396055032923, 47.765975441360347 ], [ 0.656226979336552, 47.765879637463101 ], [ 0.656112019805029, 47.765691836226871 ], [ 0.65605893767, 47.765546245101476 ], [ 0.656039161834164, 47.765419229428083 ], [ 0.656491935478584, 47.765236248586497 ], [ 0.656883605755455, 47.764983317686415 ], [ 0.657250931016586, 47.764673321488225 ], [ 0.65740024345732, 47.764496098230232 ], [ 0.657451640671319, 47.764400086934828 ], [ 0.657590732368288, 47.764056242707326 ], [ 0.657692067976007, 47.763540157225698 ], [ 0.657644604218573, 47.763179550234646 ], [ 0.657558754643649, 47.762867279387677 ], [ 0.657524933383281, 47.76248723734124 ], [ 0.657550115432, 47.762199922874281 ], [ 0.657549229116871, 47.761849074403742 ], [ 0.657519130010177, 47.761511431517519 ], [ 0.657707058823559, 47.761384242266267 ], [ 0.65785134994912, 47.761237246293447 ], [ 0.657950378756085, 47.761074107534284 ], [ 0.658000350152886, 47.760901082029058 ], [ 0.657979664038678, 47.760637567526842 ], [ 0.657846523258635, 47.760389424762792 ], [ 0.657700566781221, 47.760243179727297 ], [ 0.657515136007448, 47.760118922051561 ], [ 0.65717888345978, 47.759983910276446 ], [ 0.655241813518514, 47.759591397885572 ], [ 0.654853287496741, 47.759578763132588 ], [ 0.654598404028023, 47.759612800799992 ], [ 0.654358130001654, 47.759679489618755 ], [ 0.654141567573438, 47.759776302659184 ], [ 0.653956925235753, 47.75989957229001 ], [ 0.653811196715594, 47.760044625985017 ], [ 0.653709907193621, 47.76020596939842 ], [ 0.653656893423051, 47.760377487230798 ], [ 0.653671766352091, 47.76063957902614 ], [ 0.653744062946067, 47.760807864340606 ], [ 0.653856749008797, 47.760998403776746 ], [ 0.654020156031771, 47.761222951414567 ], [ 0.654065522991023, 47.76161060027659 ], [ 0.654077117332596, 47.76198370289908 ], [ 0.654181445532703, 47.762736445551326 ], [ 0.654050281465037, 47.763364455811626 ], [ 0.653986776048567, 47.763562985244974 ], [ 0.653832021348008, 47.763635184833198 ], [ 0.65341247194532, 47.763765795677863 ], [ 0.653055293721651, 47.763925137507506 ], [ 0.652815185018442, 47.764110325749392 ], [ 0.652434401629366, 47.764524698942594 ], [ 0.652362098222147, 47.764540510514486 ], [ 0.652115888327612, 47.764534503696709 ], [ 0.651806642199749, 47.764561829521433 ], [ 0.651456120544968, 47.764631221510136 ], [ 0.651195914626361, 47.764726035551739 ], [ 0.650869679042327, 47.764804769700824 ], [ 0.650226339050749, 47.765011683183452 ], [ 0.65002235928331, 47.765099009527638 ], [ 0.649702178917767, 47.76526529427754 ], [ 0.649301954825761, 47.765532584744676 ], [ 0.649015943675782, 47.76583467208156 ], [ 0.648917755974263, 47.76601264973332 ], [ 0.648744877607938, 47.766502316685525 ], [ 0.648720630808938, 47.76679121960295 ], [ 0.648764870867295, 47.766960888177024 ], [ 0.648856250096305, 47.767121765092327 ], [ 0.649038141260765, 47.767309115901142 ], [ 0.649226742851242, 47.767443873482279 ], [ 0.649452276324446, 47.767549737959833 ], [ 0.649635457480959, 47.767607434924734 ], [ 0.649899000018287, 47.767662108235669 ], [ 0.650228273806261, 47.767678129824297 ], [ 0.650509672432012, 47.767738649123949 ], [ 0.650895239162691, 47.767751253892918 ], [ 0.651228847452235, 47.767706725329006 ], [ 0.651479747057372, 47.767635694854135 ], [ 0.651784773107677, 47.767495107684063 ], [ 0.651921456931723, 47.76740725532467 ], [ 0.651944169367207, 47.767672505700681 ], [ 0.652025181380373, 47.767927236598688 ], [ 0.652100226788989, 47.768084847713027 ], [ 0.652315989366984, 47.768395164493086 ], [ 0.652584818628573, 47.768679525379589 ], [ 0.651563898452099, 47.768485461924342 ], [ 0.650786525815183, 47.768464259954072 ], [ 0.65026016466875, 47.768517391280753 ], [ 0.650015074734171, 47.768576376371236 ], [ 0.649748754497622, 47.76867855271815 ], [ 0.649462444120794, 47.768758417837148 ], [ 0.649250408559213, 47.768848277149331 ], [ 0.649131398430538, 47.768918903061646 ], [ 0.648516018947307, 47.769062157451017 ], [ 0.648022557632832, 47.769202326286354 ], [ 0.647327209771407, 47.769443896563963 ], [ 0.646554217128, 47.769773177577662 ], [ 0.646258573413822, 47.76995241472769 ], [ 0.646108673414221, 47.770062909236053 ], [ 0.645849704834238, 47.770298248528 ], [ 0.645683964682513, 47.770489445086852 ], [ 0.645448361704387, 47.770816267350689 ], [ 0.645135385682361, 47.771304203700055 ], [ 0.645023098223319, 47.771441398352223 ], [ 0.644931117155149, 47.771519516860025 ], [ 0.64470232454733, 47.77163153839318 ], [ 0.644391811778974, 47.771736380617142 ], [ 0.644070461103051, 47.771808249806874 ], [ 0.643623017344282, 47.771480911723508 ], [ 0.643104845193837, 47.771169984873218 ], [ 0.64287086482619, 47.771078312043663 ], [ 0.642439279623307, 47.770966116699221 ], [ 0.642186460721797, 47.770792706166482 ], [ 0.641984990477667, 47.770703848944407 ], [ 0.641436183235153, 47.770506955140135 ], [ 0.641218984062043, 47.770444942254159 ], [ 0.640665067282888, 47.770324434680887 ], [ 0.640075561527743, 47.770242151022728 ], [ 0.639894848403771, 47.770117885459065 ], [ 0.639335986879533, 47.769856454348968 ], [ 0.639124495306434, 47.769790780594015 ], [ 0.638360464183395, 47.769618034648097 ], [ 0.638099977048797, 47.769541307503175 ], [ 0.637701951401869, 47.769383919929524 ], [ 0.637242098957235, 47.769287418952388 ], [ 0.636782401155888, 47.769017383315138 ], [ 0.63691196736174, 47.768868202468717 ], [ 0.637317710807626, 47.768292317854041 ], [ 0.637585022674416, 47.768036360319272 ], [ 0.637750657387155, 47.767757252739486 ], [ 0.637804935893165, 47.767506301692471 ], [ 0.637798344716686, 47.767311527314483 ], [ 0.637736183414296, 47.767090228615707 ], [ 0.637695185722152, 47.766989536551392 ], [ 0.637546729406755, 47.766772340436496 ], [ 0.637407545959064, 47.766641275362389 ], [ 0.637235917910931, 47.766529050775951 ], [ 0.637081040921754, 47.766451005167482 ], [ 0.63682963151208, 47.766365132965014 ], [ 0.636557085219447, 47.766316758234233 ], [ 0.6362593610052, 47.766290103703902 ], [ 0.635885203453162, 47.766311212288912 ], [ 0.635534561002268, 47.766401728601004 ], [ 0.635201334008883, 47.766568329788853 ], [ 0.635000235386031, 47.766708942489984 ], [ 0.634754118600957, 47.76697631695766 ], [ 0.634426237522305, 47.767450806765879 ], [ 0.634321593058341, 47.767649071778095 ], [ 0.633869764043124, 47.768033097190532 ], [ 0.633788581818702, 47.768043582843852 ], [ 0.63371043075892, 47.768034317335996 ], [ 0.632817097082484, 47.767915350637153 ], [ 0.632557751878691, 47.767862366738775 ], [ 0.6323263767143, 47.767843740452307 ], [ 0.632073280470917, 47.767714776644304 ], [ 0.631840196069093, 47.767634720110955 ], [ 0.631588432422999, 47.767586842473641 ], [ 0.630713062115048, 47.767476243029876 ], [ 0.630331001258527, 47.767501489956864 ], [ 0.630017661065623, 47.767581186018148 ], [ 0.629724275484697, 47.767701056778321 ], [ 0.629552889529304, 47.767795492110366 ], [ 0.629249566572342, 47.767896073886547 ], [ 0.629045295834741, 47.76800929037563 ], [ 0.629007420260543, 47.768037599551015 ], [ 0.628956627879298, 47.768075563704372 ], [ 0.628754633487548, 47.768305075403795 ], [ 0.628679647281176, 47.768476038010228 ], [ 0.628656117464126, 47.7686536110105 ], [ 0.62871374327364, 47.768904316236707 ], [ 0.628646280320203, 47.769134194782616 ], [ 0.628645449875154, 47.769184514381216 ], [ 0.628644815461103, 47.769222971045465 ], [ 0.628717731221999, 47.769483861859165 ], [ 0.628900375514905, 47.769719060970445 ], [ 0.629176859892182, 47.769908106016565 ], [ 0.629523126217082, 47.770034546308835 ], [ 0.629778033458477, 47.770078370445049 ], [ 0.630882460858337, 47.770186403445734 ], [ 0.63283156353631, 47.770235094651206 ], [ 0.633840766646703, 47.770462618332999 ], [ 0.633951733658338, 47.770710074158458 ], [ 0.634232591790514, 47.771066689962616 ], [ 0.634340718082655, 47.77130438296723 ], [ 0.634450932536746, 47.771478656092683 ], [ 0.634888872540888, 47.771999180194982 ], [ 0.635222158472436, 47.77226847686704 ], [ 0.635385525733972, 47.772628702609019 ], [ 0.635606462135042, 47.772979165422342 ], [ 0.636054303869664, 47.773604405843543 ], [ 0.636365101417996, 47.774127347558156 ], [ 0.636696385137735, 47.774583969483203 ], [ 0.636878977218587, 47.77474066787056 ], [ 0.637133600516288, 47.774915300920966 ], [ 0.637571943676115, 47.775181274576497 ], [ 0.638729460733677, 47.775757681835614 ], [ 0.639021542371934, 47.776211612992569 ], [ 0.639208980023815, 47.776557112403545 ], [ 0.639280489666917, 47.776878090577192 ], [ 0.639372097757108, 47.777032860405207 ], [ 0.639501505966587, 47.777170748078426 ], [ 0.639475458301199, 47.777239619390336 ], [ 0.639400807113816, 47.7774868150264 ], [ 0.639373975071026, 47.777667725712327 ], [ 0.6393752139594, 47.778211987250607 ], [ 0.63943482560359, 47.778568827057242 ], [ 0.639371671930067, 47.778820229684349 ], [ 0.639313431611092, 47.778947718431667 ], [ 0.639150419640942, 47.779067009125725 ], [ 0.638850921919158, 47.779385325727702 ], [ 0.638335123833618, 47.779733477509922 ], [ 0.638119195459963, 47.779924589670458 ], [ 0.637834791745938, 47.780290479900962 ], [ 0.637776062684748, 47.780445436497089 ], [ 0.637748105446654, 47.780656707214582 ], [ 0.63760585134062, 47.780856878854976 ], [ 0.637364576300477, 47.780689009408412 ], [ 0.637377284860612, 47.780654954835789 ], [ 0.63741063769108, 47.780459185000687 ], [ 0.63740415891149, 47.779894567305739 ], [ 0.637348409854842, 47.779713741638957 ], [ 0.637125044834952, 47.779368080458582 ], [ 0.636964080282387, 47.779215681537039 ], [ 0.636866863992855, 47.779148755538991 ], [ 0.636541545755771, 47.778979495214429 ], [ 0.63611097728687, 47.778696424332317 ], [ 0.635801670215895, 47.778534385906475 ], [ 0.635982910611156, 47.778299521594079 ], [ 0.636030273001628, 47.778208941397281 ], [ 0.636185198306642, 47.777639175033961 ], [ 0.636183285776705, 47.77700078659084 ], [ 0.636029866592353, 47.776467184655665 ], [ 0.635893730143755, 47.776254754166111 ], [ 0.6355719794182, 47.775896217296911 ], [ 0.634670817673657, 47.775183266698498 ], [ 0.634315414482027, 47.774814186360437 ], [ 0.633967372339598, 47.77450647863224 ], [ 0.632722849449524, 47.773694083331826 ], [ 0.632650943927566, 47.77362102156458 ], [ 0.63243165589111, 47.773301942207546 ], [ 0.632212050750912, 47.773076533801117 ], [ 0.632034802499425, 47.772930600441285 ], [ 0.631712768604586, 47.772722492552916 ], [ 0.630586092863427, 47.772110751006302 ], [ 0.630121482400557, 47.771798579198759 ], [ 0.629941810406745, 47.771697840354072 ], [ 0.629886359395217, 47.771340647605399 ], [ 0.629820283875045, 47.771173103552947 ], [ 0.629707786490232, 47.771017208795371 ], [ 0.629553040490644, 47.770878744756502 ], [ 0.629361787604363, 47.770762850163976 ], [ 0.629022287191224, 47.77064046254506 ], [ 0.628773114967133, 47.770597587664881 ], [ 0.628516372550436, 47.770587712217193 ], [ 0.628304757970046, 47.770605782361145 ], [ 0.628194321051962, 47.770579727022444 ], [ 0.628113769211713, 47.770566483302296 ], [ 0.627809395212613, 47.770542683221976 ], [ 0.627477575540561, 47.770573001873672 ], [ 0.627424961125754, 47.770581980215404 ], [ 0.627073626722041, 47.770694284489821 ], [ 0.626785189882637, 47.770870070333935 ], [ 0.626584117110072, 47.771094428488617 ], [ 0.626487465074691, 47.771348328542764 ], [ 0.626503432488964, 47.771610234498581 ], [ 0.6267126899316, 47.772334269281323 ], [ 0.626802249618687, 47.77248899971044 ], [ 0.626976299798751, 47.772684735652717 ], [ 0.627040953823543, 47.772804082617121 ], [ 0.62675017630616, 47.773154409795296 ], [ 0.626667869077892, 47.77339565937919 ], [ 0.626668944970734, 47.773729998810168 ], [ 0.626824959214677, 47.774348797719632 ], [ 0.626881274804942, 47.774688401120443 ], [ 0.62686538099855, 47.774864503674202 ], [ 0.626572458234113, 47.775405858820804 ], [ 0.626525856280668, 47.775572547928732 ], [ 0.626520770894038, 47.775805807720232 ], [ 0.626541306350223, 47.775960843484775 ], [ 0.626610676490871, 47.776198209090886 ], [ 0.626709626052816, 47.776366576564129 ], [ 0.626856578482827, 47.776518183483994 ], [ 0.626946265904456, 47.776585749957171 ], [ 0.627153520430954, 47.776700986046194 ], [ 0.627390804513356, 47.77678592174599 ], [ 0.627648511676912, 47.776837117104215 ], [ 0.627916207500645, 47.776852500342081 ], [ 0.628156403935767, 47.776845439999263 ], [ 0.628417230818112, 47.776806850368665 ], [ 0.628542046453747, 47.776774574293519 ], [ 0.628849270754588, 47.776662133903351 ], [ 0.629055969237696, 47.776564500205694 ], [ 0.629231717739866, 47.776442392435079 ], [ 0.629370234645769, 47.776300171341916 ], [ 0.629708796171114, 47.775818771740035 ], [ 0.629767231356959, 47.775645968511924 ], [ 0.629784519764187, 47.775257185664188 ], [ 0.631353858596258, 47.776147582907285 ], [ 0.631657687276385, 47.776358662532928 ], [ 0.632249004452451, 47.776730766789875 ], [ 0.632614503793106, 47.77699794779619 ], [ 0.632758301443953, 47.77712524249992 ], [ 0.63278522952974, 47.777189041472155 ], [ 0.632785478364461, 47.777238727095998 ], [ 0.632704845358202, 47.777399825564736 ], [ 0.632425067300627, 47.77777280434708 ], [ 0.632244157801858, 47.778121824597008 ], [ 0.632204582442547, 47.778276464677177 ], [ 0.632204983296544, 47.778661968575783 ], [ 0.631873625121272, 47.778682170054168 ], [ 0.631410234975421, 47.778779805706023 ], [ 0.631171208999843, 47.778851074132554 ], [ 0.630579730604401, 47.779082166841846 ], [ 0.629987812119413, 47.779429069753377 ], [ 0.62939904215113, 47.779730795651844 ], [ 0.629201348960036, 47.779530096548996 ], [ 0.628992738636836, 47.779389302592925 ], [ 0.628695632804084, 47.779232934359449 ], [ 0.6279971394696, 47.77893499719886 ], [ 0.627834596159697, 47.778845640396028 ], [ 0.627788694491859, 47.778737161680631 ], [ 0.627631019231083, 47.778155229592002 ], [ 0.627510409679875, 47.77783171952963 ], [ 0.627420173393507, 47.77766591205858 ], [ 0.627283638441518, 47.777515175324147 ], [ 0.626953340137874, 47.777224289656701 ], [ 0.626454380161412, 47.77689522866396 ], [ 0.624928312250321, 47.776169421434297 ], [ 0.624685083985572, 47.775974445317388 ], [ 0.624509664233379, 47.775798650321725 ], [ 0.624403101039923, 47.775628984568414 ], [ 0.624222203983652, 47.7750367537679 ], [ 0.624141281521033, 47.774863094844982 ], [ 0.624081714265437, 47.774781288899831 ], [ 0.62362669057181, 47.7743041679215 ], [ 0.62354998919445, 47.774081074439344 ], [ 0.6234751394661, 47.773683499703047 ], [ 0.62339346107493, 47.773513796539895 ], [ 0.623263731621905, 47.773358287744976 ], [ 0.622931119140288, 47.773038542434492 ], [ 0.622765358529959, 47.772907811050672 ], [ 0.622565736997084, 47.772800720045275 ], [ 0.622324458698313, 47.772700777862831 ], [ 0.622065652825409, 47.772633440765041 ], [ 0.621692953239374, 47.772569802163396 ], [ 0.621436013558624, 47.772557477076333 ], [ 0.62118034586883, 47.772578641260203 ], [ 0.620935345472304, 47.772628119885027 ], [ 0.620889848750187, 47.772444450064185 ], [ 0.62069779563972, 47.771928706322626 ], [ 0.620491406015488, 47.771595600899921 ], [ 0.620159759553094, 47.771187902271627 ], [ 0.619669510215902, 47.770752604406944 ], [ 0.619196835024387, 47.770396494433491 ], [ 0.618483231608007, 47.769640786522793 ], [ 0.617938532720482, 47.769167837486172 ], [ 0.617933979896962, 47.76889533441107 ], [ 0.617873941090901, 47.768469877647206 ], [ 0.617776537582096, 47.768126634704281 ], [ 0.617649283723031, 47.767779291409873 ], [ 0.617988494173321, 47.767810128367152 ], [ 0.618485812663445, 47.767792890969972 ], [ 0.618932556101816, 47.767684527228681 ], [ 0.619198374565126, 47.767581203903973 ], [ 0.619377560038276, 47.767749188237623 ], [ 0.619542357422728, 47.767861021591351 ], [ 0.620060856558493, 47.768152341819437 ], [ 0.62064369959143, 47.768433862863738 ], [ 0.620871347004813, 47.768581245831598 ], [ 0.620901177506052, 47.768890336597579 ], [ 0.621001301814663, 47.769202117034474 ], [ 0.621082515867559, 47.769366951639824 ], [ 0.621286878728723, 47.769619517592872 ], [ 0.621526336055888, 47.769827239000485 ], [ 0.621844660286321, 47.769979407898347 ], [ 0.622214654248018, 47.770063021866434 ], [ 0.622604708129161, 47.770070938372818 ], [ 0.622981493737008, 47.770002479783642 ], [ 0.623312818077502, 47.769863494906701 ], [ 0.623494231307034, 47.769737301782456 ], [ 0.623689911742543, 47.769509693023323 ], [ 0.623770684031639, 47.76930977910898 ], [ 0.6240195982196, 47.768960067841292 ], [ 0.624117149868683, 47.768772077440161 ], [ 0.624209536309348, 47.768253391978334 ], [ 0.624230043595972, 47.767825491023714 ], [ 0.624203429416806, 47.767615305456019 ], [ 0.624070626974431, 47.76719975678396 ], [ 0.623891717724044, 47.766898226325161 ], [ 0.624000592949626, 47.766632278385764 ], [ 0.624087386420609, 47.766128484843762 ], [ 0.624055752611225, 47.765926182287444 ], [ 0.623892208064161, 47.765449259718046 ], [ 0.623752087016029, 47.765161131010522 ], [ 0.623653689331328, 47.76500829512981 ], [ 0.623515195036918, 47.764870305804244 ], [ 0.623160365967624, 47.764579020003772 ], [ 0.622998688831161, 47.764467567286694 ], [ 0.622425041776475, 47.764135278268391 ], [ 0.621819897214403, 47.763855412386782 ], [ 0.621710191396043, 47.763665164606138 ], [ 0.621479624707328, 47.763087688290405 ], [ 0.621374871783374, 47.762906297517318 ], [ 0.621083492348368, 47.762560945056379 ], [ 0.620756696481584, 47.762320444839972 ], [ 0.620554522849682, 47.762201602919632 ], [ 0.620321192864136, 47.762112411165063 ], [ 0.619869318017979, 47.76201261524632 ], [ 0.619380390611718, 47.761943225888899 ], [ 0.619107950225958, 47.761940115108374 ], [ 0.618972800213599, 47.761952624621394 ], [ 0.618517919384077, 47.762043599498163 ], [ 0.618123655723565, 47.762197943981818 ], [ 0.617839472715682, 47.76236723597799 ], [ 0.617645057254521, 47.762573285964116 ], [ 0.617420670779583, 47.762523723482758 ], [ 0.617445862087928, 47.762332306639593 ], [ 0.617418704776866, 47.76191280354368 ], [ 0.617381860631685, 47.761742998228208 ], [ 0.617297885217714, 47.761580995025035 ], [ 0.617049522185784, 47.761217494096549 ], [ 0.616920482991997, 47.761068253791059 ], [ 0.616454071159039, 47.760707568458947 ], [ 0.616181944943053, 47.760551056654514 ], [ 0.615700555646569, 47.760010862820003 ], [ 0.615644786991222, 47.759860177649458 ], [ 0.6157009702323, 47.759694904441695 ], [ 0.615963196877439, 47.759193542911952 ], [ 0.616096994332662, 47.758770912191487 ], [ 0.616126364057281, 47.758575864102305 ], [ 0.616116968702818, 47.758108504865447 ], [ 0.6159839586492, 47.757654229364036 ], [ 0.615915025522566, 47.757500761937308 ], [ 0.615610716180262, 47.757147868034188 ], [ 0.615354419345529, 47.756699874909224 ], [ 0.615221083076524, 47.756553486276104 ], [ 0.614979274351856, 47.756344947139311 ], [ 0.614777987583576, 47.756225185631379 ], [ 0.614664980654481, 47.756176140520374 ], [ 0.614419959804146, 47.756102200825538 ], [ 0.613984548095499, 47.756036356088615 ], [ 0.613727861586628, 47.756031743356054 ], [ 0.613210169329406, 47.756091569358837 ], [ 0.612937814885346, 47.756166381295706 ], [ 0.612627779411938, 47.756283921393482 ], [ 0.612359789864042, 47.756442590115945 ], [ 0.612106777035169, 47.756671986323155 ], [ 0.611737894125027, 47.757114761988262 ], [ 0.611441617585015, 47.757378867219408 ], [ 0.611227753945354, 47.757638174684523 ], [ 0.611093928111301, 47.757883656135419 ], [ 0.610927152690275, 47.758420577899216 ], [ 0.610551418315166, 47.758553864297689 ], [ 0.610400565606205, 47.758188382904102 ], [ 0.610241947170802, 47.757967187832563 ], [ 0.609476936650696, 47.757202681710901 ], [ 0.608981569325363, 47.756806712572619 ], [ 0.608813017943578, 47.756694046566096 ], [ 0.60809913458284, 47.756362437590745 ], [ 0.60745518585234, 47.756160375427562 ], [ 0.60680626799045, 47.756021572092735 ], [ 0.606362007753493, 47.756003630095051 ], [ 0.606959121246322, 47.755850230280686 ], [ 0.607411857192021, 47.755703431355876 ], [ 0.60807629117781, 47.755718384829933 ], [ 0.608710848834434, 47.755635758833094 ], [ 0.609291245494289, 47.755468401768091 ], [ 0.609884814079252, 47.755196652887726 ], [ 0.610859539011196, 47.754907909563158 ], [ 0.611765851534454, 47.754667300995628 ], [ 0.61206036133349, 47.754625062080919 ], [ 0.612297027500469, 47.754634119187884 ], [ 0.612831154708369, 47.754802080740689 ], [ 0.613316032172082, 47.755009761314909 ], [ 0.613829876737635, 47.755207175304683 ], [ 0.614350806176886, 47.755373600896206 ], [ 0.615187040429402, 47.755525852059854 ], [ 0.616088321601187, 47.75566511005492 ], [ 0.616414317059148, 47.755701144584101 ], [ 0.616460528185098, 47.755760215961665 ], [ 0.616532879505384, 47.755971020619867 ], [ 0.616592172141893, 47.756482616083822 ], [ 0.616638517228041, 47.757224894394142 ], [ 0.616705593637118, 47.757524761119271 ], [ 0.616767316008444, 47.757678186586055 ], [ 0.617060465165661, 47.758130926892022 ], [ 0.617077159234455, 47.758621032129859 ], [ 0.617206060900905, 47.758979858392621 ], [ 0.617543343523939, 47.759508713326248 ], [ 0.617815445761666, 47.759996365231153 ], [ 0.617953781244659, 47.760148516751137 ], [ 0.618133922801257, 47.760279272174756 ], [ 0.618348786478814, 47.760383489710527 ], [ 0.618589921946326, 47.760457072227865 ], [ 0.61884785132294, 47.76049712545661 ], [ 0.619112429947374, 47.760502074303602 ], [ 0.619373254990538, 47.760471725203857 ], [ 0.619620071277283, 47.7604072716723 ], [ 0.619641844675136, 47.760398895398232 ], [ 0.619735160101003, 47.760362997310885 ], [ 0.619772083674138, 47.760345306857538 ], [ 0.619807516934199, 47.760388028652457 ], [ 0.619935534901056, 47.760529338109507 ], [ 0.620067707339703, 47.76067523319486 ], [ 0.620205626069376, 47.760801313508786 ], [ 0.620794566055762, 47.761243768653337 ], [ 0.62102604462392, 47.761358210098315 ], [ 0.621392312689189, 47.761501239709588 ], [ 0.621486186759864, 47.761533871973178 ], [ 0.621660316698978, 47.761580030376244 ], [ 0.621807452833929, 47.761704449950564 ], [ 0.622167001048325, 47.761945263143453 ], [ 0.622299511660851, 47.762097134026106 ], [ 0.622595175549299, 47.762435989986706 ], [ 0.622845005538493, 47.76264387749427 ], [ 0.623057460877997, 47.762750789634531 ], [ 0.623297063478488, 47.762827284352269 ], [ 0.623315419817466, 47.762831019255323 ], [ 0.623686490040747, 47.762878753668453 ], [ 0.623951193310494, 47.762868909448777 ], [ 0.624207789241076, 47.762823989858965 ], [ 0.624519612965107, 47.762711725864285 ], [ 0.624555533702068, 47.762695079704407 ], [ 0.624757361096622, 47.762566173426407 ], [ 0.62499592598516, 47.762637314757598 ], [ 0.625139841259363, 47.762662804681383 ], [ 0.626019442693735, 47.762770147139697 ], [ 0.6264518250039, 47.76284252842273 ], [ 0.626972116125059, 47.762854172104639 ], [ 0.62737234505193, 47.762935858935819 ], [ 0.628152689063546, 47.763065149740768 ], [ 0.628856141174391, 47.763151381082032 ], [ 0.629635824568457, 47.763218580937377 ], [ 0.630353187941069, 47.76322455554137 ], [ 0.630879667327345, 47.763243704153737 ], [ 0.631244194245982, 47.763277905034215 ], [ 0.63183597515706, 47.763295594449268 ], [ 0.632115580990533, 47.763359712779774 ], [ 0.63240113556299, 47.763445060685733 ], [ 0.632644282492934, 47.763524461990151 ], [ 0.633003871094368, 47.763672320171338 ], [ 0.633641819463931, 47.763844521103387 ], [ 0.634524324848489, 47.763962197328127 ], [ 0.634767850645358, 47.763955569121769 ], [ 0.635132688837814, 47.763919739448333 ], [ 0.635644041939309, 47.764037645407114 ], [ 0.636296677997488, 47.764112696951599 ], [ 0.636563029664284, 47.764106239488669 ], [ 0.636822170609055, 47.764064235074699 ], [ 0.637063768039182, 47.763988357145756 ], [ 0.637278193221408, 47.763881630574623 ], [ 0.637456896864352, 47.763748310456862 ], [ 0.637592755930909, 47.763593711689829 ], [ 0.637675572466337, 47.763446938873464 ], [ 0.637737894656523, 47.763270727697332 ], [ 0.637746619645206, 47.763089671229416 ], [ 0.637670046886459, 47.762784638174253 ], [ 0.637580093207571, 47.762623735054788 ], [ 0.637364612902552, 47.762411210310169 ], [ 0.637174905312912, 47.762296288096785 ], [ 0.636936483805606, 47.762179077576434 ], [ 0.636747648544096, 47.762039434407974 ], [ 0.636552022478659, 47.761941858398828 ], [ 0.636185053557232, 47.761816829479855 ], [ 0.635734035858407, 47.761705964249039 ], [ 0.634056250152182, 47.761390960955673 ], [ 0.633459831281214, 47.761306672878042 ], [ 0.632688116998155, 47.761101318624135 ], [ 0.632103917728204, 47.760991800669998 ], [ 0.631873499462728, 47.760964016646568 ], [ 0.631560911629728, 47.760960260411998 ], [ 0.630535585022032, 47.760832036037591 ], [ 0.62979673287772, 47.760689115898145 ], [ 0.629031211435343, 47.760616033240296 ], [ 0.627948065849588, 47.760561592293385 ], [ 0.626891820827968, 47.76028339103857 ], [ 0.626152780500307, 47.760146734211851 ], [ 0.625893891038014, 47.76013403501743 ], [ 0.625291411112179, 47.760179608929803 ], [ 0.624780629744149, 47.760182460959157 ], [ 0.624358312210741, 47.760205041928323 ], [ 0.623979021779233, 47.760239459387236 ], [ 0.623144020470418, 47.760197276323979 ], [ 0.622808952510695, 47.759872979046712 ], [ 0.62274313409646, 47.759606096179205 ], [ 0.622713952255275, 47.758961534265318 ], [ 0.622522367204533, 47.758023959360337 ], [ 0.62294898375023, 47.757799819092362 ], [ 0.623269059498383, 47.757587648627606 ], [ 0.623635690669553, 47.757283443022267 ], [ 0.623754444155267, 47.757140035968973 ], [ 0.62383257030467, 47.756984464801555 ], [ 0.623915212590266, 47.756625730669427 ], [ 0.623951692072586, 47.756324758786427 ], [ 0.623926433802093, 47.755883409919726 ], [ 0.623886367252613, 47.755709233264042 ], [ 0.623590638308019, 47.754999950632595 ], [ 0.623753823317009, 47.754884040264081 ], [ 0.623915086377639, 47.754802915535279 ], [ 0.624738076132368, 47.75451647367511 ], [ 0.625849724585452, 47.754293148732515 ], [ 0.626089957011222, 47.754225610385596 ], [ 0.626199945071719, 47.754181000442969 ], [ 0.626201609528402, 47.754180325543352 ], [ 0.62640267950721, 47.754068877103741 ], [ 0.626634950545771, 47.753857915743772 ], [ 0.626734989237869, 47.753695881368486 ], [ 0.626793355334555, 47.753436093028235 ], [ 0.626737977263414, 47.753176007449888 ], [ 0.626573576557515, 47.752937790183502 ], [ 0.626314164996304, 47.75274174368397 ], [ 0.626099076782189, 47.752642917445108 ], [ 0.625859637500801, 47.752574122132827 ], [ 0.625567457044046, 47.752535185117395 ], [ 0.625085731832286, 47.752442701472617 ], [ 0.624458411176, 47.752421541933565 ], [ 0.623986738264989, 47.752434824708615 ], [ 0.62348124901466, 47.752365024197601 ], [ 0.622814779843387, 47.752337579938491 ], [ 0.622306578381218, 47.752390615470489 ], [ 0.621691139197262, 47.752528163615551 ], [ 0.621323556003344, 47.752557422914514 ], [ 0.620957966938922, 47.752660007526003 ], [ 0.620915647778667, 47.752510154228929 ], [ 0.620819783543279, 47.752346595443967 ], [ 0.620553285261801, 47.752059561222801 ], [ 0.620337415919211, 47.751886112078282 ], [ 0.619952962989978, 47.751653488649701 ], [ 0.619704073664995, 47.751555174085368 ], [ 0.619258592310581, 47.75142395244125 ], [ 0.619040580824085, 47.751385990559676 ], [ 0.61850412523829, 47.751324546415681 ], [ 0.618377399696854, 47.751256966110859 ], [ 0.618163123199082, 47.751176346665638 ], [ 0.617930582973136, 47.751123544713671 ], [ 0.617570957130189, 47.751066061204433 ], [ 0.617285668722045, 47.751041926271455 ], [ 0.617141795871101, 47.751045527531879 ], [ 0.616591104263938, 47.751082174544827 ], [ 0.61599221022214, 47.751162318744761 ], [ 0.61544345774361, 47.751056539977874 ], [ 0.615205848379186, 47.75104301603676 ], [ 0.614820036793935, 47.751049376563891 ], [ 0.614299240864504, 47.751095076391948 ], [ 0.61376436284974, 47.751221206277883 ], [ 0.613238842524208, 47.751302710751411 ], [ 0.612930037754147, 47.751270113945772 ], [ 0.612438317001586, 47.75130196872162 ], [ 0.6119897929133, 47.751301683947496 ], [ 0.61192716891671, 47.751295862604174 ], [ 0.611589605751937, 47.751197114265899 ], [ 0.611083769712243, 47.751009364909287 ], [ 0.610254293846662, 47.750797154548465 ], [ 0.609872320145357, 47.750682028146258 ], [ 0.609430249332749, 47.750610184416459 ], [ 0.609187181892815, 47.750589320454253 ], [ 0.60847633088906, 47.75061759725935 ], [ 0.608215900963516, 47.750664225033205 ], [ 0.608092246139412, 47.750700587113371 ], [ 0.607864361787624, 47.750797553782839 ], [ 0.607548080707603, 47.750964777701959 ], [ 0.606636640239988, 47.751478808059822 ], [ 0.606190025231152, 47.751797827731458 ], [ 0.605898512633585, 47.752041719904511 ], [ 0.605425935693541, 47.752002212906852 ], [ 0.604737353636959, 47.75205480850655 ], [ 0.604606322494808, 47.752078710399822 ], [ 0.60435840443208, 47.752152730102246 ], [ 0.604001830136634, 47.752339754919497 ], [ 0.603816433228936, 47.752126868184099 ], [ 0.603109270658534, 47.751631046283592 ], [ 0.602408496827512, 47.751298958456616 ], [ 0.601937053376428, 47.751138293786951 ], [ 0.60163419025597, 47.751011684514729 ], [ 0.601169136382658, 47.750889334216609 ], [ 0.600756064881606, 47.750831716324072 ], [ 0.599888094940294, 47.75066422291232 ], [ 0.599360037257162, 47.750590146338894 ], [ 0.598895214073545, 47.750568908679426 ], [ 0.598182465655587, 47.750164664240678 ], [ 0.597937036124348, 47.74995643162746 ], [ 0.59791509528871, 47.749890945583566 ], [ 0.597915275278093, 47.749618238459561 ], [ 0.597868485828956, 47.749280786798671 ], [ 0.597770353479122, 47.749027201974272 ], [ 0.597568063982816, 47.748803433809528 ], [ 0.597238745129846, 47.748577819333043 ], [ 0.596999332714899, 47.748437129937109 ], [ 0.597005440985862, 47.748297984539207 ], [ 0.596984299783037, 47.748173440746662 ], [ 0.59721181026776, 47.747625521553346 ], [ 0.597397438946234, 47.746460321606563 ], [ 0.597370823832888, 47.746278115026676 ], [ 0.597177668840233, 47.745844197608953 ], [ 0.596837091853793, 47.74533394059587 ], [ 0.596720870412003, 47.745198557472229 ], [ 0.596571649706043, 47.745078792233762 ], [ 0.595454276658937, 47.744342556969073 ], [ 0.595357294777564, 47.744203385835043 ], [ 0.595235637034147, 47.743826382949301 ], [ 0.595161559880625, 47.743668478914209 ], [ 0.594783426570722, 47.743188563863995 ], [ 0.594583659237093, 47.742976868457362 ], [ 0.594426823803587, 47.742841268299927 ], [ 0.593965170257655, 47.742569306748294 ], [ 0.593757107084783, 47.742486061717138 ], [ 0.593104522652395, 47.742278344067998 ], [ 0.592577250971068, 47.742184057865778 ], [ 0.592188208898975, 47.742193500698797 ], [ 0.59193828747257, 47.742241967694142 ], [ 0.591601216581009, 47.742373339489845 ], [ 0.591414152267005, 47.742495184886685 ], [ 0.591215644303122, 47.74266006727386 ], [ 0.591082932324412, 47.742825555390823 ], [ 0.590925642940131, 47.743182812229193 ], [ 0.590907412073274, 47.743439243635741 ], [ 0.590997257226392, 47.743688714949407 ], [ 0.591187866423634, 47.74391092837179 ], [ 0.591363566608389, 47.744034863009503 ], [ 0.591819720814148, 47.744230499749264 ], [ 0.591928118044193, 47.744313132734852 ], [ 0.592140065218198, 47.74442781765886 ], [ 0.592272263589758, 47.745151951356654 ], [ 0.592208883908072, 47.745411162749271 ], [ 0.592170942629542, 47.745753342182269 ], [ 0.592166495124187, 47.746165518475287 ], [ 0.592188895722481, 47.746331028145626 ], [ 0.592256034853482, 47.746490937010833 ], [ 0.592619798756041, 47.746993692188987 ], [ 0.592881681890164, 47.747251231802117 ], [ 0.593012971366891, 47.747469218333499 ], [ 0.593188923038753, 47.747670072412568 ], [ 0.593081288828396, 47.748428653152132 ], [ 0.593100013900512, 47.748671972317219 ], [ 0.593166254717056, 47.74882842749863 ], [ 0.593408858612403, 47.749167675859972 ], [ 0.593538959906928, 47.749310077398135 ], [ 0.593764892362672, 47.749512490011249 ], [ 0.593850801478533, 47.749672290821088 ], [ 0.593834868631424, 47.749844935747149 ], [ 0.593709871701497, 47.750283382632226 ], [ 0.593667039774864, 47.750790463356928 ], [ 0.593695905507638, 47.750951330845318 ], [ 0.593031469543866, 47.75105412701037 ], [ 0.592716957722222, 47.750881713818288 ], [ 0.592589362569277, 47.750830598781022 ], [ 0.592282208120729, 47.750744498189817 ], [ 0.591902862634284, 47.750686516962048 ], [ 0.591227514875221, 47.750666583995816 ], [ 0.590889384979885, 47.750522875344998 ], [ 0.590666809535061, 47.750446865705364 ], [ 0.589854100768681, 47.750284252556582 ], [ 0.589607977248252, 47.750252753908995 ], [ 0.588390595252281, 47.750254983244226 ], [ 0.588095041120263, 47.750301294934026 ], [ 0.587698995800456, 47.750396443470883 ], [ 0.587040081007974, 47.750428164878691 ], [ 0.586799364995845, 47.750454826514265 ], [ 0.586340569934542, 47.750541878269487 ], [ 0.585745596423845, 47.750699247103633 ], [ 0.585400161134481, 47.750495803181721 ], [ 0.585069541900577, 47.750375342733129 ], [ 0.584479327706284, 47.75023537977976 ], [ 0.583543522118153, 47.750159334290849 ], [ 0.582865326906405, 47.749942766541835 ], [ 0.582597333121119, 47.749882299837509 ], [ 0.581908246871091, 47.749829798691046 ], [ 0.581650908056224, 47.749844251691577 ], [ 0.581256900093404, 47.749897384251234 ], [ 0.581127949897304, 47.749927505420885 ], [ 0.580887050087757, 47.750013512576764 ], [ 0.580741953007547, 47.750088411175213 ], [ 0.580054334963207, 47.750007928573254 ], [ 0.579637108227308, 47.750012388996822 ], [ 0.579346912496064, 47.749853776610792 ], [ 0.578782260220367, 47.749620210675708 ], [ 0.578382118859664, 47.749494805181975 ], [ 0.578117864140632, 47.749450002419017 ], [ 0.577982034492784, 47.749441468392121 ], [ 0.57741152129436, 47.749460063827549 ], [ 0.577167064731296, 47.749485538694955 ], [ 0.576630233528377, 47.749578447130133 ], [ 0.575101396887816, 47.74992292337155 ], [ 0.575029426215257, 47.749937499357017 ], [ 0.574910801043134, 47.749961524387942 ], [ 0.574395145928768, 47.749972030960869 ], [ 0.574105282116324, 47.749998946543514 ], [ 0.573831082314875, 47.750067817483867 ], [ 0.573470858720505, 47.750190109487974 ], [ 0.573148650907768, 47.750343494822509 ], [ 0.572419932205469, 47.750827253990394 ], [ 0.572363552701654, 47.750843425894878 ], [ 0.572015383684333, 47.75068859924864 ], [ 0.571682076734842, 47.750600965816652 ], [ 0.570656137105954, 47.750500033737666 ], [ 0.569706668263529, 47.750478233397963 ], [ 0.568039888382817, 47.750499718215245 ], [ 0.567762878499965, 47.750522979045542 ], [ 0.567233609073672, 47.750610190394276 ], [ 0.566846380988905, 47.750738768086784 ], [ 0.566559352120187, 47.750789786463542 ], [ 0.566216026198045, 47.75089238317225 ], [ 0.566042097349702, 47.750920804392308 ], [ 0.564875658530981, 47.750693042693257 ], [ 0.564332448600951, 47.750676461588426 ], [ 0.564043665089668, 47.750455475848312 ], [ 0.563571022555378, 47.750149613437287 ], [ 0.563308077766437, 47.749992667585154 ], [ 0.563112225267124, 47.749896385297454 ], [ 0.562893785472028, 47.749825579479726 ], [ 0.562497969877869, 47.749732490099639 ], [ 0.561526442976385, 47.749621232033881 ], [ 0.561099276668317, 47.749611592516715 ], [ 0.560890342491993, 47.749411523431327 ], [ 0.560603933397381, 47.749237660276378 ], [ 0.560376995981217, 47.74915574795412 ], [ 0.560045224580969, 47.749068444103649 ], [ 0.559410561795688, 47.74898779331216 ], [ 0.559258716331573, 47.748849539527377 ], [ 0.559057403969246, 47.748722031198795 ], [ 0.55879616014058, 47.748593937944378 ], [ 0.55854935012905, 47.748514533084908 ], [ 0.558225859739621, 47.748456303695839 ], [ 0.558000035590301, 47.748432643549016 ], [ 0.556849524557778, 47.748442790110154 ], [ 0.556225224039922, 47.748348977708794 ], [ 0.555666848195836, 47.748351632625841 ], [ 0.554575393163516, 47.748523408228458 ], [ 0.554339793925899, 47.748595458219448 ], [ 0.554218036158557, 47.74864885876837 ], [ 0.554007139760813, 47.748686834301147 ], [ 0.553769386059651, 47.748759915114341 ], [ 0.553463472054118, 47.748924299111671 ], [ 0.553304740531851, 47.74906427210778 ], [ 0.55303617061583, 47.749384361768442 ], [ 0.552917653733983, 47.749645459741807 ], [ 0.552865812943733, 47.749843401888825 ], [ 0.552677099099913, 47.75005172008072 ], [ 0.552567094553873, 47.750228396807422 ], [ 0.552500192924919, 47.750442584503972 ], [ 0.552475020262661, 47.750608211295962 ], [ 0.552116207767417, 47.750753978700786 ], [ 0.551859890283778, 47.750889374027381 ], [ 0.551518247904759, 47.751139329092709 ], [ 0.55135188084198, 47.751346870908975 ], [ 0.550584444794118, 47.751075025185365 ], [ 0.550151531558302, 47.750954070817805 ], [ 0.549720932754096, 47.75063025514914 ], [ 0.54952015726843, 47.750403554777527 ], [ 0.549377348248576, 47.750271303109749 ], [ 0.549171996047366, 47.750134709754398 ], [ 0.549094423098253, 47.750049279770209 ], [ 0.548834313853826, 47.749832089097026 ], [ 0.548625071298104, 47.749695466340299 ], [ 0.548570193709482, 47.749669861792228 ], [ 0.548505137781007, 47.74963950742368 ], [ 0.548116642593906, 47.749482190219922 ], [ 0.547584943805165, 47.749292750633316 ], [ 0.547336028479696, 47.749236591164689 ], [ 0.547075628023145, 47.749214374431517 ], [ 0.54681381762117, 47.749226960786402 ], [ 0.546440527162289, 47.749309664915096 ], [ 0.546119125745892, 47.749462099279633 ], [ 0.545947705088836, 47.749596152461642 ], [ 0.545771364939536, 47.74983296035596 ], [ 0.545616346532406, 47.750284422795026 ], [ 0.545532197481351, 47.750601048567191 ], [ 0.545519632094178, 47.750840104359561 ], [ 0.545540048725473, 47.751018763296393 ], [ 0.545612539995233, 47.751191154569632 ], [ 0.545812096773601, 47.751423176111743 ], [ 0.546382589498364, 47.751788015659045 ], [ 0.546676730390682, 47.752006792009993 ], [ 0.546771587759919, 47.752077346107022 ], [ 0.547212100239367, 47.752358537332611 ], [ 0.547362131583418, 47.752566063312123 ], [ 0.54768700018261, 47.752815035253171 ], [ 0.547876150221778, 47.752924842655439 ], [ 0.548266695293525, 47.753081409462553 ], [ 0.547978833796184, 47.753325933637967 ], [ 0.547817261405208, 47.753561176053637 ], [ 0.547768036894024, 47.753731132670396 ], [ 0.547761714032765, 47.754202829904699 ], [ 0.547486733311212, 47.754566398221691 ], [ 0.547390606659097, 47.754665548136913 ], [ 0.547211917787145, 47.754831999383285 ], [ 0.546895212080995, 47.75505360546444 ], [ 0.546645645906665, 47.75531541669227 ], [ 0.546540683695373, 47.755457199276236 ], [ 0.546474223252154, 47.755609197839632 ], [ 0.546414083066081, 47.755832742863667 ], [ 0.546413549748528, 47.7560093563838 ], [ 0.546480655932657, 47.756291833757174 ], [ 0.546458278048135, 47.75644946299353 ], [ 0.546401962513835, 47.756694622958044 ], [ 0.546319240138677, 47.756852397445755 ], [ 0.545912253323428, 47.757022225833403 ], [ 0.54547407540109, 47.757176749005005 ], [ 0.545069712759197, 47.757436854499012 ], [ 0.544744336885333, 47.757680668853681 ], [ 0.544527463153939, 47.757927840657693 ], [ 0.544352236810045, 47.758002680190025 ], [ 0.54415373512399, 47.758128086334011 ], [ 0.543997057935292, 47.758278024226421 ], [ 0.543936511657283, 47.758360279338739 ], [ 0.543888711737952, 47.758446266879538 ], [ 0.543833197847455, 47.758625826620964 ], [ 0.543849681658724, 47.758921778650027 ], [ 0.543462544666942, 47.759550722662453 ], [ 0.54341066298905, 47.759706532702587 ], [ 0.543336567563747, 47.7600827233872 ], [ 0.543188468870511, 47.760106670212835 ], [ 0.542951724340473, 47.760173191197133 ], [ 0.542642683591289, 47.760326849525882 ], [ 0.542411299475728, 47.760533467975783 ], [ 0.542276720320727, 47.760775951856708 ], [ 0.542246642260145, 47.76094769736693 ], [ 0.542288134062994, 47.761207154107119 ], [ 0.542270699792853, 47.761341223532796 ], [ 0.542116610927673, 47.761567009819132 ], [ 0.542034467079038, 47.761820490427816 ], [ 0.542062979464586, 47.762079237892117 ], [ 0.542167352802836, 47.762277607339321 ], [ 0.542008009158247, 47.762440273348773 ], [ 0.541763958248542, 47.762832868692762 ], [ 0.541626445984711, 47.763181801749681 ], [ 0.541592034193641, 47.763382701516328 ], [ 0.541628880570732, 47.763659053453793 ], [ 0.541591255660001, 47.764616023858892 ], [ 0.541515974162275, 47.764810304952434 ], [ 0.541181273500506, 47.766068935701938 ], [ 0.541117156023762, 47.766645045839773 ], [ 0.541211178903514, 47.767564359037088 ], [ 0.541200683140368, 47.767873976492396 ], [ 0.540961093205756, 47.769220488280411 ], [ 0.540933993022129, 47.769680702654966 ], [ 0.540978594390422, 47.769989104134041 ], [ 0.541089526323589, 47.77024206170514 ], [ 0.541237005215361, 47.770443921273959 ], [ 0.541410464067237, 47.770597836705967 ], [ 0.541748392804928, 47.77079353157292 ], [ 0.542176185024387, 47.770940352227655 ], [ 0.542643713204146, 47.771030976651993 ], [ 0.543055779197174, 47.77105830485322 ], [ 0.543432600681134, 47.771032081470025 ], [ 0.543671128839539, 47.770975178223992 ], [ 0.543889448343984, 47.770888957259693 ], [ 0.544463359351979, 47.770609912138205 ], [ 0.544762658376782, 47.770446957843177 ], [ 0.545081451507831, 47.770382767036331 ], [ 0.545420672496937, 47.770265169979545 ], [ 0.545903306939123, 47.769966829092155 ], [ 0.546177233594939, 47.769757946876418 ], [ 0.546358633939047, 47.769529385926276 ], [ 0.546435880080933, 47.769275448844112 ], [ 0.546402568591172, 47.769017202256322 ], [ 0.54631992924458, 47.768853261795307 ], [ 0.546202350864899, 47.768713678816248 ], [ 0.546120377216342, 47.76864119748447 ], [ 0.547004937084407, 47.768720504218919 ], [ 0.547079298774948, 47.768737172849768 ], [ 0.547663998100982, 47.768972793489979 ], [ 0.548537981178097, 47.769250691238518 ], [ 0.54888201407182, 47.769341509336115 ], [ 0.549204937515157, 47.769394161252123 ], [ 0.549917200843548, 47.769448426919134 ], [ 0.550361690107695, 47.769544498716066 ], [ 0.551213465857712, 47.769997658154217 ], [ 0.551688945022476, 47.770366076038528 ], [ 0.551868856384756, 47.770601640305912 ], [ 0.552008548759482, 47.770728596505563 ], [ 0.552529613879249, 47.771060759053746 ], [ 0.552396251119829, 47.771123111143659 ], [ 0.551519177805729, 47.770711425444119 ], [ 0.550890554749754, 47.7704699357501 ], [ 0.550619634754239, 47.770410487540403 ], [ 0.549664118407259, 47.770282118111176 ], [ 0.54817425805616, 47.77021037093229 ], [ 0.547309280261242, 47.770131208292362 ], [ 0.547022958920934, 47.770145058514231 ], [ 0.546566567975639, 47.770205369275054 ], [ 0.545299355886157, 47.770532259528444 ], [ 0.545018790969557, 47.77062819885748 ], [ 0.54468896663151, 47.770781857506101 ], [ 0.544588776276692, 47.770843530470927 ], [ 0.544418735744875, 47.770985781139338 ], [ 0.54401829493587, 47.7715005829982 ], [ 0.543920324901381, 47.771668616714571 ], [ 0.543806134589242, 47.772091568623601 ], [ 0.543559082392766, 47.772083388520734 ], [ 0.543083464226207, 47.772127076086313 ], [ 0.542745390943625, 47.772213426417842 ], [ 0.542461182306671, 47.772349150705722 ], [ 0.542134059880446, 47.772381332716797 ], [ 0.541886740622269, 47.772446716323671 ], [ 0.541663520800608, 47.772543814724862 ], [ 0.54139285812475, 47.772740210829546 ], [ 0.541265612634919, 47.772897416431178 ], [ 0.541187055794581, 47.77306849306423 ], [ 0.541160299440405, 47.773246667996901 ], [ 0.541159690482957, 47.773579511678058 ], [ 0.541180729545854, 47.773739772226079 ], [ 0.541326082165139, 47.774237185872323 ], [ 0.541533203341222, 47.774651676085462 ], [ 0.541739146069245, 47.774873812825078 ], [ 0.542031256461551, 47.775046567148536 ], [ 0.542384790892738, 47.775155304307347 ], [ 0.542732985589949, 47.775189854976063 ], [ 0.542936351023161, 47.775181763301696 ], [ 0.542921582743603, 47.77545723680187 ], [ 0.542987338497469, 47.775929733585237 ], [ 0.543347631577937, 47.776889710476588 ], [ 0.543289971329159, 47.776887653525122 ], [ 0.54289795241606, 47.77692568764688 ], [ 0.542651773093198, 47.77699430000272 ], [ 0.542332376569503, 47.777155222806378 ], [ 0.542165051412475, 47.777294946498898 ], [ 0.542042204987253, 47.777454280104251 ], [ 0.541968727391857, 47.77762688085452 ], [ 0.541881970806418, 47.778354699476282 ], [ 0.541909973077572, 47.77852460995279 ], [ 0.541985135400604, 47.778687886908372 ], [ 0.542104744571124, 47.778838638283844 ], [ 0.542264487187315, 47.778971426452784 ], [ 0.542566397477147, 47.779126664843275 ], [ 0.542918300339676, 47.779235295978872 ], [ 0.543185469015402, 47.779337673150629 ], [ 0.543286240789325, 47.779409063512205 ], [ 0.542977987215419, 47.779690527591008 ], [ 0.54281759921256, 47.77991144042953 ], [ 0.542705331575486, 47.780158143521049 ], [ 0.54268293261504, 47.780254357341612 ], [ 0.542681325648593, 47.780564987533296 ], [ 0.542884842787218, 47.78229466561919 ], [ 0.542951567874139, 47.782458591048233 ], [ 0.543118534477612, 47.782742704254133 ], [ 0.543261234936217, 47.782895122351775 ], [ 0.54352079337993, 47.783114207808531 ], [ 0.542901241555697, 47.783203351211085 ], [ 0.542205832623809, 47.78341500228278 ], [ 0.541740665256344, 47.783518397395426 ], [ 0.541511831045267, 47.783602897619623 ], [ 0.541311745667173, 47.783715775722236 ], [ 0.541148047294763, 47.783852722303429 ], [ 0.541026985881176, 47.784008509168359 ], [ 0.540953182832177, 47.784177187756995 ], [ 0.540936733615285, 47.784440218006623 ], [ 0.541022142932045, 47.784948101156033 ], [ 0.541152897471682, 47.78519250433817 ], [ 0.541381790209115, 47.785401554090832 ], [ 0.54168974981887, 47.785557828115778 ], [ 0.542051113992411, 47.785648305966411 ], [ 0.542435769664895, 47.785665446999857 ], [ 0.542689317589924, 47.785635167868818 ], [ 0.542918638996385, 47.7855759055617 ], [ 0.542953768437179, 47.785563447138443 ], [ 0.54271400932323, 47.78576829963616 ], [ 0.542603794470697, 47.785925103419373 ], [ 0.542445706203433, 47.786240233044985 ], [ 0.542293528877887, 47.786688909673501 ], [ 0.541977010044628, 47.786762872541324 ], [ 0.541324515740738, 47.787030568376537 ], [ 0.539934503278756, 47.787708623937988 ], [ 0.538874918640851, 47.788297536479284 ], [ 0.537863253216252, 47.78897239929843 ], [ 0.537691592853055, 47.789114075024131 ], [ 0.537565980804316, 47.789276212662941 ], [ 0.537522143415811, 47.789362888028144 ], [ 0.53749160173927, 47.78945211655801 ], [ 0.537471530296825, 47.789634521672404 ], [ 0.537545021274606, 47.790050700449342 ], [ 0.537669007312838, 47.791045725948173 ], [ 0.537830797870393, 47.791512804714536 ], [ 0.537969609943553, 47.791825204362958 ], [ 0.538081595715761, 47.791975312771157 ], [ 0.53843326521018, 47.792254709762538 ], [ 0.538665976010281, 47.79250874163737 ], [ 0.539115205989516, 47.792800115585415 ], [ 0.539779285872404, 47.793125782809852 ], [ 0.54041989366299, 47.793404865930299 ], [ 0.541616369612173, 47.793718749407773 ], [ 0.542148584538056, 47.793823653135341 ], [ 0.541885878041406, 47.793857465697094 ], [ 0.541632912438107, 47.793928498131187 ], [ 0.540640544788694, 47.793972549966853 ], [ 0.540144359094056, 47.794062895005453 ], [ 0.539927190585912, 47.794119578404512 ], [ 0.53848277388096, 47.794602435901538 ], [ 0.538281595537536, 47.794704570704134 ], [ 0.537972413925583, 47.794928490685344 ], [ 0.537356651969273, 47.795249896391184 ], [ 0.537249182970406, 47.794941261342117 ], [ 0.537161165949899, 47.79477028038108 ], [ 0.537024163986547, 47.794614621777875 ], [ 0.536664193096604, 47.794286110157408 ], [ 0.536128912039512, 47.793916613092264 ], [ 0.535630091592401, 47.793702540767811 ], [ 0.534957635305276, 47.793161077944028 ], [ 0.534676527198769, 47.792853988598289 ], [ 0.534264338051464, 47.792238247174254 ], [ 0.534067924571022, 47.791728394344631 ], [ 0.534012016692069, 47.791635445912249 ], [ 0.533651871898089, 47.791231017334106 ], [ 0.533495578603918, 47.791020155459123 ], [ 0.533482567824719, 47.790977991979616 ], [ 0.533553423506628, 47.790686133928936 ], [ 0.533648491622122, 47.789854577181835 ], [ 0.533593562628625, 47.789006925661937 ], [ 0.533698558775429, 47.788368667280906 ], [ 0.533820218046389, 47.78802272322492 ], [ 0.534109921130676, 47.787537083667935 ], [ 0.534187422131524, 47.787352183201328 ], [ 0.534302686680488, 47.786863481194587 ], [ 0.534288516974942, 47.786668523206998 ], [ 0.534228047414994, 47.786498919180168 ], [ 0.534308359949496, 47.786299815294832 ], [ 0.534640277848296, 47.785998239065677 ], [ 0.534757889467698, 47.785825486854741 ], [ 0.534795756989982, 47.785733804346606 ], [ 0.534889981911052, 47.785400702039368 ], [ 0.534916229061882, 47.785139324508307 ], [ 0.534905997468438, 47.7849300977147 ], [ 0.534926130302644, 47.784873709299966 ], [ 0.535282440855649, 47.784279523405807 ], [ 0.535382259136485, 47.784006647925075 ], [ 0.535771151162122, 47.783635842038045 ], [ 0.536098679089478, 47.783267568250224 ], [ 0.536217334269907, 47.783095098524164 ], [ 0.536317505497134, 47.782896934070564 ], [ 0.536421581283711, 47.782590946144339 ], [ 0.536481391663931, 47.782074664165826 ], [ 0.536979524724768, 47.781869256233762 ], [ 0.537435040054417, 47.781636155878815 ], [ 0.537661761056099, 47.781454707395099 ], [ 0.537935224762243, 47.781140440909823 ], [ 0.538309075044403, 47.780170712193055 ], [ 0.538384210768905, 47.779705039474898 ], [ 0.538380728737078, 47.779500729655226 ], [ 0.538353232579534, 47.779400095442888 ], [ 0.538226349742274, 47.7790490917426 ], [ 0.538141051146827, 47.778884475312807 ], [ 0.537900247795051, 47.778539619860254 ], [ 0.53757332188429, 47.778145046248753 ], [ 0.537264752569332, 47.777858405854431 ], [ 0.537112552054221, 47.777272562568868 ], [ 0.537057218215536, 47.776827630904691 ], [ 0.53696193901499, 47.776430486939901 ], [ 0.536957356773489, 47.775400640363628 ], [ 0.536808557456793, 47.774798828030562 ], [ 0.536744914764364, 47.774639165129066 ], [ 0.536552635952777, 47.774288948189991 ], [ 0.536194823474187, 47.773749287422206 ], [ 0.53606051748648, 47.773592828628743 ], [ 0.535790671718723, 47.773380966862092 ], [ 0.53569131814299, 47.772886065446549 ], [ 0.535600467249524, 47.772709098277154 ], [ 0.535387318184064, 47.772381837349116 ], [ 0.535349763085921, 47.772032096205514 ], [ 0.535256457857319, 47.771636627043193 ], [ 0.535143513892138, 47.771280912540902 ], [ 0.535171432632767, 47.770807326958511 ], [ 0.535149818118676, 47.770606439448748 ], [ 0.534913768620923, 47.770066522910106 ], [ 0.534784677012635, 47.769841379314997 ], [ 0.534455646268077, 47.769519275957514 ], [ 0.534310970398516, 47.769287329139416 ], [ 0.534352456582676, 47.769219589401736 ], [ 0.534592232019339, 47.768998896913331 ], [ 0.534690710183737, 47.768846524855 ], [ 0.5347965195061, 47.768553411792062 ], [ 0.534830440263068, 47.768356820524112 ], [ 0.534832611389434, 47.76809686799001 ], [ 0.534784488995148, 47.767776787222431 ], [ 0.53476469525339, 47.767430113021895 ], [ 0.534622775307828, 47.767084883364255 ], [ 0.534438996569554, 47.766762792119145 ], [ 0.534511399681339, 47.766206191823329 ], [ 0.534500180029091, 47.765987238337871 ], [ 0.534374974928807, 47.765477347004555 ], [ 0.53429173699697, 47.765319942394378 ], [ 0.534089941356506, 47.765109951763172 ], [ 0.533754141939294, 47.764910596536851 ], [ 0.53347574835664, 47.764611090309579 ], [ 0.533419273316091, 47.764470843613843 ], [ 0.53343577350271, 47.764299106665931 ], [ 0.533542580784555, 47.764072888023549 ], [ 0.533609256357268, 47.763774535840255 ], [ 0.533621928042087, 47.763611444679476 ], [ 0.533607194971189, 47.763353637667478 ], [ 0.533736692489699, 47.763326469873114 ], [ 0.533976791129602, 47.763247593163491 ], [ 0.534188792348071, 47.763138067190802 ], [ 0.53436421247722, 47.763002277951323 ], [ 0.534496027264947, 47.762845661531188 ], [ 0.534543860524375, 47.76276147568597 ], [ 0.534740638189328, 47.762156645194693 ], [ 0.534746029187403, 47.761981667319745 ], [ 0.53466021488941, 47.76172613017696 ], [ 0.534468886013236, 47.761498084753079 ], [ 0.534188259917018, 47.761316855963337 ], [ 0.534091752137648, 47.761275231927243 ], [ 0.534078801608399, 47.761269646326816 ], [ 0.533842115307395, 47.761197801070978 ], [ 0.533137178728293, 47.761083005871889 ], [ 0.532897858385523, 47.761060654650038 ], [ 0.532485370293994, 47.761069094636483 ], [ 0.532156401050095, 47.760729988376696 ], [ 0.532019495616844, 47.760349016601644 ], [ 0.532034411617418, 47.759783381993387 ], [ 0.532120057383307, 47.759348050028201 ], [ 0.532149254092596, 47.759047522803996 ], [ 0.532394697488222, 47.759048384342854 ], [ 0.532729915349969, 47.759024152837753 ], [ 0.532967923559999, 47.758978814086227 ], [ 0.53321661293403, 47.758893317957323 ], [ 0.533414562142322, 47.758945623154879 ], [ 0.533958504393184, 47.759052121178584 ], [ 0.534723894208222, 47.75908789855189 ], [ 0.534981469105027, 47.75908056095404 ], [ 0.535445967274283, 47.758990200506048 ], [ 0.53610749983857, 47.758773674583708 ], [ 0.536193553565498, 47.75877819708704 ], [ 0.536218893171179, 47.758777852429255 ], [ 0.536324190836293, 47.758776421574801 ], [ 0.536581571427383, 47.758747156974344 ], [ 0.536825584218265, 47.758684675569512 ], [ 0.537146355009408, 47.758534225445239 ], [ 0.537318113133912, 47.758401699241837 ], [ 0.537448337878908, 47.758249167556606 ], [ 0.53753204833453, 47.758082462593123 ], [ 0.537566046758144, 47.757907960093121 ], [ 0.537509038963367, 47.757316380535897 ], [ 0.53744443791959, 47.757150214258957 ], [ 0.537334198587829, 47.756995350529451 ], [ 0.537092469185668, 47.756796423394107 ], [ 0.536888962890815, 47.756693095168245 ], [ 0.53666005231768, 47.756617720422824 ], [ 0.536287470047433, 47.75656277356812 ], [ 0.536214261604765, 47.756561580338825 ], [ 0.535907054014625, 47.75658112349462 ], [ 0.535386828451821, 47.756657644204829 ], [ 0.535239309005239, 47.756685407523371 ], [ 0.534964938777898, 47.756766938861659 ], [ 0.534395331385461, 47.756823803331017 ], [ 0.533567803610323, 47.756860035423273 ], [ 0.53319841362444, 47.756851285666158 ], [ 0.532754412063146, 47.756808484583189 ], [ 0.532212694042844, 47.756839009150937 ], [ 0.532379230382485, 47.756590820305355 ], [ 0.532597685249, 47.756087282268105 ], [ 0.532689713387709, 47.755762418738534 ], [ 0.532876896958043, 47.754809928227623 ], [ 0.532885897600581, 47.754635895554088 ], [ 0.532845032774276, 47.754463950942139 ], [ 0.532703396873598, 47.75411818297578 ], [ 0.532503695454233, 47.753838738550414 ], [ 0.532137218584895, 47.75310200312714 ], [ 0.531733455834715, 47.75260683927786 ], [ 0.531347806255628, 47.75230313192408 ], [ 0.531078969552401, 47.752139398113727 ], [ 0.531074655749826, 47.751778070226251 ], [ 0.530942677199468, 47.751405045387202 ], [ 0.530674337451566, 47.750919461948961 ], [ 0.530305268871932, 47.75045130901389 ], [ 0.53017358131987, 47.750333720363862 ], [ 0.529655906351715, 47.749954302864239 ], [ 0.529401907451529, 47.749813035125499 ], [ 0.52895331112821, 47.749639090703411 ], [ 0.528858644071278, 47.749453130140687 ], [ 0.528745766336264, 47.749310990689573 ], [ 0.528266961975932, 47.748903713862887 ], [ 0.528014518482385, 47.748747075588476 ], [ 0.52783939108526, 47.74831262651319 ], [ 0.527624026365316, 47.747927798394556 ], [ 0.527509146455942, 47.747775666624747 ], [ 0.527322501132834, 47.747577549825635 ], [ 0.527023660230295, 47.747333030982475 ], [ 0.526796655285361, 47.747114114645385 ], [ 0.526591774013221, 47.746992074214148 ], [ 0.526252319132544, 47.746856068956923 ], [ 0.526230331272231, 47.746847612385686 ], [ 0.526105134868866, 47.746805171755462 ], [ 0.525782273673754, 47.746730652625999 ], [ 0.525136657552876, 47.746260117159302 ], [ 0.52493219036831, 47.745982162837123 ], [ 0.524659792049145, 47.745785945833042 ], [ 0.523581815002209, 47.745338286884234 ], [ 0.523526645521066, 47.745202509878375 ], [ 0.523417612015602, 47.745043144710465 ], [ 0.523166218940934, 47.744811581156931 ], [ 0.522938958255358, 47.744669489841556 ], [ 0.522831477706085, 47.744612103131878 ], [ 0.522593251569008, 47.744521073593447 ], [ 0.522230462371805, 47.744453947437414 ], [ 0.521892417671088, 47.744371573810533 ], [ 0.521037089706313, 47.743623989025764 ], [ 0.520850498423358, 47.743506786204343 ], [ 0.520545646253887, 47.743385840300228 ], [ 0.520445417779857, 47.743184593838215 ], [ 0.520097484943019, 47.742776909793427 ], [ 0.520012223212611, 47.742691695871486 ], [ 0.519801441221313, 47.742543629286068 ], [ 0.519428350050716, 47.742340422052919 ], [ 0.518536264193123, 47.741940577756949 ], [ 0.518285432631207, 47.74187272945283 ], [ 0.517766611965174, 47.74181298763262 ], [ 0.518053945556429, 47.741669768495207 ], [ 0.518486498023627, 47.741373608739408 ], [ 0.518873667416775, 47.740939859759287 ], [ 0.519088955301723, 47.74057059973358 ], [ 0.519151033912361, 47.740301709339526 ], [ 0.519186737158958, 47.739973791613743 ], [ 0.519266290285342, 47.739730378205429 ], [ 0.519263964739506, 47.739553100091555 ], [ 0.519210170707871, 47.739379567408186 ], [ 0.519106995116256, 47.739216514987362 ], [ 0.518892288424083, 47.738997401312098 ], [ 0.518716934477712, 47.738857700536954 ], [ 0.518503307126276, 47.738744822215217 ], [ 0.518384850170487, 47.73869994821284 ], [ 0.517878540659302, 47.738571703395657 ], [ 0.517747246120894, 47.7385530129499 ], [ 0.517479649468422, 47.738542701402849 ], [ 0.517346053638098, 47.738551183634691 ], [ 0.517086009151953, 47.738594998962746 ], [ 0.516962190860551, 47.7386298881164 ], [ 0.516733210145587, 47.738723867419559 ], [ 0.516536695059985, 47.738846822545021 ], [ 0.51638057420176, 47.738993791810501 ], [ 0.516242073073017, 47.739218045212567 ], [ 0.515904218539934, 47.739476495376429 ], [ 0.515718851793984, 47.739377597704355 ], [ 0.515715575458396, 47.739201523723025 ], [ 0.515665004054253, 47.739037971089232 ], [ 0.515526767727091, 47.738790274452803 ], [ 0.515386899522358, 47.738647555108109 ], [ 0.515209524310038, 47.738525267422638 ], [ 0.51482811737266, 47.738346975150264 ], [ 0.514474939713258, 47.738254937241727 ], [ 0.514182073809415, 47.738231550070459 ], [ 0.513953361174548, 47.737971887798999 ], [ 0.514003175789286, 47.737814034646156 ], [ 0.514204953461506, 47.73739249903462 ], [ 0.514228211027484, 47.737296540931915 ], [ 0.514229857499258, 47.736649383625753 ], [ 0.514181498555314, 47.736480791868004 ], [ 0.513963586258339, 47.736113956364555 ], [ 0.513708088831018, 47.73586473440465 ], [ 0.513523131101626, 47.735732101559179 ], [ 0.513022261072708, 47.735493051274631 ], [ 0.512619587549275, 47.735380181115808 ], [ 0.512272223789904, 47.735329885026189 ], [ 0.511748935903703, 47.73531892050547 ], [ 0.511498790747853, 47.735354905828579 ], [ 0.511062940252037, 47.735463412770258 ], [ 0.510621058999351, 47.735624645480371 ], [ 0.510077330293704, 47.735894961475459 ], [ 0.509922620839036, 47.735699734289291 ], [ 0.509753119060554, 47.73553372030166 ], [ 0.509489844629969, 47.735340172017999 ], [ 0.509303030194007, 47.735227486468503 ], [ 0.509096008910722, 47.735124975618049 ], [ 0.508715874884338, 47.734972369687313 ], [ 0.5082178967478, 47.734800536992005 ], [ 0.507873537519952, 47.73440128394865 ], [ 0.507422447923143, 47.734074338251652 ], [ 0.5069847677507, 47.733808385407357 ], [ 0.506757919634192, 47.73369686501276 ], [ 0.506527237797524, 47.733605807383398 ], [ 0.506109220768791, 47.733504826746838 ], [ 0.505626417104942, 47.733426631113758 ], [ 0.504904901943125, 47.733194238224286 ], [ 0.504693543310014, 47.733090372232809 ], [ 0.504181665728086, 47.732330971522963 ], [ 0.503953979479382, 47.73212746273451 ], [ 0.503800351427594, 47.732016397794439 ], [ 0.503267802738845, 47.73174451851493 ], [ 0.502005367074969, 47.731330218067399 ], [ 0.501784942957468, 47.731237889156326 ], [ 0.501685860575239, 47.73112165624309 ], [ 0.501430660982761, 47.730905886769193 ], [ 0.501307343441157, 47.730750316996236 ], [ 0.500983631053129, 47.730297411275252 ], [ 0.500890188606934, 47.730108678615494 ], [ 0.500932837713466, 47.730047198126705 ], [ 0.501333836842806, 47.72998244271102 ], [ 0.501646991646971, 47.729894017056239 ], [ 0.502072611406505, 47.729922970888531 ], [ 0.502486163237558, 47.729976738294411 ], [ 0.502876248082821, 47.729952324978022 ], [ 0.503123131466993, 47.729893758171848 ], [ 0.503450022807392, 47.729748088616205 ], [ 0.503626766896312, 47.72961787753291 ], [ 0.503813159070235, 47.729385400082421 ], [ 0.503877968372576, 47.729214337169608 ], [ 0.503892032342646, 47.729038029447644 ], [ 0.503854810556053, 47.728863262398988 ], [ 0.503767736794018, 47.728696760005057 ], [ 0.503634161464178, 47.728544930486898 ], [ 0.503459224452506, 47.728413615974951 ], [ 0.502951568013303, 47.728161770925865 ], [ 0.502231508230849, 47.727900325467999 ], [ 0.502074411723329, 47.72778204621217 ], [ 0.501975692700326, 47.727661092404318 ], [ 0.501812798962037, 47.727522057486681 ], [ 0.501501045443289, 47.727360371714482 ], [ 0.501132970560589, 47.727267032675151 ], [ 0.50087197175105, 47.72724705225167 ], [ 0.500610229775094, 47.727261966191811 ], [ 0.50023833370105, 47.727348131541106 ], [ 0.500018230447904, 47.727444857859268 ], [ 0.499751078127042, 47.727639528647408 ], [ 0.499600439725586, 47.727834099196571 ], [ 0.499400827059923, 47.727867777520828 ], [ 0.498900113544504, 47.728018640478226 ], [ 0.49877389117, 47.728064160548286 ], [ 0.498546669145534, 47.728181159079071 ], [ 0.498361603474074, 47.728328131452862 ], [ 0.498175176387061, 47.728513211783564 ], [ 0.498043808147617, 47.728678344294728 ], [ 0.497905154327715, 47.728981374788276 ], [ 0.497832042594157, 47.729220906456007 ], [ 0.497689481952065, 47.729172236920206 ], [ 0.49774530570527, 47.72905909446532 ], [ 0.497785894527722, 47.72890485572097 ], [ 0.497792093357602, 47.728375833510903 ], [ 0.497767638047732, 47.72820297148693 ], [ 0.497694436911003, 47.728036494237578 ], [ 0.497507875559171, 47.727725873090343 ], [ 0.497382549733778, 47.727565720597227 ], [ 0.497302627842554, 47.727492832145515 ], [ 0.497112311656147, 47.72736512109369 ], [ 0.497003850491899, 47.727311593310091 ], [ 0.49649408936608, 47.727127230290087 ], [ 0.496029257771591, 47.726988163106171 ], [ 0.495464912514636, 47.726871222471992 ], [ 0.495247935660645, 47.726797338966009 ], [ 0.494861346472923, 47.726412238290933 ], [ 0.494513755860216, 47.726157771625161 ], [ 0.494293716171993, 47.726049902959751 ], [ 0.493657166103567, 47.725804522244204 ], [ 0.49373617526335, 47.72532058988908 ], [ 0.493745128588154, 47.724847579102743 ], [ 0.49378239694762, 47.724705601660773 ], [ 0.493909631595564, 47.724367874239661 ], [ 0.49401338765303, 47.724210927215424 ], [ 0.494246882903085, 47.723956984390227 ], [ 0.494364619340483, 47.723794450775863 ], [ 0.494431804780599, 47.723619312321972 ], [ 0.494445510473579, 47.723529215348485 ], [ 0.494432453453159, 47.723348520241586 ], [ 0.494366106766393, 47.723173236739598 ], [ 0.494313705869263, 47.723089853623826 ], [ 0.49417309892438, 47.72293581809415 ], [ 0.493989679771905, 47.722803867890818 ], [ 0.493770861921993, 47.722699334178436 ], [ 0.493341830535196, 47.722556495118646 ], [ 0.492395569989798, 47.722364018253998 ], [ 0.492148409566659, 47.722340418762293 ], [ 0.491705097450427, 47.722366824754864 ], [ 0.491278718250076, 47.722442316217219 ], [ 0.490944087179338, 47.72258033706936 ], [ 0.490760535745854, 47.722706482627736 ], [ 0.490562159119239, 47.722934775549945 ], [ 0.490488646102964, 47.723104457939058 ], [ 0.490465704663301, 47.723280564290199 ], [ 0.490527188913621, 47.723638747952535 ], [ 0.490678019036516, 47.724080600929646 ], [ 0.490670999539027, 47.724291291589502 ], [ 0.490501526451601, 47.724687300480241 ], [ 0.490321778172611, 47.724964723687584 ], [ 0.490240906063025, 47.725132887265758 ], [ 0.490125880820416, 47.725755774862577 ], [ 0.490119706303278, 47.726175562235376 ], [ 0.490008724695913, 47.72634288241575 ], [ 0.489150994668863, 47.726228467999839 ], [ 0.489020580677045, 47.726187227950064 ], [ 0.488136222666268, 47.725567363598145 ], [ 0.487922506987857, 47.725446015242724 ], [ 0.487676025800444, 47.725357354709878 ], [ 0.487362778520105, 47.725278178371617 ], [ 0.486889892259437, 47.725213327328639 ], [ 0.486367906945754, 47.724765068972737 ], [ 0.48576399314714, 47.724446413161893 ], [ 0.485408753950845, 47.72433937202198 ], [ 0.485152888969149, 47.724308655764766 ], [ 0.484839251906627, 47.724293668841625 ], [ 0.484772212518528, 47.724132081067751 ], [ 0.484715197363955, 47.724046658982857 ], [ 0.484493000321992, 47.723837606077893 ], [ 0.484423615881405, 47.723664782320455 ], [ 0.48446873944142, 47.723139467037349 ], [ 0.484341075151359, 47.722180406053781 ], [ 0.48420839408249, 47.721951408207261 ], [ 0.484035791303456, 47.721774916053889 ], [ 0.483955476751289, 47.721666856728639 ], [ 0.483815439952807, 47.721444245942862 ], [ 0.483688790463501, 47.721185624938663 ], [ 0.483478433068731, 47.720939539174765 ], [ 0.483321259083434, 47.720815433776444 ], [ 0.482801099189983, 47.720538368029736 ], [ 0.482050918578923, 47.720210551195329 ], [ 0.481886294207193, 47.720101520069669 ], [ 0.481689242760148, 47.719894568102291 ], [ 0.481637078731119, 47.719384228894334 ], [ 0.481403004976735, 47.718919513015045 ], [ 0.481272284619152, 47.718540209104312 ], [ 0.481173911441252, 47.718002052247364 ], [ 0.481133553064444, 47.717615657026954 ], [ 0.4811336779235, 47.717225129311068 ], [ 0.481135907281883, 47.716133521961012 ], [ 0.481129183083923, 47.71604200871775 ], [ 0.481077361593789, 47.715869686981485 ], [ 0.481177951398291, 47.71540973746005 ], [ 0.481240194846191, 47.714899142580627 ], [ 0.481368266519578, 47.714368007724431 ], [ 0.48146310934693, 47.713029049882493 ], [ 0.481465018811645, 47.712022805365031 ], [ 0.48135276757283, 47.711440952482647 ], [ 0.481250369082892, 47.711254607838079 ], [ 0.480965681192517, 47.710892823681085 ], [ 0.480561781979772, 47.71050314349668 ], [ 0.480161070352714, 47.710147605241509 ], [ 0.479904573274789, 47.709820851459106 ], [ 0.479628752612964, 47.709518363879511 ], [ 0.479295004864747, 47.708986696570165 ], [ 0.479176294976713, 47.708855463950087 ], [ 0.478868946936202, 47.708578070331107 ], [ 0.478214818965314, 47.70808530103308 ], [ 0.47786152819325, 47.707891675581195 ], [ 0.477628927631532, 47.707737570934974 ], [ 0.477532846266971, 47.707679786744045 ], [ 0.477318233922557, 47.707584254993606 ], [ 0.476955610171914, 47.70749721579007 ], [ 0.47669982399817, 47.707479839002914 ], [ 0.476443850408233, 47.70749591390215 ], [ 0.476080264848383, 47.707581106272755 ], [ 0.475864592492526, 47.707675542544585 ], [ 0.475679775369501, 47.707796157215888 ], [ 0.475526704850533, 47.707946522240867 ], [ 0.475428779969016, 47.708097185098325 ], [ 0.475387779568583, 47.70820580112111 ], [ 0.475157259138582, 47.708146181613721 ], [ 0.474897675717118, 47.708115857669242 ], [ 0.474515404278281, 47.708100179255794 ], [ 0.474063057521399, 47.708130061026488 ], [ 0.473800911131644, 47.708184389893795 ], [ 0.47290055401316, 47.708458562304145 ], [ 0.472715804640645, 47.708545537479729 ], [ 0.472485227035948, 47.708681373234292 ], [ 0.472227153775882, 47.708899838128467 ], [ 0.472011278154523, 47.70920209808709 ], [ 0.471897515430309, 47.709448309152535 ], [ 0.471756583764675, 47.709408927283462 ], [ 0.471546955431875, 47.709370680583007 ], [ 0.471289475836427, 47.709356884647285 ], [ 0.471032884790621, 47.70937684915576 ], [ 0.470786809095348, 47.709429825056631 ], [ 0.470457410528264, 47.709566515825514 ], [ 0.470094664408791, 47.709809429878604 ], [ 0.469817294480998, 47.710033599406117 ], [ 0.469755973456403, 47.710057747730289 ], [ 0.469757212636131, 47.710018508008574 ], [ 0.469853270967762, 47.709900513651476 ], [ 0.469942506200186, 47.709725894224647 ], [ 0.469977047887221, 47.709542656803421 ], [ 0.469988541299081, 47.709216172047675 ], [ 0.470118601697143, 47.708915285821625 ], [ 0.470417503418935, 47.708406773649322 ], [ 0.470590144610899, 47.707907048566994 ], [ 0.470620465842663, 47.707670099504142 ], [ 0.470695061236159, 47.70765140778326 ], [ 0.470899799031944, 47.707689011027014 ], [ 0.47122149610458, 47.707821777457468 ], [ 0.471704632057162, 47.707948480436741 ], [ 0.472105845456101, 47.708099484421737 ], [ 0.472366669833541, 47.70814704326348 ], [ 0.472501089940897, 47.708157213885244 ], [ 0.472771042014211, 47.708149814580921 ], [ 0.472903796414348, 47.708132321515599 ], [ 0.473917433442792, 47.707962321216542 ], [ 0.474174200662013, 47.707899827934341 ], [ 0.474422282045963, 47.707819230572014 ], [ 0.474651903816455, 47.707724259732643 ], [ 0.475002146753078, 47.707508674880287 ], [ 0.475344773273639, 47.707268019666614 ], [ 0.475694733181393, 47.706894113468849 ], [ 0.475815312619912, 47.706723013834448 ], [ 0.475899769205256, 47.706435521367645 ], [ 0.475892560605194, 47.706173311065584 ], [ 0.475825280103826, 47.706004117065405 ], [ 0.475710716892328, 47.70584692398775 ], [ 0.475553214526079, 47.705707687877414 ], [ 0.475249888499508, 47.705543804174262 ], [ 0.475014127096636, 47.70547056300321 ], [ 0.474761812066436, 47.705429535020038 ], [ 0.474502502945947, 47.705422275566747 ], [ 0.474246021427632, 47.705449057975891 ], [ 0.473997131516754, 47.705510466060908 ], [ 0.473669123097272, 47.705537215972278 ], [ 0.473514537113307, 47.7055240146492 ], [ 0.473206583264866, 47.705431617379332 ], [ 0.472870867216049, 47.70538023538581 ], [ 0.472940741927569, 47.705147633545273 ], [ 0.472964158420273, 47.704872724135797 ], [ 0.472921208850955, 47.704445715092596 ], [ 0.472799963110333, 47.703951664370493 ], [ 0.472575160775794, 47.703446338375691 ], [ 0.472334966069862, 47.703081431587279 ], [ 0.472127401731529, 47.702818653387169 ], [ 0.47167120502888, 47.702311967092612 ], [ 0.470450717987553, 47.701091366731703 ], [ 0.469259164212657, 47.699932674284199 ], [ 0.468152321509198, 47.698867665417076 ], [ 0.464936054844986, 47.695834224541564 ], [ 0.46353659174405, 47.694369292156395 ], [ 0.463402833024828, 47.694035258687123 ], [ 0.463312619553389, 47.693866236645562 ], [ 0.462334611118592, 47.692742915419892 ], [ 0.461520872587381, 47.691674160515284 ], [ 0.461027056417975, 47.691070095191854 ], [ 0.460810888139882, 47.690874503336659 ], [ 0.460010579147612, 47.690411667730856 ], [ 0.45984588141817, 47.690331141862451 ], [ 0.458799118346579, 47.689898527967053 ], [ 0.455344684973498, 47.688590657572583 ], [ 0.454028755319903, 47.688030170246456 ], [ 0.450867901531272, 47.686873707077531 ], [ 0.449663564344138, 47.686458327976709 ], [ 0.449239577250382, 47.686356318404762 ], [ 0.449229396307964, 47.686050325217636 ], [ 0.449098951409034, 47.685527508466961 ], [ 0.44903818743467, 47.68517396473726 ], [ 0.448983379378719, 47.685002815909144 ], [ 0.448880534163227, 47.684842071817691 ], [ 0.44873354586563, 47.684697815856374 ], [ 0.448547975869718, 47.684575508583393 ], [ 0.448330849536815, 47.684479777087724 ], [ 0.447981901569184, 47.684392691612388 ], [ 0.447637699651824, 47.684356350025226 ], [ 0.446754777045116, 47.68434642395502 ], [ 0.446369952724436, 47.684405513806446 ], [ 0.446027616622819, 47.684538104903481 ], [ 0.445757780303987, 47.684732573550505 ], [ 0.445584096297731, 47.684971871928312 ], [ 0.445526405735115, 47.685182706244824 ], [ 0.445524719709941, 47.685201830335217 ], [ 0.445238736795586, 47.685225103139963 ], [ 0.444586115986663, 47.685142521844938 ], [ 0.44419696860827, 47.68511389504431 ], [ 0.444035875586972, 47.684782662664794 ], [ 0.44399116921212, 47.684491805144951 ], [ 0.444039960714565, 47.684209966733377 ], [ 0.444024069225025, 47.684036819424733 ], [ 0.443909236719499, 47.683788950535678 ], [ 0.443776165509867, 47.683640557930893 ], [ 0.443504104786115, 47.683456983968526 ], [ 0.443165749973508, 47.683333507234472 ], [ 0.442917104450175, 47.683289889436686 ], [ 0.442359861875697, 47.683262662446346 ], [ 0.441912322667394, 47.683176113594932 ], [ 0.441528635287589, 47.683177445732909 ], [ 0.441161405717307, 47.68325253076155 ], [ 0.440841066311432, 47.683395146830321 ], [ 0.440666892877965, 47.683522109427486 ], [ 0.440531923609144, 47.683669235273477 ], [ 0.440413450067599, 47.683915676337826 ], [ 0.440403845810341, 47.68417469724119 ], [ 0.440458700686716, 47.684343756234192 ], [ 0.440692733978438, 47.684720708112842 ], [ 0.440073365371885, 47.684774224196246 ], [ 0.439485144397589, 47.68483208003402 ], [ 0.439432775948096, 47.684645628694923 ], [ 0.439320034290158, 47.68424202728724 ], [ 0.43917425114663, 47.683881574778248 ], [ 0.439200185452765, 47.683641216133381 ], [ 0.439186451003774, 47.683551495142147 ], [ 0.439119565467551, 47.683377075592396 ], [ 0.43900257628312, 47.683215146655435 ], [ 0.438840171697838, 47.683072195800598 ], [ 0.438638860535351, 47.682953951577936 ], [ 0.43840670858772, 47.68286515183862 ], [ 0.43815301698203, 47.682809354810175 ], [ 0.437639486451827, 47.682764973806428 ], [ 0.437267693528809, 47.682700994325586 ], [ 0.436884424613013, 47.682706961767899 ], [ 0.436637194073447, 47.682752014423031 ], [ 0.436301509770493, 47.68287705963953 ], [ 0.436032416542833, 47.683061455643127 ], [ 0.435852176225412, 47.683289945984377 ], [ 0.435789086096342, 47.683457540550222 ], [ 0.435775266306925, 47.683578485803942 ], [ 0.435775106165534, 47.68359132325034 ], [ 0.435102614570983, 47.683369289991319 ], [ 0.434174925122703, 47.683042681470596 ], [ 0.432920036192226, 47.682774512204013 ], [ 0.432678766174667, 47.6827398606762 ], [ 0.431969754286526, 47.682724392315286 ], [ 0.431731831407847, 47.682734902143196 ], [ 0.431518719820981, 47.68277020497834 ], [ 0.431119600719267, 47.68246943160262 ], [ 0.430916960278217, 47.682345455611447 ], [ 0.430681119537872, 47.682252013093837 ], [ 0.430090274097076, 47.682073524954937 ], [ 0.429201138835161, 47.681913336099988 ], [ 0.427686218796292, 47.681735207249126 ], [ 0.426726526500775, 47.681770161137855 ], [ 0.425760798766317, 47.681876430653489 ], [ 0.424909783540909, 47.682053179053177 ], [ 0.424023068406846, 47.682288616355756 ], [ 0.422775272163113, 47.682557441693099 ], [ 0.422074119403483, 47.682702553996727 ], [ 0.42194540336219, 47.682729193090644 ], [ 0.421114258030738, 47.682822165834779 ], [ 0.419366570091826, 47.682896730367915 ], [ 0.418495742912306, 47.682993934541251 ], [ 0.418164167697395, 47.683061762816394 ], [ 0.417428620234243, 47.683286244825467 ], [ 0.417198037628266, 47.683376343622918 ], [ 0.41712969129049, 47.683413263851001 ], [ 0.417093891172728, 47.683432602967429 ], [ 0.41691309585731, 47.683564729017029 ], [ 0.416328098825444, 47.684103087713325 ], [ 0.416265797541739, 47.683877181666247 ], [ 0.416124649753072, 47.683580657962239 ], [ 0.416014632817374, 47.683411495671145 ], [ 0.415855784208521, 47.683261066906162 ], [ 0.415654798277117, 47.683135709015502 ], [ 0.415420143256111, 47.683040704393157 ], [ 0.414802016694522, 47.682850196877041 ], [ 0.414552937874136, 47.682808251193158 ], [ 0.414498742705675, 47.682802797306294 ], [ 0.414068557923986, 47.682762638709477 ], [ 0.413395446795661, 47.68276778933167 ], [ 0.4126341135249, 47.68281768815082 ], [ 0.411885982572615, 47.682812597964592 ], [ 0.411658406873179, 47.682839293703715 ], [ 0.411627203210252, 47.682844188916867 ], [ 0.411268704430952, 47.682954008047929 ], [ 0.411063052436525, 47.683064687268306 ], [ 0.410893580588786, 47.683200478167819 ], [ 0.410721193859283, 47.683439468845791 ], [ 0.410659706128419, 47.683702039477964 ], [ 0.410663698855363, 47.683768120994465 ], [ 0.410665074453248, 47.683790866302289 ], [ 0.410679875899607, 47.683862004342451 ], [ 0.410672073401429, 47.68387917990075 ], [ 0.410547343347429, 47.684153743537301 ], [ 0.410477496957798, 47.68435557427663 ], [ 0.410440351486402, 47.684186778881489 ], [ 0.410353366995771, 47.684021453267121 ], [ 0.410138445833786, 47.683802538355415 ], [ 0.410117989583204, 47.683788593823031 ], [ 0.410046913780244, 47.68374014033656 ], [ 0.409752673052382, 47.683565414632973 ], [ 0.409502628842245, 47.683467791135669 ], [ 0.408358755657059, 47.683129482078677 ], [ 0.40749637869607, 47.68292821809198 ], [ 0.407255210602917, 47.682903369070679 ], [ 0.406454491589833, 47.682874723008077 ], [ 0.40548072555138, 47.682938721347156 ], [ 0.405403362645174, 47.682941399791467 ], [ 0.405161349984697, 47.682889096537906 ], [ 0.404506094899051, 47.682679824311293 ], [ 0.40443301464588, 47.682659411299355 ], [ 0.403903378265134, 47.682511468749652 ], [ 0.403669681946616, 47.682462598062251 ], [ 0.403616117898838, 47.682456669513812 ], [ 0.403548842523643, 47.682449223310392 ], [ 0.402604472350645, 47.682434829689932 ], [ 0.401785863519812, 47.682535040729157 ], [ 0.401358231634322, 47.682555576392588 ], [ 0.400414094965575, 47.682350952979377 ], [ 0.399997554246103, 47.682221436797526 ], [ 0.399741468365346, 47.68216224395394 ], [ 0.399472957126082, 47.682139207369168 ], [ 0.398133016427662, 47.682132215096203 ], [ 0.397684003998566, 47.682106458569201 ], [ 0.396511675544146, 47.681711481347925 ], [ 0.395400145518123, 47.681429181150328 ], [ 0.395103470759459, 47.681401500193175 ], [ 0.393765449524394, 47.681393939164906 ], [ 0.393369359805286, 47.681378393906435 ], [ 0.392567959881433, 47.681143666955947 ], [ 0.392021379296335, 47.680833138591183 ], [ 0.391306766785403, 47.680520697194829 ], [ 0.391186150330059, 47.680473806078496 ], [ 0.390926556913436, 47.68040668923264 ], [ 0.390295172420325, 47.680293395950997 ], [ 0.389827528427412, 47.680221692404004 ], [ 0.389577935853546, 47.680199877461966 ], [ 0.38920331028163, 47.680227225792954 ], [ 0.388595052758503, 47.680396661434635 ], [ 0.388268309630501, 47.680422492854198 ], [ 0.388144299439209, 47.680408369209161 ], [ 0.387731796815696, 47.680277846563818 ], [ 0.387381466004665, 47.680165871602341 ], [ 0.387128642596272, 47.680085061126235 ], [ 0.386295185677668, 47.67980036791473 ], [ 0.385243491497008, 47.679612167505653 ], [ 0.384455096196071, 47.679487852992473 ], [ 0.383281710751909, 47.679259087293865 ], [ 0.382938246157743, 47.679141287825722 ], [ 0.382666241080236, 47.679036242051076 ], [ 0.382512469501046, 47.678976856668264 ], [ 0.382137927725495, 47.678748442878309 ], [ 0.381639324183887, 47.678556738736297 ], [ 0.381115999918829, 47.678425914721736 ], [ 0.380668614302753, 47.678347840127557 ], [ 0.379868203197305, 47.678123458992111 ], [ 0.379668382993957, 47.678079553937081 ], [ 0.378696384037879, 47.677921946927704 ], [ 0.378480382897508, 47.677899369953401 ], [ 0.377696798165107, 47.677901964624184 ], [ 0.376919898696423, 47.677931262968862 ], [ 0.376191424589538, 47.677603085146778 ], [ 0.375757345266249, 47.677389874925069 ], [ 0.374955506588511, 47.67706236336123 ], [ 0.374717661021168, 47.676985773677053 ], [ 0.373622556580656, 47.676723900118212 ], [ 0.372376059793486, 47.676515208372344 ], [ 0.371283735680798, 47.676459042766894 ], [ 0.370096540967267, 47.676476045789201 ], [ 0.369373972251848, 47.676526806242506 ], [ 0.368944571657208, 47.676577245962108 ], [ 0.368862837444852, 47.676534719519545 ], [ 0.368348154477952, 47.677962527793696 ], [ 0.36831920521756, 47.677981688697614 ], [ 0.36827733519883, 47.67801947082117 ], [ 0.368224586276279, 47.678115545611846 ], [ 0.368118111150933, 47.678300468480437 ], [ 0.368036411632515, 47.678442721377223 ], [ 0.368013988426246, 47.678491748277892 ], [ 0.368001511180849, 47.678528391042455 ], [ 0.367999690128406, 47.678565273774588 ], [ 0.368007193263804, 47.678602366478671 ], [ 0.368025130556842, 47.67864419704275 ], [ 0.368056743068703, 47.678706148287517 ], [ 0.368100121864441, 47.678772867370988 ], [ 0.368132977744933, 47.678836647743346 ], [ 0.368159040289765, 47.678902976869082 ], [ 0.368179818806032, 47.678995303786628 ], [ 0.36819287163642, 47.679082053260771 ], [ 0.368200063386653, 47.679179477697495 ], [ 0.368200017571331, 47.679288446680992 ], [ 0.368193666826926, 47.67939006906078 ], [ 0.368185673113752, 47.679497958489883 ], [ 0.368163160034511, 47.679602819241154 ], [ 0.368141135426332, 47.679697784620551 ], [ 0.368107077811643, 47.679793379615909 ], [ 0.368064317063326, 47.679903187875887 ], [ 0.368125813498748, 47.679927087097603 ], [ 0.36808469647301, 47.679976593624382 ], [ 0.368046643243813, 47.680018063923256 ], [ 0.368018047651297, 47.680057045446226 ], [ 0.367985056066287, 47.680104033175368 ], [ 0.367952996726521, 47.680159147093107 ], [ 0.367912234215339, 47.680228474266102 ], [ 0.367844917988028, 47.680349436983178 ], [ 0.367797627536855, 47.680442932720076 ], [ 0.367758551480345, 47.680532110537669 ], [ 0.367733374142843, 47.680582876487868 ], [ 0.367712104145687, 47.680635531584954 ], [ 0.367692965190138, 47.680699041608143 ], [ 0.367648870780706, 47.68080881966371 ], [ 0.367602511841502, 47.68091044149709 ], [ 0.367559350004811, 47.681001328379004 ], [ 0.367493452944448, 47.681120521690282 ], [ 0.367427333450357, 47.681244212843538 ], [ 0.367352243631625, 47.681387514629847 ], [ 0.367314942535892, 47.681467726485963 ], [ 0.367282969729426, 47.681548058343914 ], [ 0.367248199328383, 47.681631028911639 ], [ 0.367217025246653, 47.681722185673564 ], [ 0.36718220933076, 47.681833073105011 ], [ 0.367159428450383, 47.681889296368837 ], [ 0.367134738668499, 47.681930166807703 ], [ 0.367111736429699, 47.681963870631769 ], [ 0.367083539018627, 47.681994755694241 ], [ 0.367049835386792, 47.682029119029174 ], [ 0.367009560017156, 47.682061533163555 ], [ 0.366958538815024, 47.682095506373955 ], [ 0.366876123466699, 47.682144082165166 ], [ 0.366776346018109, 47.682193167344693 ], [ 0.366520395950619, 47.682326089986816 ], [ 0.366283672148835, 47.682447737787555 ], [ 0.366008847610554, 47.682584736952933 ], [ 0.365727361015991, 47.682721585352795 ], [ 0.365455242363623, 47.682857743664975 ], [ 0.365020238218557, 47.683105503576307 ], [ 0.364848740016462, 47.683202502155119 ], [ 0.364608988406857, 47.683331283047536 ], [ 0.364311241625101, 47.683473165017695 ], [ 0.364122114030393, 47.683549051751683 ], [ 0.363400106389535, 47.683802041016207 ], [ 0.363383809048412, 47.683807977455608 ], [ 0.362554061025831, 47.684108963737408 ], [ 0.36230924157481, 47.684205204896124 ], [ 0.362086800943153, 47.684307354060387 ], [ 0.361892242410151, 47.684438950601233 ], [ 0.361754836383366, 47.684547521158237 ], [ 0.361324361394238, 47.684891731925674 ], [ 0.36099598546494, 47.685140083168918 ], [ 0.360741638450653, 47.685347777809319 ], [ 0.36069713743821, 47.685384597339834 ], [ 0.36057375702973, 47.685506091343015 ], [ 0.360440011463403, 47.685459843553723 ], [ 0.359678908634163, 47.685047300499541 ], [ 0.359459039470969, 47.685124286679653 ], [ 0.358631354455356, 47.685328930490897 ], [ 0.358458736483298, 47.685152118552288 ], [ 0.357990375527502, 47.684968622281708 ], [ 0.357172485149553, 47.684437703236121 ], [ 0.356818019459118, 47.68432432054847 ], [ 0.356972771176288, 47.684135095523125 ], [ 0.356484167370772, 47.683795334592624 ], [ 0.356453578828753, 47.683766724804499 ], [ 0.356445942852175, 47.683759347463202 ], [ 0.355542667438247, 47.682987830676865 ], [ 0.355473829406833, 47.683031302355182 ], [ 0.355178546553809, 47.684036875014925 ], [ 0.354980863589864, 47.683827969976242 ], [ 0.354739235730529, 47.683564035156898 ], [ 0.35460863255229, 47.683427793360565 ], [ 0.354435944776629, 47.683252774447716 ], [ 0.354295839606362, 47.683119919510901 ], [ 0.354116388934724, 47.683000583073358 ], [ 0.35401658363148, 47.682942487726471 ], [ 0.353691533710797, 47.683284555057774 ], [ 0.353534875606769, 47.683431405507903 ], [ 0.353445680278027, 47.683535654713751 ], [ 0.353370878055611, 47.683618615773923 ], [ 0.352142064060527, 47.684864209686822 ], [ 0.352200165209107, 47.6850906712883 ], [ 0.352519467916344, 47.685455434514772 ], [ 0.352705465744152, 47.68581897898752 ], [ 0.352349444688679, 47.686139627878127 ], [ 0.352000067096865, 47.68678283431607 ], [ 0.351984697561264, 47.686796895454577 ], [ 0.351884352743565, 47.686883779869852 ], [ 0.350218197064871, 47.688205001185281 ], [ 0.349743254505744, 47.68842208166965 ], [ 0.348580945151519, 47.689211651819583 ], [ 0.348467662353526, 47.690469895932509 ], [ 0.34832900498553, 47.690602738633771 ], [ 0.346021239731647, 47.691732833664602 ], [ 0.345345488355011, 47.691990367206849 ], [ 0.342755730073897, 47.691630737625069 ], [ 0.342712723150226, 47.69166398221892 ], [ 0.342675103672966, 47.691669431200907 ], [ 0.342391580007442, 47.691577430944335 ], [ 0.342211548613371, 47.691549923050069 ], [ 0.341713569107988, 47.691532296696373 ], [ 0.34145850961631, 47.691520600310412 ], [ 0.341469074226279, 47.692344042845761 ], [ 0.341020336036571, 47.69307241160169 ], [ 0.340837251691736, 47.693536547534883 ], [ 0.340773693624477, 47.69384602967498 ], [ 0.340755931744685, 47.694245308468652 ], [ 0.340787036012634, 47.694745778498699 ], [ 0.340838507354788, 47.695037017525458 ], [ 0.340973342420184, 47.695446850684327 ], [ 0.341246694085119, 47.695982919587799 ], [ 0.340771428101028, 47.696320551873121 ], [ 0.340174734076699, 47.696718305707854 ], [ 0.339854011279332, 47.697015751197263 ], [ 0.339513896035615, 47.697459627603671 ], [ 0.339293700710427, 47.697843370625662 ], [ 0.338970256110284, 47.698546444497104 ], [ 0.338626306899288, 47.699491960596951 ], [ 0.338454840111905, 47.700153903331866 ], [ 0.338229238778102, 47.701464665183046 ], [ 0.338193026635812, 47.702288012210659 ], [ 0.338304785579175, 47.702680415026755 ], [ 0.338498240908483, 47.702987052647067 ], [ 0.33861373133036, 47.703126563798328 ], [ 0.338763953391772, 47.703250088388451 ], [ 0.339244442876295, 47.703578272032139 ], [ 0.338957877760258, 47.703677922010044 ], [ 0.338748227613305, 47.703786345413192 ], [ 0.338574348540151, 47.70392053312456 ], [ 0.338443060854973, 47.704075222657806 ], [ 0.33824239868764, 47.704377671267359 ], [ 0.338157289924845, 47.704551509645071 ], [ 0.338123026645117, 47.704884472141707 ], [ 0.338150701583604, 47.705079472903364 ], [ 0.338313397106508, 47.705423361300561 ], [ 0.338428751116331, 47.705567355012811 ], [ 0.338871683104648, 47.705944657537692 ], [ 0.339588778874718, 47.706600941664156 ], [ 0.339785344634062, 47.707634371966719 ], [ 0.339900430440133, 47.70812026848801 ], [ 0.339135340538796, 47.707503278065431 ], [ 0.338950466661271, 47.707380675315868 ], [ 0.338347718818492, 47.707112510982959 ], [ 0.338001513647287, 47.707026999138058 ], [ 0.337757064315158, 47.707007157506858 ], [ 0.337266687865641, 47.707024922885147 ], [ 0.336578566719548, 47.707119171525164 ], [ 0.335844921836654, 47.707306421864985 ], [ 0.335620284221452, 47.707404046374016 ], [ 0.335513343086485, 47.707468099445563 ], [ 0.335776523770989, 47.707163610724521 ], [ 0.336071079033574, 47.706657620444126 ], [ 0.336223172310529, 47.705982672594068 ], [ 0.336235633124276, 47.705823452368165 ], [ 0.336206278628353, 47.705665245566941 ], [ 0.335772733175254, 47.704146415928498 ], [ 0.335649383205184, 47.703926379480748 ], [ 0.335354644601834, 47.703616577093356 ], [ 0.335348867579729, 47.70358646155551 ], [ 0.335334090879643, 47.703532887070182 ], [ 0.33532910237627, 47.703518270460144 ], [ 0.335875839654723, 47.703107977314993 ], [ 0.336780536355117, 47.702109382206139 ], [ 0.337613012867788, 47.700908984773015 ], [ 0.337673567569233, 47.70075459025238 ], [ 0.337862496844979, 47.700018657368283 ], [ 0.338115634518924, 47.698243997016448 ], [ 0.338559225954942, 47.697364988424894 ], [ 0.338970974888598, 47.696480647768567 ], [ 0.33973852249626, 47.695674972303301 ], [ 0.339867327670671, 47.695500872091181 ], [ 0.339910087246607, 47.695407798134177 ], [ 0.34010643985778, 47.694453213334285 ], [ 0.340082825036728, 47.694207772557363 ], [ 0.339940248381311, 47.694324293594597 ], [ 0.339874976860159, 47.694456094648181 ], [ 0.339980524898724, 47.694746682389685 ], [ 0.339976782414364, 47.694768211207879 ], [ 0.339965539359842, 47.694779662970824 ], [ 0.339931375813125, 47.694795996730804 ], [ 0.339888948324606, 47.694817545945952 ], [ 0.33980728288847, 47.694957079174308 ], [ 0.339812373304565, 47.694988715365788 ], [ 0.339797297782526, 47.695023495041333 ], [ 0.339778090255897, 47.695060882442647 ], [ 0.33968146742546, 47.695099210073906 ], [ 0.339659835224303, 47.695265325492848 ], [ 0.339639684436809, 47.695321603625707 ], [ 0.339577375326638, 47.695474185276787 ], [ 0.339561775775868, 47.695572894299382 ], [ 0.339360847566873, 47.695562918472355 ], [ 0.339329497927176, 47.695549596900904 ], [ 0.339265945310994, 47.69554004536689 ], [ 0.339229161109136, 47.695555418708956 ], [ 0.339180070299957, 47.695656967819367 ], [ 0.339092607677395, 47.695832391894548 ], [ 0.338993347300432, 47.695976927606551 ], [ 0.338851178500202, 47.696125890092951 ], [ 0.338569025769642, 47.696326601474247 ], [ 0.338394770565168, 47.696503651644562 ], [ 0.338293621480099, 47.69660581644586 ], [ 0.338230513753507, 47.696747572235104 ], [ 0.338240886660324, 47.696860381090893 ], [ 0.338261425102065, 47.696983327761174 ], [ 0.338238246104915, 47.697126893116433 ], [ 0.338212224005045, 47.697193844309552 ], [ 0.338147333534075, 47.697344565258248 ], [ 0.338046971692831, 47.697617858229997 ], [ 0.337976674006557, 47.697823391422098 ], [ 0.337948552671291, 47.697985756360097 ], [ 0.337918368238571, 47.698029197596576 ], [ 0.337852336662563, 47.698229424336745 ], [ 0.33785690042116, 47.698324989841986 ], [ 0.337847990845096, 47.698369816035665 ], [ 0.337807242424421, 47.698704804945642 ], [ 0.33767366717676, 47.699482567030991 ], [ 0.337427240202152, 47.699848895492316 ], [ 0.337312211930519, 47.700121853680038 ], [ 0.33712021841317, 47.700520040784809 ], [ 0.336947489465173, 47.70063948644308 ], [ 0.336779428793148, 47.70111927026722 ], [ 0.336532808792367, 47.701195605642987 ], [ 0.334651661367925, 47.701703895901268 ], [ 0.333030838514663, 47.702261322296415 ], [ 0.331142494110579, 47.702858550865471 ], [ 0.329264969259563, 47.70318582225805 ], [ 0.328197680642361, 47.703211873132652 ], [ 0.323301820494391, 47.702273167755521 ], [ 0.322968581811905, 47.70226734014004 ], [ 0.322396794146224, 47.703291721838212 ], [ 0.320584498998674, 47.703620349057019 ], [ 0.319266905401634, 47.703238021126381 ], [ 0.318939118185876, 47.703097219238273 ], [ 0.318160076813538, 47.702936161227008 ], [ 0.318057034302774, 47.703339962340536 ], [ 0.317966151876037, 47.703661188296813 ], [ 0.317929103991656, 47.703893590345515 ], [ 0.317926051228921, 47.704298784005772 ], [ 0.317888038931424, 47.704656345272042 ], [ 0.31787570235763, 47.704874904624276 ], [ 0.317850563076234, 47.705056246292969 ], [ 0.31783436411498, 47.705272015252412 ], [ 0.317795684250779, 47.705536800734897 ], [ 0.317708425640608, 47.705918448558293 ], [ 0.31760074852194, 47.706281616199419 ], [ 0.317576591481352, 47.706363915892922 ], [ 0.317521133627373, 47.706749895268338 ], [ 0.317500326659252, 47.706951148968734 ], [ 0.317455414058726, 47.70718066839185 ], [ 0.317450029693054, 47.707420100377753 ], [ 0.317448791688515, 47.70773617712085 ], [ 0.317399897663212, 47.708177242409498 ], [ 0.317396803797125, 47.708344680087947 ], [ 0.317408499100496, 47.708562889706769 ], [ 0.317445180525616, 47.708761859602483 ], [ 0.317489095594039, 47.708923170867756 ], [ 0.317530843633016, 47.709074525968923 ], [ 0.317630055203953, 47.709436134464553 ], [ 0.317761882310951, 47.709839017078743 ], [ 0.317835748029609, 47.710041541244529 ], [ 0.318011838429745, 47.710386900642085 ], [ 0.31814530717635, 47.710704264793954 ], [ 0.31818344803512, 47.710821314584734 ], [ 0.31822298065899, 47.711016746943535 ], [ 0.318312817891671, 47.711246654312227 ], [ 0.318412710130158, 47.711462382804314 ], [ 0.31860268323425, 47.711982772058825 ], [ 0.318662643787453, 47.712143549757684 ], [ 0.318630740559122, 47.712194151475657 ], [ 0.318634325900754, 47.712255473234279 ], [ 0.318680918769281, 47.712363710676222 ], [ 0.318728482465757, 47.712479174998727 ], [ 0.318757573143164, 47.712537479148189 ], [ 0.318826428467945, 47.712548063504769 ], [ 0.319077691524739, 47.712911354265728 ], [ 0.31929225639546, 47.713181943927871 ], [ 0.319440959160965, 47.713329445182907 ], [ 0.319610651581295, 47.713457614486053 ], [ 0.319894313566073, 47.713628020795383 ], [ 0.320574140716344, 47.714066870126764 ], [ 0.320750593146769, 47.714193391317473 ], [ 0.321099637544313, 47.714443642654423 ], [ 0.321111181238878, 47.714452912857787 ], [ 0.321775257621635, 47.714940025054112 ], [ 0.322009864182689, 47.715130916332974 ], [ 0.322201683356578, 47.715323529206984 ], [ 0.322340346211896, 47.715485205679464 ], [ 0.322459896770355, 47.715655450209006 ], [ 0.322518315895426, 47.71576755872519 ], [ 0.322531688619758, 47.715820098406752 ], [ 0.322539255779921, 47.715855394193845 ], [ 0.322536948053365, 47.715954404991685 ], [ 0.322453394276653, 47.716183040318242 ], [ 0.322304116421223, 47.71647141024399 ], [ 0.322104813338746, 47.716852294768103 ], [ 0.321991997787043, 47.71710547595805 ], [ 0.321975792841898, 47.71724199278583 ], [ 0.321973367419326, 47.717422953418996 ], [ 0.322010948089992, 47.71773721493981 ], [ 0.32205706301897, 47.71820026706866 ], [ 0.322057439493854, 47.718378590021167 ], [ 0.32203576436995, 47.718570817322593 ], [ 0.321962116242431, 47.718947373564951 ], [ 0.321833151246799, 47.719468556631909 ], [ 0.32165476561278, 47.720096677067154 ], [ 0.321635328737144, 47.720217809859854 ], [ 0.321639277259608, 47.720325068891235 ], [ 0.321646189923613, 47.720346841013281 ], [ 0.320463584481722, 47.722392883416831 ], [ 0.320596723832369, 47.726113507074835 ], [ 0.320721486076388, 47.726339706934809 ], [ 0.320757661717441, 47.727371692388232 ], [ 0.320634572402923, 47.727748915312134 ], [ 0.320577750918063, 47.7279232257156 ], [ 0.320530422026008, 47.728068034583075 ], [ 0.32044639578497, 47.728199394876334 ], [ 0.320436519978619, 47.728209975554932 ], [ 0.320460716187798, 47.728286177900323 ], [ 0.32045512848941, 47.728370703792784 ], [ 0.320374344645593, 47.728649832271259 ], [ 0.320205564909826, 47.729218730665892 ], [ 0.3200448922814, 47.729812129892842 ], [ 0.319891792406058, 47.730334557051442 ], [ 0.31982063225727, 47.730581484842311 ], [ 0.319734528856105, 47.730886607423678 ], [ 0.319694581373998, 47.731070309533273 ], [ 0.319662975411921, 47.731220881555245 ], [ 0.319633064803686, 47.73136428782518 ], [ 0.319569249143015, 47.731836526594897 ], [ 0.319488290583231, 47.732437154204433 ], [ 0.319369553917086, 47.733416957077409 ], [ 0.319304188779265, 47.733972912867259 ], [ 0.319256201870338, 47.734289714870215 ], [ 0.31918948655463, 47.734527738064244 ], [ 0.319103293010816, 47.734728391509989 ], [ 0.318921535584671, 47.735024116737542 ], [ 0.318697443692191, 47.735338684091367 ], [ 0.318569010658139, 47.735503246912067 ], [ 0.31853033563687, 47.735555494230844 ], [ 0.318294892204671, 47.735883309231902 ], [ 0.317782336058608, 47.73659742026426 ], [ 0.317233755496455, 47.737363836756863 ], [ 0.317066706741059, 47.737552728541083 ], [ 0.316858662707985, 47.737707358958644 ], [ 0.316568504519957, 47.737875415590899 ], [ 0.316105436780463, 47.73808363353303 ], [ 0.316068435146138, 47.738102597355351 ], [ 0.315477648200937, 47.73840784654773 ], [ 0.315102890738456, 47.738664916319657 ], [ 0.314813093150939, 47.738905022642442 ], [ 0.314498717728091, 47.739182388150773 ], [ 0.314259769766663, 47.739420057885567 ], [ 0.314191178010653, 47.739509441100232 ], [ 0.314163663090401, 47.739552036912009 ], [ 0.31409634893965, 47.73969548359711 ], [ 0.314016722280767, 47.739924201759855 ], [ 0.313960571538851, 47.74019038209935 ], [ 0.313914708038941, 47.740437886564926 ], [ 0.313769448726363, 47.741200036193241 ], [ 0.313642904736523, 47.741829330834065 ], [ 0.313551789659299, 47.742285628745421 ], [ 0.313493483491168, 47.742567969381646 ], [ 0.313465196828662, 47.74283749060924 ], [ 0.313479494598903, 47.743109790568539 ], [ 0.313550822662188, 47.743601337252585 ], [ 0.313624916762135, 47.744170396071461 ], [ 0.313685148663751, 47.744776059697003 ], [ 0.313700680355075, 47.745103322240581 ], [ 0.313683453842605, 47.745338875471681 ], [ 0.313620700794158, 47.745576985885762 ], [ 0.313555028981461, 47.745714165721267 ], [ 0.313520950056156, 47.745780925955316 ], [ 0.313365064978861, 47.746012395415747 ], [ 0.31324299683764, 47.746129368456359 ], [ 0.312979080596068, 47.746358357184 ], [ 0.312712052219418, 47.746543146089202 ], [ 0.312374063446609, 47.746731708211762 ], [ 0.311978177977938, 47.746929746412896 ], [ 0.311536352912043, 47.747138435370843 ], [ 0.310404003945215, 47.747747317467393 ], [ 0.309265612138653, 47.748369558584514 ], [ 0.309453108915862, 47.748437809477707 ], [ 0.31000514385231, 47.74861170067819 ], [ 0.310305981213583, 47.748709572199701 ], [ 0.310511819068911, 47.748758430368518 ], [ 0.310622945133934, 47.748778995357242 ], [ 0.31141985989314, 47.74912781305374 ], [ 0.312007292667224, 47.749473615134939 ], [ 0.312382136591801, 47.749639822635444 ], [ 0.31303655949332, 47.749796237653428 ], [ 0.313442142126029, 47.749909113394601 ], [ 0.313959317523998, 47.750112804173945 ], [ 0.314459992017872, 47.749717238392293 ], [ 0.315056743498987, 47.749666989876935 ], [ 0.316447532031764, 47.749546692316287 ], [ 0.316892203412483, 47.749519964280445 ], [ 0.317551546972941, 47.749472939204779 ], [ 0.318320711683744, 47.749419421209872 ], [ 0.318969609098245, 47.749367646031644 ], [ 0.319149667969686, 47.749371770620201 ], [ 0.319234304442772, 47.749388118293474 ], [ 0.319367560779314, 47.749473121748146 ], [ 0.319423418229719, 47.749504119686428 ], [ 0.319482360619455, 47.749420816745079 ], [ 0.320160505377927, 47.749132856808252 ], [ 0.321269844974078, 47.748608008957596 ], [ 0.321576818416859, 47.748478149133391 ], [ 0.321652349602002, 47.748383517486403 ], [ 0.321736250203346, 47.748175606410776 ], [ 0.321832473040596, 47.747908540095217 ], [ 0.32186923422796, 47.747814822219418 ], [ 0.32188625841592, 47.747768382518807 ], [ 0.321927518367278, 47.747664861376144 ], [ 0.322058506586772, 47.747396789255632 ], [ 0.322187254833948, 47.747146676989139 ], [ 0.322390516367379, 47.74668933875077 ], [ 0.322544693870059, 47.746384873513129 ], [ 0.322703956372734, 47.746058910868477 ], [ 0.322857316038533, 47.745770636630489 ], [ 0.323036986972344, 47.745437035299538 ], [ 0.323421979946909, 47.74465784798037 ], [ 0.323702912732474, 47.744115829607161 ], [ 0.323943423673234, 47.743634124549303 ], [ 0.324522400205032, 47.743856293787687 ], [ 0.325562508602451, 47.74425470311791 ], [ 0.326301878522121, 47.744553474193864 ], [ 0.326685119475738, 47.744738739785156 ], [ 0.327358544674289, 47.745074721552079 ], [ 0.327492706297371, 47.745141725344368 ], [ 0.32847332663023, 47.74560899273559 ], [ 0.328939747418315, 47.745813259952349 ], [ 0.329285071687819, 47.745956225269317 ], [ 0.330391290704394, 47.746395722819955 ], [ 0.331585740634084, 47.746886751953703 ], [ 0.332434652435595, 47.747292444704712 ], [ 0.333310116706237, 47.74770143761183 ], [ 0.333712167166983, 47.747885306274569 ], [ 0.334173878589031, 47.748077736925048 ], [ 0.334585776781314, 47.748305053503849 ], [ 0.335059925494826, 47.748595924479332 ], [ 0.335172810531597, 47.74866153388183 ], [ 0.335302033225503, 47.748694194527864 ], [ 0.335682105980538, 47.7496376256207 ], [ 0.336228698280086, 47.751016210991644 ], [ 0.33661034652904, 47.751982186844486 ], [ 0.337029038462141, 47.753035456665998 ], [ 0.337253556771143, 47.753592604370766 ], [ 0.337424533645264, 47.754018853681501 ], [ 0.337592051450196, 47.754434217256069 ], [ 0.337720186678363, 47.754755927694681 ], [ 0.337845790576058, 47.755074878669085 ], [ 0.338023655890737, 47.75552379702772 ], [ 0.338115032627006, 47.755752814382944 ], [ 0.338257382246109, 47.756110869202651 ], [ 0.338709172821035, 47.757251334729581 ], [ 0.339060258978179, 47.758162569316312 ], [ 0.339113318624632, 47.758303360875601 ], [ 0.339331570601031, 47.758853155118665 ], [ 0.33950479941527, 47.759288456073605 ], [ 0.339769722070822, 47.759973491662471 ], [ 0.340133300512781, 47.760875999221902 ], [ 0.340424532396315, 47.761622867464432 ], [ 0.340471737746221, 47.761747315095867 ], [ 0.340508509709977, 47.761840006463579 ], [ 0.340894360498184, 47.762805153941656 ], [ 0.341337208946157, 47.763912979692492 ], [ 0.341649209200533, 47.764726054428145 ], [ 0.341829057103953, 47.765163301047991 ], [ 0.341950406785209, 47.765461435496796 ], [ 0.342367104639004, 47.766478606427462 ], [ 0.342732060858709, 47.767382032457711 ], [ 0.342991934254651, 47.768009306350173 ], [ 0.343168295511062, 47.768436564495701 ], [ 0.343519018654674, 47.769304542285354 ], [ 0.34354638420128, 47.769371803421102 ], [ 0.343947682884772, 47.770350792925612 ], [ 0.344416311882427, 47.771479896786765 ], [ 0.344731790434688, 47.772278628016949 ], [ 0.345025303609051, 47.772982302928739 ], [ 0.345205207140292, 47.773419542345287 ], [ 0.345424245262857, 47.77398284369589 ], [ 0.345644846806015, 47.774541677092429 ], [ 0.346151752922074, 47.774851245583719 ], [ 0.346456067752234, 47.775017537754039 ], [ 0.346618867585953, 47.775128391139532 ], [ 0.346806125238627, 47.775257809243186 ], [ 0.347082903517054, 47.775440585964184 ], [ 0.347106160965982, 47.775456422048173 ], [ 0.347634907122072, 47.775810604777952 ], [ 0.348556166936536, 47.776411415342857 ], [ 0.349450354656043, 47.777019710056479 ], [ 0.350086892841823, 47.777436656494487 ], [ 0.350756436005507, 47.777888566235674 ], [ 0.351540203793623, 47.778407893798175 ], [ 0.352420987916469, 47.77899154602558 ], [ 0.352462305268801, 47.779020396749516 ], [ 0.353310685693139, 47.779584397807682 ], [ 0.353989625152745, 47.780036499656134 ], [ 0.354570279822206, 47.780423339638673 ], [ 0.354766827988074, 47.780554754709755 ], [ 0.355599510527898, 47.781112979822204 ], [ 0.356389956657339, 47.781634223720218 ], [ 0.356453340653409, 47.781676178476808 ], [ 0.357135979842273, 47.782135548123833 ], [ 0.357363677798221, 47.782285672016783 ], [ 0.357505972918037, 47.782379836540088 ], [ 0.357749196997304, 47.78254021578995 ], [ 0.35837994703663, 47.782968689229627 ], [ 0.358984019363, 47.783369541419873 ], [ 0.359640058335144, 47.783800378764766 ], [ 0.360743443586999, 47.784533065609118 ], [ 0.361530076060727, 47.785052384542738 ], [ 0.362327844177074, 47.785589959052999 ], [ 0.362617987370357, 47.785774797638915 ], [ 0.362882110282914, 47.785918525804803 ], [ 0.363131867806461, 47.786028610378004 ], [ 0.363471186098356, 47.786138008953046 ], [ 0.363487024365154, 47.786141967599832 ], [ 0.363591129552719, 47.786171326892863 ], [ 0.363535592813126, 47.786294349555298 ], [ 0.363515076153039, 47.786357825171635 ], [ 0.363514541172373, 47.78636861945968 ], [ 0.363512178338498, 47.78641629423096 ], [ 0.363585435519167, 47.786609755624035 ], [ 0.363656233374977, 47.78693373803258 ], [ 0.363883185838849, 47.78785468218576 ], [ 0.364164496469436, 47.789000178991003 ], [ 0.364495751129618, 47.790567343138235 ], [ 0.364573586129932, 47.790938309654088 ], [ 0.364663386974809, 47.791364477232669 ], [ 0.3647547448429, 47.791813192744819 ], [ 0.364833073678712, 47.792174264090065 ], [ 0.364861273938681, 47.792306375016565 ], [ 0.364926437694386, 47.79260951647305 ], [ 0.364997918153511, 47.792947019818712 ], [ 0.365089269975528, 47.79355782860889 ], [ 0.36511164180901, 47.793699713991465 ], [ 0.365143265207105, 47.793897639889408 ], [ 0.36520332125766, 47.794115116268891 ], [ 0.365262399347198, 47.7943253664004 ], [ 0.365378427099258, 47.794653965290827 ], [ 0.365473988373336, 47.794964093231762 ], [ 0.365505617309601, 47.795107987627127 ], [ 0.365518692551501, 47.795221747498353 ], [ 0.365517887130116, 47.795291970121774 ], [ 0.365511920133526, 47.795358474571564 ], [ 0.365500303152531, 47.795404139941859 ], [ 0.365464699850853, 47.795475381002973 ], [ 0.36561198507689, 47.795550735126284 ], [ 0.365659234883242, 47.795676069745632 ], [ 0.365806027747192, 47.795815349579776 ], [ 0.365946492480508, 47.796136392293789 ], [ 0.365771712012516, 47.796697089148502 ], [ 0.365818523940058, 47.796723356392263 ], [ 0.365836679089742, 47.796734570892596 ], [ 0.365856925053715, 47.796757539182046 ], [ 0.365873076980332, 47.796782216451717 ], [ 0.365943902302284, 47.797106195611832 ], [ 0.366102731046076, 47.797785157499014 ], [ 0.366146509334321, 47.797980654251546 ], [ 0.367298214050813, 47.802901763404748 ], [ 0.370188938754112, 47.803450262833138 ], [ 0.370583968324734, 47.803516762109254 ], [ 0.372585700976879, 47.803852535875592 ], [ 0.374890508477713, 47.804277012608715 ], [ 0.375201877740528, 47.804332616387249 ], [ 0.37721689325528, 47.804698324062727 ], [ 0.378569746507543, 47.804939320606628 ], [ 0.385442712514606, 47.806166301350835 ], [ 0.385571256980941, 47.806188980914932 ], [ 0.386656324529673, 47.806386085320597 ], [ 0.388203335296249, 47.806676324275109 ], [ 0.39017450965153, 47.807039926952477 ], [ 0.391521698833367, 47.807289649943577 ], [ 0.39278018737361, 47.807522074851249 ], [ 0.392984231213555, 47.807559033150689 ], [ 0.394095662945681, 47.807764758435255 ], [ 0.395106415039069, 47.807952025675945 ], [ 0.39617682167077, 47.808149614733551 ], [ 0.397282980947151, 47.808354291508891 ], [ 0.398410513510423, 47.808559432184239 ], [ 0.399002684029713, 47.808668932408551 ], [ 0.399278270987262, 47.808719174146788 ], [ 0.399163571184971, 47.808877818241257 ], [ 0.398034878230959, 47.810471863545907 ], [ 0.397416181622103, 47.81131360062335 ], [ 0.396820299144251, 47.812153139777131 ], [ 0.396293827477599, 47.812885257496113 ], [ 0.39570621703794, 47.813691656259643 ], [ 0.395646119586239, 47.813772266274562 ], [ 0.395139722226865, 47.814476008938399 ], [ 0.395062319582362, 47.814582348524276 ], [ 0.394663238490111, 47.815114677900432 ], [ 0.394571333230886, 47.815244107767199 ], [ 0.394100234600562, 47.815909008713597 ], [ 0.393969490772375, 47.816094306019949 ], [ 0.393847244003073, 47.816269886635723 ], [ 0.393681933036152, 47.816505743435442 ], [ 0.39351368500191, 47.816746937682574 ], [ 0.393383157581184, 47.816927736647408 ], [ 0.393261171586832, 47.817097919450667 ], [ 0.393106174415779, 47.817314193841611 ], [ 0.392978447585479, 47.817492353154847 ], [ 0.392837641494386, 47.817691833370787 ], [ 0.392698390449349, 47.817886845512817 ], [ 0.392386753224122, 47.818352674565176 ], [ 0.39231384329817, 47.818476221814834 ], [ 0.392261219103997, 47.81856780239476 ], [ 0.392040598081284, 47.818486350593368 ], [ 0.39147994245548, 47.818277563822519 ], [ 0.391388794023047, 47.818227808475811 ], [ 0.391332634523726, 47.818173428881181 ], [ 0.390320394470654, 47.816841563699889 ], [ 0.390227859090446, 47.816765661891701 ], [ 0.390154219172244, 47.816740608910827 ], [ 0.390088956343496, 47.816735553486481 ], [ 0.390028108188795, 47.816749506885714 ], [ 0.38998351750968, 47.816786334880014 ], [ 0.389827426752658, 47.816970162827467 ], [ 0.389713244527, 47.817090087895089 ], [ 0.389505927101634, 47.817309694992723 ], [ 0.389368618746452, 47.817492139720585 ], [ 0.389276530159615, 47.817652178614253 ], [ 0.389225566944187, 47.81779152156583 ], [ 0.389192692739266, 47.817970889543581 ], [ 0.389192710437642, 47.818133880724311 ], [ 0.3892060393398, 47.818298068930375 ], [ 0.389176134759069, 47.818444184463814 ], [ 0.389109928877508, 47.818539963690434 ], [ 0.389369276468182, 47.81862228377166 ], [ 0.389413014495774, 47.818793452783105 ], [ 0.38963715404899, 47.819456711487689 ], [ 0.389846246982076, 47.819881902196023 ], [ 0.390890437468167, 47.819882640412601 ], [ 0.391957003231754, 47.819945101222977 ], [ 0.392221086671627, 47.820040127057673 ], [ 0.392407870662115, 47.820402681712366 ], [ 0.392399776154092, 47.820622223397081 ], [ 0.39239730532679, 47.820672596369192 ], [ 0.391909615960016, 47.821238064111533 ], [ 0.391869859045253, 47.821339836268635 ], [ 0.391819340415019, 47.821470184884959 ], [ 0.391595883317466, 47.821446301454138 ], [ 0.39141751699843, 47.821402709715059 ], [ 0.391209358803738, 47.821339544084289 ], [ 0.390985582281021, 47.821294940877969 ], [ 0.390853113442032, 47.821242464471183 ], [ 0.390704661680398, 47.821188731576292 ], [ 0.39061566140932, 47.821176844608317 ], [ 0.39040985624695, 47.821093018407574 ], [ 0.389930444818376, 47.82148936874755 ], [ 0.389310647779096, 47.821640355805982 ], [ 0.388800221023008, 47.822232319742746 ], [ 0.388378258995706, 47.822493067937955 ], [ 0.388397277240167, 47.8225142032028 ], [ 0.388398799557491, 47.822537650112437 ], [ 0.3883936878454, 47.822560048699962 ], [ 0.388379094039967, 47.822584937500693 ], [ 0.388346915867704, 47.822613936969233 ], [ 0.388222430744752, 47.822725526466805 ], [ 0.388109921763661, 47.822838283222204 ], [ 0.388073073381728, 47.822880686036171 ], [ 0.388062176916872, 47.822911960689936 ], [ 0.388067308284997, 47.822943592524886 ], [ 0.388088600105055, 47.822972882995288 ], [ 0.388124407372513, 47.823006098929717 ], [ 0.388167830863248, 47.8230475890675 ], [ 0.388203152086591, 47.823090699635941 ], [ 0.38823406864132, 47.823141816533607 ], [ 0.388245392295468, 47.82318349183187 ], [ 0.388256406608526, 47.823231463729307 ], [ 0.388260256494516, 47.823289181468681 ], [ 0.3882705637393, 47.823351545592303 ], [ 0.388293068774764, 47.823410579518914 ], [ 0.388325949845626, 47.823476148137637 ], [ 0.388379803971281, 47.823550288560753 ], [ 0.388453428167519, 47.823630272454515 ], [ 0.388529944881391, 47.823705818246481 ], [ 0.388615811538888, 47.823781572297783 ], [ 0.389182009824424, 47.824041822939719 ], [ 0.389573385737569, 47.824104570112844 ], [ 0.389625414209638, 47.823943639165648 ], [ 0.389908357530153, 47.823954442839927 ], [ 0.389747307276281, 47.824374990970831 ], [ 0.390040009792783, 47.824513882319636 ], [ 0.390311464270049, 47.824622583377561 ], [ 0.390486506721756, 47.824679609961713 ], [ 0.390624591493872, 47.824726808535424 ], [ 0.390681364281976, 47.824741579887224 ], [ 0.390730564431943, 47.824747177657002 ], [ 0.39070473367138, 47.824837552870932 ], [ 0.390681165773031, 47.824909068005255 ], [ 0.390631656413477, 47.82501872700967 ], [ 0.390331848274664, 47.825487514852789 ], [ 0.390068320405079, 47.82595260728133 ], [ 0.389936532657509, 47.8261856029835 ], [ 0.389851595292937, 47.826335895598604 ], [ 0.389775875141212, 47.826489094898804 ], [ 0.3886328400168, 47.827436172078151 ], [ 0.388255731775489, 47.827980675255517 ], [ 0.387400756215686, 47.829405118459512 ], [ 0.386981184407101, 47.829942367612851 ], [ 0.385743876256633, 47.830274978494984 ], [ 0.385748261978584, 47.8304848919853 ], [ 0.385773117933294, 47.830795217051708 ], [ 0.385771772146696, 47.830904147083068 ], [ 0.385765658089096, 47.831001264319475 ], [ 0.385726872577613, 47.831137274760671 ], [ 0.385695261399538, 47.831290554607662 ], [ 0.38563812563872, 47.831554926683786 ], [ 0.385619802938978, 47.831628358711995 ], [ 0.385627091496841, 47.831724874319335 ], [ 0.385671005235833, 47.8318924453976 ], [ 0.385692563224704, 47.832052313909408 ], [ 0.385688359958932, 47.832137767254061 ], [ 0.38568331602217, 47.832240311261792 ], [ 0.385628808446418, 47.832369667505219 ], [ 0.3855589778553, 47.832484274053897 ], [ 0.385456678825091, 47.832579246010617 ], [ 0.385356741465708, 47.832680574023854 ], [ 0.385350034454866, 47.832735354651327 ], [ 0.385351785340279, 47.832781318968323 ], [ 0.385352200328129, 47.832827253488226 ], [ 0.385391046713713, 47.832880348639918 ], [ 0.385417773149884, 47.832907959592255 ], [ 0.385548335701835, 47.833054050243675 ], [ 0.385667398210819, 47.833162063465643 ], [ 0.385887102469439, 47.833698254872523 ], [ 0.38578690562164, 47.833967969927635 ], [ 0.38564383356847, 47.834266445049494 ], [ 0.385273430757828, 47.834428377639135 ], [ 0.384964537630657, 47.835079749174298 ], [ 0.38464390702726, 47.835670524864071 ], [ 0.384484186928861, 47.83633422767037 ], [ 0.383904768015185, 47.837264116523002 ], [ 0.383530938182761, 47.838337266771049 ], [ 0.383246884746737, 47.838782074241202 ], [ 0.382743809206283, 47.839763188096711 ], [ 0.382562872793563, 47.841019838319362 ], [ 0.38220801661641, 47.84159813625547 ], [ 0.382106722683659, 47.84188943498846 ], [ 0.382314306339294, 47.842047153276475 ], [ 0.38275332449116, 47.842095675071803 ], [ 0.383095780239117, 47.842122229238399 ], [ 0.383397436271888, 47.84213526501474 ], [ 0.38360097145406, 47.842130802146876 ], [ 0.383907159831751, 47.842106117123109 ], [ 0.384270129650835, 47.842069190704919 ], [ 0.384428324560463, 47.842061913911955 ], [ 0.384592447466935, 47.842070077483392 ], [ 0.384862841306842, 47.842093218025276 ], [ 0.385194971398496, 47.842139346526771 ], [ 0.385665219384074, 47.842205663122073 ], [ 0.38598595379848, 47.84226594310006 ], [ 0.386166341240889, 47.842296979309843 ], [ 0.388555475899987, 47.842783350982586 ], [ 0.39026796995625, 47.843130347143102 ], [ 0.390412418949788, 47.843157875314553 ], [ 0.39099280042334, 47.843269844690219 ], [ 0.391386297282844, 47.843374051538312 ], [ 0.39213292189456, 47.843532936983195 ], [ 0.393383415712902, 47.843782262849331 ], [ 0.394224788821677, 47.84394594241887 ], [ 0.394916791708195, 47.844127908949922 ], [ 0.395212658977938, 47.844204719880565 ], [ 0.395374994482085, 47.844631554229224 ], [ 0.395548334371712, 47.844970385071498 ], [ 0.395763052093522, 47.845392979148706 ], [ 0.396000839095604, 47.845890825181954 ], [ 0.396197253405123, 47.846304907247038 ], [ 0.396364804250711, 47.846625598086526 ], [ 0.396612090291232, 47.847039007725954 ], [ 0.396788060215367, 47.847351780282324 ], [ 0.396867528618495, 47.847531840169324 ], [ 0.396930638145749, 47.847772769683374 ], [ 0.396937038287598, 47.847915188093197 ], [ 0.396950984435582, 47.848176637753596 ], [ 0.396978441435002, 47.848380756383634 ], [ 0.397039146561601, 47.848452341560247 ], [ 0.397063962289976, 47.848546542609448 ], [ 0.397340245096106, 47.849597234505431 ], [ 0.397597887351133, 47.851001400355941 ], [ 0.397732683364283, 47.851581599954088 ], [ 0.397954819306438, 47.852618479653501 ], [ 0.398262895663633, 47.854058878556891 ], [ 0.39827470414247, 47.854145586539325 ], [ 0.398290683254069, 47.854201770742804 ], [ 0.398357521372798, 47.854312211468596 ], [ 0.398555526777623, 47.854694804983453 ], [ 0.398968081764254, 47.855395523038645 ], [ 0.399312805461027, 47.855951558997681 ], [ 0.399628822131402, 47.856465535148061 ], [ 0.399937706308686, 47.856961342492291 ], [ 0.40021658852345, 47.857414161305037 ], [ 0.400484106883724, 47.857853220213073 ], [ 0.400799249750277, 47.858358168007641 ], [ 0.40086962386225, 47.858478590399685 ], [ 0.401047433358686, 47.858782389084936 ], [ 0.401268312055063, 47.85913576736656 ], [ 0.401489193689064, 47.85948914515906 ], [ 0.401754516495445, 47.859946161028674 ], [ 0.401964079213358, 47.860284879278986 ], [ 0.402155767889089, 47.860606092130645 ], [ 0.402328844216103, 47.860870162475223 ], [ 0.402572496966362, 47.861278070295526 ], [ 0.402811625284535, 47.861641754038651 ], [ 0.402851099170527, 47.861710163605913 ], [ 0.403028905366188, 47.861905000866756 ], [ 0.403267380041997, 47.862282176040665 ], [ 0.403561848519283, 47.862773149147351 ], [ 0.40364695574193, 47.8629209095986 ], [ 0.403826467482478, 47.863327394131261 ], [ 0.403930352788037, 47.863638555379609 ], [ 0.404203479283213, 47.864511754316929 ], [ 0.404493255366463, 47.865482571239824 ], [ 0.404521988720611, 47.86560657152522 ], [ 0.405896259916521, 47.866237584576083 ], [ 0.406219215981874, 47.866557189104306 ], [ 0.410640748576416, 47.869958685866543 ], [ 0.411090864463426, 47.870416151654865 ], [ 0.412072493989981, 47.871281546273856 ], [ 0.412164563562754, 47.871287179098779 ], [ 0.412315215118561, 47.871326520766935 ], [ 0.412575272941312, 47.871427705929783 ], [ 0.413053422140332, 47.871639954626779 ], [ 0.414748782139463, 47.872608405928965 ], [ 0.415381081145468, 47.873008636207231 ], [ 0.415872024391123, 47.873398545643767 ], [ 0.416420798664076, 47.873865365119002 ], [ 0.416687527447915, 47.874077444285156 ], [ 0.417239052741905, 47.874515505243416 ], [ 0.41757816529046, 47.874780501870532 ], [ 0.417815464873581, 47.874964916561204 ], [ 0.418475030679938, 47.875493593975492 ], [ 0.4192041562749, 47.876188581474551 ], [ 0.419553206503511, 47.876524926574632 ], [ 0.419660078539618, 47.876666848208636 ], [ 0.419753572865514, 47.876753547509907 ], [ 0.420172426652648, 47.877140950797056 ], [ 0.421121304554413, 47.878052363985859 ], [ 0.421467355613972, 47.878395840228599 ], [ 0.422195637200049, 47.879192539316158 ], [ 0.422822374180595, 47.87982041830179 ], [ 0.42299893348096, 47.880016093340046 ], [ 0.423396410914266, 47.880458842080508 ], [ 0.42356982011879, 47.880664351933916 ], [ 0.424218200277843, 47.881371036998694 ], [ 0.424731692570739, 47.881961300241464 ], [ 0.424866408040866, 47.882109229931608 ], [ 0.426451627519658, 47.883842263118758 ], [ 0.427787968517737, 47.885381621481017 ], [ 0.429262368026877, 47.88705725257082 ], [ 0.430206982929407, 47.888118861291588 ], [ 0.431137241338031, 47.889145929622472 ], [ 0.43201811938145, 47.890115180475931 ], [ 0.432089400851285, 47.890191477327718 ], [ 0.432940347347465, 47.891115943097589 ], [ 0.433637453368224, 47.891872256052871 ], [ 0.433968017661869, 47.892207246217069 ], [ 0.434033313244831, 47.892269003666172 ], [ 0.434097315030391, 47.892329832342 ], [ 0.434130870776685, 47.892355778429604 ], [ 0.434249479683506, 47.892450216875851 ], [ 0.434590617246613, 47.892677382726731 ], [ 0.435032132974227, 47.892960767934298 ], [ 0.435516224937172, 47.89327749763887 ], [ 0.436097851668113, 47.893653984276575 ], [ 0.436618449842187, 47.893991316258486 ], [ 0.437125896993309, 47.89432385633836 ], [ 0.437512568200749, 47.894579020463638 ], [ 0.437732654924027, 47.894707185999792 ], [ 0.437920781493099, 47.894804038381537 ], [ 0.438245099589839, 47.894964192715548 ], [ 0.438405010382922, 47.895063129750675 ], [ 0.438507156921624, 47.895138294866257 ], [ 0.439521572360439, 47.896175226795698 ], [ 0.439827438156945, 47.896496152796871 ], [ 0.43998345961579, 47.89664812861826 ], [ 0.440314274206251, 47.896951588465697 ], [ 0.44060660715042, 47.897247905072952 ], [ 0.440712810206494, 47.897350169677694 ], [ 0.440826351938661, 47.897439087571691 ], [ 0.441200134718126, 47.897629125500494 ], [ 0.442850094018165, 47.898455668350877 ], [ 0.443595069812722, 47.898778945161389 ], [ 0.444198500560206, 47.899010892175568 ], [ 0.445054427134374, 47.899338375882095 ], [ 0.445284737598403, 47.899449640286811 ], [ 0.445415979101958, 47.899560549086424 ], [ 0.44557193043322, 47.899770143123568 ], [ 0.445946689031112, 47.900302352251366 ], [ 0.445975463658362, 47.900344398429496 ], [ 0.446141943517645, 47.900585735875275 ], [ 0.446338391749348, 47.900677352070765 ], [ 0.446789411141115, 47.900877155067114 ], [ 0.447211657901252, 47.90103491045754 ], [ 0.4479368447526, 47.901381138831638 ], [ 0.44836888937698, 47.901585925502154 ], [ 0.448759126263532, 47.901769091853311 ], [ 0.449079681917063, 47.901897616962245 ], [ 0.449618362648327, 47.902084906455705 ], [ 0.449900648095092, 47.902201792531109 ], [ 0.450186863268076, 47.902292650657081 ], [ 0.450701345479554, 47.90245419719249 ], [ 0.451284309770929, 47.902667652560879 ], [ 0.451772864469022, 47.90283943648344 ], [ 0.451825638305906, 47.902855889425226 ], [ 0.452241228017225, 47.902985567944121 ], [ 0.452624239935854, 47.903124442763918 ], [ 0.45281984587238, 47.903206124490822 ], [ 0.453008979308742, 47.903311076693107 ], [ 0.453311171405631, 47.903487814632136 ], [ 0.453631791489615, 47.903699167885044 ], [ 0.453976536361159, 47.903910142974723 ], [ 0.454213056273703, 47.904032328579852 ], [ 0.454393737237588, 47.904118186007985 ], [ 0.454558969904438, 47.904191102131435 ], [ 0.454924476589188, 47.904332290753715 ], [ 0.456205103045437, 47.904826470865913 ], [ 0.456373490099815, 47.904889547918749 ], [ 0.458272294573367, 47.905590689632128 ], [ 0.458713425303799, 47.905719096351127 ], [ 0.459264428265174, 47.905846277584089 ], [ 0.459747332954273, 47.905941368084136 ], [ 0.459917578857936, 47.905965761632821 ], [ 0.460204125938507, 47.90599447193641 ], [ 0.460070464302794, 47.906604771985762 ], [ 0.459969884076685, 47.907083424546457 ], [ 0.459815444731171, 47.907568115012403 ], [ 0.459696926685165, 47.907833878089789 ], [ 0.459607369325139, 47.908138085661044 ], [ 0.459551715308546, 47.90829355578947 ], [ 0.465148440934545, 47.908852135632941 ], [ 0.466010202170532, 47.909091342771426 ], [ 0.468505378947527, 47.910435477669388 ], [ 0.470456045927648, 47.911460782006536 ], [ 0.470745176870132, 47.910958272479135 ], [ 0.470941655734486, 47.910629348764829 ], [ 0.471129804742383, 47.910306548245607 ], [ 0.471226206683955, 47.910138444830224 ], [ 0.471404601307667, 47.909823537554487 ], [ 0.471550217838888, 47.909578157043107 ], [ 0.471659310234839, 47.909424733318822 ], [ 0.471786917953485, 47.909276210318936 ], [ 0.471953880157381, 47.90911682910744 ], [ 0.472168299553643, 47.908917050036656 ], [ 0.472281850332731, 47.908810543713081 ], [ 0.472328655868941, 47.908755725229128 ], [ 0.472382008694746, 47.908788388682787 ], [ 0.472447764752689, 47.908869941955281 ], [ 0.472486892244623, 47.90894822064957 ], [ 0.472758755719156, 47.909004496754747 ], [ 0.473371315236118, 47.909105922471682 ], [ 0.474159437933676, 47.909204819176566 ], [ 0.474330824757023, 47.909233718068926 ], [ 0.475338000323045, 47.909401248844077 ], [ 0.476056549561024, 47.90947072346551 ], [ 0.476475290472405, 47.909142066860156 ], [ 0.478269631544772, 47.908611555444317 ], [ 0.478986887356167, 47.908426165578319 ], [ 0.479545427145695, 47.908452564577658 ], [ 0.480749839185135, 47.90847121180088 ], [ 0.482977029677011, 47.90883682976483 ], [ 0.483612433094754, 47.907552946867931 ], [ 0.484017190700018, 47.906952938386787 ], [ 0.484243169397653, 47.906536384807552 ], [ 0.484316497921078, 47.906401992801364 ], [ 0.484372590128184, 47.9064617220332 ], [ 0.484771767653652, 47.906826840985886 ], [ 0.485054579075576, 47.907076012871045 ], [ 0.485248859548497, 47.907215237409147 ], [ 0.485418472704186, 47.907309812736528 ], [ 0.485878651114182, 47.907546573747467 ], [ 0.486101609563888, 47.907645892058611 ], [ 0.48647178307413, 47.907832100712895 ], [ 0.486769893580031, 47.907956437500722 ], [ 0.487116679164728, 47.908071010332179 ], [ 0.487808600990713, 47.908278507495893 ], [ 0.488895819038329, 47.908651128476343 ], [ 0.490043233307704, 47.909053839225997 ], [ 0.490701477155297, 47.909266001207619 ], [ 0.49108975421442, 47.909381448638371 ], [ 0.491191835887666, 47.909403439177673 ], [ 0.491257392286672, 47.909404840015242 ], [ 0.491307361778224, 47.909396003190864 ], [ 0.491356078405864, 47.909385338744428 ], [ 0.495854397191307, 47.910779765517901 ], [ 0.504181733892763, 47.91180976645979 ], [ 0.504246516430801, 47.911856163995097 ], [ 0.504581131987392, 47.911860575022651 ], [ 0.503568006070572, 47.906378944971024 ], [ 0.504015328498641, 47.906406464444721 ], [ 0.504951028015724, 47.90638583574956 ], [ 0.505022059174334, 47.906384644094857 ], [ 0.505468582043848, 47.906343709716936 ], [ 0.505953972742403, 47.906245072608471 ], [ 0.506356783089457, 47.906165388951955 ], [ 0.506554413454939, 47.906148877143622 ], [ 0.506844226634985, 47.90605148482981 ], [ 0.507305813182903, 47.9058893078968 ], [ 0.507828344482184, 47.905741028731093 ], [ 0.508272197713716, 47.905671214004514 ], [ 0.508853872102101, 47.905632234977816 ], [ 0.509518700245435, 47.905590515092719 ], [ 0.510435316508367, 47.905576641490718 ], [ 0.510649701967519, 47.905573984327788 ], [ 0.510935340359136, 47.905536821084972 ], [ 0.511161934543842, 47.905530820198585 ], [ 0.511443493133399, 47.905552095904895 ], [ 0.51184072369592, 47.905591129545428 ], [ 0.511916387989007, 47.905605338912473 ], [ 0.512010497893807, 47.905597428896151 ], [ 0.512111634089177, 47.905582464426431 ], [ 0.512241527239756, 47.905582515818324 ], [ 0.512596570105008, 47.905635959849299 ], [ 0.513033219715531, 47.905691131582607 ], [ 0.513335036102618, 47.905765956016197 ], [ 0.5134477382022, 47.905789952984648 ], [ 0.513479350579506, 47.905772614359222 ], [ 0.513537856155586, 47.905724330992008 ], [ 0.513588882614842, 47.905664183871757 ], [ 0.513725612367737, 47.905718402972511 ], [ 0.513786972300296, 47.905752117181912 ], [ 0.513947656611538, 47.905809544537654 ], [ 0.514231662152554, 47.905892993542878 ], [ 0.514616541965358, 47.905995685205646 ], [ 0.514904478762358, 47.906081016574788 ], [ 0.515227990086973, 47.90617880547164 ], [ 0.516891815391931, 47.904047625968339 ], [ 0.517770221886439, 47.903790677513754 ], [ 0.518723302623241, 47.903311099219309 ], [ 0.519197656305852, 47.903332829777902 ], [ 0.519328059039179, 47.902003880593547 ], [ 0.51948082358461, 47.901628936773008 ], [ 0.517524532314264, 47.900540405073741 ], [ 0.516996074881119, 47.900502215778381 ], [ 0.516828816921195, 47.900385225951744 ], [ 0.516659422450686, 47.900285298477307 ], [ 0.516471637970137, 47.900177778371678 ], [ 0.516387004453549, 47.900126465120529 ], [ 0.516200937564765, 47.900010877185082 ], [ 0.515898967578845, 47.899854118537604 ], [ 0.515525313376108, 47.899684136509265 ], [ 0.515163247024675, 47.899495489866275 ], [ 0.514839090543871, 47.899326553299076 ], [ 0.514571401708006, 47.899181321730559 ], [ 0.514328287004671, 47.899054618141449 ], [ 0.51346762253291, 47.898305254206377 ], [ 0.513029931602331, 47.89795922688392 ], [ 0.512322855337424, 47.897476028358 ], [ 0.510628712758896, 47.896542397359767 ], [ 0.510686953419594, 47.896214080476426 ], [ 0.510673011717403, 47.896168764022015 ], [ 0.5106466523506, 47.896131287946844 ], [ 0.51062263068628, 47.896101064768608 ], [ 0.510579136205498, 47.896057822768313 ], [ 0.510499919697996, 47.895976906057463 ], [ 0.510479067171071, 47.895964758375392 ], [ 0.510290504066738, 47.895788779394479 ], [ 0.510088735491405, 47.895608918269957 ], [ 0.509938360374026, 47.895475167869392 ], [ 0.509844137379583, 47.895400235203546 ], [ 0.509701607154153, 47.895299065881524 ], [ 0.509986798603447, 47.895298813460855 ], [ 0.510227640272731, 47.895302121676892 ], [ 0.51043792945636, 47.895300279288527 ], [ 0.510568092730976, 47.895294035882095 ], [ 0.510688019634183, 47.895277670659226 ], [ 0.510862080719597, 47.895248947105351 ], [ 0.51096094420743, 47.895224931587911 ], [ 0.511089992574356, 47.895185348575012 ], [ 0.511235681587782, 47.895133512445753 ], [ 0.511366910436259, 47.895075967051596 ], [ 0.511497433961534, 47.895004900322348 ], [ 0.511607641170007, 47.894938805230083 ], [ 0.511733699321055, 47.894848734843293 ], [ 0.511866992761994, 47.894747112296308 ], [ 0.512059907096132, 47.89460173260224 ], [ 0.512370314528333, 47.894348992109258 ], [ 0.512626448732049, 47.894140121455514 ], [ 0.512757232242685, 47.89403484307347 ], [ 0.512900558502592, 47.89391902534053 ], [ 0.513057343458865, 47.89380169177992 ], [ 0.513244564011432, 47.893663392882338 ], [ 0.51345640626093, 47.893513909912599 ], [ 0.513684339369542, 47.893363867020071 ], [ 0.51388287804106, 47.893241113966489 ], [ 0.514013351567408, 47.893170943886133 ], [ 0.514186087120883, 47.893084560855449 ], [ 0.514395439589927, 47.892988148054286 ], [ 0.514599062360739, 47.892899717301724 ], [ 0.514641408656494, 47.892881705285063 ], [ 0.51480260023618, 47.892813085239936 ], [ 0.515044765764601, 47.892702059032189 ], [ 0.51525754793112, 47.892589509865978 ], [ 0.515506240078372, 47.89245340926194 ], [ 0.515749244339898, 47.892324391081509 ], [ 0.515885357644257, 47.892248035445625 ], [ 0.516060719993291, 47.892162605750023 ], [ 0.516306261072987, 47.892065154691778 ], [ 0.516697812713026, 47.891908663904822 ], [ 0.51713939476267, 47.891741524837677 ], [ 0.517562081480431, 47.891577586155073 ], [ 0.517844485215992, 47.891464704169799 ], [ 0.518171275749943, 47.891347357649828 ], [ 0.518625221807177, 47.891173271263405 ], [ 0.519094170936365, 47.890993197401983 ], [ 0.519488381324112, 47.890836753750932 ], [ 0.519877281692967, 47.890679296184743 ], [ 0.520148850268981, 47.890568881077996 ], [ 0.520443532025706, 47.890450849941764 ], [ 0.520670081203554, 47.890358391237918 ], [ 0.520820389955902, 47.890293134910664 ], [ 0.520994400493224, 47.890207669494629 ], [ 0.521168074481106, 47.890129400040294 ], [ 0.521385595088111, 47.890029545979012 ], [ 0.521649216719843, 47.889917158830592 ], [ 0.521947861765493, 47.889800108127695 ], [ 0.522289182466495, 47.889657845618238 ], [ 0.522642747818382, 47.889511338539378 ], [ 0.522943691055476, 47.889373624340529 ], [ 0.52312342243129, 47.889280172870215 ], [ 0.52316459341114, 47.889258531398454 ], [ 0.523346542583221, 47.889146217691128 ], [ 0.523635786273897, 47.888972238282555 ], [ 0.523840054591748, 47.888840585653064 ], [ 0.524080016688453, 47.888689876586881 ], [ 0.524325243046572, 47.888541078924021 ], [ 0.524571973163457, 47.888388710824138 ], [ 0.52480921446517, 47.88823884333906 ], [ 0.524867103342813, 47.888203147245896 ], [ 0.525189481909011, 47.888007352580864 ], [ 0.525556661742708, 47.887798095050229 ], [ 0.525873476303224, 47.887606683322943 ], [ 0.526245832430217, 47.88740113448803 ], [ 0.526473242199788, 47.887260961066922 ], [ 0.526643766418872, 47.887163708651734 ], [ 0.526825323953309, 47.887059485197156 ], [ 0.527175524354329, 47.886840860782428 ], [ 0.527498472583856, 47.886632466169615 ], [ 0.527849546932708, 47.886394949511086 ], [ 0.528211400453182, 47.886155858044852 ], [ 0.528295740704607, 47.886098207080849 ], [ 0.528310953701724, 47.886087722520095 ], [ 0.528345559126586, 47.886063239759707 ], [ 0.528449333337662, 47.885990690948034 ], [ 0.528540359640592, 47.885933180626751 ], [ 0.528663648732557, 47.885872748003791 ], [ 0.528803571405363, 47.88580005971766 ], [ 0.529086715887566, 47.885670059173364 ], [ 0.529174187287655, 47.885631382232482 ], [ 0.529186474207989, 47.885626238441731 ], [ 0.529373661618185, 47.88554464006608 ], [ 0.529983907162396, 47.885289162502119 ], [ 0.530120440562537, 47.885231708400532 ], [ 0.530199677498955, 47.885197359479328 ], [ 0.530220155365325, 47.885188786312945 ], [ 0.530519466151911, 47.885056421399085 ], [ 0.530790064878462, 47.884936957825957 ], [ 0.530996513200684, 47.884844056817087 ], [ 0.531321897686322, 47.884697831858098 ], [ 0.531636707581182, 47.884548682352161 ], [ 0.531903665684383, 47.884421035976942 ], [ 0.532184622367429, 47.884280177183257 ], [ 0.532302721604729, 47.884216030049082 ], [ 0.532371382848669, 47.884178756067314 ], [ 0.532531062809048, 47.884083968565662 ], [ 0.532715565386429, 47.883973495299962 ], [ 0.532928776832567, 47.883821305846325 ], [ 0.533117791006316, 47.883671308590358 ], [ 0.533341029414418, 47.883476109311246 ], [ 0.533569615182929, 47.883281022011403 ], [ 0.533797071232955, 47.8831102217232 ], [ 0.534014204291418, 47.882959913604587 ], [ 0.53417784708734, 47.882837294366155 ], [ 0.534338981733888, 47.882711020548349 ], [ 0.534533545736899, 47.882556635621143 ], [ 0.534744113591831, 47.882403487013931 ], [ 0.534942478170095, 47.882253683345645 ], [ 0.535101520391379, 47.882143572015799 ], [ 0.535231227714436, 47.882059856746245 ], [ 0.535356213190155, 47.881991349206714 ], [ 0.535513709047257, 47.881914520187628 ], [ 0.535720179106167, 47.881820711167059 ], [ 0.536043860935705, 47.881681641076433 ], [ 0.536351327635207, 47.88154583133587 ], [ 0.536649348869451, 47.881411623355071 ], [ 0.536991035249375, 47.881259422473313 ], [ 0.537360925972383, 47.881105111302716 ], [ 0.537416793981693, 47.881083773424628 ], [ 0.537824624170546, 47.880919452064127 ], [ 0.537909115045474, 47.880887009161484 ], [ 0.538063095450706, 47.880828111336072 ], [ 0.538337625534154, 47.880709613770243 ], [ 0.538719248339185, 47.880533034205492 ], [ 0.539003552590601, 47.880405736002139 ], [ 0.539041827419481, 47.880388530456855 ], [ 0.539261948888864, 47.880288698786174 ], [ 0.539489088853323, 47.880181810574129 ], [ 0.539699806737542, 47.88008268133521 ], [ 0.539720364451873, 47.880072307405563 ], [ 0.539943449385303, 47.879966233730869 ], [ 0.540095333909237, 47.879894683576971 ], [ 0.540107660114829, 47.879888639085451 ], [ 0.54015144956168, 47.879867947140568 ], [ 0.540337346000789, 47.87978450389172 ], [ 0.540516264397095, 47.879707216990333 ], [ 0.540752259576664, 47.879611316975549 ], [ 0.541002837694662, 47.879518423345651 ], [ 0.541238331352916, 47.879433316832412 ], [ 0.54159904970743, 47.87930311162912 ], [ 0.541985838368684, 47.879159044854298 ], [ 0.542256844123122, 47.879058472810151 ], [ 0.542646345135519, 47.878913560311631 ], [ 0.543050885534764, 47.878761758159222 ], [ 0.54327834972016, 47.878676479522781 ], [ 0.543522191713321, 47.878584340024595 ], [ 0.543747479397363, 47.878488209977171 ], [ 0.543947111122582, 47.878396944968642 ], [ 0.544014086721748, 47.878366832399252 ], [ 0.544156185276463, 47.878304076433402 ], [ 0.544335592293729, 47.878215989131704 ], [ 0.544505430861512, 47.878132203390614 ], [ 0.545029610089904, 47.877882051949165 ], [ 0.545300430696396, 47.877756257618515 ], [ 0.545587627995397, 47.87762360194489 ], [ 0.54614125505572, 47.877373161251207 ], [ 0.546463247295235, 47.877211517541255 ], [ 0.546666284490246, 47.877075298599934 ], [ 0.546780962241563, 47.876997559592382 ], [ 0.547213426624739, 47.87667524885007 ], [ 0.547712939762212, 47.876321022646735 ], [ 0.54788012637072, 47.876207463110539 ], [ 0.548354068409928, 47.875885114716169 ], [ 0.549068168033666, 47.875404806656569 ], [ 0.549492808441702, 47.875135448702153 ], [ 0.549710661997836, 47.874996832866117 ], [ 0.550216620437826, 47.874647233001589 ], [ 0.550972198227118, 47.87410835249959 ], [ 0.551828306935027, 47.873507635721062 ], [ 0.552288996705458, 47.873181393742357 ], [ 0.552611846279393, 47.872971129266496 ], [ 0.552873834530887, 47.87280371474958 ], [ 0.553111061500216, 47.872679903489257 ], [ 0.553203924874611, 47.872639520785711 ], [ 0.553393703611608, 47.872557939249361 ], [ 0.554116281156601, 47.872298379377909 ], [ 0.555215944235292, 47.871899906274464 ], [ 0.555221416359306, 47.871897319065532 ], [ 0.555908496424949, 47.872205168972215 ], [ 0.55642843900871, 47.872364567347411 ], [ 0.556843602784133, 47.872532586405264 ], [ 0.55715496699511, 47.87265882461147 ], [ 0.557213252231381, 47.872846423364102 ], [ 0.557725182979318, 47.873005648909214 ], [ 0.558530335070273, 47.873249310021045 ], [ 0.561989503622328, 47.873751637874598 ], [ 0.56359022101704, 47.873865926140034 ], [ 0.563440500508784, 47.875379104611085 ], [ 0.564448598696287, 47.875313595978518 ], [ 0.564749091487164, 47.875298223469471 ], [ 0.564833879994094, 47.875317091012022 ], [ 0.564900997967893, 47.875341894607146 ], [ 0.565026476043522, 47.875349000776822 ], [ 0.56558695472034, 47.875355228690374 ], [ 0.56626881816549, 47.875370274665599 ], [ 0.566605677000282, 47.875379062304638 ], [ 0.566734878090548, 47.875392546702628 ], [ 0.566883022540236, 47.875430734773765 ], [ 0.566979905171917, 47.875477764149309 ], [ 0.567115334209392, 47.875559808165747 ], [ 0.567282542303226, 47.875678527175673 ], [ 0.567657934572888, 47.875956431741642 ], [ 0.567993693519828, 47.876193895627637 ], [ 0.568354613162357, 47.876437282332738 ], [ 0.56863673219973, 47.876618707793902 ], [ 0.568797302687652, 47.876736386483174 ], [ 0.568883223632141, 47.876818302841237 ], [ 0.568918046470672, 47.876905463255731 ], [ 0.568931865636445, 47.877012897794387 ], [ 0.5689054479046, 47.87712219986301 ], [ 0.568837269316565, 47.87726665284994 ], [ 0.568749176359077, 47.877436804901862 ], [ 0.568726978002336, 47.877483165996196 ], [ 0.569078198708322, 47.87776326566344 ], [ 0.569544703348722, 47.878097975603673 ], [ 0.570115572538472, 47.878462757304881 ], [ 0.570426549535048, 47.878657381150383 ], [ 0.570677027476151, 47.87885795480102 ], [ 0.571022980539146, 47.879165851462162 ], [ 0.571421643534326, 47.8796089979462 ], [ 0.571558592140765, 47.879745992294353 ], [ 0.571572396122593, 47.879766086836774 ], [ 0.571606072985747, 47.879819907553617 ], [ 0.571617594201118, 47.879919190281697 ], [ 0.571592044907898, 47.880068128368421 ], [ 0.571587889600784, 47.880100456865769 ], [ 0.571595090982478, 47.880235666278821 ], [ 0.571620190943283, 47.880447780293267 ], [ 0.571594683515952, 47.880712871097444 ], [ 0.571589007520785, 47.880954061414457 ], [ 0.571675024170404, 47.881268280982418 ], [ 0.571698889047008, 47.881331802973179 ], [ 0.573475046381757, 47.881302815735253 ], [ 0.574434644805737, 47.881451412384614 ], [ 0.575292386362264, 47.881778876915234 ], [ 0.575827403422676, 47.88178722956031 ], [ 0.576184566184215, 47.881117506475036 ], [ 0.576479399374795, 47.881197428905978 ], [ 0.577119528302181, 47.88113141261816 ], [ 0.578117872271726, 47.881281679422358 ], [ 0.579102228481148, 47.881680159195618 ], [ 0.579708055198286, 47.88219057668023 ], [ 0.58045284565302, 47.88223654930799 ], [ 0.581296906805187, 47.882307073303359 ], [ 0.581687982071136, 47.882136509212998 ], [ 0.581688319508221, 47.882007083549823 ], [ 0.581607471066604, 47.881774739875105 ], [ 0.58197114933433, 47.881588842416036 ], [ 0.582323998735888, 47.881319408714994 ], [ 0.582576911091788, 47.88105324466104 ], [ 0.582761009269535, 47.880748172655238 ], [ 0.582824970587592, 47.880601032549059 ], [ 0.582893336576509, 47.880349206467343 ], [ 0.582949811924909, 47.879925338434155 ], [ 0.582968556451762, 47.878986792144438 ], [ 0.582948965622649, 47.878766108624518 ], [ 0.582876733385036, 47.878563785713112 ], [ 0.583217158350522, 47.87847052667577 ], [ 0.583445206152145, 47.878371988218063 ], [ 0.583639049576614, 47.878244548949674 ], [ 0.583757571838646, 47.87813038613573 ], [ 0.584158185083638, 47.877916628049476 ], [ 0.584721401435354, 47.877472271360041 ], [ 0.584851444863586, 47.878520222298754 ], [ 0.584880538316334, 47.878701173682671 ], [ 0.584954558960958, 47.878872877023518 ], [ 0.585077569727372, 47.879031349649665 ], [ 0.585244717136352, 47.87917033730087 ], [ 0.585449405941773, 47.879284356612558 ], [ 0.585683558513016, 47.879368906678323 ], [ 0.585937935782468, 47.879420652164846 ], [ 0.586181474968806, 47.879436914559655 ], [ 0.586331477587513, 47.879540300333275 ], [ 0.586296827653381, 47.879496338437235 ], [ 0.586245041026612, 47.879398930606932 ], [ 0.586320274387048, 47.879333848738767 ], [ 0.58639917996703, 47.879305758669261 ], [ 0.586524489806635, 47.879257913862034 ], [ 0.586611798083116, 47.879192179774435 ], [ 0.586727794683084, 47.879025290694379 ], [ 0.586700456554257, 47.878890569153278 ], [ 0.586698086879675, 47.878736552364145 ], [ 0.58679902279435, 47.878635982895211 ], [ 0.586804815669023, 47.878537958644714 ], [ 0.586620311611627, 47.878474737683959 ], [ 0.586502444436929, 47.878358863183813 ], [ 0.586474546856125, 47.878207022441785 ], [ 0.586546351111467, 47.878099551165214 ], [ 0.58670305453904, 47.87806765868266 ], [ 0.586795148751938, 47.877984915321377 ], [ 0.58677192783703, 47.877789051286797 ], [ 0.586708429529638, 47.877595960423776 ], [ 0.586537545482628, 47.877527616962666 ], [ 0.586560920800903, 47.877337213227861 ], [ 0.58657199266131, 47.877211385124639 ], [ 0.586647065741521, 47.877031949076844 ], [ 0.58673214562813, 47.876956264669147 ], [ 0.586653344096365, 47.876834890832548 ], [ 0.586658232516947, 47.876668417548004 ], [ 0.586608042298349, 47.87653592693772 ], [ 0.586546905205576, 47.876320374384299 ], [ 0.586654774309731, 47.876096592876678 ], [ 0.586977727636264, 47.875734071304407 ], [ 0.587297536024352, 47.875529054107993 ], [ 0.587819433825283, 47.875353402134685 ], [ 0.588088617492206, 47.875290505558439 ], [ 0.588383490911885, 47.875221833610581 ], [ 0.58859593587397, 47.875082136131461 ], [ 0.588906617936453, 47.874989477021316 ], [ 0.589505146025143, 47.874982866647223 ], [ 0.590125486233382, 47.875055936324728 ], [ 0.590472604409817, 47.875045057372105 ], [ 0.590808197633448, 47.874963709661344 ], [ 0.590882160062853, 47.874897134992821 ], [ 0.590467600591483, 47.874852434060053 ], [ 0.590222112407159, 47.874849306612525 ], [ 0.590852906009971, 47.874542225434418 ], [ 0.591052093591633, 47.874395242720006 ], [ 0.591241169771909, 47.874220233491023 ], [ 0.591241280688513, 47.874090210845537 ], [ 0.591201614641854, 47.873961539840309 ], [ 0.591182148893627, 47.873889108276657 ], [ 0.591106310846673, 47.873731782201901 ], [ 0.590940248473863, 47.873557296737872 ], [ 0.590804418002426, 47.873365423798276 ], [ 0.59070707888217, 47.873298596223108 ], [ 0.590573271001641, 47.873121170884218 ], [ 0.590493741531293, 47.872986278468602 ], [ 0.590399250590952, 47.872886194300008 ], [ 0.590355271084582, 47.872823163460751 ], [ 0.590260413359815, 47.87273117522605 ], [ 0.590146653602391, 47.872583874252328 ], [ 0.590122597370524, 47.872553666930926 ], [ 0.5899725808002, 47.871435889686545 ], [ 0.589838596194423, 47.871203535081776 ], [ 0.589848474840541, 47.870985840982328 ], [ 0.58983561522782, 47.870915345520942 ], [ 0.589867365394264, 47.870834961672614 ], [ 0.589789330761827, 47.870490305703079 ], [ 0.589587205624202, 47.870255650315848 ], [ 0.589569970652832, 47.870245241939003 ], [ 0.589532698375697, 47.87028451198271 ], [ 0.589223170892266, 47.870240686255897 ], [ 0.58886193604677, 47.870253927866351 ], [ 0.588590447154752, 47.870308466868856 ], [ 0.588390663814179, 47.870380101218352 ], [ 0.588294205051043, 47.869926447014663 ], [ 0.588217401749373, 47.869769352483466 ], [ 0.58800783017862, 47.869514887010489 ], [ 0.587690686557859, 47.869287960311205 ], [ 0.587652609677538, 47.869228689897639 ], [ 0.587573422904511, 47.868951250183819 ], [ 0.587332990057354, 47.868573265209825 ], [ 0.587152971692996, 47.868357374736213 ], [ 0.587012955359345, 47.868220733665716 ], [ 0.586838031198443, 47.868103716270973 ], [ 0.586634147080061, 47.868010302987926 ], [ 0.586125720901936, 47.867820971088868 ], [ 0.585670281111435, 47.86768137441419 ], [ 0.586227328400308, 47.867307757762866 ], [ 0.586323277259139, 47.867232375494694 ], [ 0.586475408700617, 47.867062657560936 ], [ 0.586671845488058, 47.866769008022942 ], [ 0.586905937833165, 47.866261090023471 ], [ 0.58739350231605, 47.865619975424799 ], [ 0.587573987357963, 47.865347261131042 ], [ 0.587655868872165, 47.865177920286484 ], [ 0.587791315143287, 47.864761489614722 ], [ 0.588037652850797, 47.864446400528664 ], [ 0.588387046928151, 47.864046480216267 ], [ 0.588858842332553, 47.863381209657959 ], [ 0.588924963522861, 47.863210084370522 ], [ 0.588939783143, 47.863111718937084 ], [ 0.588928270422615, 47.862945406994683 ], [ 0.588871065038974, 47.862692038329989 ], [ 0.588609413816721, 47.86157020570402 ], [ 0.588533457516604, 47.861383733116043 ], [ 0.588038884845858, 47.860743580403081 ], [ 0.587731695866852, 47.860461578455755 ], [ 0.587664312356463, 47.860310964539593 ], [ 0.587620475278592, 47.860065724780931 ], [ 0.58758124954057, 47.859968437555352 ], [ 0.587285081643929, 47.859523872480281 ], [ 0.586878414083395, 47.859084680318958 ], [ 0.586699092033506, 47.858935848691303 ], [ 0.586477017946979, 47.858815937888409 ], [ 0.58575877224283, 47.858569013031143 ], [ 0.585340595490641, 47.858403692308265 ], [ 0.585352710117603, 47.85822825834196 ], [ 0.585346942217092, 47.857876391940621 ], [ 0.585258694710447, 47.857629209937841 ], [ 0.584904270682965, 47.857159774513313 ], [ 0.584557207408702, 47.856874243304141 ], [ 0.584519622976577, 47.856732291235211 ], [ 0.584553430629933, 47.855645538930844 ], [ 0.58462998607904, 47.855178963877307 ], [ 0.584854302678234, 47.854779279679853 ], [ 0.584903092662174, 47.854603434564019 ], [ 0.58492775972561, 47.854360267741789 ], [ 0.584859652336136, 47.854054581949612 ], [ 0.58474576474349, 47.853832809897085 ], [ 0.584508633214714, 47.853566349364847 ], [ 0.584346306143323, 47.853422927081638 ], [ 0.584161902004114, 47.853290051924262 ], [ 0.584061481784978, 47.852953728611411 ], [ 0.583954366673616, 47.852781987813195 ], [ 0.583797024083042, 47.852628766368269 ], [ 0.58352466374374, 47.852430658244771 ], [ 0.58345218654796, 47.851828476670725 ], [ 0.583388931799747, 47.851661237864484 ], [ 0.583058987713429, 47.851181425102745 ], [ 0.582915472066123, 47.851022093301196 ], [ 0.582817529409571, 47.850945207001473 ], [ 0.582897399982349, 47.850801774878512 ], [ 0.583006488780534, 47.850377966109342 ], [ 0.583010575852093, 47.850116645636767 ], [ 0.582979513139737, 47.849780234539878 ], [ 0.58307410721279, 47.848424155731756 ], [ 0.583182184521922, 47.847499402656851 ], [ 0.58314111745932, 47.845997419323027 ], [ 0.583080416118511, 47.844748373141506 ], [ 0.58293664704116, 47.84436027152686 ], [ 0.582855861831433, 47.844207654883391 ], [ 0.582735740352366, 47.844067261712205 ], [ 0.58248189542225, 47.843824162421704 ], [ 0.582297537885062, 47.843682009461027 ], [ 0.581601084435712, 47.843246944132574 ], [ 0.581044792268933, 47.842976097537019 ], [ 0.580894658416562, 47.842723100660997 ], [ 0.580795356788218, 47.842291816686895 ], [ 0.580685422489096, 47.842038185586546 ], [ 0.580594968936137, 47.841888980870173 ], [ 0.580457519627299, 47.841736861405906 ], [ 0.580885513737724, 47.8411255749918 ], [ 0.581219573594645, 47.840759987299634 ], [ 0.581472782883715, 47.840429277257165 ], [ 0.58154522855956, 47.840267107601989 ], [ 0.581660883986694, 47.83986513598289 ], [ 0.581685440847411, 47.839543563003645 ], [ 0.581750515746734, 47.839203594472146 ], [ 0.5817224244888, 47.838076160796241 ], [ 0.581604157831063, 47.837651876690281 ], [ 0.581392697492398, 47.83708590370518 ], [ 0.581307767319054, 47.836925936720746 ], [ 0.580980975069397, 47.836527728894502 ], [ 0.580896583263095, 47.836246151664604 ], [ 0.580551300670824, 47.835374014886206 ], [ 0.580117927063809, 47.83482108259647 ], [ 0.579846646833648, 47.834399518643259 ], [ 0.579170887790706, 47.833503238442304 ], [ 0.578815247458264, 47.832953047895103 ], [ 0.578598135827272, 47.832528208429856 ], [ 0.578480107940572, 47.832362289338349 ], [ 0.577981032028629, 47.831913802715178 ], [ 0.577696316539572, 47.831727764712419 ], [ 0.576989242797478, 47.831452960933291 ], [ 0.57676146046091, 47.831398525791542 ], [ 0.576335661430943, 47.831325161969183 ], [ 0.575960934477593, 47.831221280065542 ], [ 0.575955805133401, 47.831103723224402 ], [ 0.575906610584748, 47.830937754971686 ], [ 0.575649189510867, 47.83037828266464 ], [ 0.575439131119745, 47.830143346963979 ], [ 0.575371486654129, 47.829862827019113 ], [ 0.575469721579982, 47.828624348103688 ], [ 0.57546038563564, 47.828459883555006 ], [ 0.575301002898823, 47.827661911788667 ], [ 0.575235297619517, 47.827517658204115 ], [ 0.574976520464711, 47.827093181359643 ], [ 0.574770057281063, 47.826893270933738 ], [ 0.574401622570974, 47.826663139746735 ], [ 0.573983330095394, 47.82634011086725 ], [ 0.573775505635374, 47.826230167390655 ], [ 0.573500396065858, 47.82611224044571 ], [ 0.572433636487638, 47.825426492180078 ], [ 0.571939335863325, 47.825192680665474 ], [ 0.571855457972569, 47.825027596793362 ], [ 0.571645896178577, 47.824733643378686 ], [ 0.571657889981239, 47.82474487531988 ], [ 0.571830618565082, 47.824867433927842 ], [ 0.572035519246186, 47.824966511790507 ], [ 0.573230409761048, 47.825417589509847 ], [ 0.573478083488895, 47.825469904864249 ], [ 0.574458874598506, 47.82560838207629 ], [ 0.575023478971991, 47.82579773133137 ], [ 0.575385562494743, 47.826007765948631 ], [ 0.575786130576278, 47.826211582727232 ], [ 0.576007155127654, 47.826476459566507 ], [ 0.576228818537996, 47.826808193363277 ], [ 0.57626486900478, 47.827113314369591 ], [ 0.576344498575639, 47.827300533783017 ], [ 0.576725659281911, 47.827929687104145 ], [ 0.576784126206992, 47.828013565856445 ], [ 0.5769341067241, 47.828163696141026 ], [ 0.576582036406131, 47.828479660126462 ], [ 0.576433114919757, 47.828649232994138 ], [ 0.5763425522615, 47.828836563042245 ], [ 0.57616887567835, 47.829398872091609 ], [ 0.576140949791446, 47.829591801983668 ], [ 0.576175022727013, 47.82978428405567 ], [ 0.576321601009259, 47.830084265706759 ], [ 0.576410456638767, 47.830219456031884 ], [ 0.576742111458607, 47.830565029463884 ], [ 0.576922344290674, 47.830712807930517 ], [ 0.577144877807362, 47.830831610307037 ], [ 0.577951848048863, 47.831175252073329 ], [ 0.578974582344083, 47.831738964511686 ], [ 0.5802511637402, 47.832616211722829 ], [ 0.580789262677708, 47.833298617547257 ], [ 0.581384302799203, 47.833955682099734 ], [ 0.581473619233592, 47.8341844385846 ], [ 0.581587656219881, 47.834347983010588 ], [ 0.581800010204802, 47.834527594662589 ], [ 0.581746359909794, 47.834844684015636 ], [ 0.581802692632039, 47.835084738044429 ], [ 0.582373867059024, 47.836043320865187 ], [ 0.582878463194424, 47.836617349405387 ], [ 0.583409972332845, 47.837150501707093 ], [ 0.583925941769597, 47.837498152265994 ], [ 0.584800437076849, 47.837993955344203 ], [ 0.585037485784655, 47.838081208604038 ], [ 0.585313714010139, 47.838136999022758 ], [ 0.585059938412308, 47.838384349945834 ], [ 0.584948655592817, 47.838555444449987 ], [ 0.584892224071543, 47.838738319771501 ], [ 0.584833492898969, 47.839128914115783 ], [ 0.584483290087584, 47.839867754171657 ], [ 0.584345192023354, 47.84040631765879 ], [ 0.584325793619725, 47.840569706032205 ], [ 0.584350732647297, 47.840732752661481 ], [ 0.584467448502936, 47.841014263624018 ], [ 0.584639403214368, 47.841391941572525 ], [ 0.584699106603816, 47.841476931938857 ], [ 0.584856254368826, 47.841632064073394 ], [ 0.585718992538428, 47.842309174684523 ], [ 0.58672573706331, 47.842830215875544 ], [ 0.586515253783025, 47.842937047401456 ], [ 0.586347575790578, 47.843063219130656 ], [ 0.586217962623844, 47.843208298701342 ], [ 0.586061473520413, 47.843429647524161 ], [ 0.58598443768903, 47.843572177827845 ], [ 0.585872263189656, 47.843868129699331 ], [ 0.585779004625747, 47.844222956553423 ], [ 0.585758568365449, 47.844383641930499 ], [ 0.585781061017191, 47.844544203573193 ], [ 0.585854912626761, 47.844811713327218 ], [ 0.585864996477821, 47.845210681928798 ], [ 0.585795927440857, 47.845686677594983 ], [ 0.585761604278199, 47.846159925467788 ], [ 0.585792474958626, 47.84632331563791 ], [ 0.586000708941342, 47.846810354753813 ], [ 0.585748500157561, 47.847140877886275 ], [ 0.585678209489708, 47.847304271527832 ], [ 0.585654846024401, 47.84747364839621 ], [ 0.585667886671332, 47.848386477263311 ], [ 0.585499685530355, 47.848898800403546 ], [ 0.585213894878597, 47.849326188901607 ], [ 0.585067468062456, 47.849591160325097 ], [ 0.585001478719676, 47.849758159028973 ], [ 0.584924741258275, 47.850458894310535 ], [ 0.584842496790931, 47.8506995649131 ], [ 0.584808251413466, 47.851105391818265 ], [ 0.584849133971075, 47.851261944918669 ], [ 0.585058249189958, 47.851646244406673 ], [ 0.585179390705557, 47.851785335997789 ], [ 0.585499396093059, 47.852087091661616 ], [ 0.58585442500564, 47.852504193358953 ], [ 0.586503004211697, 47.853032482470347 ], [ 0.586831187055295, 47.853252397279981 ], [ 0.587024325739282, 47.853357748463104 ], [ 0.587043480994394, 47.853677797572324 ], [ 0.587102041947429, 47.853880707087029 ], [ 0.587019951888159, 47.854428485855429 ], [ 0.587008199288794, 47.854783634362811 ], [ 0.587032625899183, 47.854973606702096 ], [ 0.586944063997009, 47.854991041710683 ], [ 0.586705629828648, 47.855063979935288 ], [ 0.5864964575213, 47.855164886022685 ], [ 0.586319879981356, 47.855290891578214 ], [ 0.586182434491977, 47.855437329396281 ], [ 0.586089214609654, 47.855598775917976 ], [ 0.58603937777298, 47.855855908676979 ], [ 0.586067945578049, 47.856028048226854 ], [ 0.586144980239715, 47.856193315655169 ], [ 0.586344700028719, 47.856415068470042 ], [ 0.586707866031568, 47.856665155981965 ], [ 0.586785755593929, 47.857052474250253 ], [ 0.586845636464149, 47.857224883113105 ], [ 0.587026077807748, 47.857460473322938 ], [ 0.587199995551616, 47.857593321079861 ], [ 0.587524538458552, 47.857743463499759 ], [ 0.58789999270866, 47.857823470167929 ], [ 0.588293794877484, 47.857826400631033 ], [ 0.588665477003467, 47.857753712522147 ], [ 0.588851675372538, 47.857683089175509 ], [ 0.589000431495168, 47.857942078222294 ], [ 0.589467449022963, 47.858434148131529 ], [ 0.589573077948309, 47.858983041933222 ], [ 0.589667022144775, 47.859165193527687 ], [ 0.589898186180222, 47.859494436846589 ], [ 0.590240664709809, 47.860396252592018 ], [ 0.590316037318481, 47.860545431671071 ], [ 0.590912836695561, 47.861274815191841 ], [ 0.591546888138966, 47.861803945328184 ], [ 0.591633750727417, 47.86189370738991 ], [ 0.591732204976711, 47.862336500475209 ], [ 0.591807021427329, 47.862961208428842 ], [ 0.591876354110344, 47.863156904872163 ], [ 0.592051618627606, 47.863484011728318 ], [ 0.592071303816361, 47.86370317621423 ], [ 0.592056231326786, 47.86414465725521 ], [ 0.592236366542529, 47.864740867214891 ], [ 0.592293836499359, 47.864986733226289 ], [ 0.592376470299803, 47.865154584257098 ], [ 0.592506281000374, 47.865308324362189 ], [ 0.592679955460717, 47.86547373686318 ], [ 0.592858900002094, 47.865611844444636 ], [ 0.593075704966785, 47.865722700804646 ], [ 0.593321384410023, 47.865801712117154 ], [ 0.593451904187765, 47.865828196384811 ], [ 0.593960273876199, 47.865876985883709 ], [ 0.594214042267794, 47.865868379170564 ], [ 0.594460812006578, 47.865827633506072 ], [ 0.594774602369614, 47.865735045924424 ], [ 0.595215550521452, 47.865660253149059 ], [ 0.595443476337403, 47.865606455902039 ], [ 0.595653304781694, 47.865525951444724 ], [ 0.596245311480608, 47.865252845355229 ], [ 0.596933731705884, 47.865237496660278 ], [ 0.597190460121426, 47.865202828969132 ], [ 0.597400273356234, 47.865145372323667 ], [ 0.596721754894487, 47.865421274129361 ], [ 0.59644131118885, 47.865595221517935 ], [ 0.59668107077691, 47.865521914994659 ], [ 0.596997884778217, 47.865410452571233 ], [ 0.598114909710892, 47.865002036685595 ], [ 0.598279710525797, 47.864967594024257 ], [ 0.598470190153552, 47.864957087269033 ], [ 0.598634619395281, 47.864960453359316 ], [ 0.599219115346385, 47.864847261177211 ], [ 0.599340486246771, 47.864826334630777 ], [ 0.599561608782778, 47.864700301485755 ], [ 0.600101626748748, 47.864268353292957 ], [ 0.600179373401163, 47.864206015367294 ], [ 0.600345190593922, 47.864119367400143 ], [ 0.600698931374694, 47.864019455417242 ], [ 0.601137007191248, 47.863948279073938 ], [ 0.601388691008919, 47.86394532205906 ], [ 0.601707739265509, 47.86396174979317 ], [ 0.602131863803344, 47.864021743012081 ], [ 0.602559631303466, 47.864119625941449 ], [ 0.603212823115663, 47.864351770931592 ], [ 0.603613854178814, 47.864508530008479 ], [ 0.603846815977143, 47.864624037955188 ], [ 0.604444039198537, 47.864792004592857 ], [ 0.604533241165645, 47.864801929760695 ], [ 0.604618028891569, 47.86479105554109 ], [ 0.604730083928961, 47.864709606491957 ], [ 0.605572156523338, 47.864788925070769 ], [ 0.606270502233284, 47.864880611587857 ], [ 0.606750745454669, 47.864942633341229 ], [ 0.606854128745393, 47.864845698641865 ], [ 0.607038409912688, 47.864735107349333 ], [ 0.607156172673873, 47.864675382052688 ], [ 0.607356210478149, 47.864601127614399 ], [ 0.607574396338478, 47.864480422253138 ], [ 0.607735017342622, 47.864330630226931 ], [ 0.607779456488604, 47.86423519385179 ], [ 0.607812552967393, 47.864094506227815 ], [ 0.607803722396563, 47.863904342059733 ], [ 0.607926343548152, 47.863825806722616 ], [ 0.608163360421312, 47.863435364713148 ], [ 0.607406013910391, 47.862871576921599 ], [ 0.607180915214856, 47.862432992905532 ], [ 0.607083496849409, 47.862219411731189 ], [ 0.60703108563619, 47.861868087015125 ], [ 0.607151075917879, 47.861402326786731 ], [ 0.607159302395013, 47.861160286951893 ], [ 0.607202933196899, 47.860815423263091 ], [ 0.60734969045164, 47.860705866854353 ], [ 0.607688084993382, 47.860351708378964 ], [ 0.607768125854215, 47.86029751597583 ], [ 0.607935295678988, 47.860091131903189 ], [ 0.608290652849113, 47.859508615875086 ], [ 0.608533480458702, 47.859107486248327 ], [ 0.608615744976937, 47.85894439011269 ], [ 0.608651387411034, 47.858776741804029 ], [ 0.608653087307703, 47.858679533150806 ], [ 0.608471340348242, 47.858645213971442 ], [ 0.608190679726806, 47.85851973780774 ], [ 0.607584321145479, 47.85825886072449 ], [ 0.606524205219099, 47.857616855670329 ], [ 0.606046507489535, 47.857321679046777 ], [ 0.605292900008622, 47.857894258158602 ], [ 0.605270376352705, 47.85714736435488 ], [ 0.605257627255371, 47.856955318198025 ], [ 0.605216891838501, 47.856731186487735 ], [ 0.605106539083091, 47.856359767884484 ], [ 0.605093383668285, 47.856206430663057 ], [ 0.605121597606138, 47.85575860572321 ], [ 0.605184616611321, 47.855043170925136 ], [ 0.605203944539161, 47.854881492818997 ], [ 0.605280427847768, 47.854579618229714 ], [ 0.605362947223638, 47.854232846570561 ], [ 0.605437003040826, 47.853836379746085 ], [ 0.605460266588776, 47.853498302513941 ], [ 0.605436844926177, 47.852890050901827 ], [ 0.605428100208399, 47.852816939532907 ], [ 0.605384445259271, 47.85271700361637 ], [ 0.605374891194563, 47.852632170439108 ], [ 0.6053876681052, 47.85222995007242 ], [ 0.605362847835221, 47.852097984066475 ], [ 0.604967657607761, 47.851190408634949 ], [ 0.604650552148592, 47.850450100888352 ], [ 0.604269203020488, 47.849443759626531 ], [ 0.60402059730523, 47.848727358571651 ], [ 0.603931072972471, 47.848517535208885 ], [ 0.604031592205274, 47.848453859189391 ], [ 0.605092862518432, 47.847759713134948 ], [ 0.605756866009256, 47.847332071911751 ], [ 0.606280535040036, 47.847050129860712 ], [ 0.606360030509158, 47.847007632546756 ], [ 0.607981175939466, 47.846295174437941 ], [ 0.609048551944428, 47.84581991728173 ], [ 0.609228592385056, 47.845742551372375 ], [ 0.609783855400846, 47.845500856183932 ], [ 0.609860389838194, 47.845464599061323 ], [ 0.610061322583673, 47.845368749186157 ], [ 0.61046071408275, 47.845142782530843 ], [ 0.61088014541793, 47.844887509402497 ], [ 0.611248107028222, 47.844676206711533 ], [ 0.611607562641717, 47.844475534539221 ], [ 0.612322865919786, 47.844124536337375 ], [ 0.612840964428589, 47.84387576747077 ], [ 0.613452430913227, 47.843573071450599 ], [ 0.613475713490244, 47.84356093960907 ], [ 0.613627516141435, 47.843486594048159 ], [ 0.614589017292892, 47.843013635158627 ], [ 0.614634204768849, 47.842990243413844 ], [ 0.615006514459657, 47.842800627496104 ], [ 0.615335899393445, 47.842613739104799 ], [ 0.615690585990346, 47.842399451681104 ], [ 0.615987326301497, 47.842194789974727 ], [ 0.616429172550858, 47.841885928879655 ], [ 0.617219565455374, 47.841320330329083 ], [ 0.617618320689124, 47.841047505902345 ], [ 0.617933027403023, 47.840859411790952 ], [ 0.61822150275349, 47.840719406010088 ], [ 0.618655537986284, 47.840554443255506 ], [ 0.618688953720358, 47.840405654319298 ], [ 0.618712463514008, 47.840328696763777 ], [ 0.618800883335974, 47.840265663138076 ], [ 0.619583780346888, 47.839717004631183 ], [ 0.619720415515896, 47.839622534525404 ], [ 0.620174365250125, 47.839311204223826 ], [ 0.620388281846676, 47.839163377078577 ], [ 0.62027519523063, 47.839000809394413 ], [ 0.619686538855499, 47.838587278540551 ], [ 0.619953625264988, 47.838297366729471 ], [ 0.62025529564829, 47.838220652525571 ], [ 0.619723054294236, 47.838010858360512 ], [ 0.619515050676667, 47.83796701745333 ], [ 0.620266153323881, 47.837201610972379 ], [ 0.62011300090972, 47.837097656584291 ], [ 0.618808884296329, 47.836624574939371 ], [ 0.619022700878979, 47.836419121979752 ], [ 0.621656661160137, 47.833443606840056 ], [ 0.622548088621163, 47.832737758165251 ], [ 0.623218273656659, 47.832702725045138 ], [ 0.625698152427408, 47.83182015121011 ], [ 0.62738742533677, 47.831512196244383 ], [ 0.628452307035497, 47.831142065309642 ], [ 0.628772942958642, 47.830938755993593 ], [ 0.629522116330131, 47.83048119259194 ], [ 0.629706271353109, 47.8303696638894 ], [ 0.629664193835561, 47.830233751802908 ], [ 0.629609145158174, 47.829759023655541 ], [ 0.629592306872292, 47.829566896049741 ], [ 0.629594079589633, 47.829347232057913 ], [ 0.629611787435026, 47.82919001849838 ], [ 0.629611803318224, 47.82912969139533 ], [ 0.629599434727662, 47.829077217553539 ], [ 0.629562818739358, 47.829028755452725 ], [ 0.629533175381299, 47.829003844978175 ], [ 0.630556185510253, 47.828851648451057 ], [ 0.634360925190819, 47.830070206748239 ], [ 0.635316117613914, 47.830360500678367 ], [ 0.63629080010836, 47.830663785233853 ], [ 0.637596246410471, 47.830745924657663 ], [ 0.637777000454053, 47.830590195202809 ], [ 0.638054053048936, 47.830343663934308 ], [ 0.638281009773357, 47.830141143094615 ], [ 0.638367100194709, 47.830039330776614 ], [ 0.638512503783467, 47.829806353558993 ], [ 0.638650889455004, 47.829550724642104 ], [ 0.638708746196496, 47.829422231576139 ], [ 0.638848636513702, 47.829042376662031 ], [ 0.638883301781902, 47.828924221249721 ], [ 0.638894496793314, 47.828822700821476 ], [ 0.638901380327894, 47.828547315110036 ], [ 0.638901315165522, 47.828157437756232 ], [ 0.638917870961201, 47.828085738680599 ], [ 0.638947546118906, 47.828019706281736 ], [ 0.639088791507988, 47.827819959539447 ], [ 0.639208838642057, 47.827645897510514 ], [ 0.639357263344706, 47.827404876310197 ], [ 0.639588925265762, 47.826975545141252 ], [ 0.639775216964478, 47.826634440285609 ], [ 0.639820761031008, 47.82657232879199 ], [ 0.63994039939774, 47.826467589118252 ], [ 0.640015753764531, 47.826366459811076 ], [ 0.64008478791533, 47.826257099550418 ], [ 0.640128440278889, 47.826147228267601 ], [ 0.64015183286884, 47.826072064988772 ], [ 0.640170862287845, 47.825944590238649 ], [ 0.64019922460619, 47.825787589916885 ], [ 0.640224221970753, 47.82555578801054 ], [ 0.640257673466435, 47.825314251779027 ], [ 0.64030727830199, 47.825010012144567 ], [ 0.640359532425146, 47.824736439648973 ], [ 0.640419423449737, 47.824441411035508 ], [ 0.64041849416237, 47.824311733561053 ], [ 0.640397204506202, 47.824249176832247 ], [ 0.640319930277056, 47.824182791859101 ], [ 0.640146920577429, 47.824044247620215 ], [ 0.640111953731706, 47.823988618731057 ], [ 0.640107630788247, 47.82393540760031 ], [ 0.640080637046076, 47.823609816651924 ], [ 0.640096860361933, 47.823394945606381 ], [ 0.640084686431031, 47.823277647366062 ], [ 0.64005824015367, 47.823120443771508 ], [ 0.640015147614736, 47.822946697635786 ], [ 0.640000200509846, 47.822861758240869 ], [ 0.640009515162388, 47.822802518786794 ], [ 0.64006205808818, 47.822673017367876 ], [ 0.640134956891578, 47.822536722478958 ], [ 0.640246117429652, 47.822351675339569 ], [ 0.640387861953997, 47.822140231509245 ], [ 0.640533075389481, 47.821910849147116 ], [ 0.640642062447979, 47.8216843390341 ], [ 0.640723771372141, 47.821530212910304 ], [ 0.640813650825551, 47.821432976980773 ], [ 0.640896071248331, 47.821383312558446 ], [ 0.641064218895233, 47.821329970980614 ], [ 0.641263128294169, 47.821276347813672 ], [ 0.641378821962304, 47.821230053878814 ], [ 0.64147866729441, 47.821149225371236 ], [ 0.641611987948144, 47.821006942098236 ], [ 0.641703860146313, 47.820864725129951 ], [ 0.641732351698287, 47.820795066449428 ], [ 0.641727269206812, 47.820758947806965 ], [ 0.641659529197583, 47.820658539781164 ], [ 0.64149815233907, 47.820468907802415 ], [ 0.641446021548207, 47.820408431747268 ], [ 0.641424750960523, 47.820375588966087 ], [ 0.641422300255345, 47.820340423666195 ], [ 0.641445946642441, 47.820289576140063 ], [ 0.641298006036489, 47.820158740835318 ], [ 0.641263399748618, 47.820095015703572 ], [ 0.641259395265011, 47.820034607641155 ], [ 0.641285577367617, 47.819896471387288 ], [ 0.64130934864304, 47.819722270194809 ], [ 0.641314175239887, 47.819673745174214 ], [ 0.641319201380958, 47.819620722116582 ], [ 0.641314201709199, 47.81952247677966 ], [ 0.641303260593831, 47.819437618023869 ], [ 0.641217406093823, 47.819233297865011 ], [ 0.641120925189116, 47.819057576877803 ], [ 0.641019065201037, 47.818822320404657 ], [ 0.640956954148733, 47.818655394674764 ], [ 0.640878185992232, 47.818321557563642 ], [ 0.640849584291377, 47.818212932514513 ], [ 0.640776436322922, 47.817933233032143 ], [ 0.640673932991977, 47.817501673368717 ], [ 0.640552412980079, 47.817076933931531 ], [ 0.640468666475902, 47.816734892212196 ], [ 0.640439358639733, 47.816461477288577 ], [ 0.640440327584047, 47.816258904039323 ], [ 0.640479020232053, 47.815929231692309 ], [ 0.64055038392649, 47.815616424457566 ], [ 0.640683593363771, 47.81511487510258 ], [ 0.640752222098242, 47.814833527039056 ], [ 0.640841522410432, 47.814538188422929 ], [ 0.64101116138981, 47.814119309439597 ], [ 0.641221920594662, 47.813707560707918 ], [ 0.641350162972445, 47.813498544681678 ], [ 0.641407096632136, 47.813420454155334 ], [ 0.641715899067652, 47.813005840853883 ], [ 0.641715065555761, 47.813005470016201 ], [ 0.641881207111347, 47.812775445857248 ], [ 0.641912327129417, 47.812749944869495 ], [ 0.642116958145127, 47.812484802446313 ], [ 0.64243685567303, 47.812083351026075 ], [ 0.642847923465135, 47.811554973414673 ], [ 0.643233469007446, 47.811059396403955 ], [ 0.643294324017845, 47.810983184651576 ], [ 0.643637943258865, 47.810558796264068 ], [ 0.644151916314044, 47.809879412860148 ], [ 0.644671119006999, 47.809232547238757 ], [ 0.644991734666936, 47.808813995437404 ], [ 0.645195868996167, 47.80855067463645 ], [ 0.645405446214676, 47.807802139245503 ], [ 0.646066368921172, 47.806821359785125 ], [ 0.646102387355654, 47.806883311578915 ], [ 0.646135379581152, 47.807013634118398 ], [ 0.646166181908405, 47.807193435472826 ], [ 0.646194708903131, 47.807303859140333 ], [ 0.646218430483938, 47.807371866763773 ], [ 0.646290248021416, 47.807470554160808 ], [ 0.646420146794416, 47.807585715152918 ], [ 0.646554490299922, 47.807691060690154 ], [ 0.646722874181391, 47.807582535233493 ], [ 0.646252847123103, 47.80722744181768 ], [ 0.646716757319565, 47.807123313476808 ], [ 0.647030106023649, 47.806977062277845 ], [ 0.647199203094277, 47.806848820651219 ], [ 0.647329111501767, 47.806701294742481 ], [ 0.647492674133712, 47.80646723197119 ], [ 0.647869210336532, 47.806124083853817 ], [ 0.648272493516003, 47.805900480131491 ], [ 0.649395256300408, 47.805433300306163 ], [ 0.650469479318081, 47.804951381059851 ], [ 0.650672640002673, 47.804839356961438 ], [ 0.650839358514654, 47.804702729210518 ], [ 0.651270033340837, 47.804258464239297 ], [ 0.651377703795706, 47.80406625623025 ], [ 0.651557524911682, 47.803576245836375 ], [ 0.651788591207865, 47.803644487604281 ], [ 0.65230906338771, 47.803725296390347 ], [ 0.653060612630375, 47.803763591270148 ], [ 0.653278370066502, 47.803748388583301 ], [ 0.654010054625474, 47.803651793638977 ], [ 0.654358466336058, 47.803545657238679 ], [ 0.654559603853256, 47.803439616155607 ], [ 0.655019474295285, 47.803089295286718 ], [ 0.656204981316828, 47.802306304222299 ], [ 0.656845181826608, 47.801993258150056 ], [ 0.657080266613004, 47.801846248506401 ], [ 0.657407643966981, 47.801585593015588 ], [ 0.657547548143389, 47.801450974367015 ], [ 0.657648788478853, 47.801301461401252 ], [ 0.657840759592082, 47.800931807315308 ], [ 0.657905901261868, 47.80074345434231 ], [ 0.657915589837164, 47.80064683546226 ], [ 0.657888643203521, 47.800454290617424 ], [ 0.657748346156164, 47.800015144113395 ], [ 0.657641468845774, 47.799847193318499 ], [ 0.657486445520418, 47.799697249720992 ], [ 0.657289666087868, 47.799571493490959 ], [ 0.657059243847532, 47.79947511008713 ], [ 0.656495905727777, 47.799330654706715 ], [ 0.656270486025003, 47.799188339602161 ], [ 0.655547591833834, 47.798828889000774 ], [ 0.655344310121124, 47.798745554642835 ], [ 0.654934498931529, 47.798609641066797 ], [ 0.655936391447507, 47.798690086236583 ], [ 0.657107078339756, 47.798706685045644 ], [ 0.658725024567598, 47.798687745719135 ], [ 0.658940193615245, 47.798674965436057 ], [ 0.658921204716175, 47.798935416417677 ], [ 0.658952853705141, 47.799110305215379 ], [ 0.65909310117626, 47.799356543634076 ], [ 0.659243223805774, 47.799500800081496 ], [ 0.659432181180349, 47.799622587032104 ], [ 0.65965273368396, 47.799717236906965 ], [ 0.659896429005277, 47.799781123124404 ], [ 0.660095732202577, 47.799813853026883 ], [ 0.660266087512848, 47.799866371859615 ], [ 0.660524863075563, 47.799910927066165 ], [ 0.660791621202203, 47.79991990364519 ], [ 0.661055698028389, 47.799892942799879 ], [ 0.661306533508581, 47.799831124058635 ], [ 0.661534101279802, 47.799736917118594 ], [ 0.661729303056741, 47.799614088848834 ], [ 0.661884333558551, 47.799467550268893 ], [ 0.661992995140303, 47.799303161101236 ], [ 0.662068414025958, 47.799045188473784 ], [ 0.662066994225936, 47.798876652189165 ], [ 0.66206590163118, 47.798864661184147 ], [ 0.662389486132428, 47.798881606839423 ], [ 0.662661732423302, 47.79886207271759 ], [ 0.663233787910413, 47.798742982433275 ], [ 0.6634957848629, 47.798664363926825 ], [ 0.664348785223421, 47.79833027046044 ], [ 0.664585438614476, 47.798212297788574 ], [ 0.664760229435416, 47.798077753953521 ], [ 0.665133019551777, 47.797924552048315 ], [ 0.665341941928025, 47.797795186951568 ], [ 0.665429941675511, 47.797720032636938 ], [ 0.665625717155793, 47.79749374659491 ], [ 0.665954289858841, 47.797229020102975 ], [ 0.666087006916268, 47.7970669982872 ], [ 0.666218709393725, 47.796857879791055 ], [ 0.666583512417021, 47.796894854511066 ], [ 0.665876963847181, 47.797359651230501 ], [ 0.665176183835571, 47.797986643983769 ], [ 0.665044764780404, 47.798132010497618 ], [ 0.664956313652621, 47.798291447720089 ], [ 0.664642563527525, 47.799093774036329 ], [ 0.664549284994376, 47.800010273520478 ], [ 0.664558912495249, 47.80018946922366 ], [ 0.664671163736607, 47.800447006913672 ], [ 0.664891145463197, 47.800670787660614 ], [ 0.665088335427687, 47.800791212853817 ], [ 0.66544042417314, 47.800916798784606 ], [ 0.665831824979381, 47.800966842518299 ], [ 0.666097456944402, 47.800955746699032 ], [ 0.666476686103378, 47.800873513080838 ], [ 0.666803054037583, 47.800719588320206 ], [ 0.666976656541523, 47.800583675141276 ], [ 0.66710682178956, 47.800427270551872 ], [ 0.667338416256857, 47.800034412199231 ], [ 0.667489417561367, 47.799829094775255 ], [ 0.66770614665258, 47.799641658574195 ], [ 0.668233413009422, 47.799305603132389 ], [ 0.66872579198294, 47.799041413563778 ], [ 0.669352360019097, 47.79889669375622 ], [ 0.669636908030782, 47.798800243651712 ], [ 0.669963406906991, 47.798655634006586 ], [ 0.670237046548006, 47.798500880000191 ], [ 0.670502987574926, 47.798319724408245 ], [ 0.670650594767564, 47.798196670981895 ], [ 0.670744996074679, 47.798088480656112 ], [ 0.671307587174987, 47.798000195942734 ], [ 0.671778358757801, 47.797895101064874 ], [ 0.672229766488997, 47.797748839975739 ], [ 0.672524146996532, 47.797609832270737 ], [ 0.673503783326203, 47.797384596123649 ], [ 0.674133987499203, 47.797149688809213 ], [ 0.674353077697886, 47.797019619439872 ], [ 0.674467407200099, 47.796923008529731 ], [ 0.674685101222985, 47.796841371848252 ], [ 0.67501624948438, 47.796804403812367 ], [ 0.675701003523132, 47.796833988587892 ], [ 0.676000926595932, 47.796819656785424 ], [ 0.676390935224684, 47.796860050588982 ], [ 0.676650189710399, 47.796843591413641 ], [ 0.676899776619788, 47.796793550064393 ], [ 0.67719113488137, 47.796684811191916 ], [ 0.677392630409394, 47.796575199518358 ], [ 0.677491297529738, 47.796502453059027 ], [ 0.677935570114714, 47.796289865954094 ], [ 0.678403663804371, 47.795971774628221 ], [ 0.678625470765056, 47.79577438085537 ], [ 0.678803175512428, 47.795694867028409 ], [ 0.680266399132688, 47.795567895755767 ], [ 0.680945347475139, 47.795431082738077 ], [ 0.681631955215988, 47.795240136253696 ], [ 0.682073776426281, 47.795051918835163 ], [ 0.682309306969365, 47.794917808599052 ], [ 0.682550361846199, 47.794760078702673 ], [ 0.682956050876015, 47.794544084188182 ], [ 0.683115714377544, 47.794431018067115 ], [ 0.683761854920597, 47.794063085040541 ], [ 0.683868570244436, 47.794020436503367 ], [ 0.684064763498864, 47.793959281398685 ], [ 0.685165774623826, 47.793727072108375 ], [ 0.685652423395909, 47.793646861538249 ], [ 0.685814826937015, 47.793769372159723 ], [ 0.686019764869337, 47.793874862199672 ], [ 0.686250969813451, 47.793951845986804 ], [ 0.686776088467665, 47.794073365238319 ], [ 0.687014914432479, 47.794101828203651 ], [ 0.687328478536487, 47.794104113697479 ], [ 0.68754325861107, 47.794091406048977 ], [ 0.687856902749998, 47.794049179154342 ], [ 0.688144669299858, 47.793973154485911 ], [ 0.688401021213516, 47.793875645904727 ], [ 0.688609198527832, 47.793770727656877 ], [ 0.688876063612129, 47.793587375338397 ], [ 0.689073275042454, 47.793365304913657 ], [ 0.689148791237453, 47.793200100295245 ], [ 0.689213835628872, 47.792974441874669 ], [ 0.689677367149856, 47.792892583775512 ], [ 0.690162815385579, 47.792763324560603 ], [ 0.690772963364969, 47.792567108253628 ], [ 0.691231713923407, 47.792360732463507 ], [ 0.691452698156958, 47.792437209265117 ], [ 0.691821865757218, 47.79252965775585 ], [ 0.692295705064755, 47.792576712918958 ], [ 0.692535646485873, 47.792569721477882 ], [ 0.692878553361766, 47.79253321798744 ], [ 0.693287053109239, 47.792430100034409 ], [ 0.693239272044565, 47.792700059122048 ], [ 0.693030660462, 47.792809113312472 ], [ 0.691744930216216, 47.793283938966063 ], [ 0.690874511586099, 47.79358596773303 ], [ 0.688966827570764, 47.79415298033873 ], [ 0.688686858390995, 47.794269563931351 ], [ 0.688453151322816, 47.794393033905301 ], [ 0.688104489736893, 47.794672910103962 ], [ 0.687722537680394, 47.794718382476304 ], [ 0.687496566745302, 47.794772368475897 ], [ 0.686977979001365, 47.794968721958398 ], [ 0.686458921630851, 47.795193540216125 ], [ 0.685908498091387, 47.795362598400352 ], [ 0.685512474669965, 47.795467894258152 ], [ 0.685180027358365, 47.795527148398392 ], [ 0.684932428805413, 47.795606444866827 ], [ 0.684406556954675, 47.795869453552662 ], [ 0.684061898019555, 47.796075459317095 ], [ 0.683733490831474, 47.796093606444039 ], [ 0.682818106594139, 47.796088036520473 ], [ 0.682377124966725, 47.796110193923937 ], [ 0.681417562509348, 47.796126910207811 ], [ 0.680836251576789, 47.796158121273741 ], [ 0.680266211587898, 47.796205323309053 ], [ 0.679613887150779, 47.796283123020743 ], [ 0.678709661400397, 47.796357701144345 ], [ 0.67840060010521, 47.796408931296448 ], [ 0.678025137243554, 47.796504340501727 ], [ 0.677229069112563, 47.796768826906074 ], [ 0.676989413265106, 47.796873136383631 ], [ 0.676510972673452, 47.797189588068093 ], [ 0.675902080883759, 47.797681129786696 ], [ 0.675738905881912, 47.797845040282894 ], [ 0.675464403247803, 47.798316505218231 ], [ 0.675301214906855, 47.798892736689055 ], [ 0.675085734719995, 47.79879420603595 ], [ 0.674836325101391, 47.798724047016876 ], [ 0.674586111322881, 47.79867684994796 ], [ 0.674291854173181, 47.798650715632029 ], [ 0.673851171668386, 47.798633259020846 ], [ 0.673430941870065, 47.798644926386224 ], [ 0.672960857055342, 47.7986768913308 ], [ 0.672708864429542, 47.798724933612974 ], [ 0.672504715632471, 47.798781618045091 ], [ 0.672288141019533, 47.798868743944688 ], [ 0.671698411399156, 47.799152627887906 ], [ 0.670914658412197, 47.799572114837829 ], [ 0.670204383728043, 47.799996907102951 ], [ 0.66986454998398, 47.800206843567288 ], [ 0.669183975914883, 47.800751661772651 ], [ 0.668978911881855, 47.80097641966389 ], [ 0.668900109548333, 47.801144470266848 ], [ 0.668871424363963, 47.801319646150148 ], [ 0.66889395849035, 47.801495228796099 ], [ 0.669021371823881, 47.801744699406093 ], [ 0.669250682889712, 47.801958559739873 ], [ 0.669450749595049, 47.802072097682242 ], [ 0.669656491157885, 47.802149503936413 ], [ 0.66988838956442, 47.802203315231012 ], [ 0.669729214030004, 47.802412151019475 ], [ 0.669682448915624, 47.802502069546861 ], [ 0.669489509170283, 47.802947291459468 ], [ 0.669442264932818, 47.803119885834505 ], [ 0.669422450951752, 47.803449526798083 ], [ 0.669263711558543, 47.803428133286637 ], [ 0.668800644502387, 47.803412778477586 ], [ 0.668415336941436, 47.803441098467665 ], [ 0.668172244767718, 47.803501122779501 ], [ 0.667660718523982, 47.80369599824207 ], [ 0.667222585401307, 47.80394371551882 ], [ 0.66680021587551, 47.804080855154567 ], [ 0.665618222390412, 47.804311627875087 ], [ 0.66539491540551, 47.804387019931717 ], [ 0.665196344287152, 47.804489099195592 ], [ 0.664761143221091, 47.804767022473627 ], [ 0.66459513960789, 47.804928009035692 ], [ 0.664338741198907, 47.805344914252458 ], [ 0.664239060493195, 47.805643005016066 ], [ 0.6641339373735, 47.805804627339455 ], [ 0.664023301075154, 47.805891351633569 ], [ 0.663380947421941, 47.806287494886703 ], [ 0.663001537872268, 47.806586616992995 ], [ 0.662573512073018, 47.807101388666197 ], [ 0.662447010737165, 47.807308127566259 ], [ 0.662435118105082, 47.807114704762817 ], [ 0.662377824115069, 47.806855291000318 ], [ 0.662216845543523, 47.8065710714556 ], [ 0.662086236702946, 47.806416390872982 ], [ 0.661812463411029, 47.806224178635034 ], [ 0.661524712282448, 47.806097851599624 ], [ 0.661319637308345, 47.806027290438998 ], [ 0.660887349841156, 47.805938477443199 ], [ 0.660623277083112, 47.8059205143038 ], [ 0.660370526618095, 47.805923993018965 ], [ 0.660018561490925, 47.805978204483189 ], [ 0.659714731656261, 47.806073167257729 ], [ 0.659510944325971, 47.806155402246915 ], [ 0.658795511810392, 47.806545760980256 ], [ 0.658095844010146, 47.806655107872935 ], [ 0.657778145180746, 47.806758748542762 ], [ 0.657330447500825, 47.806969222737152 ], [ 0.656909807392731, 47.807222237802513 ], [ 0.655630468345745, 47.808145665878683 ], [ 0.654881494510546, 47.808578158404316 ], [ 0.653293756299203, 47.809692861320954 ], [ 0.652614319278275, 47.81010294433127 ], [ 0.652446699672573, 47.81025552697745 ], [ 0.652348278782217, 47.810389563310657 ], [ 0.65217609241248, 47.810506037638383 ], [ 0.65183825757353, 47.810651752355845 ], [ 0.651422262762682, 47.810903427737884 ], [ 0.650896057427099, 47.811312258085714 ], [ 0.650344183028111, 47.81144563716601 ], [ 0.649933174829671, 47.811617899266466 ], [ 0.64975604823467, 47.811709659225549 ], [ 0.64973157035091, 47.811636207966735 ], [ 0.649635771982229, 47.811469736418019 ], [ 0.649492825165462, 47.81131908384949 ], [ 0.649308490366085, 47.811190438916846 ], [ 0.649090042025303, 47.811088877118614 ], [ 0.648846100730268, 47.811018407885896 ], [ 0.648586294236795, 47.810981812041604 ], [ 0.648320874741066, 47.810980532398119 ], [ 0.648060317643817, 47.811014620697762 ], [ 0.647571876596558, 47.811115208119475 ], [ 0.647303873841143, 47.811187437651746 ], [ 0.647302384970644, 47.811239301625768 ], [ 0.647117789730043, 47.811272512382054 ], [ 0.646779354870016, 47.811338650225473 ], [ 0.646595417600831, 47.811387180399741 ], [ 0.646482301435537, 47.811436232225589 ], [ 0.646421349335431, 47.811484530787396 ], [ 0.646333230647945, 47.811572802264266 ], [ 0.646242700983462, 47.811685336393872 ], [ 0.646203137915662, 47.81176377806672 ], [ 0.646126103591268, 47.811903595545701 ], [ 0.646054110859625, 47.812020103513511 ], [ 0.645942551380552, 47.812154725301028 ], [ 0.645844744856571, 47.81228061913491 ], [ 0.645798025180538, 47.812369721849464 ], [ 0.645780785300161, 47.812427001917605 ], [ 0.645777320107299, 47.812505268188247 ], [ 0.645792992936062, 47.812634342009531 ], [ 0.645803323699677, 47.812763308502923 ], [ 0.645796090885058, 47.812836096598971 ], [ 0.645762266763182, 47.812905649267023 ], [ 0.646550273165221, 47.813252828394191 ], [ 0.64690171080971, 47.813406652558413 ], [ 0.647064603800383, 47.813954672062039 ], [ 0.647328010942722, 47.813983370989625 ], [ 0.648203201992745, 47.814415126244697 ], [ 0.648910576314001, 47.814591393209525 ], [ 0.650231981850499, 47.81505999616855 ], [ 0.650500913197313, 47.815205851793841 ], [ 0.65055430397341, 47.816327031083141 ], [ 0.650898848612061, 47.816425779244234 ], [ 0.651234656757785, 47.816480231258446 ], [ 0.651481549903156, 47.816489680983693 ], [ 0.651716119857735, 47.816475472654389 ], [ 0.651762011356568, 47.81661685585653 ], [ 0.651838142557753, 47.81661838121741 ], [ 0.651815629508561, 47.816704369342347 ], [ 0.652332536157072, 47.816684110956849 ], [ 0.652347123735353, 47.817140909980559 ], [ 0.654560171279539, 47.817551684400343 ], [ 0.654892181695613, 47.817601547651584 ], [ 0.65481814976358, 47.817825167977915 ], [ 0.654543726658711, 47.818045678596846 ], [ 0.654524852301708, 47.818261398451853 ], [ 0.654821001417017, 47.818396983141817 ], [ 0.654786560849396, 47.818814082484352 ], [ 0.654565752811563, 47.819485868910341 ], [ 0.654071800175695, 47.820288149301433 ], [ 0.652543910724873, 47.820041460937851 ], [ 0.652142464217913, 47.820080241101145 ], [ 0.651519480664925, 47.820745766048454 ], [ 0.651010178585608, 47.821258696223005 ], [ 0.650702001753862, 47.821274129428552 ], [ 0.650284236294663, 47.82147014742781 ], [ 0.649484350743165, 47.82175124351739 ], [ 0.649469846407844, 47.822200255382242 ], [ 0.64965769824647, 47.82260830464007 ], [ 0.650998053707173, 47.823530176406734 ], [ 0.651710189727289, 47.824267470350996 ], [ 0.652556443055455, 47.824026905344255 ], [ 0.653619890756233, 47.824014882831136 ], [ 0.654624812434338, 47.824056604262651 ], [ 0.656786069802466, 47.824071916311446 ], [ 0.657768650227688, 47.823983506167323 ], [ 0.657778040624961, 47.82398279340476 ], [ 0.658061433305775, 47.823983953819699 ], [ 0.658406936080629, 47.82400166115746 ], [ 0.658705526749482, 47.824022032061613 ], [ 0.659044537877871, 47.824065719502507 ], [ 0.659651554182082, 47.824186789389437 ], [ 0.660587048994435, 47.824378340780918 ], [ 0.661231000908748, 47.824510944290154 ], [ 0.661748961155311, 47.824620321769018 ], [ 0.661886305981093, 47.824659077459202 ], [ 0.662146143698329, 47.824739893731326 ], [ 0.662321784321153, 47.824819930700365 ], [ 0.662583336851717, 47.824953003383307 ], [ 0.66289357886017, 47.825195094236534 ], [ 0.663149338847448, 47.825399181662853 ], [ 0.663320136577111, 47.825528642472868 ], [ 0.663438774250278, 47.825597636931164 ], [ 0.663532900599261, 47.825646333905048 ], [ 0.663648915011693, 47.825683761863694 ], [ 0.663775853757263, 47.82571600503109 ], [ 0.663911361341845, 47.825735813234232 ], [ 0.664181910568143, 47.825755611093996 ], [ 0.664931136744532, 47.825775040304698 ], [ 0.66559399852614, 47.825812553607086 ], [ 0.66578966084632, 47.825832657164881 ], [ 0.665953459826903, 47.825847623955404 ], [ 0.666564533279869, 47.82590751090062 ], [ 0.667327306041092, 47.825983919485218 ], [ 0.667670699623241, 47.826019565173048 ], [ 0.66837748693147, 47.826092151719784 ], [ 0.668818987667898, 47.826146852952448 ], [ 0.669362445284392, 47.8262242888255 ], [ 0.669690713242348, 47.826269532170869 ], [ 0.670187145924843, 47.826321718607062 ], [ 0.670533723423087, 47.826376327437259 ], [ 0.670941078375933, 47.826478063046714 ], [ 0.671232330245163, 47.826574789543542 ], [ 0.671282384893923, 47.826591991066401 ], [ 0.671268569093106, 47.826480067432684 ], [ 0.6712716864193, 47.826378384545819 ], [ 0.671257256239828, 47.826158401084371 ], [ 0.671248918466625, 47.825921431084332 ], [ 0.67125933043472, 47.825622706146568 ], [ 0.671284464173346, 47.825415213737458 ], [ 0.671317167436381, 47.825309616560951 ], [ 0.671344834438437, 47.825257943153993 ], [ 0.671414740585895, 47.825188200495099 ], [ 0.671595014403941, 47.825101741814585 ], [ 0.671803068528309, 47.824991523915109 ], [ 0.671924717450198, 47.824930912237171 ], [ 0.672168795319327, 47.824852923065215 ], [ 0.672455659071264, 47.82477488258305 ], [ 0.672925930100355, 47.824660865179276 ], [ 0.673523343336264, 47.82451335356491 ], [ 0.674190846715259, 47.824352823349116 ], [ 0.674693288451511, 47.824236736109384 ], [ 0.675059864401824, 47.824139561519452 ], [ 0.675636481044239, 47.824008734366579 ], [ 0.676009692238264, 47.823943202304548 ], [ 0.676284049985489, 47.823906322900314 ], [ 0.676451186077907, 47.823906034522082 ], [ 0.677193830036868, 47.823891940699411 ], [ 0.6776100590269, 47.823912793643053 ], [ 0.678390027728244, 47.823993072881208 ], [ 0.678910414171188, 47.824047497923551 ], [ 0.679193651101711, 47.824082819178578 ], [ 0.679437834973202, 47.824124569770191 ], [ 0.679927697719261, 47.824235110837563 ], [ 0.680205200396152, 47.824279320061734 ], [ 0.680326212442312, 47.824294320413934 ], [ 0.680679699039957, 47.824282406905553 ], [ 0.681063792119087, 47.824273799015323 ], [ 0.681279098133494, 47.824272655888223 ], [ 0.681583277841935, 47.824287676517756 ], [ 0.681944389031004, 47.824315527348944 ], [ 0.682258275386114, 47.82435324802298 ], [ 0.682479792744748, 47.824393643621256 ], [ 0.682735101333633, 47.824456316262832 ], [ 0.683143408699312, 47.824567032185364 ], [ 0.683321592314863, 47.824620075547607 ], [ 0.683409209708408, 47.824634412673454 ], [ 0.683634913237163, 47.825253841607577 ], [ 0.6840189551225, 47.825798964467737 ], [ 0.684542532356911, 47.826056915715746 ], [ 0.68494965285907, 47.826287353636481 ], [ 0.685110716754248, 47.826672300592307 ], [ 0.685229648439406, 47.826950169026176 ], [ 0.685461105944417, 47.827468862802071 ], [ 0.685721297082119, 47.828034043076897 ], [ 0.685728607734688, 47.828050394439813 ], [ 0.686052370494154, 47.828015367711366 ], [ 0.686391890000514, 47.827986953812299 ], [ 0.686823119065408, 47.827971153328406 ], [ 0.688683997445697, 47.827979046030059 ], [ 0.690095446496648, 47.827960046406346 ], [ 0.690260001552689, 47.827957886457973 ], [ 0.690128299610113, 47.826927046326006 ], [ 0.690108578574492, 47.826765487903039 ], [ 0.69010194990249, 47.826641103444622 ], [ 0.690106975137646, 47.826094665544062 ], [ 0.690098104160707, 47.825252625450815 ], [ 0.69010620862573, 47.824419923374109 ], [ 0.690126662670753, 47.824349195522444 ], [ 0.690177422779287, 47.824165615544324 ], [ 0.69040267874617, 47.823350697760304 ], [ 0.690598966494759, 47.822679271292699 ], [ 0.690790773010932, 47.822018560758039 ], [ 0.690933969112575, 47.821491951026367 ], [ 0.69097652837234, 47.821373937613849 ], [ 0.691031898162794, 47.821268782037237 ], [ 0.691227307412476, 47.820925079713525 ], [ 0.691638412520896, 47.820170544094516 ], [ 0.691899311532954, 47.819703876113387 ], [ 0.692160596469236, 47.819228211182306 ], [ 0.692559779270818, 47.818501349557934 ], [ 0.692845632953357, 47.817982947797503 ], [ 0.692938737627982, 47.817839817131848 ], [ 0.693018627591728, 47.817785565265496 ], [ 0.693094210329895, 47.817923012435827 ], [ 0.693182330703452, 47.818079614572021 ], [ 0.693277121424646, 47.818205734520035 ], [ 0.693322097070248, 47.818185910637752 ], [ 0.693379007164943, 47.818137509022208 ], [ 0.693583024549859, 47.817902919713525 ], [ 0.693998065327739, 47.817364547576155 ], [ 0.69441466742692, 47.816820802319725 ], [ 0.694527332612717, 47.816688859941323 ], [ 0.69458937819157, 47.816614447348314 ], [ 0.695064122631089, 47.815993509199345 ], [ 0.695475214534481, 47.815483866781342 ], [ 0.695759309526743, 47.815128394682311 ], [ 0.696099525080656, 47.81474251135208 ], [ 0.696597946271837, 47.814191362826719 ], [ 0.696762550385364, 47.814001913495908 ], [ 0.696945684920697, 47.813785816253798 ], [ 0.696997751206303, 47.813725612598681 ], [ 0.697269739477255, 47.81340231315945 ], [ 0.697506036849841, 47.813131435165857 ], [ 0.697807312204744, 47.81277989726199 ], [ 0.698026397644481, 47.812505078526542 ], [ 0.69817248846671, 47.812310761604067 ], [ 0.698597582137426, 47.811692435524265 ], [ 0.698828187890428, 47.811367419398266 ], [ 0.69894093545392, 47.811202159802654 ], [ 0.699031274927125, 47.811091384230565 ], [ 0.69909291840549, 47.81102596532488 ], [ 0.69926615180094, 47.810852889047929 ], [ 0.699645925012455, 47.810509190334635 ], [ 0.699747697633629, 47.810412144579175 ], [ 0.699855330201675, 47.810334122059686 ], [ 0.700393552705686, 47.810004335681406 ], [ 0.700567984122687, 47.809896109504052 ], [ 0.70093934054239, 47.80965398623254 ], [ 0.701236127682878, 47.809467123950924 ], [ 0.701331789026866, 47.809418578324788 ], [ 0.700772106751454, 47.808853855018484 ], [ 0.700646184758174, 47.808582165874682 ], [ 0.700258931906997, 47.808172089443673 ], [ 0.699488221366993, 47.807171927198084 ], [ 0.69949077769226, 47.8070819376712 ], [ 0.700905479252091, 47.806696421016142 ], [ 0.700815915747345, 47.806387628325758 ], [ 0.699236979368717, 47.804514422281322 ], [ 0.699375666562863, 47.804336165289804 ], [ 0.700058219012919, 47.80385074407058 ], [ 0.700265613526632, 47.803628814740421 ], [ 0.701152944628642, 47.803012346561033 ], [ 0.701360940126335, 47.802745407193974 ], [ 0.701565811183541, 47.802612565588923 ], [ 0.701241471165329, 47.802293764316829 ], [ 0.700981384967166, 47.802065362322807 ], [ 0.701052686372108, 47.801930801062021 ], [ 0.701449147645234, 47.801663057212956 ], [ 0.701512734575653, 47.801583268692724 ], [ 0.701637950554554, 47.801438059532394 ], [ 0.701860197855156, 47.801181303169209 ], [ 0.702092775319685, 47.800932852585419 ], [ 0.70234885231761, 47.800635340413493 ], [ 0.702565557520732, 47.800382976042549 ], [ 0.702654938461047, 47.800293788297118 ], [ 0.702704717239462, 47.800255146766219 ], [ 0.702777039746546, 47.800220548829451 ], [ 0.702791791071153, 47.800188423671962 ], [ 0.702788936900805, 47.800130742135146 ], [ 0.702758431159554, 47.800063514433369 ], [ 0.702704668276069, 47.79997782270884 ], [ 0.703391498873643, 47.799669845194288 ], [ 0.703603354296398, 47.799312937502897 ], [ 0.70401358661657, 47.799004036740428 ], [ 0.70415479147758, 47.798735783481746 ], [ 0.703763699377636, 47.798415680242144 ], [ 0.703775229212509, 47.798055746107742 ], [ 0.704192488234713, 47.797521882315834 ], [ 0.70487681144797, 47.796992348801865 ], [ 0.705418135961515, 47.796679708479076 ], [ 0.704890493896959, 47.796241682633337 ], [ 0.704494875349397, 47.795871970364473 ], [ 0.704058169038163, 47.79546363448479 ], [ 0.703667606465739, 47.795131835 ], [ 0.703413987387352, 47.794908966169565 ], [ 0.703374035982099, 47.794874868095263 ], [ 0.70291783913872, 47.794485053762905 ], [ 0.702934054648153, 47.794480869702234 ], [ 0.702984813247732, 47.794450350869823 ], [ 0.703046641096347, 47.794411045025164 ], [ 0.703212267336306, 47.794319750064304 ], [ 0.70339167125792, 47.794218820547151 ], [ 0.704624872030652, 47.795274850139485 ], [ 0.705864605963144, 47.794600422378458 ], [ 0.70482745922727, 47.793552748869068 ], [ 0.705689251883193, 47.793182457012641 ], [ 0.706443273856276, 47.792863172766978 ], [ 0.707099650235434, 47.79257708829671 ], [ 0.707603353385904, 47.792360945279796 ], [ 0.707726975508194, 47.792313842233696 ], [ 0.709106287604756, 47.79180868667801 ], [ 0.709567832532903, 47.791640332656605 ], [ 0.71013937105122, 47.791430907721029 ], [ 0.710656652221285, 47.791240228552205 ], [ 0.711324246032893, 47.791002961893042 ], [ 0.711925566808845, 47.790784205891512 ], [ 0.712439894462465, 47.790599764148119 ], [ 0.712807600874517, 47.790469182786914 ], [ 0.712884063251421, 47.790431058035139 ], [ 0.712985174481638, 47.790379008049761 ], [ 0.712985174481696, 47.790379008049527 ], [ 0.712998579281683, 47.79022259993674 ] ], [ [ 0.450263024636759, 47.88188971973824 ], [ 0.450491097053189, 47.881706761434359 ], [ 0.450310876440909, 47.881886804753414 ], [ 0.450150979203668, 47.882081905458961 ], [ 0.450029818442871, 47.882270721615868 ], [ 0.449917335598171, 47.882505427420647 ], [ 0.449508052885929, 47.882264385738495 ], [ 0.45007046904884, 47.88201591007568 ], [ 0.450263024636759, 47.88188971973824 ] ], [ [ 0.451789033225868, 47.879669592703493 ], [ 0.45191369529461, 47.879799104311566 ], [ 0.45205530514723, 47.879903476858374 ], [ 0.451463293898604, 47.880490535641115 ], [ 0.451587726997463, 47.880008711116865 ], [ 0.451566075287112, 47.879670230605591 ], [ 0.451789033225868, 47.879669592703493 ] ], [ [ 0.475320550891152, 47.860586818005636 ], [ 0.476048662337444, 47.859657844780074 ], [ 0.476266386972779, 47.859410231487303 ], [ 0.476523541424005, 47.859117771106405 ], [ 0.476553625508898, 47.859083555719458 ], [ 0.476720467720997, 47.858750450603232 ], [ 0.476754928684274, 47.85843036057161 ], [ 0.476704354215382, 47.858123174223131 ], [ 0.476628242092208, 47.857966759602895 ], [ 0.476335627871804, 47.85788338185349 ], [ 0.475144097253734, 47.857763889410791 ], [ 0.47401421929767, 47.857694606060463 ], [ 0.471299777169705, 47.857602661725892 ], [ 0.470088682446251, 47.857529326490663 ], [ 0.469734010225983, 47.857474381175919 ], [ 0.469046490395354, 47.85729875885265 ], [ 0.468832183112934, 47.8572287396671 ], [ 0.468324420930099, 47.857018483484936 ], [ 0.468050978948987, 47.856835620341613 ], [ 0.467866405456861, 47.856607859762171 ], [ 0.467786035991539, 47.856354126705774 ], [ 0.46781654643958, 47.856095506462609 ], [ 0.467955401812485, 47.855853488479113 ], [ 0.468024013267251, 47.855780053873147 ], [ 0.468191062273474, 47.855648183427277 ], [ 0.468503943649144, 47.85549665122123 ], [ 0.468742793989483, 47.85543194037578 ], [ 0.468995645043021, 47.855399237028713 ], [ 0.469791496589899, 47.855402534146705 ], [ 0.470246006134204, 47.85543858960564 ], [ 0.471143419045143, 47.855537969048939 ], [ 0.471754364874687, 47.855523360026986 ], [ 0.471871349774172, 47.855505229952726 ], [ 0.472991269751975, 47.855046985801955 ], [ 0.473229380849747, 47.85497298169544 ], [ 0.47369892484038, 47.854884426363597 ], [ 0.474035913389184, 47.854862931618783 ], [ 0.47429084076672, 47.854866817297207 ], [ 0.474306398955887, 47.854854011171867 ], [ 0.474503042543578, 47.854250536024836 ], [ 0.47451214523736, 47.853968702654349 ], [ 0.474488740933331, 47.853783149631901 ], [ 0.4745970253102, 47.853721837518286 ], [ 0.474722465140568, 47.853632648451267 ], [ 0.474866788487395, 47.85348538243057 ], [ 0.474965655104093, 47.853321994651907 ], [ 0.475014958452279, 47.853150220826755 ], [ 0.475019425887293, 47.853042144878316 ], [ 0.475549721400558, 47.853117090534369 ], [ 0.476629738642047, 47.853185250707831 ], [ 0.477377963509033, 47.853182820583456 ], [ 0.477614339644891, 47.853154289161033 ], [ 0.478250570186231, 47.852998304084281 ], [ 0.478497966148261, 47.852915645877104 ], [ 0.478714852447019, 47.852800538150468 ], [ 0.479205102375225, 47.852403191827335 ], [ 0.479510114908411, 47.85200020387412 ], [ 0.47959706687372, 47.851847485110085 ], [ 0.479647298152997, 47.851604927959649 ], [ 0.479642932063205, 47.851189737179986 ], [ 0.47959882384635, 47.85102773098685 ], [ 0.479262415861302, 47.850235777955909 ], [ 0.479138411662522, 47.850073762211217 ], [ 0.478907927557705, 47.84983548781431 ], [ 0.479297157937333, 47.84972445776048 ], [ 0.479518775698417, 47.849625818762632 ], [ 0.479707042670277, 47.849499630944393 ], [ 0.480054151224289, 47.84920845827839 ], [ 0.480315046691242, 47.848888708613281 ], [ 0.480411926533653, 47.848732799636473 ], [ 0.480463798142325, 47.848567448508504 ], [ 0.480531142958036, 47.848171801531144 ], [ 0.480536960227476, 47.848010383613456 ], [ 0.480491154526409, 47.84759701484974 ], [ 0.480432190692002, 47.84743929074839 ], [ 0.480275075488354, 47.847137440905513 ], [ 0.480118555149327, 47.846896281460687 ], [ 0.479948991461087, 47.84674655977561 ], [ 0.479847708839251, 47.846681465744808 ], [ 0.479266123357489, 47.846357345225329 ], [ 0.478502241433981, 47.846034876482811 ], [ 0.478285594810716, 47.845974865855247 ], [ 0.477579159139672, 47.845826379243412 ], [ 0.477144666935041, 47.845710087671932 ], [ 0.476915335208854, 47.845597770546277 ], [ 0.476666016559859, 47.845517303248485 ], [ 0.475737039849602, 47.845297097909508 ], [ 0.473859215177406, 47.844963077410547 ], [ 0.473216293333114, 47.844895453278767 ], [ 0.472257121013462, 47.844627980329655 ], [ 0.471175748540054, 47.84438881353951 ], [ 0.470543431832802, 47.844149716552103 ], [ 0.469890286869673, 47.844003228022757 ], [ 0.469513535068292, 47.843960373624235 ], [ 0.468924004022483, 47.843984716908594 ], [ 0.468652475428245, 47.84401781374121 ], [ 0.468027879357987, 47.843676176638489 ], [ 0.467767519363587, 47.843588348606687 ], [ 0.46740590196763, 47.84349799527984 ], [ 0.467121551089489, 47.843450024179958 ], [ 0.465980926241229, 47.843424751775402 ], [ 0.465315367754494, 47.843208093262739 ], [ 0.464878892567681, 47.843005697490447 ], [ 0.464524024371344, 47.842911376680284 ], [ 0.463990436108254, 47.842831349047053 ], [ 0.46370844803746, 47.842827269462958 ], [ 0.463079901406851, 47.842903480139533 ], [ 0.462662650550961, 47.842976293684288 ], [ 0.461811413122103, 47.842975215599459 ], [ 0.461240965587958, 47.842864499260955 ], [ 0.45971077488368, 47.842489440318147 ], [ 0.458585061455186, 47.842243201742548 ], [ 0.457201660418877, 47.842136777160384 ], [ 0.455454357935694, 47.842159835883493 ], [ 0.452527422334166, 47.84256540354383 ], [ 0.452261738780483, 47.842565511823324 ], [ 0.451868108818073, 47.842531268711369 ], [ 0.451472575178849, 47.842356420196353 ], [ 0.448866860506449, 47.841323472817983 ], [ 0.447806252511411, 47.840868325054231 ], [ 0.44757336719149, 47.840788748983222 ], [ 0.446718267426268, 47.840567225553798 ], [ 0.44600096681784, 47.840465995238965 ], [ 0.446294272529015, 47.840450466551744 ], [ 0.448059070075464, 47.840580253851073 ], [ 0.449283905744551, 47.840686954449296 ], [ 0.450127687973007, 47.840730111184001 ], [ 0.450789374534711, 47.840807676221914 ], [ 0.451623603787432, 47.840946451064376 ], [ 0.45200075259908, 47.841027675536608 ], [ 0.452208716060997, 47.841067917119148 ], [ 0.452865185296143, 47.841143715353205 ], [ 0.453418480147578, 47.841174260989845 ], [ 0.454501308964816, 47.841179415711935 ], [ 0.45570908602696, 47.841091044589398 ], [ 0.457328470650558, 47.840828156221725 ], [ 0.45784631494654, 47.840723522420731 ], [ 0.458037063988522, 47.840681622721618 ], [ 0.458174912205653, 47.840674876301044 ], [ 0.45863033653932, 47.840686141593636 ], [ 0.458775642105537, 47.840722872923301 ], [ 0.459699545066002, 47.840937283204063 ], [ 0.460239538787781, 47.840996842837122 ], [ 0.46106904971696, 47.841021309508534 ], [ 0.46205303573072, 47.840985216410409 ], [ 0.462914814530024, 47.841090453780168 ], [ 0.463199451237029, 47.841155919651733 ], [ 0.46421981255716, 47.841493756551586 ], [ 0.464825237208792, 47.841734812025116 ], [ 0.465018316150739, 47.84186628476305 ], [ 0.465223990800029, 47.84196782979469 ], [ 0.46545457093495, 47.842041230434248 ], [ 0.467071955495525, 47.842350270422983 ], [ 0.467579595710292, 47.842428048785152 ], [ 0.467913268367853, 47.842444856584613 ], [ 0.468481671451991, 47.842424349646599 ], [ 0.468106947377368, 47.842410973829907 ], [ 0.467855697853991, 47.842359729202123 ], [ 0.467322531900512, 47.842172809695903 ], [ 0.466276617140609, 47.841860225021207 ], [ 0.465213920028779, 47.841374935833223 ], [ 0.464601505279365, 47.841041196979894 ], [ 0.464380973104656, 47.840886411956696 ], [ 0.46403665390521, 47.840578382904496 ], [ 0.46376039879489, 47.840550108398737 ], [ 0.463140612854852, 47.840436306454144 ], [ 0.462903771380163, 47.840358584641912 ], [ 0.462604421704183, 47.840234396402096 ], [ 0.461431499569529, 47.84005061804838 ], [ 0.460913980522386, 47.839911890899323 ], [ 0.460413958502973, 47.839859900266958 ], [ 0.460151242681056, 47.839813802061819 ], [ 0.45990777802204, 47.839732919390023 ], [ 0.45911920843839, 47.839399977667405 ], [ 0.458747538117828, 47.839202600627665 ], [ 0.458388853718573, 47.839002225243284 ], [ 0.458215049326537, 47.838885392307354 ], [ 0.458075927903339, 47.838749122615731 ], [ 0.457754298628004, 47.838362169738694 ], [ 0.457615900175097, 47.838195659436209 ], [ 0.457512518265267, 47.83803544526652 ], [ 0.456471903451117, 47.838241435782074 ], [ 0.456185089472565, 47.838274804812322 ], [ 0.454596568162144, 47.838229786974857 ], [ 0.453201624221947, 47.838109765619684 ], [ 0.452844895550455, 47.838043481127833 ], [ 0.452013647125327, 47.837741605712722 ], [ 0.451815295584903, 47.837652161849554 ], [ 0.451461513264453, 47.837459716629951 ], [ 0.451330922597881, 47.837388679046065 ], [ 0.450868717916348, 47.837137250726954 ], [ 0.450564935751269, 47.836957292374933 ], [ 0.450290619394027, 47.837027108559141 ], [ 0.449635929568045, 47.837138868569085 ], [ 0.449395472259462, 47.837164515545929 ], [ 0.449152093739027, 47.837160374885528 ], [ 0.448002230695155, 47.837069800463752 ], [ 0.44764342753376, 47.837007431137032 ], [ 0.446679055224813, 47.837269796797173 ], [ 0.445688968861172, 47.837493949402365 ], [ 0.445426004386391, 47.837534161918093 ], [ 0.444520572254338, 47.8376032810514 ], [ 0.442824757483672, 47.837489716608459 ], [ 0.441271198392718, 47.837300125779223 ], [ 0.440885033444161, 47.83738169129137 ], [ 0.440228636856371, 47.83761127439135 ], [ 0.439734604518881, 47.837754944039297 ], [ 0.439472614475307, 47.83779422991563 ], [ 0.439338553471338, 47.837800403939653 ], [ 0.43907105833103, 47.837785502511942 ], [ 0.438813377148074, 47.837734921115761 ], [ 0.438402547485947, 47.837620780262149 ], [ 0.437742964316019, 47.837404594454171 ], [ 0.43754503315198, 47.8373397189023 ], [ 0.437058620608216, 47.837195734552296 ], [ 0.435975916522682, 47.83698590850419 ], [ 0.434894030080543, 47.836705136327055 ], [ 0.434660276512092, 47.83660431832655 ], [ 0.433910065338647, 47.836191243525811 ], [ 0.433865118171929, 47.836159812835731 ], [ 0.433548944516653, 47.835938722735364 ], [ 0.433536438478145, 47.836154603638796 ], [ 0.433440148694993, 47.8365847905782 ], [ 0.433190673560392, 47.837038560468578 ], [ 0.433071779921927, 47.837197697136709 ], [ 0.432763583378196, 47.837515817798284 ], [ 0.43267190683218, 47.837586039212361 ], [ 0.432458677687187, 47.837705450705101 ], [ 0.432339427615606, 47.837753352151097 ], [ 0.432082071298133, 47.837822968282737 ], [ 0.431192596701852, 47.837933273732574 ], [ 0.431058815228453, 47.837944474501718 ], [ 0.430789637329546, 47.837939468436907 ], [ 0.430315048979212, 47.837869554027669 ], [ 0.429932803774898, 47.837844347252705 ], [ 0.429337015479418, 47.837988316640256 ], [ 0.428473566463591, 47.838052632959574 ], [ 0.42820569978323, 47.838036079507461 ], [ 0.427444556399166, 47.837936290028075 ], [ 0.426652107614839, 47.83787664505703 ], [ 0.425836057715703, 47.837750957750487 ], [ 0.424642008472032, 47.837651334995329 ], [ 0.423745352727295, 47.837618745699977 ], [ 0.422898552838202, 47.837457993408954 ], [ 0.421663071032136, 47.837125023645619 ], [ 0.421111045641797, 47.83688113823208 ], [ 0.420259214793179, 47.836568809341671 ], [ 0.420040748871284, 47.836443433000767 ], [ 0.419520555621884, 47.835991078305554 ], [ 0.419455810837973, 47.835927615460484 ], [ 0.419448118948884, 47.83592007571341 ], [ 0.419335054525813, 47.835765749619213 ], [ 0.419267680542689, 47.835599754019512 ], [ 0.419177076016788, 47.834780621207244 ], [ 0.419180568719065, 47.8347516872795 ], [ 0.419188357700905, 47.834687158240051 ], [ 0.419214020143749, 47.834594993373912 ], [ 0.419307222763572, 47.834418532713592 ], [ 0.419681433496899, 47.833891448669412 ], [ 0.419957452226561, 47.833504554237351 ], [ 0.420472476932023, 47.832782629910007 ], [ 0.420610221418033, 47.832630341113934 ], [ 0.420893222594941, 47.832443440356926 ], [ 0.421122017383728, 47.832353660221251 ], [ 0.421372608925228, 47.832296012858777 ], [ 0.421635158704837, 47.832272761659347 ], [ 0.421899364320239, 47.832284818170123 ], [ 0.422154855440168, 47.83233171029363 ], [ 0.422391603522724, 47.832411597600036 ], [ 0.422691545391557, 47.832586109620344 ], [ 0.422843277820733, 47.832732246449687 ], [ 0.422949244033281, 47.832895656750722 ], [ 0.423005287928245, 47.833069927010598 ], [ 0.422991488788969, 47.833336679335424 ], [ 0.422663235597331, 47.834112928273171 ], [ 0.422648087977452, 47.834227636161152 ], [ 0.422669689100098, 47.834511672388174 ], [ 0.422762153065529, 47.834747208713857 ], [ 0.424032996526722, 47.835120405341584 ], [ 0.425375192222088, 47.835443655433416 ], [ 0.42640068124653, 47.835581566445462 ], [ 0.427381870238542, 47.835680804039988 ], [ 0.428321028953979, 47.835678327203134 ], [ 0.428876088790352, 47.835588821530258 ], [ 0.428419608113446, 47.835370671192351 ], [ 0.428244651391659, 47.835270811771679 ], [ 0.42748053973967, 47.834659976265904 ], [ 0.427330510006499, 47.834510922591832 ], [ 0.427272841341506, 47.834429571161095 ], [ 0.42722754874516, 47.834344743505369 ], [ 0.42717578040499, 47.834168090539805 ], [ 0.427177273538236, 47.833988033805049 ], [ 0.427198058016333, 47.833898984127266 ], [ 0.427278665611734, 47.833727298345018 ], [ 0.427337677649429, 47.833646385944341 ], [ 0.427490168430723, 47.833498469795963 ], [ 0.427582114912352, 47.833432949690575 ], [ 0.427792812480947, 47.833322067521408 ], [ 0.427909447597612, 47.833277817001047 ], [ 0.428159456919559, 47.833213912043583 ], [ 0.42842335315476, 47.833184795935971 ], [ 0.428557220044962, 47.833183703640536 ], [ 0.429202332969394, 47.833239550887711 ], [ 0.429398451924139, 47.83321601501288 ], [ 0.429818402638961, 47.833095640397239 ], [ 0.429992454716754, 47.832961222873649 ], [ 0.430172459010431, 47.832849141382958 ], [ 0.430233187885272, 47.832391010594534 ], [ 0.43028425882504, 47.832215846077005 ], [ 0.430454073522864, 47.831974334698025 ], [ 0.430721713430719, 47.83177704024056 ], [ 0.430943132766091, 47.831678873623112 ], [ 0.43131804979736, 47.831591288398513 ], [ 0.431582183916582, 47.831576024447045 ], [ 0.432052096756214, 47.831590504656184 ], [ 0.432346884539843, 47.831468327616157 ], [ 0.432580611109797, 47.831391469032774 ], [ 0.432961395101176, 47.831336643173948 ], [ 0.433349487261903, 47.831358043099861 ], [ 0.433711950826682, 47.831453853579283 ], [ 0.433923993694758, 47.831555293143623 ], [ 0.434177648439125, 47.831754230131786 ], [ 0.434335387105444, 47.831993951646382 ], [ 0.434380274056562, 47.832166469584365 ], [ 0.434374686050768, 47.832341574769217 ], [ 0.434320640226222, 47.832646103037966 ], [ 0.434343371480632, 47.832991171670947 ], [ 0.434380644474547, 47.833119860532335 ], [ 0.435421694464789, 47.833821934615706 ], [ 0.436156772822273, 47.834295884171063 ], [ 0.436683325140471, 47.834579726557656 ], [ 0.438376136886775, 47.834904489668858 ], [ 0.439033507851528, 47.834938486521544 ], [ 0.4393720477865, 47.834924749956386 ], [ 0.439417648911909, 47.834917057290944 ], [ 0.439679425239267, 47.834743661318775 ], [ 0.439795798957141, 47.834692024873718 ], [ 0.440049260785445, 47.834614537910298 ], [ 0.440570647647241, 47.834501961784355 ], [ 0.441365499709991, 47.834434226468389 ], [ 0.441642187138164, 47.83444935876593 ], [ 0.44215842283882, 47.834521040577101 ], [ 0.442666097878149, 47.83463068998433 ], [ 0.443630327295989, 47.834893942293675 ], [ 0.444337272740929, 47.83488199829258 ], [ 0.444743841291271, 47.834757391732325 ], [ 0.445072129848894, 47.834590301752989 ], [ 0.445249494892612, 47.834399427309592 ], [ 0.445340346696196, 47.83433120360651 ], [ 0.445550502398545, 47.834215117909032 ], [ 0.445667626129054, 47.834168458217349 ], [ 0.445919912979462, 47.834100317902461 ], [ 0.446187455368243, 47.83406795106405 ], [ 0.446749477749015, 47.834043774206634 ], [ 0.447017139270913, 47.834066652025548 ], [ 0.447843744271452, 47.834200677664903 ], [ 0.44835297742327, 47.834356778000476 ], [ 0.448334752311205, 47.834069043682689 ], [ 0.448401661095274, 47.833708179160631 ], [ 0.448529040835487, 47.833478974824679 ], [ 0.448796745103449, 47.833230664497343 ], [ 0.44908969179118, 47.83304878044386 ], [ 0.449449248263515, 47.832933124830895 ], [ 0.449710339067471, 47.8328981640622 ], [ 0.450167143932242, 47.832899024010693 ], [ 0.450424565244879, 47.832934160062244 ], [ 0.450779290057788, 47.833048368426184 ], [ 0.450981520374738, 47.833161223022628 ], [ 0.451204275314532, 47.833339062910881 ], [ 0.451334640139783, 47.833468814888946 ], [ 0.451651039554433, 47.833936855421676 ], [ 0.451888814096007, 47.834213031938475 ], [ 0.452244090128386, 47.834458011908403 ], [ 0.452385373492698, 47.834598023828917 ], [ 0.452638727132946, 47.834982157592819 ], [ 0.453190621575711, 47.83528696719867 ], [ 0.453460561382184, 47.835376545788577 ], [ 0.453940572365076, 47.83542452089911 ], [ 0.454190326563387, 47.83546634607351 ], [ 0.454552795504006, 47.835590965009004 ], [ 0.455235712528608, 47.835770023297485 ], [ 0.455731026298995, 47.835724561932167 ], [ 0.456094557536053, 47.835422373808179 ], [ 0.456644303978417, 47.834893664334139 ], [ 0.45686380379134, 47.834471411661589 ], [ 0.456983612792961, 47.834327727793813 ], [ 0.457140319830265, 47.834201159729908 ], [ 0.457434597964227, 47.834003490110213 ], [ 0.457527882844615, 47.833946704594155 ], [ 0.457750340222818, 47.833846266013637 ], [ 0.457992866088674, 47.83377893925686 ], [ 0.45825025212737, 47.833744802171175 ], [ 0.458531375858984, 47.833747076279337 ], [ 0.45864244029848, 47.83375834188179 ], [ 0.459011860958334, 47.833848036384836 ], [ 0.459326627268157, 47.834006145046523 ], [ 0.459647944469931, 47.834247157581252 ], [ 0.459849203004009, 47.834449206999615 ], [ 0.459977707134008, 47.834612168989757 ], [ 0.460054154502985, 47.834789352336088 ], [ 0.460104445972909, 47.835164863048533 ], [ 0.460095747209831, 47.835358162278141 ], [ 0.46003058641164, 47.835535564234448 ], [ 0.46024395305733, 47.836114511966379 ], [ 0.46052790705664, 47.836786098885597 ], [ 0.460726995760146, 47.837048246687395 ], [ 0.460862695558511, 47.83722692585237 ], [ 0.461798859335135, 47.837496472714058 ], [ 0.462167457814283, 47.837497069177708 ], [ 0.462467477352832, 47.837520527850415 ], [ 0.463171727612118, 47.837683225597885 ], [ 0.463483377181641, 47.837790703422463 ], [ 0.464093108443781, 47.838089473497213 ], [ 0.464307858109682, 47.838069658968784 ], [ 0.464392747603189, 47.838052252911226 ], [ 0.464734657908985, 47.837982144969367 ], [ 0.465105987488723, 47.837943182515225 ], [ 0.465478751262492, 47.837975345947868 ], [ 0.465973623247201, 47.838121311360176 ], [ 0.46620518407598, 47.838218808788518 ], [ 0.466308668600542, 47.838278980953845 ], [ 0.466485642482546, 47.838419032675645 ], [ 0.466616644681296, 47.838580377195541 ], [ 0.466696208734766, 47.838756279958005 ], [ 0.466733574131985, 47.838980312726491 ], [ 0.46680354528885, 47.839115925828359 ], [ 0.466891646092403, 47.839224467385726 ], [ 0.467051563783667, 47.839332385789959 ], [ 0.467128572879012, 47.839391694303117 ], [ 0.467167376147095, 47.839421578756436 ], [ 0.467380460248335, 47.839609313108916 ], [ 0.467593502973388, 47.839716214430268 ], [ 0.468004641331315, 47.839812627721685 ], [ 0.469317825703231, 47.840049427718661 ], [ 0.469631435823953, 47.840159412475757 ], [ 0.469959078526026, 47.840341102041016 ], [ 0.470468760940614, 47.840481190877966 ], [ 0.47129845817726, 47.8405414293875 ], [ 0.471858632252852, 47.840608856993072 ], [ 0.472151232953815, 47.840667946170981 ], [ 0.472842078390372, 47.840931710966586 ], [ 0.473134509706041, 47.841091690338828 ], [ 0.473399020455817, 47.841292686456335 ], [ 0.47356367491338, 47.841537272683318 ], [ 0.473610318929059, 47.841713897651218 ], [ 0.473597166866746, 47.842079388347358 ], [ 0.47353583927285, 47.842257745152224 ], [ 0.473485300836151, 47.8423428524871 ], [ 0.473347090183269, 47.842500518637131 ], [ 0.473164346251243, 47.842636093892636 ], [ 0.473058573480002, 47.842693801999175 ], [ 0.472703472367691, 47.842822835399566 ], [ 0.472594024000556, 47.842852203910724 ], [ 0.473691410646919, 47.842981627019221 ], [ 0.473956463335871, 47.843082940783297 ], [ 0.474205545662677, 47.843140650148044 ], [ 0.474361907442129, 47.843167208629502 ], [ 0.474693035471101, 47.84318857052552 ], [ 0.475208146006653, 47.843386929475678 ], [ 0.475642469270246, 47.843480081713558 ], [ 0.475942934215475, 47.843511044181177 ], [ 0.476316760668614, 47.843520602515468 ], [ 0.476760541158541, 47.843499436817439 ], [ 0.477018215267035, 47.843464774332297 ], [ 0.477553283714041, 47.843341515912371 ], [ 0.477962603051872, 47.843315958410614 ], [ 0.478223933641891, 47.8432817186318 ], [ 0.478584229353694, 47.843167064402834 ], [ 0.478878314014832, 47.842986007727347 ], [ 0.479080053016687, 47.842754638427984 ], [ 0.479171520896599, 47.842493515262383 ], [ 0.479164800017125, 47.842306369562365 ], [ 0.479115838817385, 47.842155101110301 ], [ 0.479812036086491, 47.84215016069961 ], [ 0.480089248013031, 47.842109946947453 ], [ 0.48034762459173, 47.842031274551502 ], [ 0.481014685063137, 47.841762342990521 ], [ 0.481298022280242, 47.841573442503822 ], [ 0.481485993998076, 47.841336684103084 ], [ 0.481549667381883, 47.841162540435398 ], [ 0.481595656326931, 47.840945285769394 ], [ 0.482355335831131, 47.840837714061507 ], [ 0.482581788334986, 47.840776291160857 ], [ 0.482816220353386, 47.84067343451381 ], [ 0.482961289305785, 47.840643446340287 ], [ 0.483214869578295, 47.840557975359886 ], [ 0.483435963550029, 47.840438416805881 ], [ 0.483689105130211, 47.840268816705951 ], [ 0.483780988014195, 47.840200611648548 ], [ 0.483931406408816, 47.840047087525846 ], [ 0.48432273422724, 47.839534391226927 ], [ 0.484474149011723, 47.839135194979654 ], [ 0.484552304304128, 47.838677093850151 ], [ 0.484534960302637, 47.83851303331803 ], [ 0.484443772985164, 47.838159211166513 ], [ 0.484368481186311, 47.838013310235112 ], [ 0.484143685411755, 47.837683067226791 ], [ 0.483935700732109, 47.837494393116991 ], [ 0.483352786872398, 47.837103460610848 ], [ 0.482776128171173, 47.836810996366665 ], [ 0.482524644961103, 47.836719209410489 ], [ 0.483086614818238, 47.836439590073027 ], [ 0.483880483172269, 47.836457094028674 ], [ 0.484151033494027, 47.83642886373643 ], [ 0.484407366319663, 47.83636411229093 ], [ 0.485239277400769, 47.83608119089962 ], [ 0.485437349043089, 47.835980313753659 ], [ 0.485822596656312, 47.835743171904987 ], [ 0.486527521763077, 47.835421402820884 ], [ 0.48678021376811, 47.835238727319521 ], [ 0.487308359136847, 47.834730734107033 ], [ 0.4874307521875, 47.83458619025177 ], [ 0.487511535487676, 47.834428945940488 ], [ 0.487637735667165, 47.833888669657242 ], [ 0.487745537378373, 47.833897970988573 ], [ 0.48802286946841, 47.833973113843221 ], [ 0.488190793041271, 47.834036204105345 ], [ 0.488425075206032, 47.834472731244951 ], [ 0.488564392573779, 47.834625897512872 ], [ 0.488746106134239, 47.834757387404252 ], [ 0.489081949839233, 47.834902810775567 ], [ 0.489335024739758, 47.834959588266344 ], [ 0.489599806038257, 47.834981399950045 ], [ 0.489865746440449, 47.834967375206382 ], [ 0.490122255131584, 47.834918074300489 ], [ 0.490359115121761, 47.834835460392746 ], [ 0.490657238295065, 47.834656604690863 ], [ 0.491285823848589, 47.834017516348169 ], [ 0.491477446717231, 47.83370552895812 ], [ 0.491549124458061, 47.833540484683979 ], [ 0.491593859721009, 47.833262273588559 ], [ 0.491591842421152, 47.83308141798647 ], [ 0.491439917343894, 47.832583374627959 ], [ 0.491410568632479, 47.832200645163248 ], [ 0.491285284252402, 47.831956223082003 ], [ 0.491061965381636, 47.831745874057205 ], [ 0.490867433470906, 47.83163330540598 ], [ 0.490644550145275, 47.831547829388256 ], [ 0.490401524526945, 47.831492593999471 ], [ 0.490147304167108, 47.831469633928201 ], [ 0.489891252418995, 47.831479794329987 ], [ 0.489642796898879, 47.83152270079561 ], [ 0.489411087891713, 47.831596773643028 ], [ 0.489200089876714, 47.831687693267277 ], [ 0.488929744112409, 47.831688792096593 ], [ 0.488234766972295, 47.831574528892027 ], [ 0.487418639031072, 47.831524433880432 ], [ 0.487477535543463, 47.831342132389821 ], [ 0.487479658345262, 47.831159991749864 ], [ 0.487348744038578, 47.830689553355086 ], [ 0.487730368678312, 47.830521416452939 ], [ 0.487985875469245, 47.830345856541932 ], [ 0.488380413360485, 47.829907284914718 ], [ 0.488433648527773, 47.829819982447312 ], [ 0.488498076971697, 47.829636551767592 ], [ 0.488632283281329, 47.828930697398675 ], [ 0.488641545519622, 47.828772950788995 ], [ 0.488609733836472, 47.828616541123658 ], [ 0.488377252915817, 47.827929166668838 ], [ 0.488226534824013, 47.827549542255582 ], [ 0.488812800980148, 47.827686374853343 ], [ 0.48931111836277, 47.82775321898319 ], [ 0.4894791642785, 47.827896600098057 ], [ 0.489662075209255, 47.828024409780461 ], [ 0.489878678199272, 47.828125559463693 ], [ 0.490248050658844, 47.828219012098963 ], [ 0.490509975553382, 47.828238932534482 ], [ 0.490772612971974, 47.828223848792845 ], [ 0.491025745322797, 47.828174347194071 ], [ 0.491259527778459, 47.828092353897624 ], [ 0.491464865051192, 47.827981058304808 ], [ 0.491702447523866, 47.827768912142055 ], [ 0.491837683651646, 47.82751929566215 ], [ 0.491865612002295, 47.827203310846059 ], [ 0.491809462282874, 47.82688412130944 ], [ 0.491862856036007, 47.826698109682447 ], [ 0.492140696382138, 47.826449153329577 ], [ 0.49238177361205, 47.826263317256867 ], [ 0.492505887280436, 47.826108004811246 ], [ 0.492591043182755, 47.825901970735629 ], [ 0.492868169430127, 47.82583784100779 ], [ 0.493198797271481, 47.825687350030336 ], [ 0.493448703331717, 47.825477827677958 ], [ 0.493559095665144, 47.825314408346053 ], [ 0.493733361145604, 47.824962621581747 ], [ 0.493853159229271, 47.824634792791059 ], [ 0.493923311792767, 47.824266755818755 ], [ 0.493917637626034, 47.824041718574144 ], [ 0.493955763070748, 47.82392844186662 ], [ 0.494205012427413, 47.823666915840235 ], [ 0.494338553933725, 47.823424382769161 ], [ 0.494367930294123, 47.823252739260127 ], [ 0.494348063532029, 47.823080477963558 ], [ 0.49422802247805, 47.822834764940922 ], [ 0.494092137291604, 47.82268821116736 ], [ 0.493917173923125, 47.822561844716489 ], [ 0.493709580688613, 47.822460323615218 ], [ 0.493477006855072, 47.822387387909345 ], [ 0.493228025478211, 47.822345726798574 ], [ 0.492971810749623, 47.822336875407913 ], [ 0.492569698857776, 47.822349037414398 ], [ 0.492070689475226, 47.822340374430929 ], [ 0.491864586565324, 47.822329610537601 ], [ 0.491798242512739, 47.822313541207755 ], [ 0.49136890265573, 47.822130146670879 ], [ 0.490921858359157, 47.821901786902991 ], [ 0.490303534732014, 47.821661682542079 ], [ 0.489704842973871, 47.82150832889905 ], [ 0.489230194209765, 47.821364227118814 ], [ 0.488686882770073, 47.821235804176752 ], [ 0.487764714680728, 47.820991347961005 ], [ 0.488621606927, 47.820968908436129 ], [ 0.488854003768165, 47.820948212950427 ], [ 0.489077455723543, 47.820900485272318 ], [ 0.489638615821358, 47.820742946960401 ], [ 0.489865409835262, 47.820661214071087 ], [ 0.49006475045047, 47.820551729471234 ], [ 0.49029647638992, 47.820344590358253 ], [ 0.490397758296551, 47.820185348402177 ], [ 0.490451865722341, 47.820015987175509 ], [ 0.4905206698004, 47.81958435380686 ], [ 0.49047007629023, 47.819017592141499 ], [ 0.490522903156948, 47.818739515606843 ], [ 0.490497833836501, 47.81857016886957 ], [ 0.490425880500649, 47.818407028202635 ], [ 0.490309615876196, 47.818255926883282 ], [ 0.489879269601844, 47.817812976755448 ], [ 0.489574104266949, 47.817586922375668 ], [ 0.489451496797293, 47.817421848533684 ], [ 0.490134091157361, 47.817516869588864 ], [ 0.490555154513495, 47.817605768268876 ], [ 0.490949326226505, 47.817712216929245 ], [ 0.491826657703703, 47.817977004785682 ], [ 0.492635609812376, 47.818297169189165 ], [ 0.492738221233276, 47.818361498192559 ], [ 0.493260664522767, 47.818848627844922 ], [ 0.493567440205662, 47.819090968765565 ], [ 0.493753465437484, 47.819211946714361 ], [ 0.494088340018873, 47.819342768658075 ], [ 0.494336621023723, 47.819391458541581 ], [ 0.494594178972158, 47.819407027309886 ], [ 0.494851366455887, 47.81938889410943 ], [ 0.495098551642352, 47.819337736446798 ], [ 0.495326478959727, 47.819255469976305 ], [ 0.495526610771367, 47.819145177444923 ], [ 0.495758655331513, 47.818936471561749 ], [ 0.495892135017994, 47.818691723611238 ], [ 0.495915849028924, 47.818431477236125 ], [ 0.495859552311528, 47.818240747833514 ], [ 0.496098459727614, 47.818135194475921 ], [ 0.496269357632702, 47.818022602192251 ], [ 0.496657488889397, 47.817651224316393 ], [ 0.496791970184354, 47.817477130764516 ], [ 0.496867228802324, 47.81728754306441 ], [ 0.49692768453553, 47.816995530323496 ], [ 0.496918694220178, 47.816826789759276 ], [ 0.496836353805348, 47.816415689809631 ], [ 0.496942799352345, 47.816236942432731 ], [ 0.497018289073315, 47.816177683460111 ], [ 0.497101970761217, 47.816138934545883 ], [ 0.497900203917356, 47.816103842883273 ], [ 0.498146220713064, 47.816080871931035 ], [ 0.498485214430035, 47.81600832554436 ], [ 0.498776689286041, 47.815914690016641 ], [ 0.499100040509884, 47.815769449592949 ], [ 0.499311824666942, 47.815624792025396 ], [ 0.499603447030118, 47.815365737342788 ], [ 0.499970033696075, 47.814961110538015 ], [ 0.500412055967677, 47.814356936436724 ], [ 0.500529915813685, 47.814103383951462 ], [ 0.500532733408568, 47.813837700427356 ], [ 0.500470159113695, 47.813665290475768 ], [ 0.500358572448172, 47.813504504542315 ], [ 0.500202311920436, 47.813361594196891 ], [ 0.500007454116641, 47.813242119588416 ], [ 0.499781579597866, 47.813150724769301 ], [ 0.499533469568897, 47.813090964670984 ], [ 0.499272774352543, 47.813065163889398 ], [ 0.499009632785512, 47.813074324839931 ], [ 0.498754275612352, 47.813118092287837 ], [ 0.498391100025602, 47.813219231351141 ], [ 0.498474634104974, 47.813162813063293 ], [ 0.499197021456709, 47.812628140728052 ], [ 0.499541681837734, 47.81233734651515 ], [ 0.49986847317825, 47.812174981430843 ], [ 0.500884168301273, 47.811908370684122 ], [ 0.502933521600128, 47.811457313163892 ], [ 0.504238399559639, 47.811190238972642 ], [ 0.505586271378923, 47.811048934606944 ], [ 0.506464305260071, 47.811039387698131 ], [ 0.507991614918355, 47.810819166630992 ], [ 0.508980026525022, 47.810516066564432 ], [ 0.512682555298664, 47.809608262536905 ], [ 0.514583291055338, 47.809235821572123 ], [ 0.516007760583129, 47.809025027675048 ], [ 0.51622484084942, 47.808965172547651 ], [ 0.516635947549088, 47.808793993919053 ], [ 0.516860209066198, 47.808764260726413 ], [ 0.517248985366886, 47.808674218120863 ], [ 0.517504359357339, 47.808666832280259 ], [ 0.517664783576248, 47.80864634981171 ], [ 0.518007666209497, 47.808571262509467 ], [ 0.518171504809394, 47.808589909088681 ], [ 0.518673885211783, 47.808721887129416 ], [ 0.519040975022967, 47.808744448210241 ], [ 0.519719639437113, 47.808684037710869 ], [ 0.520131297123386, 47.808710323845673 ], [ 0.520757103432818, 47.808692078225825 ], [ 0.521127928495421, 47.808645330604882 ], [ 0.521493913337828, 47.808578953916687 ], [ 0.521840613191648, 47.808564199397658 ], [ 0.522022245437349, 47.808679569446589 ], [ 0.522419788035646, 47.808891452955145 ], [ 0.522912676621767, 47.809067257688476 ], [ 0.523241567905602, 47.809161034572817 ], [ 0.523380982577625, 47.809186033433697 ], [ 0.523931298384306, 47.809227789875123 ], [ 0.524216720502924, 47.809226071369544 ], [ 0.524357594454895, 47.809209832867069 ], [ 0.524873623975306, 47.809116950929862 ], [ 0.525079896559889, 47.809043701957933 ], [ 0.525375365760045, 47.808911832005791 ], [ 0.525724685045925, 47.808695291241747 ], [ 0.526680153108581, 47.808751176513645 ], [ 0.527250166148421, 47.808715757122059 ], [ 0.527523935341861, 47.808657616995688 ], [ 0.52777294669076, 47.808561422909484 ], [ 0.528135197971921, 47.808362565527027 ], [ 0.528356684479825, 47.808143235787711 ], [ 0.528516755057078, 47.807889160139993 ], [ 0.528602973390832, 47.807648296816367 ], [ 0.528649782349637, 47.80736671113371 ], [ 0.528645556569471, 47.807268419184425 ], [ 0.528551980137396, 47.806942032793238 ], [ 0.528389410676157, 47.806709830214004 ], [ 0.528668047500548, 47.806417299738015 ], [ 0.528756333183413, 47.8062666064532 ], [ 0.528870647222456, 47.805948890681783 ], [ 0.528871917706472, 47.805618724531904 ], [ 0.528816322327922, 47.805436035233001 ], [ 0.528767772386547, 47.805348581826259 ], [ 0.528412236597477, 47.80491408861306 ], [ 0.528274486929385, 47.804772886073494 ], [ 0.528244319953069, 47.804699707035503 ], [ 0.528226122854865, 47.804528050740977 ], [ 0.52830574863056, 47.804118248394019 ], [ 0.528411186667273, 47.803771385853395 ], [ 0.528634242689535, 47.803396013083209 ], [ 0.529094701913998, 47.802806855257252 ], [ 0.529766752774321, 47.802510381894145 ], [ 0.530795968151736, 47.802002044107908 ], [ 0.531575693126693, 47.801500172571934 ], [ 0.53186289500237, 47.80128633675983 ], [ 0.53200301626923, 47.801160264596369 ], [ 0.532305785095996, 47.800823137186683 ], [ 0.53250720914783, 47.800679590976252 ], [ 0.532962517755589, 47.800498194020889 ], [ 0.533564940927388, 47.800225024772573 ], [ 0.534558928141396, 47.799664562932961 ], [ 0.534956348986874, 47.79942349695007 ], [ 0.535366262352334, 47.799204136869939 ], [ 0.535197211488087, 47.799476205094038 ], [ 0.535110627568229, 47.79957213534631 ], [ 0.534858207430537, 47.799708973307972 ], [ 0.534267980576525, 47.800124337643361 ], [ 0.531697499021118, 47.801549990309375 ], [ 0.531086775504044, 47.801981955693485 ], [ 0.530745659373482, 47.80227443847442 ], [ 0.530591357372531, 47.802441576426432 ], [ 0.530142345749082, 47.803073524175815 ], [ 0.529642702280313, 47.803824139202746 ], [ 0.529399265397753, 47.804249160166194 ], [ 0.529356084399875, 47.804339189517954 ], [ 0.529312842609267, 47.80452589335075 ], [ 0.529373712037902, 47.805352811189223 ], [ 0.52942869513822, 47.805725425978402 ], [ 0.529410878860818, 47.806008652661028 ], [ 0.529321123285411, 47.806325269502906 ], [ 0.529278158904862, 47.806980070239049 ], [ 0.529324535064396, 47.807562208530875 ], [ 0.529378802021101, 47.807717215386567 ], [ 0.529533647000789, 47.808031773867341 ], [ 0.529628116643371, 47.808178523639356 ], [ 0.529932246411637, 47.808456607716828 ], [ 0.530238065314385, 47.80877480122868 ], [ 0.530465306314634, 47.808973091037132 ], [ 0.530017860777001, 47.809002300567016 ], [ 0.52943278236877, 47.809088821864322 ], [ 0.528907056252379, 47.809221657892394 ], [ 0.528407589794517, 47.809386121992098 ], [ 0.527648808948573, 47.809591987161568 ], [ 0.527073610732631, 47.809776475861867 ], [ 0.526780417365999, 47.809899239545672 ], [ 0.526447017593938, 47.809962706154742 ], [ 0.526183048253791, 47.810032129979142 ], [ 0.52587278805883, 47.810067156350392 ], [ 0.52552960798866, 47.810125365035354 ], [ 0.524901968053182, 47.810196630055742 ], [ 0.524660858007554, 47.810201976960762 ], [ 0.524178022116231, 47.810272458260542 ], [ 0.523501492044719, 47.810304449511953 ], [ 0.523247084347351, 47.810304440219042 ], [ 0.522799297240386, 47.81025965627947 ], [ 0.521908801095017, 47.810232118625727 ], [ 0.521374366157938, 47.810165747054931 ], [ 0.521151015028254, 47.810152030518083 ], [ 0.520721839856926, 47.810158433391258 ], [ 0.519525938695942, 47.810235475245463 ], [ 0.518907338240457, 47.81032405793222 ], [ 0.518279169642691, 47.810510885431675 ], [ 0.517910508130543, 47.81068072944683 ], [ 0.517573936465057, 47.81085822348858 ], [ 0.517279372601969, 47.811068523346961 ], [ 0.517114114861918, 47.811249557329887 ], [ 0.516648505533934, 47.811091102813613 ], [ 0.516191941221157, 47.810988438705436 ], [ 0.515913952807434, 47.810964462201554 ], [ 0.515634656308194, 47.810980074781902 ], [ 0.51370816908583, 47.811231775912958 ], [ 0.513450760976971, 47.811304501938402 ], [ 0.512904270361728, 47.811506462852392 ], [ 0.512323162768247, 47.811786451403513 ], [ 0.512150406672949, 47.811910252020418 ], [ 0.511750925304816, 47.812326842080367 ], [ 0.511253333569803, 47.812273436068352 ], [ 0.510979356682021, 47.812279625633685 ], [ 0.509461601048968, 47.812530048333109 ], [ 0.507832781810024, 47.812936155684831 ], [ 0.504296969514136, 47.813875501493349 ], [ 0.503220537976653, 47.814368145125869 ], [ 0.501908100832976, 47.8150733982636 ], [ 0.500648010404474, 47.815824278691046 ], [ 0.499803604803544, 47.816560628061069 ], [ 0.498928241739691, 47.817575976176407 ], [ 0.498843456124181, 47.817693105087464 ], [ 0.498198272547055, 47.818792646411787 ], [ 0.49811004900452, 47.8191427316629 ], [ 0.49791238638147, 47.820461329901242 ], [ 0.49771947503397, 47.821019709941623 ], [ 0.497690681376596, 47.821857718586557 ], [ 0.497500092913275, 47.822944682889052 ], [ 0.497498982030325, 47.824123148952722 ], [ 0.497361029671825, 47.824606368222952 ], [ 0.497020863602448, 47.825306317406486 ], [ 0.496858957873077, 47.825890298005433 ], [ 0.496839352007647, 47.826116713618646 ], [ 0.496893675977673, 47.826626109011393 ], [ 0.496677601840655, 47.826543913065116 ], [ 0.496523480533878, 47.826503774783518 ], [ 0.496262281692927, 47.826468132329069 ], [ 0.495863846220848, 47.826481490545397 ], [ 0.495609195828551, 47.826534427692806 ], [ 0.495375206700766, 47.826620337518754 ], [ 0.495082994839903, 47.826803228248579 ], [ 0.494883959832245, 47.827036050008886 ], [ 0.4947218987278, 47.827447747005863 ], [ 0.494509001024566, 47.827701537055212 ], [ 0.494327112180141, 47.828006268415997 ], [ 0.494114075183816, 47.828525099021761 ], [ 0.494071116634816, 47.828707644354907 ], [ 0.494102961181788, 47.829161070470377 ], [ 0.494164307027171, 47.829329081654464 ], [ 0.494342537212582, 47.829558621585413 ], [ 0.494610471571198, 47.829744473003501 ], [ 0.494895568516711, 47.829858964664041 ], [ 0.495222374696069, 47.829935210289037 ], [ 0.495598393823768, 47.82996280030271 ], [ 0.495753011734088, 47.829957146633141 ], [ 0.496056495216594, 47.830009356435788 ], [ 0.496316650878235, 47.830014651076858 ], [ 0.496465009515206, 47.830001723068229 ], [ 0.49648190535038, 47.82999925557413 ], [ 0.496426032602465, 47.830191697211404 ], [ 0.496376247656153, 47.830585572866134 ], [ 0.496313131919886, 47.831044891546306 ], [ 0.496320286187292, 47.831270391362075 ], [ 0.496110354319089, 47.831420384269045 ], [ 0.495722757565856, 47.831770506785823 ], [ 0.495535103481621, 47.832006726735166 ], [ 0.495471353816538, 47.832180467268294 ], [ 0.495375558265692, 47.832629650283536 ], [ 0.495319973937581, 47.833096941372027 ], [ 0.495111213145787, 47.833386166933835 ], [ 0.494809658077078, 47.83391216379205 ], [ 0.494371119504453, 47.83482227800198 ], [ 0.494108598048546, 47.835416987892586 ], [ 0.493892617886236, 47.835754579670173 ], [ 0.493500847172511, 47.836670609184807 ], [ 0.493484375041212, 47.83687068442066 ], [ 0.493501620695464, 47.837077160550365 ], [ 0.493549598312783, 47.837532635878787 ], [ 0.493857311059345, 47.838212108601454 ], [ 0.494044340902294, 47.838426553717575 ], [ 0.494540070095431, 47.838781900740457 ], [ 0.495259336500956, 47.839183924536229 ], [ 0.495498000988029, 47.83928798611592 ], [ 0.49716643070514, 47.83985593929124 ], [ 0.498044764033266, 47.840219492915814 ], [ 0.500249484198004, 47.841453632330676 ], [ 0.501279832382454, 47.84187485033484 ], [ 0.501189747317981, 47.841916231263966 ], [ 0.500958993844167, 47.842060429323666 ], [ 0.500751185594761, 47.8422883606234 ], [ 0.500652043597715, 47.84254733849999 ], [ 0.500651068118107, 47.842725998034439 ], [ 0.500702533141187, 47.842901267699567 ], [ 0.500897413825073, 47.843297795866334 ], [ 0.501073650402812, 47.843550795672087 ], [ 0.501203194579708, 47.843682062792539 ], [ 0.501384060182649, 47.843819348807635 ], [ 0.501602529331427, 47.843929085177692 ], [ 0.501788622339907, 47.843999660655342 ], [ 0.502016088370857, 47.844056783914567 ], [ 0.502238033474887, 47.844083768236516 ], [ 0.502385107934125, 47.84416745858195 ], [ 0.502608551975105, 47.844254547376664 ], [ 0.502852697203261, 47.84431109674113 ], [ 0.503108435644675, 47.844334999164097 ], [ 0.503492887801619, 47.844308029867406 ], [ 0.503849810083774, 47.844208146777824 ], [ 0.504149363539966, 47.84404369788124 ], [ 0.504328350556698, 47.843875471993115 ], [ 0.504381830791843, 47.843804245027975 ], [ 0.505046716719864, 47.844095902418992 ], [ 0.50526868028768, 47.844174377822362 ], [ 0.505508506016941, 47.844223574823204 ], [ 0.506281079537811, 47.844330018849369 ], [ 0.50622866329083, 47.844414872262092 ], [ 0.50615576810131, 47.844628612867517 ], [ 0.506175136262831, 47.84489328274578 ], [ 0.506251710754017, 47.845062628951752 ], [ 0.506454684394928, 47.845289675676682 ], [ 0.506641109652007, 47.84541451998885 ], [ 0.507280672474847, 47.845712772116528 ], [ 0.508224858009276, 47.846101939439194 ], [ 0.508475939958421, 47.846164268109973 ], [ 0.508740431740822, 47.846191686414556 ], [ 0.509007736780971, 47.846183095743207 ], [ 0.509267145353559, 47.846138840386899 ], [ 0.509508264696708, 47.846060694158119 ], [ 0.509721431893813, 47.845951786301775 ], [ 0.509898107412212, 47.845816482863199 ], [ 0.510005725864266, 47.84569927940602 ], [ 0.510301105730061, 47.845906524673119 ], [ 0.510755658204777, 47.846171816697762 ], [ 0.511082451974631, 47.846312422237311 ], [ 0.511457723749766, 47.846402325245059 ], [ 0.511757531871463, 47.846445591969157 ], [ 0.512181544389209, 47.846467402655556 ], [ 0.512681132623846, 47.84643131643697 ], [ 0.512762898926153, 47.846861446486301 ], [ 0.512896902180194, 47.84720498402902 ], [ 0.513003644804425, 47.847355452362862 ], [ 0.513490530766655, 47.847819081612542 ], [ 0.513659092156272, 47.848083516784783 ], [ 0.513857873329937, 47.84872399377285 ], [ 0.514105435730931, 47.84937852091327 ], [ 0.514236242537045, 47.849597579181534 ], [ 0.514620067189577, 47.850048229710367 ], [ 0.514771398284147, 47.850171284321227 ], [ 0.515518223463255, 47.850674187270826 ], [ 0.515709554434198, 47.850765167042468 ], [ 0.516033942743897, 47.850871679934706 ], [ 0.516891890139643, 47.851539235380464 ], [ 0.517130437858573, 47.851659008892447 ], [ 0.5180163488965, 47.852003351239915 ], [ 0.520618466020592, 47.852618373403899 ], [ 0.521547501362576, 47.852956625894954 ], [ 0.522504188762019, 47.853409574084274 ], [ 0.522823913578394, 47.853614660952616 ], [ 0.523369611145162, 47.854034318225338 ], [ 0.52238527686829, 47.853723002744132 ], [ 0.522111352238415, 47.853659692246623 ], [ 0.521016166131874, 47.853574514347969 ], [ 0.520656972647897, 47.853604522624991 ], [ 0.520105217179458, 47.853334652727469 ], [ 0.519595862721634, 47.853127697937289 ], [ 0.519363914193734, 47.853067729534281 ], [ 0.518694655663456, 47.852941262102881 ], [ 0.517954371169916, 47.852838104533106 ], [ 0.517488481919258, 47.852752409756462 ], [ 0.516257392614681, 47.852268297840908 ], [ 0.515139969352201, 47.851623563804189 ], [ 0.514375245766513, 47.851263867953847 ], [ 0.514099085720436, 47.851037380903499 ], [ 0.512794104054304, 47.849607423961203 ], [ 0.513034339726915, 47.84949244440854 ], [ 0.513160465943664, 47.849407164189138 ], [ 0.513311990001845, 47.849260791812505 ], [ 0.513451894906675, 47.849010892447083 ], [ 0.513476697530128, 47.848744359632576 ], [ 0.513384215077306, 47.848484662103033 ], [ 0.513182593040955, 47.848254665179319 ], [ 0.512990540642842, 47.848125278898785 ], [ 0.512480504743773, 47.847479842895616 ], [ 0.512178257388304, 47.847150324848279 ], [ 0.511952059102421, 47.846966872779291 ], [ 0.511774779882901, 47.846847813308251 ], [ 0.511260358218338, 47.846611887074765 ], [ 0.510839258550146, 47.846473335884724 ], [ 0.510581579599194, 47.846435671398673 ], [ 0.510317930998519, 47.846432781631677 ], [ 0.509933661616429, 47.846493525975234 ], [ 0.509699480085805, 47.846575109740513 ], [ 0.509493639205325, 47.846686046092223 ], [ 0.509255150723558, 47.84689777479862 ], [ 0.509118898303032, 47.847147153060433 ], [ 0.509091129962012, 47.847323666684879 ], [ 0.509168547837431, 47.84793597197109 ], [ 0.509148580642743, 47.84797303234069 ], [ 0.508781454906171, 47.848175593978141 ], [ 0.508621451195037, 47.847949766680372 ], [ 0.508101077390339, 47.847517702732539 ], [ 0.507408743815437, 47.847071697144294 ], [ 0.506973607883111, 47.846891334897009 ], [ 0.506929140990219, 47.846874412959906 ], [ 0.506066406649688, 47.846515026522319 ], [ 0.505243364650707, 47.846310601493194 ], [ 0.504939968673812, 47.84626326618541 ], [ 0.504019342580183, 47.846194180910913 ], [ 0.503122836939628, 47.845863413090626 ], [ 0.501686183296308, 47.845163850438567 ], [ 0.501193203352318, 47.845024698411692 ], [ 0.500934463725034, 47.844988927564039 ], [ 0.500157264391544, 47.844952624178106 ], [ 0.499805184908698, 47.844856296710709 ], [ 0.499108137386917, 47.844542573784274 ], [ 0.498880318156666, 47.844475891703972 ], [ 0.497854774076349, 47.844252730710238 ], [ 0.497630549251417, 47.84423032491933 ], [ 0.497106092443689, 47.844208183756173 ], [ 0.497639008403924, 47.8439102890352 ], [ 0.498093131276188, 47.843702248522519 ], [ 0.499171637746727, 47.843317018869584 ], [ 0.499389621930631, 47.843219649813911 ], [ 0.499575265426328, 47.843095565972305 ], [ 0.499721458876498, 47.842949518835745 ], [ 0.499822605069553, 47.84278710253718 ], [ 0.499874831169688, 47.842614535037953 ], [ 0.499876137369383, 47.842438425359788 ], [ 0.499826473171111, 47.842265514971331 ], [ 0.499727743755376, 47.842102426700869 ], [ 0.499496398590676, 47.841889706741696 ], [ 0.499183417947718, 47.841731244918655 ], [ 0.498942453240111, 47.841662691126153 ], [ 0.498338530700134, 47.841564751970026 ], [ 0.497737196905792, 47.841308852245504 ], [ 0.497364574055079, 47.841176182696046 ], [ 0.496996675998566, 47.841097718101707 ], [ 0.496610816248177, 47.841093272107635 ], [ 0.49623914565502, 47.841163215066089 ], [ 0.495912638705269, 47.84130172000873 ], [ 0.495658503408645, 47.841497242988432 ], [ 0.495540049525425, 47.841651379499389 ], [ 0.495467740710982, 47.841817955295809 ], [ 0.495408421562306, 47.842208612611493 ], [ 0.495262583277443, 47.84243314993109 ], [ 0.494813206561804, 47.842818547177906 ], [ 0.493759236152898, 47.843632379689396 ], [ 0.493387484621524, 47.843983930562246 ], [ 0.493196335371549, 47.844287118089809 ], [ 0.493120741687867, 47.844489151223527 ], [ 0.49306553021203, 47.844793699494595 ], [ 0.493069514434999, 47.845118545173783 ], [ 0.492919127061792, 47.845135367582998 ], [ 0.492677272810169, 47.845189960044571 ], [ 0.492455223112007, 47.845274479649305 ], [ 0.492223726059225, 47.845388171254754 ], [ 0.491976476765418, 47.845574768042951 ], [ 0.491858394383509, 47.845721631407713 ], [ 0.491774312372822, 47.845885448025747 ], [ 0.490912603620182, 47.845399206731244 ], [ 0.490724804261533, 47.845313057184683 ], [ 0.489582409901394, 47.844942074049477 ], [ 0.488778348381486, 47.844804154240947 ], [ 0.488569572516623, 47.844781234445989 ], [ 0.488290510378946, 47.844631290370295 ], [ 0.488038023931359, 47.844337066513489 ], [ 0.487886747707273, 47.844194784276155 ], [ 0.48769743449687, 47.844074895092 ], [ 0.487477241485219, 47.84398193103916 ], [ 0.487107497210992, 47.843900342665528 ], [ 0.486848282336843, 47.843887519657635 ], [ 0.486590280098354, 47.843908702427079 ], [ 0.486343241405462, 47.843963091518042 ], [ 0.486116504498657, 47.844048631577557 ], [ 0.485918638258318, 47.844162088332681 ], [ 0.485757120644475, 47.844299174036564 ], [ 0.48558403455811, 47.844491637787826 ], [ 0.484957307357727, 47.845624804609869 ], [ 0.484876614307142, 47.845878983124898 ], [ 0.484884599332664, 47.846052515641439 ], [ 0.484941933999969, 47.84622178674681 ], [ 0.485115315811295, 47.846454026399542 ], [ 0.485380059475809, 47.846643227622728 ], [ 0.485714084847886, 47.846773608711672 ], [ 0.486089531230564, 47.846834295876739 ], [ 0.486450591348865, 47.846831028702645 ], [ 0.487171947773256, 47.846754706862612 ], [ 0.487614019747306, 47.846773424122823 ], [ 0.487949742483324, 47.846814353746502 ], [ 0.488086162086731, 47.846846197650862 ], [ 0.488929560406465, 47.847119301849915 ], [ 0.489222894683461, 47.847322231144133 ], [ 0.489077876674998, 47.847380645632029 ], [ 0.488876877221582, 47.847494042898653 ], [ 0.488601118274603, 47.847718177932776 ], [ 0.488464891681753, 47.847856839817993 ], [ 0.488368873522583, 47.848010001857219 ], [ 0.488236061848848, 47.848292166475851 ], [ 0.488036713731965, 47.848967333848755 ], [ 0.487978912708891, 47.849526973519666 ], [ 0.488190106372172, 47.850447299140448 ], [ 0.488416694320644, 47.853144831628562 ], [ 0.488382369473427, 47.854095334314692 ], [ 0.488127873602997, 47.85452547731613 ], [ 0.488056295875133, 47.85469270043707 ], [ 0.487965573924424, 47.85534549569941 ], [ 0.487960375428745, 47.855886621379391 ], [ 0.487983321098774, 47.856052836178925 ], [ 0.488051481018079, 47.856213338941778 ], [ 0.488311429371643, 47.856651400587431 ], [ 0.488447501257604, 47.856796697323695 ], [ 0.488843101251162, 47.857081797144382 ], [ 0.489406666291415, 47.857336826098539 ], [ 0.489675911253195, 47.857485996515848 ], [ 0.48994526772465, 47.8576713493811 ], [ 0.49016600708731, 47.85779379625982 ], [ 0.490917933853555, 47.858052638308038 ], [ 0.491545276415897, 47.858160740333211 ], [ 0.492065394281236, 47.858225280780026 ], [ 0.49266851876647, 47.858371480619596 ], [ 0.493249303563263, 47.858581684076533 ], [ 0.493538163774399, 47.858658652751927 ], [ 0.49504985092962, 47.858929895661866 ], [ 0.495960412378965, 47.859073321343104 ], [ 0.496505478916523, 47.859219239344533 ], [ 0.496890788091935, 47.859257330436833 ], [ 0.497303737708935, 47.859252846532698 ], [ 0.497509436713708, 47.859410917126844 ], [ 0.497682187230478, 47.859514891020368 ], [ 0.497129839207284, 47.859641047898819 ], [ 0.496905958089576, 47.859725006011914 ], [ 0.496709987994965, 47.859836163796267 ], [ 0.496549124202799, 47.85997043929224 ], [ 0.496429276291668, 47.860122901003415 ], [ 0.496354846862947, 47.860287948637684 ], [ 0.496332769467431, 47.860407931035326 ], [ 0.496330574478676, 47.860434886572648 ], [ 0.495971204805371, 47.860310592014066 ], [ 0.49583285252736, 47.860199910589245 ], [ 0.495491300312234, 47.859863915957391 ], [ 0.495223672967239, 47.859677523205796 ], [ 0.495038867758376, 47.859574675743808 ], [ 0.494829739896403, 47.859495695118888 ], [ 0.494568317762457, 47.859419667068956 ], [ 0.494210410089256, 47.859339688038688 ], [ 0.493925333092353, 47.859295307012914 ], [ 0.493472120128268, 47.859102963632886 ], [ 0.492149189672993, 47.858608382853475 ], [ 0.491946923580367, 47.858546188266416 ], [ 0.491693289842766, 47.858497171319193 ], [ 0.491440508387133, 47.858468649006859 ], [ 0.490975888692491, 47.858480050513478 ], [ 0.489630303536842, 47.85839495190568 ], [ 0.488911123178371, 47.858249830910083 ], [ 0.488762171713459, 47.858232740801753 ], [ 0.487734684794025, 47.858240595816675 ], [ 0.487195703308544, 47.8582041733127 ], [ 0.486749519186507, 47.858140558800571 ], [ 0.486999191372193, 47.85819561751844 ], [ 0.487228049728973, 47.858282466588769 ], [ 0.487427262118315, 47.858397752759409 ], [ 0.487654055918872, 47.858614011756799 ], [ 0.487748725914202, 47.858778955054824 ], [ 0.48779683860507, 47.859041663527769 ], [ 0.487764511543838, 47.859217141117497 ], [ 0.487681828215054, 47.85938497766098 ], [ 0.487470866449759, 47.859608377258027 ], [ 0.487280183019236, 47.85973002407674 ], [ 0.487057837971677, 47.859824231983112 ], [ 0.486812414105627, 47.859887365017165 ], [ 0.485593823493704, 47.860113419509609 ], [ 0.485451898551763, 47.860407464034033 ], [ 0.485392077009841, 47.860490296519416 ], [ 0.485236392340848, 47.86064149743396 ], [ 0.485038277708006, 47.860768236391074 ], [ 0.484383727290796, 47.861108480632964 ], [ 0.483667400095688, 47.861524805423727 ], [ 0.483021240688515, 47.861985322613698 ], [ 0.482581298831507, 47.862631944840707 ], [ 0.482308134065357, 47.863338382358151 ], [ 0.482136936517627, 47.863958339419597 ], [ 0.48221661791708, 47.864446822897953 ], [ 0.482219183080857, 47.864625970622072 ], [ 0.482168964361513, 47.864801910754828 ], [ 0.481999571180952, 47.865044657462704 ], [ 0.481998294598752, 47.865045815042613 ], [ 0.481920144599115, 47.86511668254137 ], [ 0.481667076886245, 47.865274820673058 ], [ 0.481818932464533, 47.865324598414865 ], [ 0.48202950496918, 47.865426045801399 ], [ 0.482281349578864, 47.865624398169594 ], [ 0.482438068074931, 47.865863024696743 ], [ 0.482486489876645, 47.866121871212847 ], [ 0.482482729855584, 47.866158626693995 ], [ 0.482477587720451, 47.866208901460588 ], [ 0.482422544652912, 47.866379187693759 ], [ 0.482279174041396, 47.86667917593843 ], [ 0.482150640373264, 47.867154335567761 ], [ 0.482135782370495, 47.867549462574885 ], [ 0.482178462298745, 47.867787300890079 ], [ 0.482647918775791, 47.868658661736809 ], [ 0.483035978301964, 47.869316293839837 ], [ 0.48355238196081, 47.869947022210475 ], [ 0.484107417146109, 47.87051554555763 ], [ 0.484721582822019, 47.8710660588115 ], [ 0.485656961305404, 47.871843048993973 ], [ 0.485780392998268, 47.871999475486177 ], [ 0.485855906043673, 47.872169136073992 ], [ 0.485880576372267, 47.872345460733236 ], [ 0.485853445904558, 47.872521622568406 ], [ 0.485775567829618, 47.87269079900144 ], [ 0.48564995528175, 47.872846438106265 ], [ 0.48548147306736, 47.872982512028884 ], [ 0.48516303368512, 47.873138672062645 ], [ 0.484918918147558, 47.873204931157289 ], [ 0.484660243165848, 47.87323774331923 ], [ 0.484528563909405, 47.873241156544388 ], [ 0.484139459524859, 47.873199285491928 ], [ 0.483785373151655, 47.873082951513425 ], [ 0.482573805728592, 47.872401154481132 ], [ 0.482166537737128, 47.872262078090614 ], [ 0.481916681502623, 47.872132290292917 ], [ 0.4816781003934, 47.871960757381657 ], [ 0.481499252136224, 47.871784865884571 ], [ 0.481428778759467, 47.871687703852608 ], [ 0.481225294133248, 47.871719704984301 ], [ 0.480967469950403, 47.871727988421071 ], [ 0.480712080621219, 47.871702798414709 ], [ 0.480468638856368, 47.871645073121691 ], [ 0.480145499999123, 47.871502497044517 ], [ 0.479077527390111, 47.870861941473578 ], [ 0.478613647270922, 47.870725817322842 ], [ 0.478095800054117, 47.8706208885325 ], [ 0.477621133689129, 47.870574433930813 ], [ 0.477381233238807, 47.870590640454971 ], [ 0.476967120582773, 47.870672805859947 ], [ 0.476523624213436, 47.870799853309578 ], [ 0.475795477444558, 47.871206983001365 ], [ 0.475383200011607, 47.871499822738883 ], [ 0.475106014451079, 47.871877803157446 ], [ 0.474878419205118, 47.872310603924944 ], [ 0.47452412455594, 47.873072535424079 ], [ 0.474421722766784, 47.87323487947836 ], [ 0.474185285255204, 47.873445578394936 ], [ 0.473868147387035, 47.873601050396211 ], [ 0.47349759767695, 47.873687917542973 ], [ 0.47323653170313, 47.873703756451761 ], [ 0.472848863332322, 47.873662892683498 ], [ 0.472495499808734, 47.873548101145929 ], [ 0.472294202504483, 47.873435141435571 ], [ 0.472062933999781, 47.873221861163685 ], [ 0.471933601930022, 47.872972607210812 ], [ 0.471917336124078, 47.872708827868323 ], [ 0.471926562997969, 47.872650338570509 ], [ 0.471851002280663, 47.872925164096969 ], [ 0.471839076862179, 47.87317047837135 ], [ 0.471863229743524, 47.873409760009039 ], [ 0.472016324071017, 47.873872206671351 ], [ 0.472179816805735, 47.874242046898232 ], [ 0.472317149188477, 47.874494210903066 ], [ 0.472481789632563, 47.874698964070433 ], [ 0.472742086783822, 47.874918701502786 ], [ 0.472950211930363, 47.875036254542309 ], [ 0.47308715928855, 47.875091267582199 ], [ 0.472067142327576, 47.875132228264036 ], [ 0.471493066430498, 47.875235202478898 ], [ 0.471094198273739, 47.875362061884928 ], [ 0.470117303400243, 47.875797053483147 ], [ 0.470197165998233, 47.875519154262577 ], [ 0.470200004176996, 47.875349411126884 ], [ 0.470267383180065, 47.875077764534652 ], [ 0.470214141743429, 47.874416144355912 ], [ 0.470178836872176, 47.874260665562481 ], [ 0.470060631832251, 47.873952096044775 ], [ 0.469749647174623, 47.873366665377802 ], [ 0.469367357400788, 47.872929487803574 ], [ 0.469268303249201, 47.872762751967869 ], [ 0.469068561568346, 47.87254144086139 ], [ 0.468471195909611, 47.872098976979608 ], [ 0.467329641410365, 47.871524184563967 ], [ 0.466911967916889, 47.871397992226299 ], [ 0.466706699497452, 47.871364347743985 ], [ 0.466805689606828, 47.871351426192554 ], [ 0.467707994960117, 47.871325907851492 ], [ 0.468054036458801, 47.871285149689584 ], [ 0.468744423028686, 47.871109518928378 ], [ 0.469318172420903, 47.87090678610911 ], [ 0.469655478694184, 47.870755693457482 ], [ 0.470465621765138, 47.870259075567127 ], [ 0.472090374510324, 47.869590189446711 ], [ 0.472777128974444, 47.869214897352713 ], [ 0.473127931023112, 47.869045703187574 ], [ 0.473524815895856, 47.868794206724843 ], [ 0.474094442919319, 47.868350724266037 ], [ 0.474066277485207, 47.868371464634926 ], [ 0.473764173873968, 47.868537257516692 ], [ 0.473403850377214, 47.868637391515335 ], [ 0.473015919056927, 47.868663358973492 ], [ 0.472633338346371, 47.868612954908741 ], [ 0.472397410112852, 47.868538778057683 ], [ 0.47218731678812, 47.868435245542706 ], [ 0.471937692140744, 47.868233759496583 ], [ 0.471785018783697, 47.867992398007821 ], [ 0.471742263730031, 47.867731665816841 ], [ 0.471777017989773, 47.867558010355168 ], [ 0.471861121427728, 47.867392177148155 ], [ 0.47272817402823, 47.866144703536335 ], [ 0.473454081792403, 47.865399441574901 ], [ 0.47394800227269, 47.865006684588522 ], [ 0.474220992315898, 47.864577538749892 ], [ 0.474533012107239, 47.863767060820805 ], [ 0.474560339363498, 47.86353102725645 ], [ 0.474451733238929, 47.863289587171494 ], [ 0.474120415554494, 47.862795513343492 ], [ 0.474059021337795, 47.862621350534965 ], [ 0.474050061116768, 47.862442454907629 ], [ 0.474056741361982, 47.86240377869742 ], [ 0.474065435778116, 47.862353444552546 ], [ 0.474135133626033, 47.862180702647215 ], [ 0.474254252999105, 47.862020658666829 ], [ 0.474418080926946, 47.861879644688742 ], [ 0.4746201381913, 47.861763237975843 ], [ 0.474852430559666, 47.861676043107259 ], [ 0.475105770619415, 47.861621508046504 ], [ 0.475370135939819, 47.86160179141222 ], [ 0.475722921214168, 47.861632030302886 ], [ 0.475618475824538, 47.861569928942444 ], [ 0.475450175151011, 47.861433787986606 ], [ 0.475324746135266, 47.861278104179974 ], [ 0.475253783337531, 47.861126621696748 ], [ 0.475227114002606, 47.861021271612209 ], [ 0.475226040361617, 47.860844179155592 ], [ 0.475320550891152, 47.860586818005636 ] ], [ [ 0.520063849574485, 47.793566761613803 ], [ 0.520022317153146, 47.793472638196121 ], [ 0.520042446081743, 47.793155292523842 ], [ 0.520141490070937, 47.792853521539271 ], [ 0.520284362208688, 47.792643520893179 ], [ 0.520437914698415, 47.792528678724402 ], [ 0.520524438249989, 47.792492598732878 ], [ 0.520615057825973, 47.792500514818101 ], [ 0.521216132850705, 47.792609263066552 ], [ 0.521615954878281, 47.792713514465142 ], [ 0.521969928705765, 47.792828989595606 ], [ 0.521656401655515, 47.792931539150345 ], [ 0.521462515545376, 47.793036641872348 ], [ 0.521300924810989, 47.793164156790709 ], [ 0.521048714354971, 47.793413687655644 ], [ 0.520940294613344, 47.793582226910253 ], [ 0.520884913777844, 47.793762089015651 ], [ 0.5208909487944, 47.794128934930626 ], [ 0.520610296938269, 47.793976520062039 ], [ 0.520236058426683, 47.793734579223006 ], [ 0.520063849574485, 47.793566761613803 ] ], [ [ 0.517166273339104, 47.781180064747851 ], [ 0.517491106777101, 47.781127826587266 ], [ 0.517876202033185, 47.780998587506232 ], [ 0.518461438242358, 47.780938440226116 ], [ 0.518754292076092, 47.780876200197113 ], [ 0.519542403034391, 47.780802159658457 ], [ 0.519216778255168, 47.780850601981662 ], [ 0.518897383805697, 47.780953650410169 ], [ 0.518545259492338, 47.780949126466659 ], [ 0.518297451210371, 47.780979905296562 ], [ 0.517808754206862, 47.781127513200204 ], [ 0.517683938211188, 47.781175633696243 ], [ 0.517460853754881, 47.781297516121995 ], [ 0.517100224412232, 47.781565136827894 ], [ 0.516836703091998, 47.781731405996496 ], [ 0.516815353409493, 47.781696546244135 ], [ 0.516830269920633, 47.78166211145124 ], [ 0.517166273339104, 47.781180064747851 ] ], [ [ 0.464389901809709, 47.857274754909568 ], [ 0.464702083974626, 47.857347650845909 ], [ 0.464374977177335, 47.857367145605934 ], [ 0.464376763491346, 47.857356770484515 ], [ 0.464389172715227, 47.857284704461975 ], [ 0.464389901809709, 47.857274754909568 ] ], [ [ 0.459845826507391, 47.854298272261055 ], [ 0.459757520496566, 47.854418425468161 ], [ 0.459670205713091, 47.854625394159726 ], [ 0.459656148674895, 47.854778246475327 ], [ 0.457870385839242, 47.854807391914413 ], [ 0.457387850414531, 47.854852337649206 ], [ 0.45713851723488, 47.854898018422958 ], [ 0.456876652187918, 47.854919232550735 ], [ 0.456626241565689, 47.854969768464493 ], [ 0.456289789368024, 47.85510430622616 ], [ 0.456104095100611, 47.855228155185671 ], [ 0.455957750568094, 47.855373954246062 ], [ 0.455823789020197, 47.855621441143342 ], [ 0.455802024471774, 47.85588443284415 ], [ 0.455894324077847, 47.856140401720708 ], [ 0.456092780601189, 47.85636742273114 ], [ 0.456380399236513, 47.856546050579475 ], [ 0.456732542822253, 47.856660983795926 ], [ 0.456988407487259, 47.856697104132209 ], [ 0.458554002219694, 47.856817460772184 ], [ 0.459240726446245, 47.85695773048591 ], [ 0.459767537679188, 47.857006803192697 ], [ 0.459536570405656, 47.857180011392117 ], [ 0.459085526447209, 47.857019015552837 ], [ 0.458817652065827, 47.856964609833938 ], [ 0.458536899244928, 47.856928607075986 ], [ 0.458287371871258, 47.856912701361594 ], [ 0.457299918475527, 47.856921011993222 ], [ 0.455646058937331, 47.857085747076106 ], [ 0.454429233459614, 47.857324314417191 ], [ 0.453373178494066, 47.857602198435835 ], [ 0.452501375255641, 47.857909139499384 ], [ 0.452278319543766, 47.858009915402739 ], [ 0.452089695945657, 47.858138662412173 ], [ 0.451825142984443, 47.858444003221777 ], [ 0.451718217931543, 47.858512384942443 ], [ 0.451216429113142, 47.85865518524475 ], [ 0.450779230587513, 47.858816459074404 ], [ 0.449978680940394, 47.859003965808341 ], [ 0.448832108798607, 47.859210622836244 ], [ 0.448593492488823, 47.859289202058193 ], [ 0.447883003892479, 47.859590458283819 ], [ 0.447691386492224, 47.859710797775264 ], [ 0.447352592306927, 47.859971390468324 ], [ 0.447285119483568, 47.859887456274997 ], [ 0.447285683370465, 47.859720046377021 ], [ 0.447403672068215, 47.859116576107091 ], [ 0.447397552445416, 47.858853849424868 ], [ 0.44727893835017, 47.858603509429585 ], [ 0.447057943127353, 47.858386894347731 ], [ 0.446862721366019, 47.858270507139629 ], [ 0.446516553795472, 47.858148989271925 ], [ 0.446132989166101, 47.858099939033771 ], [ 0.44587260106999, 47.858109831577707 ], [ 0.445499675904801, 47.858187622767602 ], [ 0.445276618599699, 47.858278575115307 ], [ 0.444961581988077, 47.858437308103412 ], [ 0.444407391105604, 47.858609059399797 ], [ 0.444236518254682, 47.858678289586983 ], [ 0.443950777820963, 47.858859244135232 ], [ 0.443809250347124, 47.859007708065356 ], [ 0.443683956035163, 47.859257936304616 ], [ 0.44356652663505, 47.859716857940548 ], [ 0.443580087127187, 47.859950246427509 ], [ 0.443695139464808, 47.860317403056619 ], [ 0.442989650626677, 47.860235315650783 ], [ 0.44184983033812, 47.860255127112062 ], [ 0.440998992002351, 47.860408252494558 ], [ 0.440438821237807, 47.860594486687944 ], [ 0.440251172245283, 47.860672381271371 ], [ 0.439029696896373, 47.861393103779726 ], [ 0.438577947478791, 47.861801498893435 ], [ 0.438201993696217, 47.862297056346186 ], [ 0.438126986392864, 47.862493596796462 ], [ 0.438030902573846, 47.862957743756219 ], [ 0.437859459004527, 47.863003518933183 ], [ 0.437652491195239, 47.863087909372723 ], [ 0.43686062946451, 47.863546243436033 ], [ 0.43608056037837, 47.864134865514082 ], [ 0.43672566253027, 47.863613924441474 ], [ 0.437346689798682, 47.862904636011223 ], [ 0.437624470294877, 47.86269076618737 ], [ 0.437780056369998, 47.862543384634677 ], [ 0.437888729955145, 47.862378050432056 ], [ 0.438063400221712, 47.862018356134527 ], [ 0.438129350500839, 47.861754519155987 ], [ 0.438086898291572, 47.861380934545011 ], [ 0.438026758368369, 47.861119974018891 ], [ 0.437959263416946, 47.860945245677385 ], [ 0.437841305319552, 47.860783099266612 ], [ 0.437455306780098, 47.860364805684405 ], [ 0.43731553695088, 47.860239256795033 ], [ 0.436724068004919, 47.859799953828563 ], [ 0.436538306893321, 47.859702137044344 ], [ 0.435941227378432, 47.859441366063663 ], [ 0.436081280951408, 47.859355172031336 ], [ 0.436793475046993, 47.859318503289259 ], [ 0.438017161693691, 47.859094749311524 ], [ 0.438329881099029, 47.858983128463748 ], [ 0.438947311750979, 47.858686234494471 ], [ 0.438980834527319, 47.858727098254775 ], [ 0.43914303723359, 47.858871127192131 ], [ 0.439339983616604, 47.858987917256741 ], [ 0.439567036795216, 47.859076565647037 ], [ 0.439815446042842, 47.859133657536368 ], [ 0.440075642009233, 47.859156991222811 ], [ 0.440337597654017, 47.859145669768459 ], [ 0.440765231648917, 47.859056175860118 ], [ 0.441091713301206, 47.858956068711784 ], [ 0.441468416403789, 47.8587764271577 ], [ 0.44177662856017, 47.858738504340664 ], [ 0.442029056565869, 47.858666883612905 ], [ 0.442254500307735, 47.858562147465022 ], [ 0.442409387235966, 47.858469616081202 ], [ 0.442633986009963, 47.858291208528918 ], [ 0.442762394668491, 47.858138271850379 ], [ 0.4428666054177, 47.857884825711487 ], [ 0.442872712393655, 47.857703891505516 ], [ 0.443679486014959, 47.857771687132718 ], [ 0.443966040867665, 47.857755928745291 ], [ 0.444105771707389, 47.857732606548431 ], [ 0.444672687452202, 47.857615854072002 ], [ 0.444908717566279, 47.857550069706612 ], [ 0.445217360172606, 47.857398045610474 ], [ 0.445437541444536, 47.857206312501013 ], [ 0.445921609558722, 47.857170181331966 ], [ 0.446147013283523, 47.857139982522114 ], [ 0.446790270411012, 47.856976342117655 ], [ 0.447063535519176, 47.85687958776488 ], [ 0.448010419216727, 47.85644359159479 ], [ 0.449018949681716, 47.856134604205522 ], [ 0.450030212541033, 47.855775823736636 ], [ 0.450241541553416, 47.855682694170511 ], [ 0.450423075811498, 47.855564478972177 ], [ 0.450568340841913, 47.855425394857697 ], [ 0.450867111759645, 47.854989120693098 ], [ 0.450954628029023, 47.854806765471153 ], [ 0.451507715922658, 47.855013730258719 ], [ 0.452003294971779, 47.855155050213654 ], [ 0.452068682529838, 47.855170376564544 ], [ 0.452110276226545, 47.855397009867069 ], [ 0.452264207660518, 47.855640486336952 ], [ 0.452422767464514, 47.855781391921944 ], [ 0.452619190880233, 47.855898721753512 ], [ 0.452967912518833, 47.856020904877134 ], [ 0.453223377526589, 47.856061903561667 ], [ 0.453616497939315, 47.85605877761077 ], [ 0.453870452273546, 47.856013727657363 ], [ 0.454214787474153, 47.855886032946941 ], [ 0.454407036592242, 47.855765612220623 ], [ 0.454521798115032, 47.855665898409214 ], [ 0.454816135687528, 47.855641568106442 ], [ 0.455177597998881, 47.855543281177624 ], [ 0.455388359173514, 47.855440337748675 ], [ 0.455639263740914, 47.855239521594108 ], [ 0.455793447868714, 47.854998532729759 ], [ 0.455837805106941, 47.854737854434518 ], [ 0.455768568053734, 47.854479644566808 ], [ 0.455661821439602, 47.854319778373949 ], [ 0.455513784612014, 47.854146036124305 ], [ 0.455832906904235, 47.854161032897501 ], [ 0.457217846691451, 47.854123537085208 ], [ 0.458851041580561, 47.854199985911869 ], [ 0.459845826507391, 47.854298272261055 ] ], [ [ 0.443461844023855, 47.840850816447265 ], [ 0.443326568925407, 47.840846688944126 ], [ 0.443059666364745, 47.840760540449686 ], [ 0.442783517704172, 47.840711316033556 ], [ 0.442498138250887, 47.840702716010313 ], [ 0.4418295575611, 47.84073497652598 ], [ 0.441580747791321, 47.840778629530924 ], [ 0.441218091442173, 47.840868096943289 ], [ 0.440444563516905, 47.841078321731253 ], [ 0.440146926878677, 47.840984521462701 ], [ 0.440014488760541, 47.840960979402517 ], [ 0.439742382583257, 47.840941786615595 ], [ 0.438886848318104, 47.840945321859429 ], [ 0.43842737456052, 47.84102246804941 ], [ 0.438216457266758, 47.841013619538607 ], [ 0.43780414581168, 47.84095237557186 ], [ 0.437494811186318, 47.84083401808887 ], [ 0.437135446813501, 47.840754665995703 ], [ 0.437194329211943, 47.84067620457764 ], [ 0.437259264087238, 47.840559267690267 ], [ 0.437306445852283, 47.840387326406344 ], [ 0.43730335438165, 47.840212488920798 ], [ 0.437279462444577, 47.840117128981142 ], [ 0.437371082315587, 47.840108620326184 ], [ 0.437886385215294, 47.840142485728009 ], [ 0.438406677138195, 47.840114594544708 ], [ 0.438677911787759, 47.840061113348646 ], [ 0.439122361427946, 47.839927632441054 ], [ 0.439513616177538, 47.840004815090069 ], [ 0.440025324471341, 47.84004966027846 ], [ 0.44081946213311, 47.840008749091339 ], [ 0.441204197861455, 47.839975793038668 ], [ 0.441464860508948, 47.839936767724431 ], [ 0.441765801614, 47.840117911385157 ], [ 0.44196040659799, 47.840206909643975 ], [ 0.442381254231917, 47.840359686957356 ], [ 0.442636467165681, 47.840414330401515 ], [ 0.442768882059343, 47.840428480706791 ], [ 0.443355871894663, 47.840451124887089 ], [ 0.443884343374745, 47.840432710327413 ], [ 0.444499639833281, 47.840386091266964 ], [ 0.444771186524594, 47.840391599836316 ], [ 0.445135494900757, 47.840436717411116 ], [ 0.44570575574592, 47.840468038587801 ], [ 0.445007854686226, 47.840538708285791 ], [ 0.444343541682817, 47.840642292369061 ], [ 0.443750019070403, 47.84076783878804 ], [ 0.443461844023855, 47.840850816447265 ] ], [ [ 0.428777862377297, 47.839968483200089 ], [ 0.428253074346826, 47.839905562444599 ], [ 0.427934802203481, 47.839822624765134 ], [ 0.42767920891696, 47.839789027017694 ], [ 0.427418790729971, 47.839789429265807 ], [ 0.426713290185418, 47.839872151240584 ], [ 0.426744920947019, 47.839814205555605 ], [ 0.42701390824774, 47.839594030841383 ], [ 0.427032912363254, 47.839573849500418 ], [ 0.42764389899787, 47.839702997966761 ], [ 0.427874512792022, 47.839732801588454 ], [ 0.428243465767086, 47.839735777712107 ], [ 0.428408176180938, 47.839719042454789 ], [ 0.428693824278166, 47.839849098435629 ], [ 0.428822929532033, 47.839887581394557 ], [ 0.429095566742086, 47.839936077721561 ], [ 0.430065973054241, 47.839971804944454 ], [ 0.430790814857585, 47.840031029625294 ], [ 0.432367755633059, 47.840067271047033 ], [ 0.432354548528245, 47.840111017695222 ], [ 0.432337390534465, 47.840300147576244 ], [ 0.432372960551455, 47.840466275147165 ], [ 0.432379267974657, 47.840483723082514 ], [ 0.430927547960956, 47.840129450866478 ], [ 0.430706281033684, 47.840089507199608 ], [ 0.428777862377297, 47.839968483200089 ] ], [ [ 0.422440002472574, 47.839490677192032 ], [ 0.422576824355342, 47.839339974390931 ], [ 0.422667294330218, 47.839174183432995 ], [ 0.422707926524633, 47.838999689616273 ], [ 0.422704367633684, 47.838876877110266 ], [ 0.422684720678282, 47.838779313333859 ], [ 0.423192180102276, 47.838895875745159 ], [ 0.423497337390102, 47.838933026463813 ], [ 0.423493981325351, 47.838944508544152 ], [ 0.423465543421348, 47.839116044150913 ], [ 0.423531370163193, 47.839764763933701 ], [ 0.423275711353066, 47.839835159333226 ], [ 0.422807849771484, 47.840009971057263 ], [ 0.422476639971987, 47.840199465282275 ], [ 0.422150030747656, 47.839935347748472 ], [ 0.421998463573042, 47.83983697782871 ], [ 0.422278452609431, 47.839634662497424 ], [ 0.422440002472574, 47.839490677192032 ] ], [ [ 0.416256139335096, 47.837140220619666 ], [ 0.416085142181266, 47.83697785017808 ], [ 0.415712735966072, 47.836744949072937 ], [ 0.415180724554416, 47.836343935899833 ], [ 0.414959015227453, 47.836232071064678 ], [ 0.414398034258627, 47.836006023762998 ], [ 0.414136482398502, 47.835924962953641 ], [ 0.413855216951834, 47.835883494044772 ], [ 0.413517471367828, 47.835878183556609 ], [ 0.41358784499642, 47.835664275715352 ], [ 0.414058603547709, 47.835587407304637 ], [ 0.414422100406541, 47.83548982501668 ], [ 0.414634206412202, 47.835386953568388 ], [ 0.414886814058513, 47.835185724512279 ], [ 0.415062227945939, 47.83494499960225 ], [ 0.415130057944717, 47.834770890183428 ], [ 0.415145073605445, 47.834591175048416 ], [ 0.41506960057236, 47.834330716515574 ], [ 0.415104374653391, 47.83422714605291 ], [ 0.415119816077921, 47.83405437667858 ], [ 0.415057697342449, 47.833801402854071 ], [ 0.415435961423442, 47.833963857108579 ], [ 0.415682113459163, 47.83402090929669 ], [ 0.415924710210727, 47.834043847022549 ], [ 0.416006857675905, 47.834044309703813 ], [ 0.416368624238859, 47.83442490117627 ], [ 0.416533927647981, 47.834563331066626 ], [ 0.41673639068651, 47.834677205723217 ], [ 0.417057356428444, 47.834810693881998 ], [ 0.4170017861942, 47.834878442870647 ], [ 0.416947353531208, 47.834962573260022 ], [ 0.416880223509421, 47.835132415413582 ], [ 0.416874122965023, 47.835395487455244 ], [ 0.416933348406266, 47.835566656646627 ], [ 0.417267214361106, 47.836077366336141 ], [ 0.417496046678108, 47.836311135034471 ], [ 0.417893611356382, 47.836611078770439 ], [ 0.418237656241256, 47.836803226393812 ], [ 0.418466790944537, 47.836884606732177 ], [ 0.41859536643379, 47.836914762926078 ], [ 0.41950799944455, 47.837616168274195 ], [ 0.419411963432439, 47.837675920129101 ], [ 0.419293767244616, 47.837767223197517 ], [ 0.419158032682064, 47.837918751386503 ], [ 0.419057366035967, 47.838124120298922 ], [ 0.418517621217518, 47.838140234844651 ], [ 0.418256027067933, 47.838142550124111 ], [ 0.417833779092195, 47.838187217803728 ], [ 0.417077890692614, 47.838338990559933 ], [ 0.416869319012642, 47.838405247891522 ], [ 0.416715892403152, 47.838472010352369 ], [ 0.416684903151809, 47.838035730773392 ], [ 0.416584571721168, 47.837604023867399 ], [ 0.416455773284854, 47.837382801870298 ], [ 0.416256139335096, 47.837140220619666 ] ], [ [ 0.407273111695073, 47.831927639906901 ], [ 0.407017458728836, 47.831401614092478 ], [ 0.407996209695966, 47.831836948065487 ], [ 0.409020929238568, 47.832246618802898 ], [ 0.409364633867198, 47.832434768782058 ], [ 0.409687287549954, 47.832531064875582 ], [ 0.409874720718599, 47.832611356839728 ], [ 0.410155187245255, 47.832758530740122 ], [ 0.411328404691341, 47.833306972214537 ], [ 0.410388946101516, 47.83330870842282 ], [ 0.409875597918323, 47.833153125775034 ], [ 0.409576143186912, 47.833089594767877 ], [ 0.408947962003631, 47.833013537131819 ], [ 0.4086577030783, 47.833010219906257 ], [ 0.4082904037351, 47.832944768011366 ], [ 0.407855512690862, 47.832889899516097 ], [ 0.407443180652347, 47.832874297858737 ], [ 0.407026571891797, 47.832819497393466 ], [ 0.407165652297655, 47.832648279823779 ], [ 0.407277718305637, 47.832452398195159 ], [ 0.407333477447486, 47.832189787709567 ], [ 0.407273111695073, 47.831927639906901 ] ], [ [ 0.383643457220671, 47.782963340679892 ], [ 0.383932112510001, 47.782858327764039 ], [ 0.384752510661238, 47.782741147459049 ], [ 0.385654194972258, 47.782541228845936 ], [ 0.385897852173829, 47.782468324255269 ], [ 0.38611516641629, 47.782364250424294 ], [ 0.386634296251486, 47.782058754356399 ], [ 0.387425485609776, 47.78168090192046 ], [ 0.388427985545399, 47.781328364235954 ], [ 0.388653371619194, 47.781206819243096 ], [ 0.388882103979467, 47.781053359246172 ], [ 0.39016982550495, 47.780466397523064 ], [ 0.390976206467327, 47.780320557974839 ], [ 0.392122715902459, 47.779924473383353 ], [ 0.392413253402882, 47.77978646448318 ], [ 0.393000946048192, 47.779419360238919 ], [ 0.39350586591369, 47.779293494489551 ], [ 0.393723175580791, 47.779223731990179 ], [ 0.394064635276633, 47.779043165501989 ], [ 0.394504903800139, 47.778894922483303 ], [ 0.394625102944552, 47.778838065192367 ], [ 0.394816598857105, 47.778712507450962 ], [ 0.395405085461232, 47.77872477195428 ], [ 0.396773990546389, 47.778643352428922 ], [ 0.396978663668982, 47.778643854258611 ], [ 0.397360810244745, 47.77874113103811 ], [ 0.398046209651124, 47.77897018721842 ], [ 0.398597261321405, 47.779092408078419 ], [ 0.399567609580539, 47.779257345194999 ], [ 0.400795063232447, 47.779429921500352 ], [ 0.401238080148959, 47.779536825569693 ], [ 0.402137557882634, 47.77969079930255 ], [ 0.40252352111926, 47.779694358316462 ], [ 0.402774680792461, 47.779655065107747 ], [ 0.403132648577497, 47.779573829099093 ], [ 0.4043382918599, 47.779536600769418 ], [ 0.40481771948257, 47.779591036262808 ], [ 0.405271197811965, 47.779801798781108 ], [ 0.405715456843454, 47.779956725901421 ], [ 0.40596099857432, 47.780007416852676 ], [ 0.406344842764686, 47.780022034935136 ], [ 0.407362157497716, 47.779898428648501 ], [ 0.408176490151647, 47.780060359866539 ], [ 0.409128145182897, 47.780154819536435 ], [ 0.409419559840701, 47.780161296924078 ], [ 0.409706113061872, 47.780124986230184 ], [ 0.410544830198894, 47.779952790544243 ], [ 0.411303822740406, 47.77977603597126 ], [ 0.412155967746152, 47.779496083168823 ], [ 0.41317886233955, 47.778981242370165 ], [ 0.413360996972351, 47.778981392379769 ], [ 0.41367491089332, 47.779023306962465 ], [ 0.415202764389815, 47.779333326830312 ], [ 0.415427253817728, 47.779364340551879 ], [ 0.416448555935041, 47.779388544060247 ], [ 0.417439350337293, 47.779357325616431 ], [ 0.417750639876422, 47.77932136715193 ], [ 0.419569523170549, 47.778955135265925 ], [ 0.420075352884437, 47.778920616096805 ], [ 0.420956748025804, 47.778917509549984 ], [ 0.421183173953753, 47.778891006893758 ], [ 0.42222763894689, 47.778642131534404 ], [ 0.422877109969311, 47.778520640995026 ], [ 0.424518784389987, 47.778142720665912 ], [ 0.42464269395098, 47.778200854933672 ], [ 0.424951220695746, 47.778296390115074 ], [ 0.425339209315826, 47.778336192966748 ], [ 0.42572760708432, 47.778298243728756 ], [ 0.426082858423002, 47.778185821164811 ], [ 0.426374274055984, 47.778008637593565 ], [ 0.426559304368803, 47.777830585117748 ], [ 0.426792607311929, 47.777525151811354 ], [ 0.427160045878267, 47.777217453040151 ], [ 0.427375477462795, 47.777068867305871 ], [ 0.427979352742391, 47.776734740544896 ], [ 0.428780955164085, 47.776666295211044 ], [ 0.429322817813837, 47.776566150524047 ], [ 0.42976808464688, 47.776416797504915 ], [ 0.429970032014755, 47.776300364595819 ], [ 0.430226218084461, 47.776103025048407 ], [ 0.430630661757751, 47.776160503860758 ], [ 0.430973714665639, 47.776182195442999 ], [ 0.431490979891727, 47.776158853929878 ], [ 0.431637384913015, 47.776133740560503 ], [ 0.431912213686532, 47.776057539138279 ], [ 0.432157535828324, 47.775965937044624 ], [ 0.432336642708166, 47.775879374317981 ], [ 0.43234004775167, 47.7758902577661 ], [ 0.43250681325693, 47.776252214287076 ], [ 0.432628038695799, 47.776407171238176 ], [ 0.432764037958734, 47.776540466958345 ], [ 0.433400308311059, 47.776990511390785 ], [ 0.433601049533098, 47.777195758005426 ], [ 0.433629748543469, 47.777257543914892 ], [ 0.433585052756487, 47.777276858178475 ], [ 0.433506133523, 47.77731241311767 ], [ 0.433015772024034, 47.777294087339556 ], [ 0.432521802856464, 47.777308752395129 ], [ 0.432188560117335, 47.777368445084846 ], [ 0.431828303966802, 47.777461843807963 ], [ 0.431380858759374, 47.777529524138053 ], [ 0.430936581069282, 47.777539547092324 ], [ 0.430589724112856, 47.777508004346203 ], [ 0.43032651795198, 47.777523737571066 ], [ 0.430073061381944, 47.777574099746303 ], [ 0.429839280498754, 47.777657118764381 ], [ 0.429634331062441, 47.777769543165334 ], [ 0.4294332592045, 47.777943987410744 ], [ 0.429413056690081, 47.777966663561337 ], [ 0.429248943026975, 47.777691074476671 ], [ 0.429110879253214, 47.777541869573447 ], [ 0.428932409722702, 47.777413608359012 ], [ 0.428604206162086, 47.777270930551474 ], [ 0.428228797852386, 47.777198364217782 ], [ 0.427968075511147, 47.777192270636831 ], [ 0.427586112127027, 47.77724713501911 ], [ 0.427328981002864, 47.777334861806857 ], [ 0.427144080862901, 47.777430800977207 ], [ 0.426950985328431, 47.777583233274058 ], [ 0.426790683900238, 47.77779591036208 ], [ 0.426729781248812, 47.777966900522301 ], [ 0.426715115128897, 47.778106503682665 ], [ 0.426509794711735, 47.778265668993789 ], [ 0.426340838397946, 47.778503739600907 ], [ 0.426281591049889, 47.778764606851944 ], [ 0.426305964296999, 47.778940130979919 ], [ 0.426372296694013, 47.779093129794923 ], [ 0.426389595836335, 47.779122032648338 ], [ 0.426064000505186, 47.779245368410862 ], [ 0.425641155319717, 47.779491397488151 ], [ 0.425428233222734, 47.779690274644686 ], [ 0.425308293328118, 47.779873279218009 ], [ 0.42517975542876, 47.779971033583749 ], [ 0.425056246873494, 47.780011844935927 ], [ 0.423659118089738, 47.780253983738277 ], [ 0.422821494574002, 47.780359683221548 ], [ 0.422519441080542, 47.780348771791665 ], [ 0.422113783793546, 47.780311396787482 ], [ 0.421047747585455, 47.780326815139595 ], [ 0.420789391180394, 47.780348492791475 ], [ 0.420436419003253, 47.780402065640928 ], [ 0.420088399879324, 47.78049008207244 ], [ 0.420024122129598, 47.780443794554436 ], [ 0.419729445513283, 47.780295345150286 ], [ 0.419358681993754, 47.780203483994697 ], [ 0.419096246282759, 47.78018487197059 ], [ 0.418779139027877, 47.780210435541008 ], [ 0.418469676025683, 47.780132747698062 ], [ 0.418201603756356, 47.780104673814947 ], [ 0.418065783640787, 47.780104535855884 ], [ 0.417797587547134, 47.780132064819611 ], [ 0.417667985473318, 47.780159447123275 ], [ 0.417424464240014, 47.780240034397835 ], [ 0.417210131845043, 47.78035213262072 ], [ 0.417116735113951, 47.780418598010591 ], [ 0.41687793906636, 47.78065035891872 ], [ 0.416541564916978, 47.780655392142911 ], [ 0.416282271650132, 47.780690971058249 ], [ 0.416146837992645, 47.78072468512395 ], [ 0.415944817507982, 47.780637882302052 ], [ 0.415807873106509, 47.780597403782522 ], [ 0.415466902053575, 47.780516375110281 ], [ 0.415249405411673, 47.780491476413964 ], [ 0.415248846926143, 47.780473436757134 ], [ 0.415231479261818, 47.780335068118525 ], [ 0.415161379246984, 47.780163386416902 ], [ 0.415042504914596, 47.780004366257621 ], [ 0.414879509474078, 47.779864231882584 ], [ 0.41456666117056, 47.779701185763606 ], [ 0.414324425331958, 47.77963012815551 ], [ 0.414066178058685, 47.779592604537171 ], [ 0.413670965254146, 47.779602034856822 ], [ 0.413317550118355, 47.779670312527138 ], [ 0.413021748266856, 47.77977521958033 ], [ 0.412553644523801, 47.780015824689606 ], [ 0.411990039623797, 47.780010339006523 ], [ 0.411609560881447, 47.780082679986435 ], [ 0.41138071373265, 47.78017152084827 ], [ 0.411182282772796, 47.78028898106939 ], [ 0.410958241703425, 47.780508519719696 ], [ 0.410839385381539, 47.780762650666766 ], [ 0.410824142346966, 47.780940357591369 ], [ 0.410838897025836, 47.781181026953206 ], [ 0.410639043084665, 47.78155192563117 ], [ 0.410482846012097, 47.781679961195394 ], [ 0.410023914105284, 47.781873408626794 ], [ 0.409650774392538, 47.781999308911729 ], [ 0.409371427600586, 47.781813501964287 ], [ 0.408838996594262, 47.781595030955117 ], [ 0.408396744245074, 47.781455832362738 ], [ 0.408101865630775, 47.781394077166489 ], [ 0.407046532027414, 47.78126690654188 ], [ 0.406194262767614, 47.781288390876604 ], [ 0.404502299959486, 47.78115146543778 ], [ 0.403810155716475, 47.781161590184922 ], [ 0.403814741101695, 47.780855874224038 ], [ 0.403704315943105, 47.780597822147172 ], [ 0.40348584130747, 47.7803732202335 ], [ 0.403289423461807, 47.780252123210232 ], [ 0.403061271297181, 47.780159692433649 ], [ 0.402679632476945, 47.780082481625087 ], [ 0.402379644529101, 47.780067940274918 ], [ 0.402049074356771, 47.780008786233203 ], [ 0.401793803424712, 47.780001284137185 ], [ 0.401541084246317, 47.780026692543515 ], [ 0.401300172483086, 47.780084079513365 ], [ 0.401079887974978, 47.780171344541408 ], [ 0.4009484098046, 47.78024593231607 ], [ 0.400929501305674, 47.780258312611814 ], [ 0.400619487237609, 47.779958115574615 ], [ 0.400424966475867, 47.779843551078777 ], [ 0.400201360342904, 47.779756374537421 ], [ 0.399851910590416, 47.779649057741544 ], [ 0.399545233526533, 47.779503937706387 ], [ 0.399291046601635, 47.779426918001612 ], [ 0.399156406117484, 47.779402226261681 ], [ 0.398879366678852, 47.779381821541328 ], [ 0.398411370444667, 47.779380466013215 ], [ 0.398087967497217, 47.779333918469199 ], [ 0.397545118757109, 47.779337722281774 ], [ 0.397071420598359, 47.77930788365591 ], [ 0.39610378430598, 47.779366857701802 ], [ 0.395820411677401, 47.779399954209858 ], [ 0.395051976782539, 47.779605615931182 ], [ 0.394170737654912, 47.779882686333586 ], [ 0.393232211625589, 47.780206032442138 ], [ 0.39238447894463, 47.78055793392496 ], [ 0.391367478446833, 47.780906901118193 ], [ 0.390773194187205, 47.781192048295331 ], [ 0.390504843752331, 47.781365296924776 ], [ 0.390255125635708, 47.781654060115052 ], [ 0.390134232078653, 47.781883845130814 ], [ 0.389085769051261, 47.781913940970838 ], [ 0.388432643105608, 47.781959356562176 ], [ 0.38821598111645, 47.781998809769505 ], [ 0.387827390952624, 47.782098100092981 ], [ 0.387512443454782, 47.782238527885731 ], [ 0.386998742301654, 47.782610304707482 ], [ 0.386770017845331, 47.782881512505348 ], [ 0.386159665636695, 47.783001374232491 ], [ 0.385561265222206, 47.783144689854545 ], [ 0.384915773732798, 47.783232122765263 ], [ 0.384551724934602, 47.783263704482735 ], [ 0.384318278518348, 47.783320105431258 ], [ 0.384125810139197, 47.783395209205928 ], [ 0.384078627262948, 47.783361847326084 ], [ 0.383828565306778, 47.783235390928503 ], [ 0.383708491140935, 47.783083021207794 ], [ 0.383604762596211, 47.782991039877025 ], [ 0.383643457220671, 47.782963340679892 ] ], [ [ 0.38368302876311, 47.778001310648477 ], [ 0.383384989129012, 47.777965758163681 ], [ 0.382885870248419, 47.777953373518393 ], [ 0.383178419929851, 47.77762175984482 ], [ 0.383457429156905, 47.777263890692247 ], [ 0.383683793819565, 47.777084869478301 ], [ 0.384234466191308, 47.777246604497407 ], [ 0.38475704610575, 47.777451503737453 ], [ 0.385476100575472, 47.777812075305242 ], [ 0.386117944390782, 47.778037598114949 ], [ 0.38455879050315, 47.778322375233778 ], [ 0.384455028389973, 47.778257298433047 ], [ 0.384241623154194, 47.778159795838029 ], [ 0.38368302876311, 47.778001310648477 ] ], [ [ 0.385989596993971, 47.769357562559982 ], [ 0.385694879604319, 47.769424600482118 ], [ 0.385430308712803, 47.769507457749867 ], [ 0.384938927885474, 47.76976219901708 ], [ 0.384649151956343, 47.769992198900496 ], [ 0.384085795582445, 47.77006093955606 ], [ 0.383955501158765, 47.770090477181895 ], [ 0.383711826860147, 47.770175773320716 ], [ 0.383312353428853, 47.770394947463025 ], [ 0.382903867396084, 47.770719543590069 ], [ 0.382749285628058, 47.770877109051227 ], [ 0.38249847495636, 47.770965015058273 ], [ 0.38223304621005, 47.771027248355487 ], [ 0.381785056177806, 47.771037515129755 ], [ 0.381288315933197, 47.770999723718241 ], [ 0.380527013668826, 47.770716335027657 ], [ 0.380620017915367, 47.770689362821038 ], [ 0.38083458672087, 47.770602531281213 ], [ 0.380955196441979, 47.77053446653278 ], [ 0.381907980938093, 47.770491462841129 ], [ 0.38214286688038, 47.77046825083282 ], [ 0.383112665602168, 47.770249203414778 ], [ 0.384345563206812, 47.769803277308704 ], [ 0.384561592909077, 47.769704972908116 ], [ 0.385061920238699, 47.769425723410876 ], [ 0.385444966172755, 47.769243037078752 ], [ 0.385640959940722, 47.769103249880381 ], [ 0.38610020335632, 47.768697531632235 ], [ 0.38624041763288, 47.768634627063875 ], [ 0.386919937122156, 47.768604502730881 ], [ 0.386892704835936, 47.768681599679454 ], [ 0.386868187312931, 47.768823424997542 ], [ 0.386885368756917, 47.768996682733757 ], [ 0.386951581362392, 47.769164491495154 ], [ 0.387015668901164, 47.769260733791839 ], [ 0.387107561941419, 47.769363344630499 ], [ 0.386764553339711, 47.769314246238963 ], [ 0.386273028273355, 47.769315532663349 ], [ 0.385989596993971, 47.769357562559982 ] ], [ [ 0.392166616825616, 47.764879693346224 ], [ 0.392539450577695, 47.76466571775974 ], [ 0.392631450053386, 47.764597401316855 ], [ 0.393124626570242, 47.764130333523902 ], [ 0.393193108787186, 47.764045118696238 ], [ 0.393287477710456, 47.76386231460679 ], [ 0.393312270970331, 47.763766846085829 ], [ 0.393382760068365, 47.763183679436402 ], [ 0.39385301629994, 47.763180260107404 ], [ 0.394164249925343, 47.763332363152209 ], [ 0.394529203169217, 47.763439329653082 ], [ 0.394791626517906, 47.763468010700798 ], [ 0.395188009462224, 47.763444255174186 ], [ 0.395556390766447, 47.763342770445007 ], [ 0.395770062834782, 47.763236122270918 ], [ 0.395948151217785, 47.763103040611917 ], [ 0.396035187267323, 47.7630107796411 ], [ 0.396170496977719, 47.762945656260477 ], [ 0.396355208613779, 47.762820423525085 ], [ 0.396541174783309, 47.762614238514246 ], [ 0.39658948556843, 47.762529087406179 ], [ 0.397456180123116, 47.762341623168183 ], [ 0.398057369384709, 47.762139150211894 ], [ 0.398170303204197, 47.762085530386422 ], [ 0.398368589716821, 47.761956201717304 ], [ 0.398523210987592, 47.761802151008453 ], [ 0.398674301628222, 47.761565573921025 ], [ 0.398755401724605, 47.761372753257213 ], [ 0.398838027924638, 47.76101848124425 ], [ 0.398875253812886, 47.760436789808999 ], [ 0.398864578056757, 47.760328808107204 ], [ 0.398960575972971, 47.760037034204593 ], [ 0.399143453011052, 47.759707098997204 ], [ 0.400147776244786, 47.758886568838051 ], [ 0.400858679299356, 47.758208685434404 ], [ 0.40116285861734, 47.757760224012955 ], [ 0.401363511847537, 47.757167444938865 ], [ 0.401436589449571, 47.756797775911437 ], [ 0.40156864976512, 47.756680681498302 ], [ 0.401927779899113, 47.756623123383314 ], [ 0.402198137799795, 47.756636200067291 ], [ 0.402455419047612, 47.756614004941277 ], [ 0.402701476687887, 47.756558673845333 ], [ 0.402927016620769, 47.756472294295421 ], [ 0.403123520832188, 47.756358130062786 ], [ 0.403283570224801, 47.756220492330364 ], [ 0.403434928781733, 47.756054035626512 ], [ 0.40357047837418, 47.755809676414074 ], [ 0.403671534724592, 47.755529004519317 ], [ 0.403706016802579, 47.755353666608414 ], [ 0.403688983313134, 47.755177166220335 ], [ 0.403568820059222, 47.754925095056755 ], [ 0.403345090443486, 47.754707510133386 ], [ 0.403147639515584, 47.754591085069109 ], [ 0.402798013105966, 47.754470597867936 ], [ 0.402498046793258, 47.754427044253589 ], [ 0.402367701529093, 47.753864996921877 ], [ 0.402622581780406, 47.753273648108532 ], [ 0.40288651566672, 47.75206176437181 ], [ 0.403239084227128, 47.752102567073599 ], [ 0.403627948793731, 47.752077254587093 ], [ 0.403467262002925, 47.752301875236398 ], [ 0.403374366129592, 47.752471531895395 ], [ 0.403347329877376, 47.75256021870802 ], [ 0.403333441287116, 47.752740829667701 ], [ 0.403373376277423, 47.752919666522949 ], [ 0.403465523270907, 47.753089509034652 ], [ 0.40360616175125, 47.75324349896156 ], [ 0.403692959951296, 47.753312574962919 ], [ 0.403895137758561, 47.753431396856556 ], [ 0.404128458498552, 47.753520563038371 ], [ 0.404383505647909, 47.753576471324031 ], [ 0.405039707591021, 47.753672985387155 ], [ 0.404779400285504, 47.754045323459408 ], [ 0.4046981617399, 47.754229531726445 ], [ 0.404646175357083, 47.754626688931729 ], [ 0.404665424886361, 47.75496521355079 ], [ 0.404525893197972, 47.755482959740952 ], [ 0.404319585983332, 47.755688001733084 ], [ 0.404130949933705, 47.755964517504673 ], [ 0.404019622876779, 47.756285936813249 ], [ 0.403963640455598, 47.756543805794195 ], [ 0.40355284397807, 47.757087762361934 ], [ 0.403284295239298, 47.757626609866989 ], [ 0.40317314461292, 47.757748548348097 ], [ 0.401869734288456, 47.758722964780603 ], [ 0.401273253730765, 47.759214382586656 ], [ 0.401129152912984, 47.759360754736164 ], [ 0.400815616809653, 47.759769233658183 ], [ 0.400738847237918, 47.759949773214011 ], [ 0.400670613906184, 47.760210436610443 ], [ 0.400563269730683, 47.76090602958422 ], [ 0.400581001020339, 47.761579863834534 ], [ 0.400565101089987, 47.76184973341875 ], [ 0.400358005570879, 47.762013106266828 ], [ 0.400098983641844, 47.762273297384873 ], [ 0.39997349281385, 47.762431409129107 ], [ 0.399896981767194, 47.76260315651934 ], [ 0.399724052702461, 47.763140595540115 ], [ 0.399337373367238, 47.763612093592847 ], [ 0.399161656038109, 47.763771658813056 ], [ 0.399045765607288, 47.763826884389978 ], [ 0.398828506786853, 47.763852393409366 ], [ 0.398336495660701, 47.763957932776918 ], [ 0.398204895423151, 47.763992316064567 ], [ 0.397908644825264, 47.764103083879419 ], [ 0.397220609215082, 47.763985108649464 ], [ 0.396936258508381, 47.763956524630274 ], [ 0.396649424208795, 47.763969652898446 ], [ 0.396128085584897, 47.764032043198043 ], [ 0.39585575365785, 47.764085253040648 ], [ 0.39560623132052, 47.764176041665067 ], [ 0.394980717678537, 47.764471345904603 ], [ 0.394879153442605, 47.76453624181341 ], [ 0.394708926476687, 47.764685680216111 ], [ 0.394577318425126, 47.764877171523523 ], [ 0.394217469155781, 47.764852292238416 ], [ 0.393912295678191, 47.764786379824208 ], [ 0.393653181206258, 47.764748973376101 ], [ 0.393256798894954, 47.764759027817874 ], [ 0.393002586333421, 47.764809453929487 ], [ 0.392661281854965, 47.764945729629424 ], [ 0.392394437587309, 47.765143606447694 ], [ 0.392225610586127, 47.765385613458498 ], [ 0.392164595359212, 47.765639361129203 ], [ 0.392106389984652, 47.765633760082437 ], [ 0.392047909085318, 47.765630047578234 ], [ 0.392082844937924, 47.765399215583571 ], [ 0.392090846724123, 47.765126138693176 ], [ 0.392166616825616, 47.764879693346224 ] ], [ [ 0.403591364757237, 47.748026054127543 ], [ 0.403529558363737, 47.747807070353808 ], [ 0.403432087290604, 47.747637504410434 ], [ 0.403364815856484, 47.747558566142168 ], [ 0.403070299622476, 47.747309342474345 ], [ 0.402754739411401, 47.747147859915707 ], [ 0.402382799614074, 47.747055963693093 ], [ 0.402119582831512, 47.747037635303883 ], [ 0.401867101120921, 47.747041032250124 ], [ 0.401389965424409, 47.74709723597838 ], [ 0.401061519184031, 47.747164585219465 ], [ 0.399940198684898, 47.747276384529634 ], [ 0.399287226595107, 47.747295646153894 ], [ 0.398649761778143, 47.747353748456518 ], [ 0.397448780083228, 47.747246446383031 ], [ 0.397153303073125, 47.747197649268543 ], [ 0.396933179585146, 47.747184340704521 ], [ 0.396608111002383, 47.747185702992311 ], [ 0.396277418769385, 47.747216816310413 ], [ 0.395923705977513, 47.747288733028093 ], [ 0.395608581146238, 47.747268481236624 ], [ 0.395025386276026, 47.747271691623105 ], [ 0.394440945660208, 47.747351257493726 ], [ 0.394207794469107, 47.747415907603987 ], [ 0.393985262694071, 47.747515832662231 ], [ 0.39359211750499, 47.747571124826614 ], [ 0.39327954011761, 47.747571169365386 ], [ 0.392766012525907, 47.747488428678523 ], [ 0.39141696477496, 47.747461274461685 ], [ 0.390745056326506, 47.747463957684296 ], [ 0.389947000445527, 47.747560563129632 ], [ 0.389570931064836, 47.74764873299776 ], [ 0.389349047045674, 47.747747658894987 ], [ 0.389090938725754, 47.747914838471921 ], [ 0.388514095161798, 47.748165077518387 ], [ 0.387444414136683, 47.747924826651719 ], [ 0.386791500395191, 47.747886704510769 ], [ 0.386542535061476, 47.747896044658141 ], [ 0.386300492059402, 47.747936457952214 ], [ 0.385989463506027, 47.748014157578773 ], [ 0.385668572065795, 47.748154716993945 ], [ 0.38542000600698, 47.748350908316851 ], [ 0.385122954316252, 47.748739579371076 ], [ 0.384877112291833, 47.748914224729909 ], [ 0.384255424476486, 47.749179948191333 ], [ 0.383446026462723, 47.749569424213718 ], [ 0.383235706912951, 47.749695143465267 ], [ 0.382881908213561, 47.749956407289432 ], [ 0.382725044891999, 47.750097970936409 ], [ 0.382420679417096, 47.750518169017255 ], [ 0.382001327737155, 47.75102550328959 ], [ 0.381396204088251, 47.751709035281927 ], [ 0.381269465104082, 47.751899368751808 ], [ 0.38113056530623, 47.752195970850252 ], [ 0.380713431228418, 47.752293546861488 ], [ 0.38032005505131, 47.752411155218837 ], [ 0.380011106781174, 47.752451019373545 ], [ 0.380305235904953, 47.752265597326023 ], [ 0.380398845517775, 47.752186054149981 ], [ 0.380832138912196, 47.751665010594202 ], [ 0.380961063863163, 47.751438301483311 ], [ 0.381035075154921, 47.751112014757837 ], [ 0.381219582030902, 47.750727972279201 ], [ 0.381897079286291, 47.749919050691716 ], [ 0.382017105327417, 47.749922610858086 ], [ 0.382330679264593, 47.749898591993521 ], [ 0.382581041545309, 47.749839600102426 ], [ 0.382809164671777, 47.74974838530887 ], [ 0.383006037095117, 47.749628549221562 ], [ 0.383212452759023, 47.749423154381617 ], [ 0.383483429125944, 47.74925004508134 ], [ 0.383626726179378, 47.749099205114106 ], [ 0.383722888373838, 47.748932212894225 ], [ 0.383770629775075, 47.748676696794959 ], [ 0.383767228428406, 47.748633777625876 ], [ 0.383967463826339, 47.748529011837448 ], [ 0.384330593912129, 47.74826674938722 ], [ 0.384821325016533, 47.747977766196833 ], [ 0.385066686637642, 47.747789140165352 ], [ 0.38543714246945, 47.747679683909965 ], [ 0.386154741272104, 47.747559552381659 ], [ 0.387303790135054, 47.747475887823946 ], [ 0.38792171900037, 47.747371547479396 ], [ 0.388147886764958, 47.747317272153246 ], [ 0.388799840528271, 47.747110671365377 ], [ 0.389262927463176, 47.74686678266545 ], [ 0.389869591348073, 47.746692353273502 ], [ 0.390752448344711, 47.746558871144991 ], [ 0.391242014536286, 47.746445597368442 ], [ 0.391788255205602, 47.746446096849247 ], [ 0.39206029089986, 47.746406915322936 ], [ 0.392882810598377, 47.746160770039189 ], [ 0.393178654241213, 47.746008290303358 ], [ 0.393339783883594, 47.745874180037298 ], [ 0.39362851400254, 47.745867161125858 ], [ 0.393940944557212, 47.745887831249156 ], [ 0.394194167903251, 47.745875253730333 ], [ 0.395322035614554, 47.745745615036668 ], [ 0.396212319153785, 47.745605615256324 ], [ 0.396453105280262, 47.745550459821352 ], [ 0.397130504441321, 47.745344871410261 ], [ 0.397557674256597, 47.745731161571157 ], [ 0.397824249132331, 47.745916156031399 ], [ 0.39813771479583, 47.746108143049184 ], [ 0.398727300777163, 47.746370653214662 ], [ 0.399146281066988, 47.746709529988856 ], [ 0.399319933306756, 47.746824831849764 ], [ 0.399521777035465, 47.746916913711139 ], [ 0.399918156974537, 47.747059180556079 ], [ 0.40029582781894, 47.747126519382341 ], [ 0.400556756862417, 47.747128916555688 ], [ 0.400813387842103, 47.747097019944128 ], [ 0.401035756017593, 47.747038233840968 ], [ 0.401232913773351, 47.747017494277017 ], [ 0.401600286466862, 47.746916500408005 ], [ 0.401907401960545, 47.746747127566785 ], [ 0.40212711921141, 47.74652434396809 ], [ 0.40224002028947, 47.746267840567853 ], [ 0.402236129560968, 47.746000285054222 ], [ 0.402131025606525, 47.745652108475724 ], [ 0.401964118375024, 47.745434551819208 ], [ 0.401659592858263, 47.745175514616349 ], [ 0.401316161714707, 47.744971422307231 ], [ 0.400942422516954, 47.744796077166477 ], [ 0.400737475822024, 47.744717076406765 ], [ 0.400472826371611, 47.744656281716324 ], [ 0.400565829232431, 47.744604310056815 ], [ 0.401313790735412, 47.74461418268983 ], [ 0.401860963895289, 47.744567675434354 ], [ 0.402243791447737, 47.7444916066 ], [ 0.402692036643016, 47.744312830879352 ], [ 0.402835962458704, 47.744326740524954 ], [ 0.403100311822455, 47.744323986946583 ], [ 0.403386562317604, 47.744301749383403 ], [ 0.403750991359727, 47.744247256699126 ], [ 0.403849238301027, 47.74438785455272 ], [ 0.404242987141283, 47.744853930883068 ], [ 0.404550955360023, 47.74509435237038 ], [ 0.40478936002951, 47.745306819542911 ], [ 0.405483465029995, 47.7457781491308 ], [ 0.406217743319628, 47.746123546307842 ], [ 0.406562125680672, 47.746370524310052 ], [ 0.406881834103856, 47.746516737979611 ], [ 0.407110789232699, 47.746597584143842 ], [ 0.4073585578051, 47.746647148828288 ], [ 0.40761584354241, 47.746663573530391 ], [ 0.407872998565649, 47.746646241073925 ], [ 0.408237477837284, 47.746558711992591 ], [ 0.408549409377346, 47.746404342550605 ], [ 0.408986182568195, 47.746112138237109 ], [ 0.409149122467938, 47.745953220446054 ], [ 0.40926890315199, 47.745794747350125 ], [ 0.409356598212948, 47.745535128583811 ], [ 0.409327834470236, 47.745269564681792 ], [ 0.409244781518402, 47.74510073796241 ], [ 0.40910468669349, 47.744897828470421 ], [ 0.408887209398391, 47.744703151848299 ], [ 0.408546447060073, 47.744484999284836 ], [ 0.408964664562939, 47.744441574774697 ], [ 0.409148099391669, 47.74440174852672 ], [ 0.409257472793105, 47.744554011071386 ], [ 0.409577291614852, 47.744915315492783 ], [ 0.409755096129534, 47.745048153020704 ], [ 0.409968352859985, 47.74515463556569 ], [ 0.410208630601265, 47.745230555495517 ], [ 0.410466428665333, 47.745272908986855 ], [ 0.410731555324452, 47.74528002239385 ], [ 0.410993528146792, 47.745251613351336 ], [ 0.411358047871313, 47.745145229410817 ], [ 0.411681403160332, 47.744993044316551 ], [ 0.411882272167129, 47.744883095981542 ], [ 0.412047912010095, 47.744749072455363 ], [ 0.412172099124776, 47.744596011608294 ], [ 0.412250168290948, 47.744429664751507 ], [ 0.412279183166244, 47.744256283356698 ], [ 0.412258055741405, 47.744082384842521 ], [ 0.41220949649232, 47.74390141210511 ], [ 0.412676936726534, 47.743836589290737 ], [ 0.412988329184886, 47.743765522578919 ], [ 0.413596452653686, 47.743567501776077 ], [ 0.413671644828728, 47.743733254568227 ], [ 0.413842866311681, 47.74393530546628 ], [ 0.41402000087145, 47.74406341725301 ], [ 0.414164788619923, 47.744137105527102 ], [ 0.413872676304374, 47.74423453038137 ], [ 0.413668838957852, 47.744346960422014 ], [ 0.413433992931235, 47.744560481742084 ], [ 0.413333588654535, 47.744724666951477 ], [ 0.413282938433102, 47.744898952598589 ], [ 0.413277142503031, 47.745016952360565 ], [ 0.413135543031963, 47.74527635926745 ], [ 0.413038813696853, 47.745529923739554 ], [ 0.413002502071365, 47.745787093008822 ], [ 0.413025011199585, 47.745969714507112 ], [ 0.413076940487969, 47.746136877632573 ], [ 0.413263230443506, 47.746438113122622 ], [ 0.413394721995995, 47.746581449619029 ], [ 0.413432495545627, 47.747125694937004 ], [ 0.413609282536209, 47.747743023782668 ], [ 0.412692220039993, 47.747816185524414 ], [ 0.411777269539059, 47.747973718651068 ], [ 0.411519388629052, 47.748062233227351 ], [ 0.410754318947734, 47.748402706293845 ], [ 0.410121472324992, 47.748502417354274 ], [ 0.409904674188264, 47.748551927014837 ], [ 0.408971502744515, 47.74889630674538 ], [ 0.408708173917116, 47.748974946449295 ], [ 0.408258237040582, 47.749178200302801 ], [ 0.40797675311827, 47.749354600381622 ], [ 0.407647526192969, 47.749684939659069 ], [ 0.407516040553465, 47.749858239256298 ], [ 0.407311448103679, 47.750364039024269 ], [ 0.407272937123631, 47.750513814731931 ], [ 0.407267330800464, 47.750731075545374 ], [ 0.407284336438467, 47.751107869720919 ], [ 0.407520034864546, 47.751750502723937 ], [ 0.407604592392333, 47.752036162673384 ], [ 0.407497278372794, 47.751948793007479 ], [ 0.407310065244927, 47.751838212714496 ], [ 0.406039222624935, 47.751334066947436 ], [ 0.405736674169029, 47.751214459323094 ], [ 0.405496050067741, 47.751139871338211 ], [ 0.405238325091929, 47.751098793356753 ], [ 0.405017976205499, 47.75109235386136 ], [ 0.405018047972464, 47.750835777431007 ], [ 0.404957215457149, 47.750667765825 ], [ 0.404849856945939, 47.750510702309171 ], [ 0.404699937560241, 47.750370386736783 ], [ 0.404512992000158, 47.750251999958977 ], [ 0.40429592418205, 47.750159913 ], [ 0.403876464823726, 47.750063504873054 ], [ 0.403515485245266, 47.749839550920875 ], [ 0.403633077107372, 47.749526874724637 ], [ 0.403673849702054, 47.748781088528204 ], [ 0.403635481282895, 47.748301515765718 ], [ 0.403591364757237, 47.748026054127543 ] ], [ [ 0.409751212109568, 47.726380698457461 ], [ 0.409952257278777, 47.726070910713268 ], [ 0.410079751892391, 47.72579142658924 ], [ 0.410244479197165, 47.72528572231051 ], [ 0.410526235621861, 47.724830960088838 ], [ 0.410630428114978, 47.724693870799257 ], [ 0.410886763600735, 47.724518635675672 ], [ 0.411145252076475, 47.72426977443137 ], [ 0.411347975536322, 47.724189696212704 ], [ 0.411610853277896, 47.724117840497648 ], [ 0.412425720212065, 47.724064224279786 ], [ 0.412295717638888, 47.72455504816358 ], [ 0.412115506435391, 47.724999990799915 ], [ 0.411929624477758, 47.725277517990214 ], [ 0.411484901945809, 47.725752933516446 ], [ 0.411284075375765, 47.725911776491472 ], [ 0.41063570920462, 47.726335697674962 ], [ 0.410258017469721, 47.726636120754932 ], [ 0.409973733997894, 47.726818146370334 ], [ 0.409337696977634, 47.727112703571088 ], [ 0.408993122955889, 47.727328971200869 ], [ 0.409082281225523, 47.726878781053763 ], [ 0.409525139342876, 47.726607805119961 ], [ 0.409611799408368, 47.726537414245563 ], [ 0.409751212109568, 47.726380698457461 ] ], [ [ 0.416683192785545, 47.718073223999582 ], [ 0.416088628379989, 47.718132530813634 ], [ 0.415767898930223, 47.718202179551454 ], [ 0.415584446624593, 47.71783556272532 ], [ 0.415913824406832, 47.717898112428387 ], [ 0.416632092766472, 47.71795596247113 ], [ 0.416683192785545, 47.718073223999582 ] ], [ [ 0.418105123811061, 47.695520740439264 ], [ 0.418487508966236, 47.695542760724244 ], [ 0.418553166084563, 47.695566558487172 ], [ 0.4187059478373, 47.695744118184869 ], [ 0.418977395076951, 47.695959500739406 ], [ 0.41867395802957, 47.696084928105478 ], [ 0.418453234538855, 47.696199122127062 ], [ 0.418357293762903, 47.696267240464906 ], [ 0.41814765156423, 47.696463993524681 ], [ 0.418024917855388, 47.696585826810676 ], [ 0.417945703430554, 47.696365646883265 ], [ 0.417833127427692, 47.696196909847998 ], [ 0.417263475105971, 47.695668307720688 ], [ 0.417177325091463, 47.695599411640977 ], [ 0.416976659058508, 47.695480743509059 ], [ 0.416620200191238, 47.695353920161665 ], [ 0.417025530941467, 47.695212632755947 ], [ 0.417312851321258, 47.695368736439548 ], [ 0.417537099863603, 47.695440965586165 ], [ 0.418105123811061, 47.695520740439264 ] ], [ [ 0.33139545250692, 47.713976128177841 ], [ 0.331188506444912, 47.714088924068129 ], [ 0.331078309155813, 47.71417348344518 ], [ 0.330439527638537, 47.713310426858612 ], [ 0.330049865720846, 47.712977100973887 ], [ 0.330689965099199, 47.712669853986952 ], [ 0.330690620027002, 47.71292559041536 ], [ 0.330748713015138, 47.713095541160676 ], [ 0.330923701332086, 47.713328415390301 ], [ 0.331529728188974, 47.713916825186814 ], [ 0.33139545250692, 47.713976128177841 ] ], [ [ 0.348186554722825, 47.714392568289348 ], [ 0.348304453032635, 47.714484354480383 ], [ 0.348153421866155, 47.714490770709666 ], [ 0.348186554722825, 47.714392568289348 ] ], [ [ 0.330755073891916, 47.717811915395856 ], [ 0.331007926712664, 47.717609039477608 ], [ 0.331139548259144, 47.717452441259418 ], [ 0.331189689612845, 47.717362358076635 ], [ 0.331271146861179, 47.717446699381178 ], [ 0.33143866794414, 47.717573818224722 ], [ 0.331664560794852, 47.717715623066653 ], [ 0.331287278267271, 47.717936194489091 ], [ 0.330880554188069, 47.718267080549097 ], [ 0.3307574296368, 47.71812234576241 ], [ 0.330536594475751, 47.717946284195456 ], [ 0.330755073891916, 47.717811915395856 ] ], [ [ 0.41307560862077, 47.686472831369244 ], [ 0.412837546553051, 47.687120856569756 ], [ 0.412800049059895, 47.687291932398637 ], [ 0.412753709349274, 47.687908341858744 ], [ 0.412825813953829, 47.688558092299004 ], [ 0.41261182983893, 47.688741233378877 ], [ 0.412504886569621, 47.688894342189791 ], [ 0.412442292845644, 47.689058264837293 ], [ 0.412316873226299, 47.689612993926474 ], [ 0.412342261354138, 47.689857922019378 ], [ 0.412587451500365, 47.690630385459045 ], [ 0.412410783345869, 47.690751295988036 ], [ 0.412260285317038, 47.690907711817594 ], [ 0.411971439950133, 47.691400070338752 ], [ 0.411567510780338, 47.691436073647111 ], [ 0.410865261317936, 47.69160689347359 ], [ 0.410371779934669, 47.690886031031759 ], [ 0.409975090734575, 47.690517728135646 ], [ 0.409894409692949, 47.690237857476852 ], [ 0.409951004645334, 47.690040768931958 ], [ 0.410322017456213, 47.689488590021313 ], [ 0.410641204406592, 47.689197778261196 ], [ 0.411014103153423, 47.688944934883395 ], [ 0.411178220077664, 47.6888069593628 ], [ 0.411300571349781, 47.688647239667915 ], [ 0.411612116770636, 47.687930218364748 ], [ 0.411863708380242, 47.687409128876332 ], [ 0.412679929961573, 47.68688175512596 ], [ 0.412816883090717, 47.686757582396467 ], [ 0.41307560862077, 47.686472831369244 ] ], [ [ 0.402593018976559, 47.698060514005377 ], [ 0.403358369300772, 47.697812123114119 ], [ 0.403464262882138, 47.697919758813832 ], [ 0.402438210508921, 47.698658114404523 ], [ 0.402288202720429, 47.6987922102863 ], [ 0.402177730500603, 47.698942792825527 ], [ 0.40211064509512, 47.699104613698552 ], [ 0.401873159259494, 47.699988641514651 ], [ 0.401732614305577, 47.700711180088724 ], [ 0.401669899423563, 47.700870297023151 ], [ 0.401573402254303, 47.70100224361282 ], [ 0.401304329666239, 47.700946552372855 ], [ 0.400642731169153, 47.700750906246768 ], [ 0.400387279692128, 47.700695275190604 ], [ 0.400120499450438, 47.700675309457971 ], [ 0.399986232822083, 47.700679012438222 ], [ 0.399722753759488, 47.700713600157719 ], [ 0.399564584566167, 47.700754295492956 ], [ 0.399485968979578, 47.700627769599592 ], [ 0.399345004878769, 47.700481862913975 ], [ 0.399062502563356, 47.700303991740633 ], [ 0.398837081888248, 47.700219213162796 ], [ 0.397886865869693, 47.699939361508491 ], [ 0.397959108392887, 47.699879074766777 ], [ 0.39915031549149, 47.699214783247562 ], [ 0.400672889706012, 47.698610768298899 ], [ 0.402593018976559, 47.698060514005377 ] ], [ [ 0.381278904561252, 47.729404782096033 ], [ 0.381117451157462, 47.729551176198456 ], [ 0.380732558591796, 47.730096674115558 ], [ 0.38051415780156, 47.730145867767206 ], [ 0.380298868423861, 47.730221562710796 ], [ 0.379659949876792, 47.730558668804782 ], [ 0.379397515694499, 47.730589971795439 ], [ 0.380107407698904, 47.729749366154159 ], [ 0.380564850199584, 47.729138251349873 ], [ 0.381026120089847, 47.728735356438641 ], [ 0.382475147661972, 47.727837176465762 ], [ 0.382705215530785, 47.727648609243452 ], [ 0.384115196457637, 47.727493762760275 ], [ 0.384303697177094, 47.727660449158449 ], [ 0.384718776343858, 47.72790027662252 ], [ 0.384279850328071, 47.727923575107546 ], [ 0.383570719752952, 47.728051262709812 ], [ 0.383335074578775, 47.728112086396045 ], [ 0.383120616584997, 47.728201756244488 ], [ 0.382641654266736, 47.728493840608643 ], [ 0.382449609114011, 47.728642525681686 ], [ 0.382310171228296, 47.728815862164886 ], [ 0.382170917095041, 47.729046075880134 ], [ 0.381594379903839, 47.729233631622968 ], [ 0.381480801705724, 47.729283366475585 ], [ 0.381278904561252, 47.729404782096033 ] ], [ [ 0.377446303417264, 47.732273313696233 ], [ 0.377682131555255, 47.731867232207058 ], [ 0.377725114902533, 47.731805665040788 ], [ 0.377916566373566, 47.73170267250466 ], [ 0.377854934619858, 47.732078182870993 ], [ 0.377929869063495, 47.73274154701182 ], [ 0.378096175408281, 47.733117329364475 ], [ 0.378186265655391, 47.73342255837958 ], [ 0.37834038000459, 47.733648463370045 ], [ 0.378225713516518, 47.7338460660877 ], [ 0.378128313360847, 47.733691480131931 ], [ 0.377923080191795, 47.733435222673364 ], [ 0.377712160481142, 47.73321226569751 ], [ 0.377249606696766, 47.732846841079322 ], [ 0.377446303417264, 47.732273313696233 ] ], [ [ 0.368752718438068, 47.738524476256323 ], [ 0.369137190617446, 47.738255138613077 ], [ 0.369645300503837, 47.737824685395807 ], [ 0.369778528454687, 47.737687936520281 ], [ 0.370064710996925, 47.737240096723625 ], [ 0.370277545507972, 47.736813697893204 ], [ 0.370391421506256, 47.736748533084075 ], [ 0.370426634172303, 47.736737469590942 ], [ 0.370577534339947, 47.736905591951668 ], [ 0.37075611970118, 47.73703346563542 ], [ 0.370968127868431, 47.737135499455604 ], [ 0.371278491591481, 47.737221838710681 ], [ 0.371365859111288, 47.73723619480473 ], [ 0.370879458925385, 47.737726690899059 ], [ 0.370208682786681, 47.738142654528438 ], [ 0.369600377908587, 47.738581651782525 ], [ 0.369383855068354, 47.738681828845699 ], [ 0.368813773726366, 47.73887778660211 ], [ 0.368462863988967, 47.738905350147711 ], [ 0.367606744674787, 47.738918886361603 ], [ 0.367961414774357, 47.738849699193217 ], [ 0.36855111674204, 47.73863716366953 ], [ 0.368752718438068, 47.738524476256323 ] ], [ [ 0.364487571655666, 47.738873529108453 ], [ 0.365325111833532, 47.738819459836101 ], [ 0.365687637781928, 47.738827486779783 ], [ 0.365964508162472, 47.738887912896942 ], [ 0.36655700625468, 47.738975782786753 ], [ 0.366948666888235, 47.738976666315359 ], [ 0.365984478866964, 47.73915680480355 ], [ 0.36577434871359, 47.739208935316952 ], [ 0.364956381737289, 47.739538690264865 ], [ 0.364375823805754, 47.739753028765676 ], [ 0.364372082442459, 47.739742845721892 ], [ 0.364252282347336, 47.739527340885942 ], [ 0.36410450589489, 47.739378858673447 ], [ 0.363808979868311, 47.739200178893704 ], [ 0.363514103221841, 47.739103301005876 ], [ 0.364233144749047, 47.738922860766756 ], [ 0.364487571655666, 47.738873529108453 ] ], [ [ 0.357265330839164, 47.741331343558691 ], [ 0.356784626127036, 47.741583611757591 ], [ 0.356752677517433, 47.741577854216999 ], [ 0.356424426594214, 47.741552094968867 ], [ 0.35616656437959, 47.741475443586594 ], [ 0.355787503735136, 47.741433818634754 ], [ 0.355531780949039, 47.741447527035362 ], [ 0.355129222469701, 47.741506516363586 ], [ 0.354480837775777, 47.74150161193198 ], [ 0.354233202344478, 47.74151534364816 ], [ 0.353516885067381, 47.741644230465575 ], [ 0.353174472730688, 47.741744280599157 ], [ 0.352497157584514, 47.742085777217213 ], [ 0.35226741456603, 47.742267327142535 ], [ 0.352078999766705, 47.742500956960605 ], [ 0.35204102298118, 47.742490743578649 ], [ 0.35176134173951, 47.742441857165119 ], [ 0.35150734984892, 47.742434062918868 ], [ 0.351255775710035, 47.742458905799943 ], [ 0.351106535583549, 47.742490748393124 ], [ 0.350896957237555, 47.742487681949441 ], [ 0.350597782348432, 47.742516237699419 ], [ 0.350333352315071, 47.742565153860596 ], [ 0.350181922114617, 47.742266414204444 ], [ 0.34992669216792, 47.742022575527727 ], [ 0.350008669276434, 47.741828096559288 ], [ 0.350456748801838, 47.741548633231019 ], [ 0.350621098038394, 47.741416055282123 ], [ 0.351452752096072, 47.741341077795241 ], [ 0.351696495487442, 47.74128763046739 ], [ 0.352206265640382, 47.741137975884683 ], [ 0.352401635924446, 47.741067050580952 ], [ 0.353215608052394, 47.740709695307132 ], [ 0.353937593877713, 47.740522656647151 ], [ 0.354411586675795, 47.740301174087641 ], [ 0.354773002142857, 47.740383888870852 ], [ 0.355035664568694, 47.740398651602369 ], [ 0.355185550335671, 47.740390811296848 ], [ 0.355187133163507, 47.740427052036523 ], [ 0.355234538889842, 47.740608304475622 ], [ 0.355332433078132, 47.740774618560302 ], [ 0.355477169382885, 47.740924582538028 ], [ 0.355663029283777, 47.741052268346074 ], [ 0.35588266420528, 47.741152628748374 ], [ 0.356127394055782, 47.741221695933277 ], [ 0.356387543824084, 47.741256740442807 ], [ 0.356698869684548, 47.741273135414609 ], [ 0.356953196064071, 47.741256925434662 ], [ 0.35745579599742, 47.741191695095317 ], [ 0.357827935820898, 47.741103331155962 ], [ 0.358047550707325, 47.741005049406276 ], [ 0.358759387060762, 47.740617627851265 ], [ 0.359304975214293, 47.740562334929301 ], [ 0.359819101358725, 47.740473898960992 ], [ 0.360106899606626, 47.740404852785339 ], [ 0.360504901944665, 47.740354176613351 ], [ 0.361031245450999, 47.740201299139841 ], [ 0.361053768770801, 47.740434359228324 ], [ 0.360808781239218, 47.740415235755812 ], [ 0.360438532627395, 47.740413386638096 ], [ 0.359994831830207, 47.74045763010129 ], [ 0.359754378119241, 47.740499033744015 ], [ 0.359529449314271, 47.740569757075853 ], [ 0.358700989475751, 47.740896663366875 ], [ 0.358416480903176, 47.741046988631972 ], [ 0.358074944011092, 47.741187709123231 ], [ 0.357723922673794, 47.741204049926829 ], [ 0.357485782666574, 47.741253200075029 ], [ 0.357265330839164, 47.741331343558691 ] ], [ [ 0.378419347090861, 47.753012634256578 ], [ 0.378689366742013, 47.752968717191955 ], [ 0.379017561659169, 47.75287157642034 ], [ 0.378994948609187, 47.752885164379968 ], [ 0.378754726170156, 47.753077161307651 ], [ 0.378419347090861, 47.753012634256578 ] ], [ [ 0.432776446542538, 47.774139134243363 ], [ 0.432445544331222, 47.77397774002452 ], [ 0.432216440868459, 47.773905943590698 ], [ 0.431971376523847, 47.773864524694581 ], [ 0.431465764043188, 47.773818540292204 ], [ 0.430954481349397, 47.773829032551092 ], [ 0.430594337521809, 47.773714618359428 ], [ 0.430133806563135, 47.773604503355607 ], [ 0.431294065263812, 47.773455391740555 ], [ 0.431775726146867, 47.773330059412267 ], [ 0.433533456135026, 47.772968055161783 ], [ 0.434823323145854, 47.772613966605817 ], [ 0.435070877138257, 47.772523815979191 ], [ 0.435574735706162, 47.772481921046911 ], [ 0.435934873917682, 47.772374348361524 ], [ 0.436232768812693, 47.772200611261837 ], [ 0.436446334944295, 47.772029391961546 ], [ 0.436791205560454, 47.771709168925973 ], [ 0.436937352133765, 47.771480002049977 ], [ 0.436995974583529, 47.771186060153745 ], [ 0.437070799155827, 47.770969419424986 ], [ 0.43729587101929, 47.770988162225379 ], [ 0.437676541194765, 47.771088282868625 ], [ 0.43782548267069, 47.771289722182075 ], [ 0.437996350197764, 47.771428392995603 ], [ 0.438204786010297, 47.771541326829279 ], [ 0.438320528211529, 47.771586679974703 ], [ 0.438569254212314, 47.771652885675877 ], [ 0.438832564951947, 47.771684346820713 ], [ 0.438966397334459, 47.771686597823624 ], [ 0.439309205400391, 47.771649229345165 ], [ 0.43981411117306, 47.771653358790147 ], [ 0.440064402780625, 47.771627058573927 ], [ 0.440302821049545, 47.771569361464081 ], [ 0.440520780722407, 47.771482344646877 ], [ 0.440792470022273, 47.771303960384181 ], [ 0.440927254458234, 47.771159373627839 ], [ 0.441086968235361, 47.770881972865169 ], [ 0.441132478531241, 47.770708962621626 ], [ 0.441127257166338, 47.770533288486327 ], [ 0.441026790048706, 47.770282094648593 ], [ 0.441306995564912, 47.770199845243177 ], [ 0.441366313461419, 47.770174021836162 ], [ 0.441609001461114, 47.7700385721134 ], [ 0.441766694949601, 47.769901466603109 ], [ 0.441963487372376, 47.769605618324945 ], [ 0.442142042020451, 47.769402726819159 ], [ 0.442382923663411, 47.769050448115252 ], [ 0.442800882055506, 47.767741707952545 ], [ 0.442870343337803, 47.767282921717445 ], [ 0.443110939064182, 47.766626155537573 ], [ 0.443308559045843, 47.766185281770319 ], [ 0.443434082339739, 47.766128966603482 ], [ 0.443635824952933, 47.766003186244376 ], [ 0.443821884406759, 47.76581609605779 ], [ 0.443943781422778, 47.765920987535189 ], [ 0.444091967342597, 47.76601720096378 ], [ 0.443982618106634, 47.766349811559969 ], [ 0.443860613351378, 47.767375845141352 ], [ 0.443926714597643, 47.767635371744277 ], [ 0.444031850148473, 47.767796358773872 ], [ 0.444152206524256, 47.767915075875266 ], [ 0.443871086067291, 47.768090358513476 ], [ 0.443726489843481, 47.768239107201509 ], [ 0.443628101925949, 47.768404121008324 ], [ 0.443579761230052, 47.768578955185376 ], [ 0.443583357511731, 47.768756785581438 ], [ 0.443624058217344, 47.768999447582488 ], [ 0.443763623686795, 47.769423609195876 ], [ 0.443714767989371, 47.769698079381541 ], [ 0.443761770208924, 47.769964055071796 ], [ 0.443922798732025, 47.770208925847001 ], [ 0.444086841640656, 47.770349602518685 ], [ 0.444288923568803, 47.77046561951898 ], [ 0.444645564460696, 47.770583691019205 ], [ 0.444996676191472, 47.770638093905802 ], [ 0.445317072712906, 47.770715892463706 ], [ 0.445367396870544, 47.770851559170652 ], [ 0.445478372983178, 47.771014481820671 ], [ 0.445814381790297, 47.77129450002171 ], [ 0.445910606441601, 47.771359847729144 ], [ 0.445747805702153, 47.771608471859892 ], [ 0.445702734891125, 47.771713295205522 ], [ 0.445329989582534, 47.771623847779225 ], [ 0.445054292545857, 47.771592566890142 ], [ 0.444774977086727, 47.771600677297634 ], [ 0.444510226367609, 47.77164167886955 ], [ 0.44413316678483, 47.771735769755139 ], [ 0.443881691070318, 47.771826025543213 ], [ 0.443159938536218, 47.772222325828409 ], [ 0.442517010663694, 47.772303349528428 ], [ 0.442130170743347, 47.772336005052736 ], [ 0.441727929482176, 47.772417871319711 ], [ 0.441338837182499, 47.772530647941423 ], [ 0.441041834698635, 47.77267956592609 ], [ 0.44088267148871, 47.772807078581465 ], [ 0.440792568016779, 47.772906773663372 ], [ 0.440605045833383, 47.77303704843392 ], [ 0.44024833607955, 47.773120731618519 ], [ 0.440063157707052, 47.773189581980475 ], [ 0.439687463524597, 47.773284401935761 ], [ 0.439452128436331, 47.773362326762062 ], [ 0.439080956469014, 47.773524314267959 ], [ 0.438599286930875, 47.773839244263755 ], [ 0.438376361399251, 47.774037245327925 ], [ 0.438276321644812, 47.774188937907169 ], [ 0.438141875427593, 47.774474351058743 ], [ 0.438094535595764, 47.774734337675874 ], [ 0.438042495882123, 47.774857121276867 ], [ 0.437490757020986, 47.775041086884734 ], [ 0.43736240157124, 47.775090006604636 ], [ 0.436970586285911, 47.775296667440323 ], [ 0.436775836499982, 47.77542724095931 ], [ 0.436769075648176, 47.775306386493547 ], [ 0.436720321576828, 47.775139074223247 ], [ 0.436491239354156, 47.774757370569482 ], [ 0.436259956249436, 47.774543405858616 ], [ 0.43594633060121, 47.774384056138423 ], [ 0.435704674020988, 47.774315208419729 ], [ 0.435447712817943, 47.774279541856131 ], [ 0.435055341552794, 47.774290908445671 ], [ 0.43468484824186, 47.774378736894285 ], [ 0.434368290068841, 47.774535428944056 ], [ 0.434117117861767, 47.774755574458439 ], [ 0.433990721656423, 47.774804229104653 ], [ 0.433532796933663, 47.774784520277855 ], [ 0.433242534198485, 47.774822980885588 ], [ 0.433224765534152, 47.77482697056567 ], [ 0.433186358393272, 47.774593922069137 ], [ 0.433095938989159, 47.774424795026341 ], [ 0.432957459183953, 47.774271155717145 ], [ 0.432776446542538, 47.774139134243363 ] ], [ [ 0.446436078281091, 47.767686940199475 ], [ 0.44684126164343, 47.766970268633912 ], [ 0.447152597601853, 47.766678934136763 ], [ 0.447871811650267, 47.765899618316269 ], [ 0.448089333414126, 47.765724295436115 ], [ 0.448332747099981, 47.765560547867189 ], [ 0.448840340402471, 47.765530928355382 ], [ 0.449070818778874, 47.7655595129836 ], [ 0.449138483971161, 47.765598909389162 ], [ 0.448839908245511, 47.765721494839212 ], [ 0.448639390418217, 47.765857202640113 ], [ 0.448346123189948, 47.766110536262552 ], [ 0.44825339863281, 47.766226487042978 ], [ 0.447902614871279, 47.766519403044754 ], [ 0.447592068892211, 47.766747810407225 ], [ 0.447289157695971, 47.767061590209799 ], [ 0.447100171876512, 47.767408249966081 ], [ 0.447058966202494, 47.767564469940254 ], [ 0.447061858497885, 47.767960302538569 ], [ 0.447114351595697, 47.768227350171173 ], [ 0.447186057326935, 47.768380587535965 ], [ 0.446972374155677, 47.768309836642544 ], [ 0.446219255307658, 47.768116625930908 ], [ 0.446024113989581, 47.768059234153185 ], [ 0.446240437311468, 47.767914849644384 ], [ 0.446436078281091, 47.767686940199475 ] ], [ [ 0.503865064380253, 47.799085969765358 ], [ 0.503632103952591, 47.799025590248696 ], [ 0.503284562020337, 47.79890733464336 ], [ 0.503062595233125, 47.79878350344368 ], [ 0.5031132245226, 47.798791971758824 ], [ 0.503865064380253, 47.799085969765358 ] ], [ [ 0.517714587580291, 47.754457600688127 ], [ 0.517768088333251, 47.75428238572286 ], [ 0.517793783617977, 47.754079876255886 ], [ 0.517777923252831, 47.753926404034715 ], [ 0.517684232591744, 47.753564824828715 ], [ 0.517536168709882, 47.753228127186262 ], [ 0.517308151057131, 47.752836830687656 ], [ 0.517192759131429, 47.752683646890674 ], [ 0.517056233666032, 47.752558620452149 ], [ 0.517193705149681, 47.751995124218055 ], [ 0.517255437307933, 47.75151524970763 ], [ 0.51721418005289, 47.751208152708131 ], [ 0.517053667893042, 47.750698313941221 ], [ 0.516929199448439, 47.750201577008532 ], [ 0.516910060667304, 47.74997038643469 ], [ 0.516927833875757, 47.749790322567662 ], [ 0.517009184675751, 47.749567361910721 ], [ 0.517775093932938, 47.749841999334897 ], [ 0.518109743337387, 47.749990861722779 ], [ 0.518279168079627, 47.750108877491009 ], [ 0.518438297736059, 47.750284007916193 ], [ 0.517979546406087, 47.750744776002584 ], [ 0.517769255092131, 47.750997092543315 ], [ 0.517695103285626, 47.751120695948281 ], [ 0.517600178837783, 47.751364417014905 ], [ 0.517555058345163, 47.751711823808989 ], [ 0.517623999768203, 47.753305367886597 ], [ 0.517681307447303, 47.753478966185362 ], [ 0.517788113556998, 47.753641576393598 ], [ 0.517940249312209, 47.753786847987534 ], [ 0.51837421712911, 47.7541246818964 ], [ 0.51864912670046, 47.754287137769786 ], [ 0.519123107670262, 47.754462153483509 ], [ 0.519089333597657, 47.754493491367491 ], [ 0.518745916996311, 47.754445538258004 ], [ 0.518408034171849, 47.75442483310033 ], [ 0.517714587580291, 47.754457600688127 ] ], [ [ 0.512376155019305, 47.751444929969665 ], [ 0.512187928892196, 47.751361946532555 ], [ 0.512208935438961, 47.751062417216126 ], [ 0.512376155019305, 47.751444929969665 ] ], [ [ 0.510722345777608, 47.749093512579137 ], [ 0.510409058943796, 47.748949484453576 ], [ 0.5097549001397, 47.748733212999319 ], [ 0.509476760414367, 47.748665835273016 ], [ 0.508789117385241, 47.748606429249044 ], [ 0.508045994625934, 47.748599541529998 ], [ 0.50831352346447, 47.748221309369761 ], [ 0.508524952564944, 47.747670420365793 ], [ 0.50915542692565, 47.747573259407055 ], [ 0.509495379267337, 47.747501225268124 ], [ 0.509740650567035, 47.74743039670178 ], [ 0.50985418979008, 47.747382945858256 ], [ 0.510057400877604, 47.747266339378754 ], [ 0.510624102280536, 47.746854735920216 ], [ 0.511220599467433, 47.746282207778648 ], [ 0.511493233045839, 47.745885885387402 ], [ 0.511587708971177, 47.745685260718574 ], [ 0.511728219847693, 47.74517314625006 ], [ 0.511981755555906, 47.745089588432698 ], [ 0.512180275132786, 47.744987119970297 ], [ 0.512352226607358, 47.744856143243872 ], [ 0.512483363153796, 47.744705203798453 ], [ 0.512575194176664, 47.744522030401782 ], [ 0.512680430614128, 47.744408888659905 ], [ 0.512992808922074, 47.744249009920317 ], [ 0.513427511965296, 47.744065010953584 ], [ 0.514451877738009, 47.743767976999933 ], [ 0.515263827842823, 47.743457178257493 ], [ 0.515355360590609, 47.743647331839639 ], [ 0.515488577096449, 47.743801211423381 ], [ 0.51566412802542, 47.743934373188445 ], [ 0.515914864869763, 47.744056129265587 ], [ 0.516092862388253, 47.744112879654246 ], [ 0.515870251767547, 47.744161584489611 ], [ 0.515532392941407, 47.744269266741604 ], [ 0.51517209902837, 47.744398355468498 ], [ 0.514948243797835, 47.744499909985699 ], [ 0.514686962082769, 47.744657792946228 ], [ 0.514422236186314, 47.744859818181446 ], [ 0.514145215905549, 47.745161469735905 ], [ 0.513954083685166, 47.745497258396668 ], [ 0.513869934768255, 47.745746803700719 ], [ 0.513839472121228, 47.745938779996266 ], [ 0.513826952338724, 47.746504571491322 ], [ 0.513702296236437, 47.746742731145808 ], [ 0.51269388609607, 47.747566088430219 ], [ 0.512535981360008, 47.747657042847031 ], [ 0.512373206845334, 47.747792256284498 ], [ 0.512252092020606, 47.747946083897226 ], [ 0.512176269339246, 47.748116828147779 ], [ 0.512063852889879, 47.748257548301048 ], [ 0.511817048529444, 47.748654757561432 ], [ 0.511764070947264, 47.748806480742395 ], [ 0.511712348456981, 47.749072205784223 ], [ 0.511732240859303, 47.749519202159419 ], [ 0.511800238227824, 47.749897333964235 ], [ 0.51153800102893, 47.749632135534732 ], [ 0.511328397527557, 47.749467358175743 ], [ 0.510722345777608, 47.749093512579137 ] ], [ [ 0.427402519096813, 47.684901772611404 ], [ 0.427187067111891, 47.684600771980378 ], [ 0.427063727496428, 47.684288976286432 ], [ 0.427639652482561, 47.684219815539898 ], [ 0.427823494372166, 47.684249655608347 ], [ 0.428426637492855, 47.684403915707506 ], [ 0.42865897230384, 47.684522465794885 ], [ 0.429020095267898, 47.684789401750244 ], [ 0.429239024794252, 47.68504498918125 ], [ 0.429405080713255, 47.68517726063579 ], [ 0.429806187198058, 47.68543386396442 ], [ 0.430037260092461, 47.685532880073538 ], [ 0.430162856382176, 47.685569861335154 ], [ 0.430427543390749, 47.68561682253295 ], [ 0.430700857080278, 47.685626290928411 ], [ 0.430837147772725, 47.68561677775984 ], [ 0.431392808333939, 47.685551855674255 ], [ 0.43192163549305, 47.685410460088747 ], [ 0.432226521862939, 47.685415451186564 ], [ 0.432652457310821, 47.685452346426416 ], [ 0.433179443138558, 47.685600439231209 ], [ 0.433939627207826, 47.685765125502016 ], [ 0.434409250162819, 47.685883893123673 ], [ 0.434219188616882, 47.686013993695731 ], [ 0.433763845765824, 47.686262968930109 ], [ 0.433451559551825, 47.686462985650834 ], [ 0.433283869156487, 47.686593184184595 ], [ 0.433156053682947, 47.686742597775194 ], [ 0.432887442928036, 47.687149824259471 ], [ 0.432693663609945, 47.687680723541135 ], [ 0.432343659179404, 47.687841994101213 ], [ 0.431730734529502, 47.688205152861194 ], [ 0.431583679281908, 47.688327566853914 ], [ 0.431253693007511, 47.688722394163797 ], [ 0.430981174832771, 47.689162108826409 ], [ 0.430184487036188, 47.690262139166258 ], [ 0.430121232318761, 47.690410197677913 ], [ 0.430000795752087, 47.69082162841709 ], [ 0.429816466165304, 47.691236791978241 ], [ 0.429684485490956, 47.691634888930196 ], [ 0.429542101960628, 47.691867996039342 ], [ 0.429451380273357, 47.691950380131303 ], [ 0.42931779964757, 47.692023099939185 ], [ 0.429237502896636, 47.691983034837051 ], [ 0.428653636150386, 47.691604103994585 ], [ 0.428457453324725, 47.691351661250053 ], [ 0.428456159678705, 47.691091346761503 ], [ 0.428705251554341, 47.690353479777265 ], [ 0.428849581380744, 47.688458054971463 ], [ 0.428837247834021, 47.68836581038817 ], [ 0.428770938777652, 47.688186315623192 ], [ 0.42826524250541, 47.687243265530277 ], [ 0.427975929788935, 47.686796955357572 ], [ 0.4277779297163, 47.686512239598805 ], [ 0.427303144738766, 47.685988313232073 ], [ 0.427439088868585, 47.685729896070612 ], [ 0.427467892790219, 47.685630482095739 ], [ 0.42748702383787, 47.685157722639808 ], [ 0.427402519096813, 47.684901772611404 ] ], [ [ 0.416399513265788, 47.69891595045717 ], [ 0.416515976868937, 47.698859716911109 ], [ 0.416515444244204, 47.699006571495154 ], [ 0.416399513265788, 47.69891595045717 ] ], [ [ 0.415061328887912, 47.70382246066616 ], [ 0.414928970224667, 47.704090125435954 ], [ 0.414881857181824, 47.704300067247885 ], [ 0.414643468763811, 47.704310796155994 ], [ 0.415061328887912, 47.70382246066616 ] ], [ [ 0.421239391196483, 47.744301602263 ], [ 0.422519073558068, 47.744217345666044 ], [ 0.423148937047414, 47.744249612314135 ], [ 0.423558279924933, 47.744298939689813 ], [ 0.4237006742732, 47.744302287013753 ], [ 0.423982997719289, 47.744278282879023 ], [ 0.424406268693518, 47.744183037259873 ], [ 0.424657337585256, 47.744102611014448 ], [ 0.424878257072582, 47.743988847954306 ], [ 0.42511585409738, 47.743809928284605 ], [ 0.425383622881, 47.744986111676987 ], [ 0.425468409385221, 47.745507912983207 ], [ 0.424866583330919, 47.745282306632681 ], [ 0.4245061464951, 47.745129200470672 ], [ 0.424266453677956, 47.745064099782098 ], [ 0.424012653813446, 47.74503137805182 ], [ 0.423658647561234, 47.745009370568972 ], [ 0.423396632875056, 47.745010504718131 ], [ 0.423139995955435, 47.745046150478231 ], [ 0.422613820015439, 47.745156483958297 ], [ 0.421597197629292, 47.7451805105527 ], [ 0.42116172479718, 47.745238514362818 ], [ 0.420837021502837, 47.7453149844767 ], [ 0.420080449413745, 47.745624844839547 ], [ 0.419539394739111, 47.745760335152816 ], [ 0.419173573418042, 47.745811905886775 ], [ 0.418929093321556, 47.74587904451348 ], [ 0.418234800752584, 47.74618849004932 ], [ 0.416977452565365, 47.746875228850399 ], [ 0.416785138991779, 47.746240976063703 ], [ 0.416650126021745, 47.745998648225012 ], [ 0.41648079663561, 47.745625848767304 ], [ 0.416834625430224, 47.745605549192412 ], [ 0.417819428873127, 47.745415797670347 ], [ 0.418484165901479, 47.745342877320127 ], [ 0.419404972233327, 47.74512194845056 ], [ 0.420384949154498, 47.744757182421438 ], [ 0.420947713602754, 47.744436291767634 ], [ 0.421239391196483, 47.744301602263 ] ], [ [ 0.414946555481044, 47.712384559489209 ], [ 0.414790659190872, 47.712351347025695 ], [ 0.414791166528459, 47.712108383056403 ], [ 0.414758871963139, 47.711960289572296 ], [ 0.41496777374932, 47.712262471496231 ], [ 0.41516408583938, 47.712458501245713 ], [ 0.414946555481044, 47.712384559489209 ] ], [ [ 0.418637613265981, 47.716004440448579 ], [ 0.418497281561207, 47.715857052155677 ], [ 0.418313169463598, 47.715528254792865 ], [ 0.41828113331837, 47.715237496500009 ], [ 0.418273371746848, 47.715142300845272 ], [ 0.418364240917126, 47.714967549011519 ], [ 0.418488611365205, 47.714643840243795 ], [ 0.418503942625246, 47.714450031543386 ], [ 0.418478425364117, 47.714214546454841 ], [ 0.418413622642549, 47.714043836580615 ], [ 0.418295750170854, 47.713867837939908 ], [ 0.418052247469021, 47.713617281742231 ], [ 0.418667295923955, 47.713864274871561 ], [ 0.418630290494772, 47.715408056988821 ], [ 0.418637613265981, 47.716004440448579 ] ], [ [ 0.420952454574051, 47.718240478431611 ], [ 0.420844047315075, 47.718024598903391 ], [ 0.420701204289256, 47.717834009810232 ], [ 0.421212037370229, 47.718058821830198 ], [ 0.421355454294828, 47.7181928653754 ], [ 0.421590415842684, 47.718349975023266 ], [ 0.421737378110911, 47.718673883079369 ], [ 0.421881134934048, 47.719061298270148 ], [ 0.422015091738252, 47.719338424296225 ], [ 0.422199714660905, 47.719588493314163 ], [ 0.422536761715991, 47.719892726365217 ], [ 0.422528081632625, 47.720214055238685 ], [ 0.422547920729717, 47.720368742888184 ], [ 0.422057934054956, 47.720080441673915 ], [ 0.42203380268796, 47.719773589816384 ], [ 0.421973852356417, 47.719476303761795 ], [ 0.42186067347567, 47.719225288431083 ], [ 0.421727328459156, 47.719074885145275 ], [ 0.421604260442499, 47.71896904626864 ], [ 0.421335509764033, 47.718801403909296 ], [ 0.421002408619298, 47.718677768002003 ], [ 0.420991025593801, 47.718427885608754 ], [ 0.420952454574051, 47.718240478431611 ] ], [ [ 0.423874707345691, 47.721678835260199 ], [ 0.423685350013337, 47.721571753401989 ], [ 0.423628525572779, 47.72153906952714 ], [ 0.423590471972252, 47.721468166899818 ], [ 0.423840236863165, 47.721619295368818 ], [ 0.423874707345691, 47.721678835260199 ] ], [ [ 0.426619071195465, 47.724336160596913 ], [ 0.426865038855993, 47.724570204236386 ], [ 0.426955815122754, 47.72476247482134 ], [ 0.427068080783641, 47.725369822996605 ], [ 0.426924116340958, 47.725175838816462 ], [ 0.426869808221062, 47.725061171574893 ], [ 0.426723752299901, 47.724530710360526 ], [ 0.426619071195465, 47.724336160596913 ] ], [ [ 0.430144105784909, 47.733361568664023 ], [ 0.429910140800304, 47.73372955756637 ], [ 0.429682361546425, 47.733928395056232 ], [ 0.429696781930905, 47.733660166881656 ], [ 0.42966934527487, 47.733349186881057 ], [ 0.429715700661887, 47.733057248615992 ], [ 0.430013550163722, 47.733288490432962 ], [ 0.430144105784909, 47.733361568664023 ] ], [ [ 0.429126372549477, 47.736795989840964 ], [ 0.429034750962461, 47.736914018927067 ], [ 0.428963041722819, 47.736961833665376 ], [ 0.428767089263867, 47.736986990517615 ], [ 0.428697153140427, 47.736578571793601 ], [ 0.428708781290247, 47.736444309144098 ], [ 0.428898308779361, 47.736249000557706 ], [ 0.429050395986854, 47.736127484097665 ], [ 0.429150415890136, 47.736017740651342 ], [ 0.429126372549477, 47.736795989840964 ] ], [ [ 0.43641978872884, 47.76225457729408 ], [ 0.437304842273533, 47.762175056062048 ], [ 0.437536221370617, 47.762138310946085 ], [ 0.438008334806077, 47.762032650694564 ], [ 0.438154920761803, 47.76199321571994 ], [ 0.43838841499311, 47.761902560168487 ], [ 0.438642070656512, 47.761902775569084 ], [ 0.438451340009321, 47.762209795829271 ], [ 0.438373787634922, 47.762380427116206 ], [ 0.438196691711703, 47.762997063754369 ], [ 0.438189163004124, 47.76324123472871 ], [ 0.438022432596455, 47.763257204686091 ], [ 0.437518565545646, 47.763251597241499 ], [ 0.437050889607101, 47.763197136527587 ], [ 0.436792824154068, 47.763148086470572 ], [ 0.43625146594887, 47.763005003602295 ], [ 0.435870254837056, 47.762871980697952 ], [ 0.435729425041505, 47.762794796548562 ], [ 0.43566092192478, 47.762680064733793 ], [ 0.435635939092811, 47.762539824604303 ], [ 0.435645933043901, 47.762218230038734 ], [ 0.43641978872884, 47.76225457729408 ] ], [ [ 0.414800631541894, 47.831404663595578 ], [ 0.414615860882222, 47.831979905759546 ], [ 0.414377689736588, 47.831882059501567 ], [ 0.413822019976027, 47.831614525236922 ], [ 0.414800631541894, 47.831404663595578 ] ], [ [ 0.453828769317904, 47.749391655929578 ], [ 0.454135789476833, 47.749290066920956 ], [ 0.454373416608651, 47.749165888660016 ], [ 0.454572285800741, 47.749043286694558 ], [ 0.454844987571311, 47.748834250514072 ], [ 0.45520891749739, 47.748522719004129 ], [ 0.455286854552898, 47.748436611824545 ], [ 0.455496186716566, 47.74808457817538 ], [ 0.455561346186414, 47.74785526908714 ], [ 0.455573217670633, 47.747491950630625 ], [ 0.455514757807082, 47.747188291992472 ], [ 0.455446449760191, 47.747031277500085 ], [ 0.455326747082561, 47.746848292233814 ], [ 0.455020929971278, 47.746544425408423 ], [ 0.454832743455717, 47.745992972091322 ], [ 0.454735131253441, 47.745314750621681 ], [ 0.45473309632959, 47.744981164034805 ], [ 0.454683186851905, 47.744460162989363 ], [ 0.454513956832156, 47.743991771633283 ], [ 0.454497632507021, 47.74378507529233 ], [ 0.454713189690118, 47.743462716518358 ], [ 0.455018848992764, 47.742876182204611 ], [ 0.455258522104124, 47.742476932271884 ], [ 0.455568901084957, 47.74233696108243 ], [ 0.455828767935766, 47.742192717532689 ], [ 0.456443588890867, 47.741802918215001 ], [ 0.456315908642214, 47.741922986745543 ], [ 0.456099688772758, 47.742173601661641 ], [ 0.45587904503631, 47.742557547524569 ], [ 0.455695589314183, 47.743036087401336 ], [ 0.455654240051754, 47.743446613783156 ], [ 0.455746666429953, 47.743825487651051 ], [ 0.455942722399066, 47.744293792024415 ], [ 0.455964646252075, 47.744806977149914 ], [ 0.45599680757286, 47.744979128698539 ], [ 0.456134892144198, 47.745221621883161 ], [ 0.456281854554412, 47.745364033835592 ], [ 0.456440621366691, 47.745469367748555 ], [ 0.456485986626912, 47.745494210100972 ], [ 0.456362098042158, 47.745695445951071 ], [ 0.456269343313672, 47.745895412362145 ], [ 0.456131072225477, 47.746438940953588 ], [ 0.456113496288268, 47.746585217359119 ], [ 0.456140772124338, 47.747347887121123 ], [ 0.456298805970979, 47.748354403434782 ], [ 0.456149043183345, 47.748559686275001 ], [ 0.456022516500817, 47.748776135148795 ], [ 0.4553018807077, 47.749076180572217 ], [ 0.454945295210106, 47.749290967057441 ], [ 0.454772566066037, 47.749413871546203 ], [ 0.454477265272998, 47.749727753448241 ], [ 0.454320559239983, 47.749963241080053 ], [ 0.454140783289551, 47.75036562463665 ], [ 0.453962922397224, 47.750490880151325 ], [ 0.453691860703129, 47.750725422801551 ], [ 0.453369986720505, 47.751177877243023 ], [ 0.453049767430975, 47.751939606045504 ], [ 0.453025964462325, 47.752142080450852 ], [ 0.453037406677493, 47.752369227645524 ], [ 0.452926044034712, 47.752395584672648 ], [ 0.452741510013347, 47.752455824861897 ], [ 0.452506744237944, 47.751845442143647 ], [ 0.452641895158688, 47.751126316360363 ], [ 0.452670912714497, 47.750424392673821 ], [ 0.452736642017547, 47.750126424455701 ], [ 0.452779157635697, 47.750091601199124 ], [ 0.452994198418834, 47.750002883444928 ], [ 0.453228966553565, 47.749875596978313 ], [ 0.453615718229238, 47.749533629727409 ], [ 0.453828769317904, 47.749391655929578 ] ], [ [ 0.456938244202303, 47.739002966558047 ], [ 0.457073982223147, 47.739033669393848 ], [ 0.457333904519072, 47.739063289256073 ], [ 0.457710748327291, 47.739044028424821 ], [ 0.457918497597673, 47.739000414561161 ], [ 0.458056108117534, 47.739150375325657 ], [ 0.458193120303969, 47.73925153025634 ], [ 0.458323484528354, 47.739416203469972 ], [ 0.458467143391606, 47.739729079424173 ], [ 0.45852039139871, 47.739985428449408 ], [ 0.45867508356746, 47.740292357076882 ], [ 0.458512515799986, 47.74030596059292 ], [ 0.458176029322207, 47.740378173089638 ], [ 0.457847698520977, 47.740527704452958 ], [ 0.457671488313956, 47.740660897855797 ], [ 0.457516518192509, 47.740830557781813 ], [ 0.457025165552327, 47.741296603325516 ], [ 0.457209255907639, 47.741000496978984 ], [ 0.457281137509542, 47.740832568397735 ], [ 0.457350283854684, 47.740565158929755 ], [ 0.457384161611707, 47.74025676065861 ], [ 0.457352870992363, 47.739899555806247 ], [ 0.45727131215672, 47.739603875964185 ], [ 0.456938244202303, 47.739002966558047 ] ], [ [ 0.468144357490095, 47.712383673050226 ], [ 0.468240740495177, 47.712256823155812 ], [ 0.468226381197494, 47.712340426875976 ], [ 0.468172133845111, 47.712455429346583 ], [ 0.468026151893125, 47.712647966789056 ], [ 0.468144357490095, 47.712383673050226 ] ], [ [ 0.46615732055284, 47.715437652608109 ], [ 0.4660596206014, 47.71569331481485 ], [ 0.466057775024075, 47.715869683068647 ], [ 0.466078765691289, 47.715964653244953 ], [ 0.465938208486055, 47.715963124640979 ], [ 0.466124468144847, 47.715425451117177 ], [ 0.466264363069743, 47.715302339784891 ], [ 0.46615732055284, 47.715437652608109 ] ], [ [ 0.462899254206098, 47.720953601909287 ], [ 0.462913917033474, 47.720939134240766 ], [ 0.462885989874025, 47.721102385903457 ], [ 0.462886129927429, 47.721100818428965 ], [ 0.462899254206098, 47.720953601909287 ] ], [ [ 0.459419844260481, 47.729049490397045 ], [ 0.458968221236528, 47.729797437866686 ], [ 0.45878052963011, 47.730182678646479 ], [ 0.458643399255825, 47.730552102903154 ], [ 0.458326738256102, 47.730999941725791 ], [ 0.458264936236961, 47.731186689802357 ], [ 0.45818613053237, 47.73165447901296 ], [ 0.458105586533217, 47.731883822307339 ], [ 0.457958030074814, 47.732107843676154 ], [ 0.457595534354296, 47.732533838514982 ], [ 0.457379627311948, 47.732643324533733 ], [ 0.457120535924713, 47.73282556383473 ], [ 0.456501503776748, 47.733299549830683 ], [ 0.456181962672247, 47.733581592346873 ], [ 0.455872935592604, 47.733949489410165 ], [ 0.455424135854604, 47.734559772688073 ], [ 0.455275872459702, 47.734808611695208 ], [ 0.455195330143307, 47.735049147354374 ], [ 0.455179923938937, 47.735496742974405 ], [ 0.455219290751559, 47.735793365499575 ], [ 0.455350652936921, 47.736129479005896 ], [ 0.455286716787346, 47.736309309776338 ], [ 0.455154388883106, 47.736875214506128 ], [ 0.455169914069648, 47.737192856873591 ], [ 0.454913644937054, 47.736739520373206 ], [ 0.45474803323983, 47.736516088066715 ], [ 0.454468924253356, 47.736249702722084 ], [ 0.454016118098102, 47.735898340244113 ], [ 0.453833799746169, 47.735783649783592 ], [ 0.4539414334501, 47.735601647501319 ], [ 0.454015252232673, 47.735343458445094 ], [ 0.454084008843505, 47.734318515368734 ], [ 0.454214333908512, 47.734156475743788 ], [ 0.454463148455739, 47.733948222784136 ], [ 0.454786343409026, 47.73379301060978 ], [ 0.454976617843222, 47.733657617552979 ], [ 0.455121424627012, 47.733498668252928 ], [ 0.45541373835018, 47.733083980546787 ], [ 0.455484199070436, 47.732884756395777 ], [ 0.455530771027064, 47.732624612105631 ], [ 0.455549927026472, 47.732189808207281 ], [ 0.455609493473038, 47.731948384553732 ], [ 0.455668243641736, 47.731825029240966 ], [ 0.455961374600474, 47.731649476640634 ], [ 0.456538808152079, 47.731256553542849 ], [ 0.456708810444665, 47.731118210928884 ], [ 0.456899052908293, 47.730888371193224 ], [ 0.457100554636322, 47.730583346475456 ], [ 0.457368337008847, 47.730072468328245 ], [ 0.457707395628847, 47.729972213383149 ], [ 0.458028364145214, 47.729823225399343 ], [ 0.458222940734894, 47.729710114958628 ], [ 0.458827305896022, 47.729304680606404 ], [ 0.459154813518506, 47.728972290286336 ], [ 0.459347953616391, 47.728702951558667 ], [ 0.459448007343416, 47.728527219242288 ], [ 0.459447390584324, 47.728944420606922 ], [ 0.459419844260481, 47.729049490397045 ] ], [ [ 0.456784041943879, 47.741570568957812 ], [ 0.456660338369491, 47.741653223220759 ], [ 0.456984715641049, 47.741341072461786 ], [ 0.456879478881524, 47.741491064441156 ], [ 0.456784041943879, 47.741570568957812 ] ], [ [ 0.451423937280304, 47.758469304304114 ], [ 0.45161841626557, 47.758241622091631 ], [ 0.451753779011807, 47.75813705528428 ], [ 0.451589860870534, 47.758439533799816 ], [ 0.451423937280304, 47.758469304304114 ] ], [ [ 0.479601184871218, 47.821190884460464 ], [ 0.478930190840082, 47.821071881184864 ], [ 0.4792701735432, 47.821097679421378 ], [ 0.479844410917012, 47.821219136834266 ], [ 0.480169842846399, 47.821336410377427 ], [ 0.479601184871218, 47.821190884460464 ] ], [ [ 0.49088679894979, 47.824899614492416 ], [ 0.490765696490081, 47.824928461639466 ], [ 0.490124486451836, 47.825156751835479 ], [ 0.489787317759101, 47.825329057364243 ], [ 0.489660007593732, 47.825321616058901 ], [ 0.489122743236288, 47.825168553246009 ], [ 0.488639697612365, 47.825093892928365 ], [ 0.488308929443384, 47.824958183696225 ], [ 0.487392407623994, 47.824702473680446 ], [ 0.48752415580586, 47.824514050521685 ], [ 0.487646971315428, 47.824211327413018 ], [ 0.487655096759388, 47.824039201774823 ], [ 0.48757912021704, 47.823793363409692 ], [ 0.488355654847133, 47.824239541510437 ], [ 0.488743599046829, 47.824401557219183 ], [ 0.489097705014461, 47.824493223942753 ], [ 0.489310235476157, 47.824532494724892 ], [ 0.489651724308864, 47.82457352128138 ], [ 0.490161202610235, 47.82460753573195 ], [ 0.490572712579016, 47.824730362880985 ], [ 0.490772852181009, 47.824808479889015 ], [ 0.49088679894979, 47.824899614492416 ] ], [ [ 0.462658170955603, 47.819329479222958 ], [ 0.462490501174399, 47.819425360439212 ], [ 0.462231729495779, 47.819607567446866 ], [ 0.46199975992101, 47.819843493957499 ], [ 0.461868355281965, 47.820022341354843 ], [ 0.461202256590893, 47.820163897967589 ], [ 0.460946619579033, 47.82023875712818 ], [ 0.4602718805432, 47.82056584950687 ], [ 0.459945654051115, 47.820790074684638 ], [ 0.459819519419559, 47.820928303870076 ], [ 0.459615671543237, 47.82120484517484 ], [ 0.459330615975374, 47.821301310382154 ], [ 0.458064736935508, 47.821561588499137 ], [ 0.457265061026581, 47.821570892826912 ], [ 0.457040581164006, 47.821547321503282 ], [ 0.456915668666605, 47.821467843980884 ], [ 0.456678685756152, 47.821363468504195 ], [ 0.456327265026639, 47.821248288548567 ], [ 0.456189296761281, 47.82121849240739 ], [ 0.455685366123562, 47.821166795717708 ], [ 0.455380784313784, 47.821178835754999 ], [ 0.455258626506486, 47.821165923495982 ], [ 0.454777776881304, 47.82106404434353 ], [ 0.455412973866431, 47.820846306499256 ], [ 0.456254856817495, 47.820489413845408 ], [ 0.456503352967326, 47.820469274845294 ], [ 0.456739896524481, 47.820418856812459 ], [ 0.457182118849456, 47.820240027701658 ], [ 0.457643486460392, 47.820256518289995 ], [ 0.457933254865172, 47.820227169141212 ], [ 0.458920623327078, 47.81996956234741 ], [ 0.459172084740753, 47.819854431555306 ], [ 0.460120452907852, 47.819304242659562 ], [ 0.460206097779602, 47.819267518742734 ], [ 0.460564538807193, 47.819199817998474 ], [ 0.460811639253666, 47.819134718712 ], [ 0.461034770673292, 47.819038020688744 ], [ 0.461238591782096, 47.818901640572079 ], [ 0.461610705337324, 47.818815278788826 ], [ 0.462800262420002, 47.818422287142262 ], [ 0.462998659705249, 47.818323493995358 ], [ 0.463404063029935, 47.818035600820949 ], [ 0.46411570939319, 47.817723648614617 ], [ 0.464300943613246, 47.817625803060125 ], [ 0.464715834992502, 47.817766291468921 ], [ 0.464929017967446, 47.817871086107935 ], [ 0.465064743579244, 47.818044565267321 ], [ 0.465468421259581, 47.818427310224138 ], [ 0.465268853786235, 47.818472081675367 ], [ 0.464579896377101, 47.818706080636403 ], [ 0.464357348853575, 47.818805956748541 ], [ 0.464237687356347, 47.81888060225134 ], [ 0.463785184220499, 47.818932692256368 ], [ 0.463359733521113, 47.819020543053234 ], [ 0.462658170955603, 47.819329479222958 ] ], [ [ 0.452885368131496, 47.821179088143197 ], [ 0.453000769115366, 47.821193458899231 ], [ 0.452393384771574, 47.821364084855887 ], [ 0.452885368131496, 47.821179088143197 ] ], [ [ 0.465521783872915, 47.815173163889561 ], [ 0.465905876021976, 47.815565535890713 ], [ 0.46622673442353, 47.81582872689436 ], [ 0.465682136686202, 47.815599145188877 ], [ 0.465425028371143, 47.815391911831085 ], [ 0.46507020805508, 47.815199823687941 ], [ 0.465521783872915, 47.815173163889561 ] ], [ [ 0.469165298745376, 47.818035354599843 ], [ 0.468995396532921, 47.817568022512098 ], [ 0.468903628691175, 47.817419674261217 ], [ 0.468493375655353, 47.816992170921537 ], [ 0.468247640680152, 47.816825867037245 ], [ 0.468633531405984, 47.817021103122009 ], [ 0.469589809330733, 47.817358102085059 ], [ 0.470811223729847, 47.817628121816448 ], [ 0.471146631052366, 47.817670495195415 ], [ 0.473239589119877, 47.817737192774771 ], [ 0.473424876678633, 47.817754327101881 ], [ 0.474474506893077, 47.818137628654156 ], [ 0.472990806461954, 47.817901285605778 ], [ 0.4721359316967, 47.817832171082571 ], [ 0.470618978317412, 47.817821302171915 ], [ 0.469968285368703, 47.817906185375307 ], [ 0.46935478870314, 47.818039421214117 ], [ 0.469165298745376, 47.818035354599843 ] ], [ [ 0.505553102072593, 47.749387193824795 ], [ 0.505139622125939, 47.749593874404859 ], [ 0.504918411666024, 47.749464182108319 ], [ 0.504962938725201, 47.749437903086687 ], [ 0.505300130678228, 47.749420603513705 ], [ 0.505553102072593, 47.749387193824795 ] ], [ [ 0.435947363243397, 47.864241369849381 ], [ 0.435413481951909, 47.864777847362078 ], [ 0.435272184398715, 47.864950815084732 ], [ 0.435209804323573, 47.864955768803135 ], [ 0.435140746232599, 47.864962842028746 ], [ 0.435481763539526, 47.864613655575461 ], [ 0.435947363243397, 47.864241369849381 ] ], [ [ 0.500381079102172, 47.861684784455079 ], [ 0.500179227995055, 47.861648901752503 ], [ 0.500194773163016, 47.86162681034606 ], [ 0.500225875922849, 47.861581594989545 ], [ 0.500240242431011, 47.861558532998274 ], [ 0.500381079102172, 47.861684784455079 ] ], [ [ 0.495362635168124, 47.862950960633995 ], [ 0.495248574896532, 47.863092752908706 ], [ 0.49493335143505, 47.862819747191864 ], [ 0.495362635168124, 47.862950960633995 ] ], [ [ 0.549038374475191, 47.760703655511705 ], [ 0.548727207260438, 47.760674969080377 ], [ 0.548646272354513, 47.760473335264365 ], [ 0.548745352018665, 47.760338397584391 ], [ 0.549265914577308, 47.75987943690965 ], [ 0.549439587704329, 47.759805562532314 ], [ 0.549640361174244, 47.759753341517516 ], [ 0.549862356094857, 47.759732734174641 ], [ 0.54950345081996, 47.760010649283018 ], [ 0.549241510979411, 47.760246382781972 ], [ 0.549123474403456, 47.760407832808959 ], [ 0.549082989718861, 47.760493712443576 ], [ 0.549038374475191, 47.760703655511705 ] ], [ [ 0.556310922618191, 47.771819789542427 ], [ 0.556061763241819, 47.771748233378858 ], [ 0.555057018994705, 47.77160690426237 ], [ 0.554959449002437, 47.771512563905972 ], [ 0.554930101615323, 47.771489248580785 ], [ 0.555657822659518, 47.771502067511584 ], [ 0.556249521699522, 47.771762334472427 ], [ 0.556692536652248, 47.771911904005243 ], [ 0.556942795488103, 47.771973365914597 ], [ 0.557404685476644, 47.772049980995988 ], [ 0.558035304553557, 47.772090381951493 ], [ 0.558268344470498, 47.77207800587324 ], [ 0.558603848105153, 47.772024401198287 ], [ 0.558873459567422, 47.772187940008124 ], [ 0.559107468539046, 47.772403800291492 ], [ 0.559236008816591, 47.77249403526821 ], [ 0.558975956872634, 47.772544299069999 ], [ 0.558365637085876, 47.772707527782373 ], [ 0.557892182954712, 47.772748360626146 ], [ 0.557181577465432, 47.772906053761837 ], [ 0.557050825019656, 47.772536930124353 ], [ 0.556863952394557, 47.772210730135406 ], [ 0.556720443678732, 47.772055895099285 ], [ 0.556533536600688, 47.771923769824838 ], [ 0.556310922618191, 47.771819789542427 ] ], [ [ 0.564715283664926, 47.792758065788895 ], [ 0.564691570106332, 47.792849601554444 ], [ 0.564518142828752, 47.793154237335095 ], [ 0.564447471476701, 47.793329573260131 ], [ 0.564430500340687, 47.793510901577363 ], [ 0.564442454008213, 47.793601503990715 ], [ 0.564506633653542, 47.793777970495675 ], [ 0.564622101714847, 47.793942154933454 ], [ 0.564784153761613, 47.794087367158689 ], [ 0.565003209444632, 47.794223962626212 ], [ 0.565010831369922, 47.794494246953327 ], [ 0.564972717774029, 47.794764596291664 ], [ 0.564637277082889, 47.7945546196474 ], [ 0.564277484072274, 47.794408627652366 ], [ 0.564064692389384, 47.794340872614697 ], [ 0.563705682264885, 47.794271591809093 ], [ 0.563442063140798, 47.794242048972457 ], [ 0.562948473928176, 47.794269668952587 ], [ 0.563506754904969, 47.793529705581932 ], [ 0.563763251254283, 47.793067275883509 ], [ 0.564447980358331, 47.792737696983956 ], [ 0.564685476237984, 47.792705750345981 ], [ 0.564715283664926, 47.792758065788895 ] ], [ [ 0.578429597626619, 47.798521643817203 ], [ 0.578623675433607, 47.798401777651002 ], [ 0.57884372753118, 47.798236149896383 ], [ 0.579117905240693, 47.798195908510316 ], [ 0.579377055057088, 47.798116401938259 ], [ 0.579865657504536, 47.797917951960315 ], [ 0.580153344033851, 47.797774569620699 ], [ 0.580215443380593, 47.798038397908122 ], [ 0.580353583310625, 47.798273338260671 ], [ 0.581003797672459, 47.798896579886218 ], [ 0.581198024923784, 47.799020520750823 ], [ 0.581307965575339, 47.799072048263568 ], [ 0.582562971206319, 47.799599383046314 ], [ 0.582742744055696, 47.799696955163931 ], [ 0.582778681616497, 47.79986118964662 ], [ 0.58289468928366, 47.800136727181609 ], [ 0.581207838340542, 47.800530609317889 ], [ 0.579838313001083, 47.800910305556478 ], [ 0.579531565940133, 47.80105904908126 ], [ 0.578841646802132, 47.801505972893381 ], [ 0.578391145381965, 47.801734679702498 ], [ 0.57831123607253, 47.801693495985283 ], [ 0.578250457299273, 47.801628625334963 ], [ 0.57823438130724, 47.801574669062163 ], [ 0.578235578385156, 47.801253354174278 ], [ 0.578195431789562, 47.800974777717663 ], [ 0.578143308103788, 47.8007986039797 ], [ 0.577916603344034, 47.800433776751348 ], [ 0.577678747665116, 47.800220568079524 ], [ 0.577472842999969, 47.800108755612925 ], [ 0.577081614701263, 47.799942422601191 ], [ 0.576816884582029, 47.799873948062462 ], [ 0.576677932040036, 47.799854283489914 ], [ 0.576380240495357, 47.799827994446169 ], [ 0.576106143900153, 47.799837599115484 ], [ 0.575840745550342, 47.799884745206931 ], [ 0.575601758254567, 47.799964766746996 ], [ 0.575840469108386, 47.7992412026273 ], [ 0.576138874817703, 47.799217258662786 ], [ 0.576410647695459, 47.799175726618849 ], [ 0.577100790070308, 47.799011900853898 ], [ 0.577655351841373, 47.79883675331007 ], [ 0.578429597626619, 47.798521643817203 ] ], [ [ 0.557739792843447, 47.809054991618531 ], [ 0.558063527544514, 47.809373398523796 ], [ 0.557673099195677, 47.809199143142337 ], [ 0.557739792843447, 47.809054991618531 ] ], [ [ 0.554687025585242, 47.798263651678802 ], [ 0.555108964100761, 47.798485812517377 ], [ 0.555387270269769, 47.798672975419656 ], [ 0.555609237165831, 47.798793324675849 ], [ 0.556281098918195, 47.79902554779742 ], [ 0.556775632342982, 47.799173006877766 ], [ 0.557095237398626, 47.799336619106995 ], [ 0.557142679556127, 47.799396379801181 ], [ 0.557431589090729, 47.800018726157354 ], [ 0.557342876020611, 47.800112416991375 ], [ 0.556959041449723, 47.80039601263158 ], [ 0.556807314442305, 47.80056923592474 ], [ 0.556753496274324, 47.800271365987214 ], [ 0.556675614136226, 47.800103631358077 ], [ 0.556199604604205, 47.799477343488491 ], [ 0.556032889187436, 47.799345401300549 ], [ 0.555352110983623, 47.798973197637366 ], [ 0.554790760910817, 47.798460021667879 ], [ 0.554434137155905, 47.798086773056937 ], [ 0.554687025585242, 47.798263651678802 ] ], [ [ 0.491977582418357, 47.879642243203676 ], [ 0.49167815898244, 47.880247504807329 ], [ 0.491441652822019, 47.880003402396881 ], [ 0.491048712272417, 47.87954301876573 ], [ 0.491290401974703, 47.879477155866695 ], [ 0.492166089779932, 47.879401360397786 ], [ 0.492084379763767, 47.879484451725268 ], [ 0.491977582418357, 47.879642243203676 ] ], [ [ 0.499884363894081, 47.877479852244839 ], [ 0.499538540283518, 47.877365454311899 ], [ 0.499158591702558, 47.87732212285573 ], [ 0.49874064646971, 47.877318191564072 ], [ 0.498502994961189, 47.877336423777528 ], [ 0.498460311926759, 47.877156157104174 ], [ 0.498305060003283, 47.876914530125674 ], [ 0.498052530510473, 47.87671345857553 ], [ 0.497724326306842, 47.876570145157046 ], [ 0.496473879723934, 47.876190459268749 ], [ 0.496235929075058, 47.876064212495201 ], [ 0.496018968767085, 47.875872581707782 ], [ 0.496207363791304, 47.875479740478191 ], [ 0.496458036859438, 47.875798450618646 ], [ 0.496990166781001, 47.876209843891957 ], [ 0.497312076897853, 47.876361354216343 ], [ 0.497954516845975, 47.87653106808181 ], [ 0.499377128096458, 47.876875052897681 ], [ 0.499933457922912, 47.876979420262096 ], [ 0.501260413828921, 47.87756494188141 ], [ 0.50149484837668, 47.877646600293374 ], [ 0.501748556368226, 47.877695697589026 ], [ 0.502127800310208, 47.877721180665411 ], [ 0.502909049412471, 47.877694492860023 ], [ 0.503755183984512, 47.877735897521291 ], [ 0.504536037406942, 47.878031138370304 ], [ 0.505229968383485, 47.878264216876346 ], [ 0.505489116765238, 47.878329720234767 ], [ 0.506622822795073, 47.87845150516133 ], [ 0.506882188696825, 47.878461083617388 ], [ 0.507139417182935, 47.878436760957307 ], [ 0.508013019440936, 47.87823724638119 ], [ 0.508228900843104, 47.878214654454673 ], [ 0.508472138991872, 47.878189198009402 ], [ 0.508765457472838, 47.878265420662203 ], [ 0.507871090075614, 47.878396323987381 ], [ 0.507607192555052, 47.878454813717916 ], [ 0.507366945004309, 47.878548714803053 ], [ 0.507035471099162, 47.878711423707948 ], [ 0.50636627455963, 47.878910513942465 ], [ 0.506179558127268, 47.878899139694816 ], [ 0.50520381964696, 47.878778590798156 ], [ 0.504136293339044, 47.878774215556469 ], [ 0.503878570407578, 47.878790962088296 ], [ 0.503630469433832, 47.878840793676311 ], [ 0.502684100440437, 47.879100302271596 ], [ 0.502029646197514, 47.879318883570726 ], [ 0.501669165153846, 47.879379698057569 ], [ 0.501506136335826, 47.879265678525357 ], [ 0.50129710356431, 47.879161617494802 ], [ 0.500528286647347, 47.878851774405142 ], [ 0.500200214363708, 47.878757929173091 ], [ 0.50027021967341, 47.878687957165333 ], [ 0.500369775611917, 47.878555477482728 ], [ 0.500441753835293, 47.878389211429962 ], [ 0.500458127240087, 47.878130187190116 ], [ 0.500364061273116, 47.877878770755906 ], [ 0.5001673661431, 47.877655825500057 ], [ 0.499884363894081, 47.877479852244839 ] ], [ [ 0.504810464904709, 47.864491592613156 ], [ 0.504850590246026, 47.864444566409581 ], [ 0.505071107144223, 47.864575900200272 ], [ 0.504763139830803, 47.864538661948558 ], [ 0.504810464904709, 47.864491592613156 ] ], [ [ 0.484476756932287, 47.886281128257465 ], [ 0.484541368428562, 47.886516417096182 ], [ 0.484487752683621, 47.8863897406519 ], [ 0.484476756932287, 47.886281128257465 ] ], [ [ 0.485134049072237, 47.867956129707778 ], [ 0.485541770196329, 47.868129244827855 ], [ 0.48534916599901, 47.868223843292753 ], [ 0.484918404383192, 47.868531165645493 ], [ 0.484682769106762, 47.867913549697953 ], [ 0.485134049072237, 47.867956129707778 ] ], [ [ 0.484351860634667, 47.863353889777251 ], [ 0.484648952688433, 47.863079776626471 ], [ 0.485621551010453, 47.862585817002092 ], [ 0.485568719171828, 47.862922595363386 ], [ 0.485573141224801, 47.863220994993711 ], [ 0.485636149718347, 47.863653335931751 ], [ 0.48570195533347, 47.863811929408826 ], [ 0.486003170509186, 47.864334260135607 ], [ 0.486325097677998, 47.864693548638101 ], [ 0.48650040320652, 47.864823726123397 ], [ 0.487102155125243, 47.865179863776731 ], [ 0.487293741438786, 47.865271082698591 ], [ 0.487564663416812, 47.86535285216965 ], [ 0.487473418772479, 47.865636230302812 ], [ 0.487450536701709, 47.86580468890179 ], [ 0.487492430805954, 47.866107250757217 ], [ 0.487606363422855, 47.866459240804581 ], [ 0.487353867708399, 47.866367848890512 ], [ 0.487189847593845, 47.866283949693319 ], [ 0.487125130700193, 47.866062388671381 ], [ 0.487016225334366, 47.865896452921923 ], [ 0.486227728447747, 47.865148977123887 ], [ 0.485085215458557, 47.864411235734103 ], [ 0.484286013332008, 47.863957500203348 ], [ 0.484236259159796, 47.863869714236436 ], [ 0.484236905151068, 47.86367746111744 ], [ 0.484351860634667, 47.863353889777251 ] ], [ [ 0.49334583410633, 47.874228817792243 ], [ 0.493472160964231, 47.874197652285638 ], [ 0.493707713519764, 47.874110577223391 ], [ 0.494159588496065, 47.873848862042763 ], [ 0.493481819068214, 47.874443946191775 ], [ 0.493368205292376, 47.87459943693981 ], [ 0.493257078957002, 47.874902253792676 ], [ 0.493091567165297, 47.874890998931264 ], [ 0.492927162271485, 47.874847452733512 ], [ 0.49279141344456, 47.874773542853653 ], [ 0.492417934604572, 47.874254109434617 ], [ 0.49294806646697, 47.874269320434678 ], [ 0.493215491590184, 47.874251288320949 ], [ 0.49334583410633, 47.874228817792243 ] ], [ [ 0.48567458920524, 47.884025663878077 ], [ 0.485296151062808, 47.884148354080772 ], [ 0.485425304088238, 47.883656236550159 ], [ 0.48567458920524, 47.884025663878077 ] ], [ [ 0.485900791591977, 47.880732075096709 ], [ 0.486895584563567, 47.880662036176645 ], [ 0.486626708655724, 47.880792129136779 ], [ 0.486321161444962, 47.880965225765102 ], [ 0.48604545404039, 47.881157137056142 ], [ 0.485702680528739, 47.881459768578033 ], [ 0.485627278024183, 47.881161882653998 ], [ 0.485469523028501, 47.880740236721778 ], [ 0.485900791591977, 47.880732075096709 ] ], [ [ 0.487216653664994, 47.860845952834232 ], [ 0.487882750903864, 47.860821144089577 ], [ 0.488026257809466, 47.860831539004828 ], [ 0.487749294029372, 47.86089101090856 ], [ 0.487091039064753, 47.861094188173588 ], [ 0.48688912390603, 47.861188389578331 ], [ 0.486702695770881, 47.86131692140868 ], [ 0.486785032327322, 47.861144383275601 ], [ 0.486940880697658, 47.860935382687046 ], [ 0.487016109304975, 47.86088987606486 ], [ 0.487216653664994, 47.860845952834232 ] ], [ [ 0.488469209897619, 47.894586328675167 ], [ 0.488531917788374, 47.894665807515722 ], [ 0.488584087767058, 47.894731868718615 ], [ 0.488457640537649, 47.894721407698846 ], [ 0.488469209897619, 47.894586328675167 ] ], [ [ 0.557531070485783, 47.785250970868276 ], [ 0.557901981477862, 47.786039482885869 ], [ 0.557724011694461, 47.786283991000488 ], [ 0.5575733416152, 47.786590763779451 ], [ 0.55746252673742, 47.786985583848605 ], [ 0.557483852971113, 47.787329431871399 ], [ 0.557281523453676, 47.787388459639864 ], [ 0.557061202243805, 47.787484938177514 ], [ 0.556873173261946, 47.787608620007433 ], [ 0.556620712365899, 47.787819013989193 ], [ 0.556055583977837, 47.787711320843194 ], [ 0.555476136658237, 47.787545481656323 ], [ 0.555194701889098, 47.787488127742392 ], [ 0.554901466303454, 47.78747366677873 ], [ 0.554367072848675, 47.78748708714933 ], [ 0.554094792174384, 47.787513016769239 ], [ 0.55367100898957, 47.787611098587135 ], [ 0.553419705416597, 47.78769319946889 ], [ 0.553138221507815, 47.787834446212827 ], [ 0.552681823294979, 47.788025247628958 ], [ 0.552603842980542, 47.788029922401599 ], [ 0.552502285568124, 47.788012221560734 ], [ 0.55241471868383, 47.787878278484015 ], [ 0.552270121675355, 47.787713785937562 ], [ 0.551785713034865, 47.786719941417068 ], [ 0.551561115340478, 47.786408131829496 ], [ 0.551576977864189, 47.786318712019899 ], [ 0.551621464178542, 47.786239501141139 ], [ 0.551848934583434, 47.785960923883579 ], [ 0.551914735868343, 47.78580713129692 ], [ 0.551987425428765, 47.785543124216588 ], [ 0.552085158541842, 47.785370072659575 ], [ 0.552405180331877, 47.78499328947612 ], [ 0.55253702945689, 47.784688519970082 ], [ 0.552901205304801, 47.784591206080371 ], [ 0.553497561310249, 47.784459530666723 ], [ 0.554493744986256, 47.784299168111076 ], [ 0.555825020193115, 47.784184017676658 ], [ 0.556139545040966, 47.784301994568068 ], [ 0.556445930235346, 47.784354443734458 ], [ 0.556800167578682, 47.784493777741361 ], [ 0.557035600028183, 47.784628340997642 ], [ 0.557190748649995, 47.784756055300392 ], [ 0.557316332542233, 47.784901773345602 ], [ 0.557531070485783, 47.785250970868276 ] ], [ [ 0.520496174352475, 47.84585131951652 ], [ 0.520370412114033, 47.845702790901854 ], [ 0.520375888449908, 47.845616106190199 ], [ 0.520454488374977, 47.845381872136386 ], [ 0.520589548527693, 47.845601365495767 ], [ 0.520696018458104, 47.845872369752684 ], [ 0.520715865917564, 47.845986760619319 ], [ 0.520496174352475, 47.84585131951652 ] ], [ [ 0.520277776141483, 47.842656331641372 ], [ 0.520543823573623, 47.841843574235853 ], [ 0.521023943436274, 47.841945791551765 ], [ 0.521180335937167, 47.841995251801158 ], [ 0.520277776141483, 47.842656331641372 ] ], [ [ 0.542307951651788, 47.801079046122176 ], [ 0.542297540098553, 47.800834613698548 ], [ 0.542176607895044, 47.800345174013721 ], [ 0.542139971045802, 47.800237891532554 ], [ 0.541931543242791, 47.799882647504326 ], [ 0.542014006619928, 47.799334161725817 ], [ 0.542015474134275, 47.799163111409975 ], [ 0.541968885768868, 47.798994963513096 ], [ 0.541854847225677, 47.798727483020606 ], [ 0.541795478894379, 47.798444614415004 ], [ 0.54181773652404, 47.79835423354762 ], [ 0.541871597408179, 47.798297427436751 ], [ 0.542005175184202, 47.79823769972981 ], [ 0.542649489534166, 47.798156689077018 ], [ 0.542684236316957, 47.79817117776053 ], [ 0.542757906250422, 47.798635150074738 ], [ 0.542751742902203, 47.798960884760398 ], [ 0.542801898907806, 47.799118193608969 ], [ 0.542938949073879, 47.799361419217185 ], [ 0.543062648751811, 47.799778730479389 ], [ 0.543133681191436, 47.799939004453392 ], [ 0.543247507145477, 47.800087654006305 ], [ 0.543533709989191, 47.800388920431288 ], [ 0.544023248943026, 47.800801596369091 ], [ 0.544663468705508, 47.801130827705165 ], [ 0.544664415158423, 47.801385891041498 ], [ 0.544721037549455, 47.801552943835816 ], [ 0.544891059930766, 47.80178249254989 ], [ 0.54505592503412, 47.801913885287341 ], [ 0.544964681099075, 47.802170857180847 ], [ 0.544713473571035, 47.80251981232545 ], [ 0.544137748538667, 47.803000806050591 ], [ 0.543209244449189, 47.803539520184977 ], [ 0.542301938460482, 47.803435334272486 ], [ 0.541521383380838, 47.803201603557703 ], [ 0.541845304200248, 47.802945429710228 ], [ 0.541957100648957, 47.802799260686569 ], [ 0.542027558565992, 47.802641826792389 ], [ 0.542094823187911, 47.802228144086534 ], [ 0.54204995872785, 47.801804157055635 ], [ 0.542102447663727, 47.801596191696376 ], [ 0.542260171329518, 47.80123914408783 ], [ 0.542307951651788, 47.801079046122176 ] ], [ [ 0.528195040170429, 47.782749574628234 ], [ 0.528216540465709, 47.782651437881057 ], [ 0.528529531429427, 47.782481584598507 ], [ 0.528755243983436, 47.782287734689035 ], [ 0.528919946337909, 47.782516514312455 ], [ 0.528769045623495, 47.782731477855087 ], [ 0.528556664371108, 47.783133219282867 ], [ 0.528341259782285, 47.783472483247664 ], [ 0.528250303623392, 47.783725788812049 ], [ 0.528005334893384, 47.783602098145742 ], [ 0.527479864620585, 47.783408102122216 ], [ 0.527735039527692, 47.78328391321508 ], [ 0.527915189987802, 47.783145618310847 ], [ 0.528111503065765, 47.782926487924037 ], [ 0.528195040170429, 47.782749574628234 ] ], [ [ 0.52130224427172, 47.780986724188566 ], [ 0.521593231677303, 47.78111088843184 ], [ 0.521615826887406, 47.781119358281153 ], [ 0.521455080374538, 47.781123829279309 ], [ 0.521287711926285, 47.781101904845634 ], [ 0.520956345169033, 47.781004372907873 ], [ 0.520606321135597, 47.780924902896274 ], [ 0.52112510859516, 47.780888474983442 ], [ 0.52130224427172, 47.780986724188566 ] ], [ [ 0.516287428361239, 47.861908629957121 ], [ 0.516191133276506, 47.861729464263334 ], [ 0.515965835841329, 47.861426903298316 ], [ 0.515722885175887, 47.861200205723073 ], [ 0.51555177127, 47.861072637861362 ], [ 0.515105998044992, 47.86081933359312 ], [ 0.514883252161405, 47.860744792265265 ], [ 0.514232919672224, 47.860578544330778 ], [ 0.513663032797731, 47.86049601934517 ], [ 0.513153581623633, 47.860491384510183 ], [ 0.512196120642351, 47.860576008412906 ], [ 0.511999811296973, 47.860604919312614 ], [ 0.511924153743511, 47.860593533065249 ], [ 0.511629109883262, 47.860453621832207 ], [ 0.511208453210481, 47.860286920143885 ], [ 0.510280201697965, 47.859990055821669 ], [ 0.509894491321674, 47.859807968696828 ], [ 0.509785657219524, 47.859564851092067 ], [ 0.509759709085647, 47.859469538361125 ], [ 0.50984307291607, 47.858806358121107 ], [ 0.510311182362543, 47.858832161105326 ], [ 0.511202964463912, 47.858738955093948 ], [ 0.511485612848092, 47.858663182847572 ], [ 0.511958696312917, 47.858487121695582 ], [ 0.512161937706406, 47.858374102508208 ], [ 0.512309423725438, 47.858258997297 ], [ 0.512562389899166, 47.858659129302708 ], [ 0.512681882390244, 47.858807656276312 ], [ 0.512840507090378, 47.858938542288399 ], [ 0.513032677263786, 47.85904717645672 ], [ 0.513251622547104, 47.859129734104556 ], [ 0.51361318739351, 47.859198590934398 ], [ 0.513902724000034, 47.859220359789205 ], [ 0.514457194511054, 47.859207553384238 ], [ 0.514641817280817, 47.859240461364031 ], [ 0.514768651426843, 47.859347348843876 ], [ 0.514931080273372, 47.859589944604956 ], [ 0.515056593043195, 47.860078987267961 ], [ 0.515230867269612, 47.860528697966998 ], [ 0.515337856542112, 47.860681297044636 ], [ 0.515617037160942, 47.860991401948077 ], [ 0.515773869047976, 47.861113190813931 ], [ 0.516253277247303, 47.861415691072317 ], [ 0.516802190143574, 47.861640970104176 ], [ 0.517405527800073, 47.861840423216279 ], [ 0.517491147186024, 47.861886049399153 ], [ 0.517733040183001, 47.862550653391722 ], [ 0.517827565852813, 47.862701136542945 ], [ 0.517960961297744, 47.862837639890515 ], [ 0.518464852184936, 47.863256955047184 ], [ 0.51865567336721, 47.86336728214544 ], [ 0.518873823481851, 47.863451608068296 ], [ 0.519111581839162, 47.86350695013568 ], [ 0.519961006148911, 47.86364611076803 ], [ 0.520198034516924, 47.863670066888595 ], [ 0.520437611678388, 47.863665166314604 ], [ 0.521658879991058, 47.863565966120859 ], [ 0.522529584558436, 47.863533345201333 ], [ 0.523392807749982, 47.863532815036649 ], [ 0.524105886053363, 47.863606561643643 ], [ 0.524365675707403, 47.863687921092932 ], [ 0.524998832582716, 47.864169642120331 ], [ 0.525670286837612, 47.864526623325631 ], [ 0.52601687936007, 47.864633790017507 ], [ 0.526266956393748, 47.86466654405875 ], [ 0.526521725264459, 47.864666793840698 ], [ 0.527235187283886, 47.864617062582148 ], [ 0.527490258731425, 47.864565183755055 ], [ 0.527724983787894, 47.864480306246435 ], [ 0.528298997157822, 47.864215341422778 ], [ 0.528551934605576, 47.864030639409116 ], [ 0.52871916745098, 47.86380609280377 ], [ 0.529109707556337, 47.862992983242101 ], [ 0.529353389018022, 47.862673358224356 ], [ 0.529524719248816, 47.862209498453531 ], [ 0.529688424893828, 47.861985634305327 ], [ 0.529999524370811, 47.861324329869376 ], [ 0.530042624493745, 47.861281417253899 ], [ 0.530775411232169, 47.86160416024746 ], [ 0.531031390823747, 47.861673179917815 ], [ 0.531611129475505, 47.861784432619778 ], [ 0.531677759979665, 47.861809455637371 ], [ 0.531592812393201, 47.861954025154738 ], [ 0.531535796083306, 47.862006904010727 ], [ 0.531112470792447, 47.862253038682951 ], [ 0.530488932331399, 47.862441246527574 ], [ 0.530232211971911, 47.862543239897072 ], [ 0.529671580779983, 47.862897016617907 ], [ 0.529468136017535, 47.863104542885971 ], [ 0.529383014361647, 47.863260389540997 ], [ 0.529315135518762, 47.863448202475595 ], [ 0.529307182640019, 47.86370543353582 ], [ 0.529362478323055, 47.86387320854957 ], [ 0.529464156212698, 47.864030851825319 ], [ 0.529608508522516, 47.864172616071372 ], [ 0.529705171308649, 47.864242587957683 ], [ 0.529658503802837, 47.864516310675775 ], [ 0.529462515640559, 47.864998580479245 ], [ 0.528991089830701, 47.865746665166597 ], [ 0.52872144698893, 47.866129826443277 ], [ 0.528500815737382, 47.866239474673414 ], [ 0.527430991201988, 47.866231555926994 ], [ 0.527167826596555, 47.866264006739399 ], [ 0.527041176983457, 47.866293342560922 ], [ 0.52680408580296, 47.86637676515474 ], [ 0.526462330454652, 47.866579949386576 ], [ 0.52636986934339, 47.866648502185463 ], [ 0.526218673013379, 47.866802903716575 ], [ 0.526057852090467, 47.867117843369932 ], [ 0.525971147427655, 47.867440738001214 ], [ 0.525975223609744, 47.867616183615532 ], [ 0.52609519150334, 47.867989162043614 ], [ 0.526212814552227, 47.868164163878156 ], [ 0.526652798508257, 47.868667546393354 ], [ 0.526775397641678, 47.868785185545853 ], [ 0.527371279977538, 47.869269531774762 ], [ 0.527595931951209, 47.86947716440816 ], [ 0.528104524463949, 47.86980167937687 ], [ 0.528429851199415, 47.869936746732037 ], [ 0.528648713404715, 47.870005800687231 ], [ 0.528882471575926, 47.870047221552952 ], [ 0.529434816110998, 47.870106652643422 ], [ 0.53071163582466, 47.870108874152471 ], [ 0.531665225971865, 47.870081656620343 ], [ 0.530948353189381, 47.870558899876414 ], [ 0.530433302523002, 47.870994659477127 ], [ 0.530322374656529, 47.871133848222854 ], [ 0.530167791626964, 47.871385112683562 ], [ 0.530053901020731, 47.871709067482392 ], [ 0.530042630948282, 47.87188009672289 ], [ 0.530078121720544, 47.872227780823891 ], [ 0.530214832615699, 47.872563904774275 ], [ 0.530304787682435, 47.872717052944992 ], [ 0.530551605588512, 47.873045612854661 ], [ 0.530838751186556, 47.873393082377611 ], [ 0.530595983044976, 47.873580725081183 ], [ 0.530413438384505, 47.873676624217097 ], [ 0.529944615392221, 47.873840447960866 ], [ 0.529400785649964, 47.874084135299128 ], [ 0.529218738972008, 47.874202384354994 ], [ 0.529073046886626, 47.874341582607912 ], [ 0.528779636815719, 47.874716474510336 ], [ 0.528706649789843, 47.874953013791426 ], [ 0.528672829600951, 47.875277231641775 ], [ 0.528679956466686, 47.875452293797501 ], [ 0.528816074885539, 47.875876841016243 ], [ 0.528688965271292, 47.876002332275426 ], [ 0.528422930152505, 47.876080486502289 ], [ 0.52820931683534, 47.876171847056419 ], [ 0.527890539569472, 47.87639180815475 ], [ 0.527675240089865, 47.876617401969639 ], [ 0.527572662824876, 47.876856357653665 ], [ 0.527320701404674, 47.876699817119544 ], [ 0.52671390826801, 47.87591629496935 ], [ 0.526678183909887, 47.875451798170893 ], [ 0.526714909496695, 47.875030083087083 ], [ 0.526945653372222, 47.874616395162398 ], [ 0.527517908373348, 47.874125702993418 ], [ 0.527679573051936, 47.87388806603154 ], [ 0.527869726345538, 47.873232532977561 ], [ 0.528041967099979, 47.87240692941338 ], [ 0.528052007312453, 47.872225660878783 ], [ 0.528007819249622, 47.872046719963983 ], [ 0.527543320604931, 47.871219815490456 ], [ 0.527440589632365, 47.871078237052131 ], [ 0.527302738479342, 47.8709508815204 ], [ 0.526456969279591, 47.870306823159744 ], [ 0.526215191803781, 47.870188310546062 ], [ 0.525225895837789, 47.869809344338549 ], [ 0.524552035606979, 47.869406486054423 ], [ 0.524241089903603, 47.869030548447164 ], [ 0.523943842942777, 47.867970945496225 ], [ 0.523445992534565, 47.867009925782277 ], [ 0.523318509023295, 47.866861652499225 ], [ 0.523151583130321, 47.866732317849788 ], [ 0.522040983971728, 47.866021494406581 ], [ 0.521772003288699, 47.865888095591544 ], [ 0.520449241702226, 47.865394373559759 ], [ 0.518808553767829, 47.865009252227836 ], [ 0.517535133306852, 47.864763665394065 ], [ 0.516319915041216, 47.864363856367554 ], [ 0.515994048365889, 47.864058847110456 ], [ 0.515830214698858, 47.86384561056618 ], [ 0.515830143302933, 47.863800070656254 ], [ 0.515865474049489, 47.863562583713701 ], [ 0.516230872729601, 47.8629480378114 ], [ 0.516300588066836, 47.862790268185158 ], [ 0.516401548095922, 47.86242314522157 ], [ 0.51639517758449, 47.862226281339836 ], [ 0.516287428361239, 47.861908629957121 ] ], [ [ 0.534755528528627, 47.877601826457372 ], [ 0.534298584085654, 47.87714761247458 ], [ 0.534004863731697, 47.876968600990672 ], [ 0.533646071914886, 47.876855340753487 ], [ 0.533386123700137, 47.876821540163192 ], [ 0.532997341666335, 47.876797458705653 ], [ 0.533022004426254, 47.8767474097817 ], [ 0.533480449106276, 47.876748156299612 ], [ 0.534134074619757, 47.876667575996521 ], [ 0.534591806214433, 47.876683058342508 ], [ 0.534867886140108, 47.876739345455093 ], [ 0.535012626894581, 47.876790312848343 ], [ 0.534915436466396, 47.876926385982756 ], [ 0.534849033353443, 47.877091883208593 ], [ 0.534755528528627, 47.877601826457372 ] ], [ [ 0.509842382543065, 47.878349544785699 ], [ 0.509654968998973, 47.878287851767091 ], [ 0.509575443293454, 47.878270059761242 ], [ 0.509781353167572, 47.878255191497587 ], [ 0.509842382543065, 47.878349544785699 ] ], [ [ 0.511268289600244, 47.879445277151298 ], [ 0.511013183733797, 47.879203404716435 ], [ 0.511592944996542, 47.879460731960279 ], [ 0.511853607617423, 47.879550585202246 ], [ 0.512801587231291, 47.879721831904867 ], [ 0.512679211806222, 47.879785664834607 ], [ 0.512495308393986, 47.879903310039197 ], [ 0.512279422561239, 47.880076093268862 ], [ 0.512093190011327, 47.880305975809407 ], [ 0.511268289600244, 47.879445277151298 ] ], [ [ 0.474954743597634, 47.902888679645905 ], [ 0.474802555383267, 47.902792733366582 ], [ 0.474724853622839, 47.902701999043295 ], [ 0.474699757407624, 47.902582618366864 ], [ 0.474751973479155, 47.902480781620042 ], [ 0.474902124991841, 47.902314145434246 ], [ 0.475029446335807, 47.902207597706457 ], [ 0.475432339525364, 47.901931955595849 ], [ 0.475991334633464, 47.901628328478992 ], [ 0.476757164365968, 47.901337642211537 ], [ 0.477178691496417, 47.901143031503132 ], [ 0.477573259028262, 47.900880239704868 ], [ 0.477794319230721, 47.900663595919184 ], [ 0.478221792012228, 47.9007208924587 ], [ 0.478415278548503, 47.900766440574756 ], [ 0.478895821441219, 47.900932184516549 ], [ 0.479365090399491, 47.901147714597968 ], [ 0.47962585855563, 47.901294376009645 ], [ 0.48024103441865, 47.901696215413594 ], [ 0.480901879054173, 47.902175721271981 ], [ 0.481165562947045, 47.902394460970143 ], [ 0.481515028280461, 47.902759873364687 ], [ 0.481593741666761, 47.902908579435312 ], [ 0.481629829541258, 47.90303699931227 ], [ 0.481609605827483, 47.903250268085877 ], [ 0.481525301048495, 47.903459246514394 ], [ 0.481463334334285, 47.903559096629628 ], [ 0.481215672608856, 47.903825788847989 ], [ 0.480971901899692, 47.903855117336995 ], [ 0.480171409739486, 47.903849205421487 ], [ 0.478677615218935, 47.903754105649618 ], [ 0.476910135237385, 47.903616849233849 ], [ 0.476429394040322, 47.903466519623976 ], [ 0.475256477477749, 47.903036166110184 ], [ 0.474954743597634, 47.902888679645905 ] ], [ [ 0.583063913556228, 47.771308403143884 ], [ 0.583439030290748, 47.771342226064377 ], [ 0.584066744058648, 47.771572654031729 ], [ 0.584304732949627, 47.77164481086875 ], [ 0.584069008185052, 47.772108091135408 ], [ 0.583711550707361, 47.771777717999043 ], [ 0.583410953128153, 47.771576659925216 ], [ 0.583122278605437, 47.771421726188912 ], [ 0.582835817268344, 47.771304970753903 ], [ 0.583063913556228, 47.771308403143884 ] ], [ [ 0.574329691454648, 47.793356094714483 ], [ 0.573953814181447, 47.793997960849026 ], [ 0.573593218262776, 47.794826506753303 ], [ 0.573572170249633, 47.795077256613446 ], [ 0.573615952357827, 47.795242379623708 ], [ 0.573669358640145, 47.795348011355266 ], [ 0.572938198328602, 47.795439222735986 ], [ 0.571927163649927, 47.795734161284443 ], [ 0.571699365548535, 47.795843899927334 ], [ 0.571138102065269, 47.796184411303855 ], [ 0.570988552704222, 47.796313466474949 ], [ 0.570740638861035, 47.796573024837571 ], [ 0.570836740551495, 47.796376120632623 ], [ 0.571015636507391, 47.79575270125558 ], [ 0.571022414525668, 47.79495487281477 ], [ 0.571079674663468, 47.794860312791315 ], [ 0.571700133289772, 47.794443758692694 ], [ 0.572348240284803, 47.794061233201383 ], [ 0.573092300781902, 47.793853835535671 ], [ 0.57378032747106, 47.793638445534114 ], [ 0.574015084198065, 47.793544179912267 ], [ 0.574329691454648, 47.793356094714483 ] ], [ [ 0.570421523079416, 47.796997106082316 ], [ 0.570348144672013, 47.79713220272415 ], [ 0.570240162476512, 47.797291390735552 ], [ 0.570230875087141, 47.79729041652682 ], [ 0.570168324877479, 47.797253702853752 ], [ 0.570176480238177, 47.797231920919181 ], [ 0.570421523079416, 47.796997106082316 ] ], [ [ 0.585527388231155, 47.805145081226733 ], [ 0.585726111650593, 47.805416983942123 ], [ 0.585994483228065, 47.805634300499186 ], [ 0.586239253557732, 47.805767178901569 ], [ 0.585819738436839, 47.805940550364511 ], [ 0.585332305098505, 47.806118942664938 ], [ 0.584377032369739, 47.806424613093192 ], [ 0.583814868920759, 47.806558009817586 ], [ 0.583525997254325, 47.806570199315374 ], [ 0.583557735875075, 47.806202758802534 ], [ 0.583610920800298, 47.805962569067567 ], [ 0.58377655893599, 47.805462168532912 ], [ 0.583843677198741, 47.80532805924944 ], [ 0.584536193402472, 47.80422344109494 ], [ 0.585539351007409, 47.804401830475733 ], [ 0.585456638068256, 47.804616834268018 ], [ 0.585438359446154, 47.804806204930415 ], [ 0.585451526276247, 47.804900807857578 ], [ 0.585527388231155, 47.805145081226733 ] ], [ [ 0.593324277189653, 47.819119536671089 ], [ 0.59365406582831, 47.819512658794388 ], [ 0.594010874027328, 47.820023460123913 ], [ 0.59408311522606, 47.820242992090975 ], [ 0.59416939771582, 47.82041793945919 ], [ 0.594306796156455, 47.820577377079175 ], [ 0.594472534053444, 47.820703086316698 ], [ 0.594521358251781, 47.820918549068082 ], [ 0.593980046595916, 47.820815659719791 ], [ 0.593311097014338, 47.820732055286648 ], [ 0.592684170830057, 47.82074766099808 ], [ 0.592435806389523, 47.820775184726173 ], [ 0.592088533885629, 47.820873760023694 ], [ 0.59168918576505, 47.821035106354849 ], [ 0.591481945221832, 47.821138363363737 ], [ 0.591221615481306, 47.821296391446602 ], [ 0.591051866643505, 47.821420780462901 ], [ 0.590869080564887, 47.821641755660949 ], [ 0.590748092803187, 47.822002438735154 ], [ 0.590734250457329, 47.82225864516311 ], [ 0.590828233060879, 47.822507084830328 ], [ 0.591022416123896, 47.822727598686797 ], [ 0.59129317905714, 47.822947731979326 ], [ 0.591586435642271, 47.823101103689581 ], [ 0.592193436825457, 47.823291865861648 ], [ 0.592872270827745, 47.823528044323297 ], [ 0.593421588546708, 47.823683512597817 ], [ 0.593528586946713, 47.823762070800264 ], [ 0.593528329595205, 47.823962014685712 ], [ 0.593278953533568, 47.824036164370867 ], [ 0.593052589538269, 47.82413264478744 ], [ 0.592951307847721, 47.824191847867866 ], [ 0.592777633331734, 47.824329207619392 ], [ 0.592105759717063, 47.825139133959532 ], [ 0.591668911998728, 47.825757529989069 ], [ 0.591604429245055, 47.825921224964219 ], [ 0.591428896699771, 47.826657487697858 ], [ 0.591437459092339, 47.826834912947568 ], [ 0.59155380738375, 47.82739864465286 ], [ 0.591047939819493, 47.827680940748301 ], [ 0.590944873059811, 47.82772439488798 ], [ 0.590701151071376, 47.827798792427679 ], [ 0.590523646699447, 47.827823788293763 ], [ 0.590301642227236, 47.827810738367852 ], [ 0.589947707872802, 47.827755088701153 ], [ 0.589853232291672, 47.827718890561471 ], [ 0.589773661559909, 47.827663175071955 ], [ 0.58958542861588, 47.827474165769182 ], [ 0.589385268277367, 47.827161088998935 ], [ 0.589278775682123, 47.826897225748354 ], [ 0.58924856989476, 47.826790418386956 ], [ 0.589182269244897, 47.826273296998814 ], [ 0.589206299359459, 47.825700147608764 ], [ 0.589290519246554, 47.8252462672788 ], [ 0.589377530851617, 47.824960274509706 ], [ 0.589806219273498, 47.823847582935706 ], [ 0.589973246121146, 47.823237183425356 ], [ 0.590092106153483, 47.822484008480899 ], [ 0.590126156839813, 47.821650818967143 ], [ 0.590099861096878, 47.821107599062465 ], [ 0.589959913291747, 47.819476197338197 ], [ 0.589978638684354, 47.819073464310748 ], [ 0.59002014541908, 47.818907601703714 ], [ 0.590084392730997, 47.818832489014277 ], [ 0.590434136091138, 47.818623260175151 ], [ 0.590719882273529, 47.818416833328712 ], [ 0.591005427234203, 47.818136992449531 ], [ 0.591234296692165, 47.817838166600659 ], [ 0.591742745660271, 47.817042682424344 ], [ 0.592165557683264, 47.816446539279305 ], [ 0.592233639557207, 47.817111119910528 ], [ 0.592305024974373, 47.81757906504901 ], [ 0.592465716144498, 47.818036897664243 ], [ 0.592598032647085, 47.818277261936743 ], [ 0.592744451025432, 47.818486760853069 ], [ 0.593324277189653, 47.819119536671089 ] ], [ [ 0.565135642670521, 47.847421828041782 ], [ 0.564925578646903, 47.847220081027025 ], [ 0.565004449201525, 47.847091504198865 ], [ 0.565065144087279, 47.846904742793228 ], [ 0.565073408865563, 47.846719215773021 ], [ 0.565027693909428, 47.846368040834477 ], [ 0.565039985608855, 47.84602679810682 ], [ 0.565312055179547, 47.845991732854635 ], [ 0.565509768731723, 47.846073476674107 ], [ 0.565926771211463, 47.846196418475174 ], [ 0.566534958917836, 47.846322417845109 ], [ 0.566817714885694, 47.846338942643463 ], [ 0.567433863976738, 47.846291489413687 ], [ 0.567941851098039, 47.84620924309398 ], [ 0.568332164611612, 47.846443681028731 ], [ 0.568695281235561, 47.846693112960388 ], [ 0.568841859783968, 47.846808976515128 ], [ 0.569052809384096, 47.847017904700856 ], [ 0.569181589271202, 47.847250593079217 ], [ 0.569168401851616, 47.847408686623169 ], [ 0.568856226962721, 47.847841655549082 ], [ 0.56868790731536, 47.847996240146195 ], [ 0.568490510370898, 47.8480265848521 ], [ 0.567949569839476, 47.848033985419669 ], [ 0.567509313663329, 47.848000573273531 ], [ 0.566732550736912, 47.847905473360861 ], [ 0.566355351763988, 47.847842119716027 ], [ 0.565803093026522, 47.847720813200688 ], [ 0.565427991436702, 47.847599383220256 ], [ 0.565135642670521, 47.847421828041782 ] ], [ [ 0.56729673724834, 47.851873783007605 ], [ 0.567541098360769, 47.851913576249615 ], [ 0.567716004864669, 47.851967199635737 ], [ 0.567870358903302, 47.852038553475438 ], [ 0.567987268990548, 47.852118952388786 ], [ 0.568117890473303, 47.852248853275775 ], [ 0.568284490044707, 47.852532767409024 ], [ 0.56838049700208, 47.852850418550645 ], [ 0.568410955379993, 47.853139888865989 ], [ 0.568401129450895, 47.853225269870336 ], [ 0.56832968058447, 47.853447751228131 ], [ 0.568249014826313, 47.853585679476311 ], [ 0.568015014161022, 47.85378572645746 ], [ 0.567684696540522, 47.853963804233018 ], [ 0.56674850393584, 47.85370661217604 ], [ 0.566860561109781, 47.853492118069106 ], [ 0.566987707594991, 47.853087443449574 ], [ 0.567016627697542, 47.852897260920422 ], [ 0.567014655377535, 47.852596777301642 ], [ 0.566985691272569, 47.852414400776084 ], [ 0.566851053421556, 47.852002022237698 ], [ 0.566756166192927, 47.851845377762388 ], [ 0.56729673724834, 47.851873783007605 ] ], [ [ 0.612078110730059, 47.762086862249625 ], [ 0.612163953424191, 47.762234416608337 ], [ 0.612259096640354, 47.762429516099886 ], [ 0.612462311325637, 47.763281139741601 ], [ 0.612107793150917, 47.76327401672313 ], [ 0.612052630966726, 47.762871476812514 ], [ 0.611855691820466, 47.762164025948145 ], [ 0.612078110730059, 47.762086862249625 ] ], [ [ 0.57671776554466, 47.754809663877758 ], [ 0.576448735150941, 47.754849142666735 ], [ 0.576439737100341, 47.754850977915858 ], [ 0.575888110961704, 47.755018664639394 ], [ 0.575700481739027, 47.755104856116439 ], [ 0.575365530537591, 47.755296589366736 ], [ 0.575027473945238, 47.755589059997781 ], [ 0.574423263727699, 47.755522773971322 ], [ 0.574188666900865, 47.755515990145334 ], [ 0.574403079553164, 47.755431507715628 ], [ 0.574528547603061, 47.755364455559366 ], [ 0.575189719171567, 47.754980458951259 ], [ 0.575998311423064, 47.754925179470817 ], [ 0.576474374697092, 47.75484391412752 ], [ 0.576510693780727, 47.75483690135011 ], [ 0.576949783739567, 47.754764901605206 ], [ 0.577163541627731, 47.754776577596459 ], [ 0.57671776554466, 47.754809663877758 ] ], [ [ 0.582221553600394, 47.755026786923352 ], [ 0.581977426946582, 47.754877673751039 ], [ 0.581586039379488, 47.754725918395422 ], [ 0.581846521995007, 47.754676171521034 ], [ 0.582464098434595, 47.754902714001965 ], [ 0.582952151109859, 47.754996154717745 ], [ 0.582857219117804, 47.755059022442268 ], [ 0.582602856689561, 47.755025822115201 ], [ 0.582221553600394, 47.755026786923352 ] ], [ [ 0.560385992309149, 47.804698584197524 ], [ 0.560658020007405, 47.804942252779533 ], [ 0.560164494388855, 47.804622455997055 ], [ 0.56027169627927, 47.804626413484122 ], [ 0.560385992309149, 47.804698584197524 ] ], [ [ 0.567401731832617, 47.821622135553696 ], [ 0.567887536786107, 47.82203150767937 ], [ 0.568270999231407, 47.822301149967565 ], [ 0.570233536020183, 47.823244162316414 ], [ 0.570624873764031, 47.823393614905989 ], [ 0.570773103902849, 47.823529896181086 ], [ 0.570973161342985, 47.82377964686377 ], [ 0.571219936351351, 47.824198211132511 ], [ 0.571476513239871, 47.824543136066808 ], [ 0.571264064086749, 47.82438372937164 ], [ 0.570925000840191, 47.824189840253155 ], [ 0.570678346151635, 47.823930463468244 ], [ 0.570280926595888, 47.823592929690641 ], [ 0.569944614666923, 47.823343044348455 ], [ 0.569541489695968, 47.82312435922789 ], [ 0.569061477233704, 47.822901058863323 ], [ 0.568700369496395, 47.822661701899193 ], [ 0.567795783876082, 47.822131574350372 ], [ 0.567665171287225, 47.822014945474223 ], [ 0.567401731832617, 47.821622135553696 ] ], [ [ 0.563552553040775, 47.807858503295563 ], [ 0.563419992732435, 47.808190507386996 ], [ 0.563383586200249, 47.808434060368931 ], [ 0.56273048989105, 47.808133630044871 ], [ 0.562078121495744, 47.807871795938489 ], [ 0.56197648662208, 47.806946073349145 ], [ 0.56185121576658, 47.806525985640434 ], [ 0.562212597290711, 47.807266463608613 ], [ 0.562274274505262, 47.807349187419881 ], [ 0.562433711227871, 47.807499691696975 ], [ 0.562635438146543, 47.807625070590156 ], [ 0.562749561300007, 47.807676636529735 ], [ 0.563123951613366, 47.807795480289187 ], [ 0.563552553040775, 47.807858503295563 ] ], [ [ 0.598874593056222, 47.864870867533625 ], [ 0.598848136706512, 47.864867794977265 ], [ 0.598843050565369, 47.864867591825444 ], [ 0.598886881068055, 47.864863542176288 ], [ 0.598874593056222, 47.864870867533625 ] ], [ [ 0.597562853717329, 47.865080580363085 ], [ 0.59764977255134, 47.865037099025614 ], [ 0.597726883427174, 47.864989974539917 ], [ 0.597803421875298, 47.864984974370806 ], [ 0.597562853717329, 47.865080580363085 ] ], [ [ 0.692712354984183, 47.796756370221637 ], [ 0.692665528043378, 47.796906246867714 ], [ 0.692373003750076, 47.796872794309955 ], [ 0.692421890059086, 47.796684492130282 ], [ 0.692472549788992, 47.796610979649635 ], [ 0.692663394149857, 47.796489078832558 ], [ 0.692874607820397, 47.796400423816095 ], [ 0.692712354984183, 47.796756370221637 ] ], [ [ 0.687376220375657, 47.800876561247378 ], [ 0.687413213908964, 47.800827065071573 ], [ 0.68743385661336, 47.800884495123171 ], [ 0.687376220375657, 47.800876561247378 ] ], [ [ 0.66256058342966, 47.808500842922243 ], [ 0.662627424115019, 47.808624343647615 ], [ 0.662854308009497, 47.808910197143597 ], [ 0.662724343181694, 47.808810484212472 ], [ 0.66265067174737, 47.808726703005313 ], [ 0.662599043527371, 47.808630645865698 ], [ 0.66256058342966, 47.808500842922243 ] ], [ [ 0.66417174310044, 47.809763234246837 ], [ 0.664186314507583, 47.809769973416643 ], [ 0.664709259321973, 47.809947880802454 ], [ 0.664987298786245, 47.810100741452942 ], [ 0.664716310729487, 47.810050011360431 ], [ 0.664564121599058, 47.809985673269608 ], [ 0.66417174310044, 47.809763234246837 ] ] ], [ [ [ 0.58635487536929, 47.880971564829942 ], [ 0.586230473459229, 47.881409317111924 ], [ 0.586145622962532, 47.881615341891695 ], [ 0.586552291949894, 47.88156170164595 ], [ 0.586691418531716, 47.881327758696507 ], [ 0.586689546001828, 47.881044995621835 ], [ 0.586704951775025, 47.880823814837562 ], [ 0.58669288397469, 47.880500324133557 ], [ 0.586597133153496, 47.880192219810631 ], [ 0.586582921426748, 47.880063170698996 ], [ 0.586573596885137, 47.879973839577559 ], [ 0.586567039364522, 47.879959018530769 ], [ 0.58635487536929, 47.880971564829942 ] ] ], [ [ [ 0.647587138674363, 47.810662502484618 ], [ 0.648136005860833, 47.81053641615933 ], [ 0.648406797276568, 47.810450328084812 ], [ 0.648567881068325, 47.810377472799544 ], [ 0.648531778123518, 47.810370767944789 ], [ 0.648431418465115, 47.810373256119789 ], [ 0.648306980432753, 47.810376161414595 ], [ 0.64825493663171, 47.810374216565009 ], [ 0.648218179880535, 47.810359072297899 ], [ 0.648187441440502, 47.810328741785504 ], [ 0.648168642731436, 47.810300451713225 ], [ 0.648134517215989, 47.810286260637831 ], [ 0.648045898438314, 47.810295287005061 ], [ 0.647999639297593, 47.810343881257566 ], [ 0.647921350968397, 47.810421546244875 ], [ 0.647889401414639, 47.810448817761937 ], [ 0.647832935685071, 47.810486402132561 ], [ 0.647574343814467, 47.810651389360181 ], [ 0.647545588338033, 47.810668863871868 ], [ 0.647587138674363, 47.810662502484618 ] ] ] ] } },
{ "type": "Feature", "properties": { "gid": 41279, "insee_dep": "72", "niveau": 1.0, "surf_m2": 255.305 }, "geometry": { "type": "Polygon", "coordinates": [ [ [ 0.446024113989581, 47.768059234153185 ], [ 0.446219255307658, 47.768116625930908 ], [ 0.44622759068217, 47.768036062986134 ], [ 0.446436078281091, 47.767686940199475 ], [ 0.446240437311468, 47.767914849644384 ], [ 0.446024113989581, 47.768059234153185 ] ] ] } },
{ "type": "Feature", "properties": { "gid": 42139, "insee_dep": "72", "niveau": 1.0, "surf_m2": 212478.639 }, "geometry": { "type": "Polygon", "coordinates": [ [ [ 0.401869734288456, 47.758722964780603 ], [ 0.40317314461292, 47.757748548348097 ], [ 0.403284295239298, 47.757626609866989 ], [ 0.40355284397807, 47.757087762361934 ], [ 0.403963640455598, 47.756543805794195 ], [ 0.404019622876779, 47.756285936813249 ], [ 0.404130949933705, 47.755964517504673 ], [ 0.404319585983332, 47.755688001733084 ], [ 0.404525893197972, 47.755482959740952 ], [ 0.404665424886361, 47.75496521355079 ], [ 0.404646175357083, 47.754626688931729 ], [ 0.4046981617399, 47.754229531726445 ], [ 0.404779400285504, 47.754045323459408 ], [ 0.405039707591021, 47.753672985387155 ], [ 0.404383505647909, 47.753576471324031 ], [ 0.404128458498552, 47.753520563038371 ], [ 0.403895137758561, 47.753431396856556 ], [ 0.403692959951296, 47.753312574962919 ], [ 0.40360616175125, 47.75324349896156 ], [ 0.403465523270907, 47.753089509034652 ], [ 0.403373376277423, 47.752919666522949 ], [ 0.403333441287116, 47.752740829667701 ], [ 0.403347329877376, 47.75256021870802 ], [ 0.403374366129592, 47.752471531895395 ], [ 0.403467262002925, 47.752301875236398 ], [ 0.403627948793731, 47.752077254587093 ], [ 0.403239084227128, 47.752102567073599 ], [ 0.40288651566672, 47.75206176437181 ], [ 0.402622581780406, 47.753273648108532 ], [ 0.402367701529093, 47.753864996921877 ], [ 0.402498046793258, 47.754427044253589 ], [ 0.402798013105966, 47.754470597867936 ], [ 0.403147639515584, 47.754591085069109 ], [ 0.403345090443486, 47.754707510133386 ], [ 0.403568820059222, 47.754925095056755 ], [ 0.403688983313134, 47.755177166220335 ], [ 0.403706016802579, 47.755353666608414 ], [ 0.403671534724592, 47.755529004519317 ], [ 0.40357047837418, 47.755809676414074 ], [ 0.403434928781733, 47.756054035626512 ], [ 0.403283570224801, 47.756220492330364 ], [ 0.403123520832188, 47.756358130062786 ], [ 0.402927016620769, 47.756472294295421 ], [ 0.402701476687887, 47.756558673845333 ], [ 0.402455419047612, 47.756614004941277 ], [ 0.402198137799795, 47.756636200067291 ], [ 0.401927779899113, 47.756623123383314 ], [ 0.40156864976512, 47.756680681498302 ], [ 0.401436589449571, 47.756797775911437 ], [ 0.401363511847537, 47.757167444938865 ], [ 0.40116285861734, 47.757760224012955 ], [ 0.400858679299356, 47.758208685434404 ], [ 0.400147776244786, 47.758886568838051 ], [ 0.399143453011052, 47.759707098997204 ], [ 0.398960575972971, 47.760037034204593 ], [ 0.398864578056757, 47.760328808107204 ], [ 0.398875253812886, 47.760436789808999 ], [ 0.398838027924638, 47.76101848124425 ], [ 0.398755401724605, 47.761372753257213 ], [ 0.398674301628222, 47.761565573921025 ], [ 0.398523210987592, 47.761802151008453 ], [ 0.398368589716821, 47.761956201717304 ], [ 0.398170303204197, 47.762085530386422 ], [ 0.398057369384709, 47.762139150211894 ], [ 0.397456180123116, 47.762341623168183 ], [ 0.39658948556843, 47.762529087406179 ], [ 0.396541174783309, 47.762614238514246 ], [ 0.396355208613779, 47.762820423525085 ], [ 0.396170496977719, 47.762945656260477 ], [ 0.396035187267323, 47.7630107796411 ], [ 0.395948151217785, 47.763103040611917 ], [ 0.395770062834782, 47.763236122270918 ], [ 0.395556390766447, 47.763342770445007 ], [ 0.395188009462224, 47.763444255174186 ], [ 0.394791626517906, 47.763468010700798 ], [ 0.394529203169217, 47.763439329653082 ], [ 0.394164249925343, 47.763332363152209 ], [ 0.39385301629994, 47.763180260107404 ], [ 0.393382760068365, 47.763183679436402 ], [ 0.393312270970331, 47.763766846085829 ], [ 0.393287477710456, 47.76386231460679 ], [ 0.393193108787186, 47.764045118696238 ], [ 0.393124626570242, 47.764130333523902 ], [ 0.392631450053386, 47.764597401316855 ], [ 0.392539450577695, 47.76466571775974 ], [ 0.392166616825616, 47.764879693346224 ], [ 0.392090846724123, 47.765126138693176 ], [ 0.392082844937924, 47.765399215583571 ], [ 0.392047909085318, 47.765630047578234 ], [ 0.392106389984652, 47.765633760082437 ], [ 0.392164595359212, 47.765639361129203 ], [ 0.392225610586127, 47.765385613458498 ], [ 0.392394437587309, 47.765143606447694 ], [ 0.392661281854965, 47.764945729629424 ], [ 0.393002586333421, 47.764809453929487 ], [ 0.393256798894954, 47.764759027817874 ], [ 0.393653181206258, 47.764748973376101 ], [ 0.393912295678191, 47.764786379824208 ], [ 0.394217469155781, 47.764852292238416 ], [ 0.394577318425126, 47.764877171523523 ], [ 0.394708926476687, 47.764685680216111 ], [ 0.394879153442605, 47.76453624181341 ], [ 0.394980717678537, 47.764471345904603 ], [ 0.39560623132052, 47.764176041665067 ], [ 0.39585575365785, 47.764085253040648 ], [ 0.396128085584897, 47.764032043198043 ], [ 0.396649424208795, 47.763969652898446 ], [ 0.396936258508381, 47.763956524630274 ], [ 0.397220609215082, 47.763985108649464 ], [ 0.397908644825264, 47.764103083879419 ], [ 0.398204895423151, 47.763992316064567 ], [ 0.398336495660701, 47.763957932776918 ], [ 0.398828506786853, 47.763852393409366 ], [ 0.399045765607288, 47.763826884389978 ], [ 0.399161656038109, 47.763771658813056 ], [ 0.399337373367238, 47.763612093592847 ], [ 0.399724052702461, 47.763140595540115 ], [ 0.399896981767194, 47.76260315651934 ], [ 0.39997349281385, 47.762431409129107 ], [ 0.400098983641844, 47.762273297384873 ], [ 0.400358005570879, 47.762013106266828 ], [ 0.400565101089987, 47.76184973341875 ], [ 0.400581001020339, 47.761579863834534 ], [ 0.400563269730683, 47.76090602958422 ], [ 0.400670613906184, 47.760210436610443 ], [ 0.400738847237918, 47.759949773214011 ], [ 0.400815616809653, 47.759769233658183 ], [ 0.401129152912984, 47.759360754736164 ], [ 0.401273253730765, 47.759214382586656 ], [ 0.401869734288456, 47.758722964780603 ] ] ] } },
{ "type": "Feature", "properties": { "gid": 46823, "insee_dep": "72", "niveau": 1.0, "surf_m2": 71.136 }, "geometry": { "type": "Polygon", "coordinates": [ [ [ 0.416515444244204, 47.699006571495154 ], [ 0.416515976868937, 47.698859716911109 ], [ 0.416399513265788, 47.69891595045717 ], [ 0.416515444244204, 47.699006571495154 ] ] ] } },
{ "type": "Feature", "properties": { "gid": 46898, "insee_dep": "72", "niveau": 1.0, "surf_m2": 77.925 }, "geometry": { "type": "Polygon", "coordinates": [ [ [ 0.509575443293454, 47.878270059761242 ], [ 0.509654968998973, 47.878287851767091 ], [ 0.509842382543065, 47.878349544785699 ], [ 0.509781353167572, 47.878255191497587 ], [ 0.509575443293454, 47.878270059761242 ] ] ] } },
{ "type": "Feature", "properties": { "gid": 47691, "insee_dep": "72", "niveau": 1.0, "surf_m2": 1131277.085 }, "geometry": { "type": "MultiPolygon", "coordinates": [ [ [ [ 0.657486445520418, 47.799697249720992 ], [ 0.657641468845774, 47.799847193318499 ], [ 0.657748346156164, 47.800015144113395 ], [ 0.657888643203521, 47.800454290617424 ], [ 0.657915589837164, 47.80064683546226 ], [ 0.657905901261868, 47.80074345434231 ], [ 0.657840759592082, 47.800931807315308 ], [ 0.657784169024945, 47.801040778688133 ], [ 0.658061686926672, 47.801356046118784 ], [ 0.658295323757424, 47.80178877353228 ], [ 0.658426625975141, 47.802093454932745 ], [ 0.658425450350821, 47.802171851148181 ], [ 0.658341513135437, 47.802359074969871 ], [ 0.658040476508768, 47.802511613783054 ], [ 0.657378690185607, 47.802887745361502 ], [ 0.656899667774518, 47.803097930914063 ], [ 0.656334761692305, 47.803370233332103 ], [ 0.65604027596315, 47.803549810643048 ], [ 0.655723265928842, 47.803799390342093 ], [ 0.655459973412153, 47.803949533625207 ], [ 0.655247635409454, 47.804039248192019 ], [ 0.654877508763987, 47.804100817947635 ], [ 0.654736806423514, 47.804139812482191 ], [ 0.653982660411632, 47.804383507737079 ], [ 0.653665160773505, 47.804526976479657 ], [ 0.652238851308013, 47.8054083198301 ], [ 0.65142259830429, 47.805980257488699 ], [ 0.64995649330519, 47.806946289069408 ], [ 0.650279047875279, 47.80727958292227 ], [ 0.650409988257041, 47.807371349477499 ], [ 0.650450622296161, 47.807480213854554 ], [ 0.650134908840041, 47.807637758307848 ], [ 0.651710096496527, 47.808469802859015 ], [ 0.652079553355936, 47.808608666346679 ], [ 0.652038258979263, 47.808635751718818 ], [ 0.652017234421445, 47.808657840754897 ], [ 0.65201116259467, 47.808704540530918 ], [ 0.651997753402531, 47.808735786276443 ], [ 0.651994049758533, 47.808759122783805 ], [ 0.651969599532139, 47.808798251002308 ], [ 0.651816718009132, 47.808900535767478 ], [ 0.6517367199254, 47.808956559057975 ], [ 0.651637484574868, 47.808994188531791 ], [ 0.651444712817153, 47.809061457740903 ], [ 0.651429109091007, 47.809081854493584 ], [ 0.651428815536275, 47.809118765512821 ], [ 0.651474189909251, 47.809180902929484 ], [ 0.65148764818496, 47.809209085432286 ], [ 0.651482648565624, 47.809231495536856 ], [ 0.651468905671108, 47.809300551843883 ], [ 0.651471863606776, 47.809354635853374 ], [ 0.651500855204723, 47.809424548617656 ], [ 0.651509408772937, 47.809442728283173 ], [ 0.651504791058912, 47.809486755928781 ], [ 0.651526421089528, 47.809511500543984 ], [ 0.651602169219383, 47.809551736306183 ], [ 0.651625834578081, 47.809590928280507 ], [ 0.651727983478281, 47.809699223918322 ], [ 0.651965858340021, 47.809851658034084 ], [ 0.651635240278202, 47.810104351501067 ], [ 0.651378871670461, 47.810249582380713 ], [ 0.651139520844809, 47.810372643528964 ], [ 0.651020894484793, 47.810455804834099 ], [ 0.650685832356499, 47.810627369566767 ], [ 0.650614280611162, 47.81067365691279 ], [ 0.650523888893073, 47.81069255414053 ], [ 0.650458132101346, 47.810698439048672 ], [ 0.650340188151074, 47.810675364776053 ], [ 0.650278374406667, 47.8106525154653 ], [ 0.650243190888844, 47.810632000925118 ], [ 0.650225567449726, 47.810607336425264 ], [ 0.650227316589566, 47.810567753374855 ], [ 0.650258446318171, 47.81052875945138 ], [ 0.650295474450181, 47.810477278022731 ], [ 0.65029576879887, 47.810440367034992 ], [ 0.650261340711451, 47.810402759814735 ], [ 0.65014403357284, 47.810365291502372 ], [ 0.650005375231512, 47.810296780887448 ], [ 0.649899484268451, 47.810212719822161 ], [ 0.649808688450936, 47.810180284890968 ], [ 0.649711318249331, 47.810175630810193 ], [ 0.649662883385828, 47.810182763087447 ], [ 0.649535917457228, 47.81021263134577 ], [ 0.649110726271318, 47.810276135183699 ], [ 0.649082044949898, 47.810289966392659 ], [ 0.649072003704302, 47.810335685982864 ], [ 0.649085513189388, 47.81048362463563 ], [ 0.649070749559391, 47.810545456904975 ], [ 0.649047950028563, 47.810577414350824 ], [ 0.649004260031394, 47.810598147738609 ], [ 0.648954091458538, 47.810614249072209 ], [ 0.64889367652214, 47.810620240275817 ], [ 0.648851020618154, 47.81061758363392 ], [ 0.648766066824027, 47.810604173775097 ], [ 0.648730883921445, 47.810583658780423 ], [ 0.648638906119843, 47.810487269946584 ], [ 0.64861372523614, 47.810421934980027 ], [ 0.648586134857831, 47.810380862795341 ], [ 0.648567881068325, 47.810377472799544 ], [ 0.648406797276568, 47.810450328084812 ], [ 0.648136005860833, 47.81053641615933 ], [ 0.647587138674363, 47.810662502484618 ], [ 0.647545588338033, 47.810668863871868 ], [ 0.647314733273244, 47.810809152280484 ], [ 0.647303873841143, 47.811187437651746 ], [ 0.647571876596558, 47.811115208119475 ], [ 0.648060317643817, 47.811014620697762 ], [ 0.648320874741066, 47.810980532398119 ], [ 0.648586294236795, 47.810981812041604 ], [ 0.648846100730268, 47.811018407885896 ], [ 0.649090042025303, 47.811088877118614 ], [ 0.649308490366085, 47.811190438916846 ], [ 0.649492825165462, 47.81131908384949 ], [ 0.649635771982229, 47.811469736418019 ], [ 0.64973157035091, 47.811636207966735 ], [ 0.64975604823467, 47.811709659225549 ], [ 0.649933174829671, 47.811617899266466 ], [ 0.650344183028111, 47.81144563716601 ], [ 0.650896057427099, 47.811312258085714 ], [ 0.651422262762682, 47.810903427737884 ], [ 0.65183825757353, 47.810651752355845 ], [ 0.65217609241248, 47.810506037638383 ], [ 0.652348278782217, 47.810389563310657 ], [ 0.652446699672573, 47.81025552697745 ], [ 0.652614319278275, 47.81010294433127 ], [ 0.653293756299203, 47.809692861320954 ], [ 0.654881494510546, 47.808578158404316 ], [ 0.655630468345745, 47.808145665878683 ], [ 0.656909807392731, 47.807222237802513 ], [ 0.657330447500825, 47.806969222737152 ], [ 0.657778145180746, 47.806758748542762 ], [ 0.658095844010146, 47.806655107872935 ], [ 0.658795511810392, 47.806545760980256 ], [ 0.659510944325971, 47.806155402246915 ], [ 0.659714731656261, 47.806073167257729 ], [ 0.660018561490925, 47.805978204483189 ], [ 0.660370526618095, 47.805923993018965 ], [ 0.660623277083112, 47.8059205143038 ], [ 0.660887349841156, 47.805938477443199 ], [ 0.661319637308345, 47.806027290438998 ], [ 0.661524712282448, 47.806097851599624 ], [ 0.661812463411029, 47.806224178635034 ], [ 0.662086236702946, 47.806416390872982 ], [ 0.662216845543523, 47.8065710714556 ], [ 0.662377824115069, 47.806855291000318 ], [ 0.662435118105082, 47.807114704762817 ], [ 0.662447010737165, 47.807308127566259 ], [ 0.662573512073018, 47.807101388666197 ], [ 0.663001537872268, 47.806586616992995 ], [ 0.663380947421941, 47.806287494886703 ], [ 0.664023301075154, 47.805891351633569 ], [ 0.6641339373735, 47.805804627339455 ], [ 0.664239060493195, 47.805643005016066 ], [ 0.664338741198907, 47.805344914252458 ], [ 0.66459513960789, 47.804928009035692 ], [ 0.664761143221091, 47.804767022473627 ], [ 0.665196344287152, 47.804489099195592 ], [ 0.66539491540551, 47.804387019931717 ], [ 0.665618222390412, 47.804311627875087 ], [ 0.66680021587551, 47.804080855154567 ], [ 0.667222585401307, 47.80394371551882 ], [ 0.667660718523982, 47.80369599824207 ], [ 0.668172244767718, 47.803501122779501 ], [ 0.668415336941436, 47.803441098467665 ], [ 0.668800644502387, 47.803412778477586 ], [ 0.668961280886198, 47.803416774836016 ], [ 0.669442264932818, 47.803119885834505 ], [ 0.669489509170283, 47.802947291459468 ], [ 0.669682448915624, 47.802502069546861 ], [ 0.669729214030004, 47.802412151019475 ], [ 0.66988838956442, 47.802203315231012 ], [ 0.669656491157885, 47.802149503936413 ], [ 0.669450749595049, 47.802072097682242 ], [ 0.669250682889712, 47.801958559739873 ], [ 0.669021371823881, 47.801744699406093 ], [ 0.66889395849035, 47.801495228796099 ], [ 0.668871424363963, 47.801319646150148 ], [ 0.668900109548333, 47.801144470266848 ], [ 0.668978911881855, 47.80097641966389 ], [ 0.669183975914883, 47.800751661772651 ], [ 0.66986454998398, 47.800206843567288 ], [ 0.670204383728043, 47.799996907102951 ], [ 0.670914658412197, 47.799572114837829 ], [ 0.671698411399156, 47.799152627887906 ], [ 0.672288141019533, 47.798868743944688 ], [ 0.672504715632471, 47.798781618045091 ], [ 0.672708864429542, 47.798724933612974 ], [ 0.672960857055342, 47.7986768913308 ], [ 0.673430941870065, 47.798644926386224 ], [ 0.673851171668386, 47.798633259020846 ], [ 0.674291854173181, 47.798650715632029 ], [ 0.674586111322881, 47.79867684994796 ], [ 0.674836325101391, 47.798724047016876 ], [ 0.675085734719995, 47.79879420603595 ], [ 0.675301214906855, 47.798892736689055 ], [ 0.675464403247803, 47.798316505218231 ], [ 0.675738905881912, 47.797845040282894 ], [ 0.675902080883759, 47.797681129786696 ], [ 0.676510972673452, 47.797189588068093 ], [ 0.676989413265106, 47.796873136383631 ], [ 0.677229069112563, 47.796768826906074 ], [ 0.678025137243554, 47.796504340501727 ], [ 0.67840060010521, 47.796408931296448 ], [ 0.678709661400397, 47.796357701144345 ], [ 0.679613887150779, 47.796283123020743 ], [ 0.680266211587898, 47.796205323309053 ], [ 0.680836251576789, 47.796158121273741 ], [ 0.681417562509348, 47.796126910207811 ], [ 0.682377124966725, 47.796110193923937 ], [ 0.682818106594139, 47.796088036520473 ], [ 0.683733490831474, 47.796093606444039 ], [ 0.684061898019555, 47.796075459317095 ], [ 0.684406556954675, 47.795869453552662 ], [ 0.684932428805413, 47.795606444866827 ], [ 0.685180027358365, 47.795527148398392 ], [ 0.685512474669965, 47.795467894258152 ], [ 0.685908498091387, 47.795362598400352 ], [ 0.686458921630851, 47.795193540216125 ], [ 0.686977979001365, 47.794968721958398 ], [ 0.687496566745302, 47.794772368475897 ], [ 0.687722537680394, 47.794718382476304 ], [ 0.688104489736893, 47.794672910103962 ], [ 0.688453151322816, 47.794393033905301 ], [ 0.688686858390995, 47.794269563931351 ], [ 0.688966827570764, 47.79415298033873 ], [ 0.690874511586099, 47.79358596773303 ], [ 0.691744930216216, 47.793283938966063 ], [ 0.693030660462, 47.792809113312472 ], [ 0.693239272044565, 47.792700059122048 ], [ 0.693287053109239, 47.792430100034409 ], [ 0.692878553361766, 47.79253321798744 ], [ 0.692535646485873, 47.792569721477882 ], [ 0.692295705064755, 47.792576712918958 ], [ 0.691821865757218, 47.79252965775585 ], [ 0.691452698156958, 47.792437209265117 ], [ 0.691231713923407, 47.792360732463507 ], [ 0.690772963364969, 47.792567108253628 ], [ 0.690162815385579, 47.792763324560603 ], [ 0.689677367149856, 47.792892583775512 ], [ 0.689213835628872, 47.792974441874669 ], [ 0.689148791237453, 47.793200100295245 ], [ 0.689073275042454, 47.793365304913657 ], [ 0.688876063612129, 47.793587375338397 ], [ 0.688609198527832, 47.793770727656877 ], [ 0.688401021213516, 47.793875645904727 ], [ 0.688144669299858, 47.793973154485911 ], [ 0.687856902749998, 47.794049179154342 ], [ 0.68754325861107, 47.794091406048977 ], [ 0.687328478536487, 47.794104113697479 ], [ 0.687014914432479, 47.794101828203651 ], [ 0.686776088467665, 47.794073365238319 ], [ 0.686250969813451, 47.793951845986804 ], [ 0.686019764869337, 47.793874862199672 ], [ 0.685814826937015, 47.793769372159723 ], [ 0.685652423395909, 47.793646861538249 ], [ 0.685165774623826, 47.793727072108375 ], [ 0.684064763498864, 47.793959281398685 ], [ 0.683868570244436, 47.794020436503367 ], [ 0.683761854920597, 47.794063085040541 ], [ 0.683115714377544, 47.794431018067115 ], [ 0.682956050876015, 47.794544084188182 ], [ 0.682550361846199, 47.794760078702673 ], [ 0.682309306969365, 47.794917808599052 ], [ 0.682073776426281, 47.795051918835163 ], [ 0.681631955215988, 47.795240136253696 ], [ 0.680945347475139, 47.795431082738077 ], [ 0.680266399132688, 47.795567895755767 ], [ 0.678803175512428, 47.795694867028409 ], [ 0.678625470765056, 47.79577438085537 ], [ 0.678403663804371, 47.795971774628221 ], [ 0.677935570114714, 47.796289865954094 ], [ 0.677491297529738, 47.796502453059027 ], [ 0.677392630409394, 47.796575199518358 ], [ 0.67719113488137, 47.796684811191916 ], [ 0.676899776619788, 47.796793550064393 ], [ 0.676650189710399, 47.796843591413641 ], [ 0.676390935224684, 47.796860050588982 ], [ 0.676000926595932, 47.796819656785424 ], [ 0.675701003523132, 47.796833988587892 ], [ 0.67501624948438, 47.796804403812367 ], [ 0.674685101222985, 47.796841371848252 ], [ 0.674467407200099, 47.796923008529731 ], [ 0.674353077697886, 47.797019619439872 ], [ 0.674133987499203, 47.797149688809213 ], [ 0.673503783326203, 47.797384596123649 ], [ 0.672524146996532, 47.797609832270737 ], [ 0.672229766488997, 47.797748839975739 ], [ 0.671778358757801, 47.797895101064874 ], [ 0.671307587174987, 47.798000195942734 ], [ 0.670744996074679, 47.798088480656112 ], [ 0.670650594767564, 47.798196670981895 ], [ 0.670502987574926, 47.798319724408245 ], [ 0.670237046548006, 47.798500880000191 ], [ 0.669963406906991, 47.798655634006586 ], [ 0.669636908030782, 47.798800243651712 ], [ 0.669352360019097, 47.79889669375622 ], [ 0.66872579198294, 47.799041413563778 ], [ 0.668233413009422, 47.799305603132389 ], [ 0.66770614665258, 47.799641658574195 ], [ 0.667489417561367, 47.799829094775255 ], [ 0.667338416256857, 47.800034412199231 ], [ 0.66710682178956, 47.800427270551872 ], [ 0.666976656541523, 47.800583675141276 ], [ 0.666803054037583, 47.800719588320206 ], [ 0.666476686103378, 47.800873513080838 ], [ 0.666097456944402, 47.800955746699032 ], [ 0.665831824979381, 47.800966842518299 ], [ 0.66544042417314, 47.800916798784606 ], [ 0.665088335427687, 47.800791212853817 ], [ 0.664891145463197, 47.800670787660614 ], [ 0.664671163736607, 47.800447006913672 ], [ 0.664558912495249, 47.80018946922366 ], [ 0.664549284994376, 47.800010273520478 ], [ 0.664570349346141, 47.799787428012692 ], [ 0.664421921671898, 47.799976394893584 ], [ 0.664237246929643, 47.800132806683052 ], [ 0.66402540634721, 47.800254524816189 ], [ 0.663491823248757, 47.800423847856749 ], [ 0.663258115602481, 47.800479328200602 ], [ 0.66283569225807, 47.800528660354971 ], [ 0.66235121593034, 47.800392608571769 ], [ 0.662008765335395, 47.800211258263083 ], [ 0.661747840894537, 47.800043531978297 ], [ 0.661681959230622, 47.799973163522807 ], [ 0.66196152489756, 47.799551593810101 ], [ 0.662064191033027, 47.799239945639904 ], [ 0.662068414025958, 47.799045188473784 ], [ 0.661992995140303, 47.799303161101236 ], [ 0.661884333558551, 47.799467550268893 ], [ 0.661729303056741, 47.799614088848834 ], [ 0.661534101279802, 47.799736917118594 ], [ 0.661306533508581, 47.799831124058635 ], [ 0.661055698028389, 47.799892942799879 ], [ 0.660791621202203, 47.79991990364519 ], [ 0.660524863075563, 47.799910927066165 ], [ 0.660266087512848, 47.799866371859615 ], [ 0.660095732202577, 47.799813853026883 ], [ 0.659896429005277, 47.799781123124404 ], [ 0.65965273368396, 47.799717236906965 ], [ 0.659432181180349, 47.799622587032104 ], [ 0.659243223805774, 47.799500800081496 ], [ 0.65909310117626, 47.799356543634076 ], [ 0.658952853705141, 47.799110305215379 ], [ 0.658921204716175, 47.798935416417677 ], [ 0.658940193615245, 47.798674965436057 ], [ 0.658725024567598, 47.798687745719135 ], [ 0.657107078339756, 47.798706685045644 ], [ 0.655936391447507, 47.798690086236583 ], [ 0.654934498931529, 47.798609641066797 ], [ 0.655344310121124, 47.798745554642835 ], [ 0.655547591833834, 47.798828889000774 ], [ 0.656270486025003, 47.799188339602161 ], [ 0.656495905727777, 47.799330654706715 ], [ 0.657059243847532, 47.79947511008713 ], [ 0.657289666087868, 47.799571493490959 ], [ 0.657486445520418, 47.799697249720992 ] ] ], [ [ [ 0.641881207111347, 47.812775445857248 ], [ 0.641715065555761, 47.813005470016201 ], [ 0.641715899067652, 47.813005840853883 ], [ 0.641745385629322, 47.812966250363637 ], [ 0.641912327129417, 47.812749944869495 ], [ 0.641881207111347, 47.812775445857248 ] ] ] ] } },
{ "type": "Feature", "properties": { "gid": 48552, "insee_dep": "72", "niveau": 1.0, "surf_m2": 345033.764 }, "geometry": { "type": "Polygon", "coordinates": [ [ [ 0.436793475046993, 47.859318503289259 ], [ 0.436081280951408, 47.859355172031336 ], [ 0.435941227378432, 47.859441366063663 ], [ 0.436538306893321, 47.859702137044344 ], [ 0.436724068004919, 47.859799953828563 ], [ 0.43731553695088, 47.860239256795033 ], [ 0.437455306780098, 47.860364805684405 ], [ 0.437841305319552, 47.860783099266612 ], [ 0.437959263416946, 47.860945245677385 ], [ 0.438026758368369, 47.861119974018891 ], [ 0.438086898291572, 47.861380934545011 ], [ 0.438129350500839, 47.861754519155987 ], [ 0.438063400221712, 47.862018356134527 ], [ 0.437888729955145, 47.862378050432056 ], [ 0.437780056369998, 47.862543384634677 ], [ 0.437624470294877, 47.86269076618737 ], [ 0.437346689798682, 47.862904636011223 ], [ 0.43672566253027, 47.863613924441474 ], [ 0.43608056037837, 47.864134865514082 ], [ 0.43686062946451, 47.863546243436033 ], [ 0.437652491195239, 47.863087909372723 ], [ 0.437859459004527, 47.863003518933183 ], [ 0.438030902573846, 47.862957743756219 ], [ 0.438126986392864, 47.862493596796462 ], [ 0.438201993696217, 47.862297056346186 ], [ 0.438577947478791, 47.861801498893435 ], [ 0.439029696896373, 47.861393103779726 ], [ 0.440251172245283, 47.860672381271371 ], [ 0.440438821237807, 47.860594486687944 ], [ 0.440998992002351, 47.860408252494558 ], [ 0.44184983033812, 47.860255127112062 ], [ 0.442989650626677, 47.860235315650783 ], [ 0.443695139464808, 47.860317403056619 ], [ 0.443580087127187, 47.859950246427509 ], [ 0.44356652663505, 47.859716857940548 ], [ 0.443683956035163, 47.859257936304616 ], [ 0.443809250347124, 47.859007708065356 ], [ 0.443950777820963, 47.858859244135232 ], [ 0.444236518254682, 47.858678289586983 ], [ 0.444407391105604, 47.858609059399797 ], [ 0.444961581988077, 47.858437308103412 ], [ 0.445276618599699, 47.858278575115307 ], [ 0.445499675904801, 47.858187622767602 ], [ 0.44587260106999, 47.858109831577707 ], [ 0.446132989166101, 47.858099939033771 ], [ 0.446516553795472, 47.858148989271925 ], [ 0.446862721366019, 47.858270507139629 ], [ 0.447057943127353, 47.858386894347731 ], [ 0.44727893835017, 47.858603509429585 ], [ 0.447397552445416, 47.858853849424868 ], [ 0.447403672068215, 47.859116576107091 ], [ 0.447298844938349, 47.859652728227964 ], [ 0.447801558048039, 47.859550496759532 ], [ 0.448248532183268, 47.859432997091922 ], [ 0.448593492488823, 47.859289202058193 ], [ 0.448832108798607, 47.859210622836244 ], [ 0.449978680940394, 47.859003965808341 ], [ 0.450779230587513, 47.858816459074404 ], [ 0.451216429113142, 47.85865518524475 ], [ 0.451718217931543, 47.858512384942443 ], [ 0.451825142984443, 47.858444003221777 ], [ 0.452089695945657, 47.858138662412173 ], [ 0.452278319543766, 47.858009915402739 ], [ 0.452501375255641, 47.857909139499384 ], [ 0.453373178494066, 47.857602198435835 ], [ 0.454185681579259, 47.857385076623771 ], [ 0.454441476913553, 47.857228654487926 ], [ 0.454734364891669, 47.857154085096141 ], [ 0.455550018967648, 47.856992169089075 ], [ 0.455840303152315, 47.856921396254435 ], [ 0.45615871188536, 47.856895202908902 ], [ 0.457206021919818, 47.856713109554995 ], [ 0.456988407487259, 47.856697104132209 ], [ 0.456732542822253, 47.856660983795926 ], [ 0.456380399236513, 47.856546050579475 ], [ 0.456092780601189, 47.85636742273114 ], [ 0.455894324077847, 47.856140401720708 ], [ 0.455802024471774, 47.85588443284415 ], [ 0.455823789020197, 47.855621441143342 ], [ 0.455957750568094, 47.855373954246062 ], [ 0.456104095100611, 47.855228155185671 ], [ 0.456289789368024, 47.85510430622616 ], [ 0.456626241565689, 47.854969768464493 ], [ 0.456876652187918, 47.854919232550735 ], [ 0.45713851723488, 47.854898018422958 ], [ 0.457387850414531, 47.854852337649206 ], [ 0.457870385839242, 47.854807391914413 ], [ 0.459656148674895, 47.854778246475327 ], [ 0.459670205713091, 47.854625394159726 ], [ 0.459757520496566, 47.854418425468161 ], [ 0.459845826507391, 47.854298272261055 ], [ 0.458851041580561, 47.854199985911869 ], [ 0.457217846691451, 47.854123537085208 ], [ 0.455832906904235, 47.854161032897501 ], [ 0.455513784612014, 47.854146036124305 ], [ 0.455661821439602, 47.854319778373949 ], [ 0.455768568053734, 47.854479644566808 ], [ 0.455837805106941, 47.854737854434518 ], [ 0.455793447868714, 47.854998532729759 ], [ 0.455639263740914, 47.855239521594108 ], [ 0.455388359173514, 47.855440337748675 ], [ 0.455177597998881, 47.855543281177624 ], [ 0.454816135687528, 47.855641568106442 ], [ 0.454521798115032, 47.855665898409214 ], [ 0.454407036592242, 47.855765612220623 ], [ 0.454214787474153, 47.855886032946941 ], [ 0.453870452273546, 47.856013727657363 ], [ 0.453616497939315, 47.85605877761077 ], [ 0.453223377526589, 47.856061903561667 ], [ 0.452967912518833, 47.856020904877134 ], [ 0.452619190880233, 47.855898721753512 ], [ 0.452422767464514, 47.855781391921944 ], [ 0.452264207660518, 47.855640486336952 ], [ 0.452110276226545, 47.855397009867069 ], [ 0.452068682529838, 47.855170376564544 ], [ 0.452003294971779, 47.855155050213654 ], [ 0.451740743833533, 47.85508407697256 ], [ 0.451634213085709, 47.855155115424019 ], [ 0.450935363244603, 47.855464084475123 ], [ 0.45038913702924, 47.855751097903841 ], [ 0.450280438826036, 47.855821735968533 ], [ 0.450091693878473, 47.855985041350671 ], [ 0.449862091232809, 47.856236155074185 ], [ 0.449619568668997, 47.856438832665269 ], [ 0.449570151057484, 47.856456975645031 ], [ 0.449270675737695, 47.856523757595127 ], [ 0.448521352221612, 47.856527654152643 ], [ 0.448107114496594, 47.856556242274102 ], [ 0.447642704877602, 47.856612908392144 ], [ 0.447063535519176, 47.85687958776488 ], [ 0.446790270411012, 47.856976342117655 ], [ 0.446147013283523, 47.857139982522114 ], [ 0.445921609558722, 47.857170181331966 ], [ 0.445437541444536, 47.857206312501013 ], [ 0.445217360172606, 47.857398045610474 ], [ 0.444908717566279, 47.857550069706612 ], [ 0.444672687452202, 47.857615854072002 ], [ 0.444105771707389, 47.857732606548431 ], [ 0.443966040867665, 47.857755928745291 ], [ 0.443679486014959, 47.857771687132718 ], [ 0.442872712393655, 47.857703891505516 ], [ 0.4428666054177, 47.857884825711487 ], [ 0.442762394668491, 47.858138271850379 ], [ 0.442633986009963, 47.858291208528918 ], [ 0.442409387235966, 47.858469616081202 ], [ 0.442254500307735, 47.858562147465022 ], [ 0.442029056565869, 47.858666883612905 ], [ 0.44177662856017, 47.858738504340664 ], [ 0.441468416403789, 47.8587764271577 ], [ 0.441091713301206, 47.858956068711784 ], [ 0.440765231648917, 47.859056175860118 ], [ 0.440337597654017, 47.859145669768459 ], [ 0.440075642009233, 47.859156991222811 ], [ 0.439815446042842, 47.859133657536368 ], [ 0.439567036795216, 47.859076565647037 ], [ 0.439339983616604, 47.858987917256741 ], [ 0.43914303723359, 47.858871127192131 ], [ 0.438980834527319, 47.858727098254775 ], [ 0.438947311750979, 47.858686234494471 ], [ 0.438329881099029, 47.858983128463748 ], [ 0.438017161693691, 47.859094749311524 ], [ 0.436793475046993, 47.859318503289259 ] ] ] } },
{ "type": "Feature", "properties": { "gid": 49396, "insee_dep": "72", "niveau": 1.0, "surf_m2": 1824.728 }, "geometry": { "type": "Polygon", "coordinates": [ [ [ 0.586961834016623, 47.721403612243385 ], [ 0.586805948487194, 47.721304769391949 ], [ 0.586666244275193, 47.721184061537912 ], [ 0.586326962768896, 47.72159470997002 ], [ 0.586040620820766, 47.721821154784948 ], [ 0.586206862790034, 47.721970660725475 ], [ 0.586559381624101, 47.721641092897997 ], [ 0.586961834016623, 47.721403612243385 ] ] ] } },
{ "type": "Feature", "properties": { "gid": 49397, "insee_dep": "72", "niveau": 1.0, "surf_m2": 167933.84 }, "geometry": { "type": "Polygon", "coordinates": [ [ [ 0.584954558960958, 47.878872877023518 ], [ 0.584880538316334, 47.878701173682671 ], [ 0.584851444863586, 47.878520222298754 ], [ 0.584839301722553, 47.878587020551407 ], [ 0.583966842193456, 47.879694419343146 ], [ 0.583827456611667, 47.879899258642695 ], [ 0.583759690313595, 47.880085920449822 ], [ 0.583736338405999, 47.880498089395203 ], [ 0.583596422783846, 47.880663418808489 ], [ 0.583438160876914, 47.880799815012594 ], [ 0.583095268619601, 47.881029129116548 ], [ 0.582963703540957, 47.881138810512532 ], [ 0.582799356455462, 47.881349746941858 ], [ 0.582707411961869, 47.881575918321573 ], [ 0.582694945692919, 47.88166926327748 ], [ 0.582698390500511, 47.881703967440714 ], [ 0.58278029611897, 47.881711862603574 ], [ 0.583109420131007, 47.881715040240017 ], [ 0.583542753165622, 47.88175187685588 ], [ 0.584056471505625, 47.881816478403032 ], [ 0.584356013271707, 47.881822645066912 ], [ 0.584654202989756, 47.881770257325073 ], [ 0.584922098555376, 47.881677627888457 ], [ 0.585060460398187, 47.881637256367334 ], [ 0.58521147075566, 47.881583639019738 ], [ 0.58533102607049, 47.881456442062074 ], [ 0.58606214447947, 47.881626352640176 ], [ 0.586145622962532, 47.881615341891695 ], [ 0.586230473459229, 47.881409317111924 ], [ 0.58635487536929, 47.880971564829942 ], [ 0.586567039364522, 47.879959018530769 ], [ 0.586446152050265, 47.879685792269903 ], [ 0.586331477587513, 47.879540300333275 ], [ 0.586181474968806, 47.879436914559655 ], [ 0.585937935782468, 47.879420652164846 ], [ 0.585683558513016, 47.879368906678323 ], [ 0.585449405941773, 47.879284356612558 ], [ 0.585244717136352, 47.87917033730087 ], [ 0.585077569727372, 47.879031349649665 ], [ 0.584954558960958, 47.878872877023518 ] ] ] } },
{ "type": "Feature", "properties": { "gid": 49407, "insee_dep": "72", "niveau": 1.0, "surf_m2": 269.074 }, "geometry": { "type": "Polygon", "coordinates": [ [ [ 0.465938208486055, 47.715963124640979 ], [ 0.466078765691289, 47.715964653244953 ], [ 0.466057775024075, 47.715869683068647 ], [ 0.4660596206014, 47.71569331481485 ], [ 0.46615732055284, 47.715437652608109 ], [ 0.466264363069743, 47.715302339784891 ], [ 0.466124468144847, 47.715425451117177 ], [ 0.465938208486055, 47.715963124640979 ] ] ] } },
{ "type": "Feature", "properties": { "gid": 49405, "insee_dep": "72", "niveau": 1.0, "surf_m2": 266719.691 }, "geometry": { "type": "Polygon", "coordinates": [ [ [ 0.392252250383192, 47.648588861762384 ], [ 0.392010510035325, 47.648055229791012 ], [ 0.39191408275265, 47.647496099510057 ], [ 0.391912271006003, 47.647313522237027 ], [ 0.391965019351007, 47.647134454237658 ], [ 0.392192362659195, 47.646634427986001 ], [ 0.392527792837406, 47.646084049760404 ], [ 0.391896946479538, 47.645841961669859 ], [ 0.391692508832783, 47.645720132325842 ], [ 0.391605185883605, 47.645649265014171 ], [ 0.391260543937001, 47.645270438576318 ], [ 0.391151953863145, 47.645116937222603 ], [ 0.391088047172082, 47.644952369543361 ], [ 0.391071107981397, 47.644782614329735 ], [ 0.391101742683459, 47.644613737996103 ], [ 0.391277098189388, 47.644105084042998 ], [ 0.39169418789139, 47.643524638085992 ], [ 0.392292522958595, 47.642869490080614 ], [ 0.392474699744466, 47.642493228722806 ], [ 0.392406102274193, 47.642488395703523 ], [ 0.391915372477815, 47.6424470214452 ], [ 0.391673081988738, 47.642410747737678 ], [ 0.391105391106887, 47.642246972605001 ], [ 0.3909107800642, 47.642160904304532 ], [ 0.390455054916231, 47.641918454315423 ], [ 0.389908695699859, 47.641544848878674 ], [ 0.389856945301585, 47.64165528696477 ], [ 0.389672384442396, 47.642840942596422 ], [ 0.389433523930667, 47.643654766862788 ], [ 0.389332916135835, 47.643861875024051 ], [ 0.38889155490349, 47.644497764508735 ], [ 0.38874018404793, 47.644665400240676 ], [ 0.388211975515619, 47.645127989092543 ], [ 0.388058012550545, 47.645241303832478 ], [ 0.387379666984142, 47.645594691022588 ], [ 0.386689021005208, 47.645843540006219 ], [ 0.386462284619565, 47.645906744996374 ], [ 0.386099765436648, 47.645946464111923 ], [ 0.385855091643075, 47.645934907711784 ], [ 0.385177492463024, 47.645851494265848 ], [ 0.385146362292567, 47.64595143088021 ], [ 0.385046385623138, 47.646126503179708 ], [ 0.384638110513549, 47.646515558209472 ], [ 0.384885411372505, 47.646610828814758 ], [ 0.385085492544864, 47.64673149565364 ], [ 0.385245750419931, 47.646876799631087 ], [ 0.385418853911986, 47.647115276569735 ], [ 0.385502530530425, 47.647272084755109 ], [ 0.385541983239211, 47.647436630617619 ], [ 0.385527896940099, 47.647828068896985 ], [ 0.386229260206713, 47.647701441626637 ], [ 0.386492673746254, 47.647689141023513 ], [ 0.38675450171418, 47.647712192905743 ], [ 0.387121884977603, 47.647810704177722 ], [ 0.387665651706169, 47.648070867864909 ], [ 0.387864640602694, 47.648190234435901 ], [ 0.388024549792363, 47.648333944998448 ], [ 0.388177671409694, 47.648582402859809 ], [ 0.388421821307593, 47.649389440203784 ], [ 0.388481905546666, 47.649760716794042 ], [ 0.388871273137679, 47.650026131703676 ], [ 0.389208773997954, 47.650399962799042 ], [ 0.389347931083201, 47.650623917709659 ], [ 0.389510987430419, 47.65047239099458 ], [ 0.389707826423191, 47.650351909203671 ], [ 0.390594514423838, 47.649990532719116 ], [ 0.392258830941938, 47.649173758711349 ], [ 0.392286270702696, 47.648975968157458 ], [ 0.392252250383192, 47.648588861762384 ] ] ] } },
{ "type": "Feature", "properties": { "gid": 49408, "insee_dep": "72", "niveau": 1.0, "surf_m2": 61581.035 }, "geometry": { "type": "Polygon", "coordinates": [ [ [ 0.415145073605445, 47.834591175048416 ], [ 0.415130057944717, 47.834770890183428 ], [ 0.415062227945939, 47.83494499960225 ], [ 0.414886814058513, 47.835185724512279 ], [ 0.414634206412202, 47.835386953568388 ], [ 0.414422100406541, 47.83548982501668 ], [ 0.414058603547709, 47.835587407304637 ], [ 0.41401307642407, 47.835593097261885 ], [ 0.414218966963766, 47.835652607728861 ], [ 0.414451722022058, 47.83575738326158 ], [ 0.414803944637493, 47.835931038587773 ], [ 0.414971034520594, 47.836037181716485 ], [ 0.415414121501685, 47.836245111884566 ], [ 0.415632750782968, 47.836330866896411 ], [ 0.415987839805083, 47.836442999467408 ], [ 0.416117386200902, 47.836505926764524 ], [ 0.416773228965454, 47.837039421594426 ], [ 0.417174772936226, 47.83730000791514 ], [ 0.417423351307041, 47.83742426097475 ], [ 0.418168169051253, 47.837883602989372 ], [ 0.418405861483285, 47.838140009891561 ], [ 0.418517621217518, 47.838140234844651 ], [ 0.419057366035967, 47.838124120298922 ], [ 0.419158032682064, 47.837918751386503 ], [ 0.419293767244616, 47.837767223197517 ], [ 0.419411963432439, 47.837675920129101 ], [ 0.41950799944455, 47.837616168274195 ], [ 0.41859536643379, 47.836914762926078 ], [ 0.418466790944537, 47.836884606732177 ], [ 0.418237656241256, 47.836803226393812 ], [ 0.417893611356382, 47.836611078770439 ], [ 0.417496046678108, 47.836311135034471 ], [ 0.417267214361106, 47.836077366336141 ], [ 0.416933348406266, 47.835566656646627 ], [ 0.416874122965023, 47.835395487455244 ], [ 0.416880223509421, 47.835132415413582 ], [ 0.416947353531208, 47.834962573260022 ], [ 0.4170017861942, 47.834878442870647 ], [ 0.417057356428444, 47.834810693881998 ], [ 0.41673639068651, 47.834677205723217 ], [ 0.416533927647981, 47.834563331066626 ], [ 0.416368624238859, 47.83442490117627 ], [ 0.416006857675905, 47.834044309703813 ], [ 0.415924710210727, 47.834043847022549 ], [ 0.415682113459163, 47.83402090929669 ], [ 0.415435961423442, 47.833963857108579 ], [ 0.415057697342449, 47.833801402854071 ], [ 0.415119816077921, 47.83405437667858 ], [ 0.415104374653391, 47.83422714605291 ], [ 0.41506960057236, 47.834330716515574 ], [ 0.415145073605445, 47.834591175048416 ] ] ] } },
{ "type": "Feature", "properties": { "gid": 50278, "insee_dep": "72", "niveau": 1.0, "surf_m2": 1743.052 }, "geometry": { "type": "Polygon", "coordinates": [ [ [ 0.45205530514723, 47.879903476858374 ], [ 0.45191369529461, 47.879799104311566 ], [ 0.451789033225868, 47.879669592703493 ], [ 0.451566075287112, 47.879670230605591 ], [ 0.451587726997463, 47.880008711116865 ], [ 0.451463293898604, 47.880490535641115 ], [ 0.45205530514723, 47.879903476858374 ] ] ] } },
{ "type": "Feature", "properties": { "gid": 50765, "insee_dep": "72", "niveau": 1.0, "surf_m2": 3407.969 }, "geometry": { "type": "Polygon", "coordinates": [ [ [ 0.3307574296368, 47.71812234576241 ], [ 0.330880554188069, 47.718267080549097 ], [ 0.331287278267271, 47.717936194489091 ], [ 0.331664560794852, 47.717715623066653 ], [ 0.33143866794414, 47.717573818224722 ], [ 0.331271146861179, 47.717446699381178 ], [ 0.331189689612845, 47.717362358076635 ], [ 0.331139548259144, 47.717452441259418 ], [ 0.331007926712664, 47.717609039477608 ], [ 0.330755073891916, 47.717811915395856 ], [ 0.330536594475751, 47.717946284195456 ], [ 0.3307574296368, 47.71812234576241 ] ] ] } },
{ "type": "Feature", "properties": { "gid": 51993, "insee_dep": "72", "niveau": 1.0, "surf_m2": 7902.972 }, "geometry": { "type": "Polygon", "coordinates": [ [ [ 0.409596930488607, 47.656557995424052 ], [ 0.409081678557509, 47.656587837804793 ], [ 0.408984014758912, 47.656874916429459 ], [ 0.410534596777278, 47.656855367881647 ], [ 0.411205544201919, 47.656753774896941 ], [ 0.412111189973144, 47.656544218336279 ], [ 0.411797876817202, 47.65652552977496 ], [ 0.410640639811495, 47.656380409806566 ], [ 0.410380093281847, 47.656327874394329 ], [ 0.410115187349103, 47.65645366340901 ], [ 0.409863976580564, 47.656523783010407 ], [ 0.409596930488607, 47.656557995424052 ] ] ] } },
{ "type": "Feature", "properties": { "gid": 53795, "insee_dep": "72", "niveau": 1.0, "surf_m2": 59216.993 }, "geometry": { "type": "Polygon", "coordinates": [ [ [ 0.40211064509512, 47.699104613698552 ], [ 0.402177730500603, 47.698942792825527 ], [ 0.402288202720429, 47.6987922102863 ], [ 0.402438210508921, 47.698658114404523 ], [ 0.403464262882138, 47.697919758813832 ], [ 0.403358369300772, 47.697812123114119 ], [ 0.402593018976559, 47.698060514005377 ], [ 0.400672889706012, 47.698610768298899 ], [ 0.39915031549149, 47.699214783247562 ], [ 0.397959108392887, 47.699879074766777 ], [ 0.397886865869693, 47.699939361508491 ], [ 0.398837081888248, 47.700219213162796 ], [ 0.399062502563356, 47.700303991740633 ], [ 0.399345004878769, 47.700481862913975 ], [ 0.399485968979578, 47.700627769599592 ], [ 0.399564584566167, 47.700754295492956 ], [ 0.399722753759488, 47.700713600157719 ], [ 0.399986232822083, 47.700679012438222 ], [ 0.400120499450438, 47.700675309457971 ], [ 0.400387279692128, 47.700695275190604 ], [ 0.400642731169153, 47.700750906246768 ], [ 0.401304329666239, 47.700946552372855 ], [ 0.401573402254303, 47.70100224361282 ], [ 0.401669899423563, 47.700870297023151 ], [ 0.401732614305577, 47.700711180088724 ], [ 0.401873159259494, 47.699988641514651 ], [ 0.40211064509512, 47.699104613698552 ] ] ] } },
{ "type": "Feature", "properties": { "gid": 53829, "insee_dep": "72", "niveau": 1.0, "surf_m2": 172450.825 }, "geometry": { "type": "Polygon", "coordinates": [ [ [ 0.47709709886459, 47.866492676556135 ], [ 0.476854133044169, 47.866279786055323 ], [ 0.476743037778474, 47.866134070108181 ], [ 0.476734395494475, 47.86611748892981 ], [ 0.476409863276292, 47.86648603793941 ], [ 0.476094271775779, 47.866780587263506 ], [ 0.475632076433172, 47.867116924035507 ], [ 0.475151531061752, 47.867526316902051 ], [ 0.474468581462762, 47.86804832270694 ], [ 0.474261178836534, 47.868227942370602 ], [ 0.474094442919319, 47.868350724266037 ], [ 0.473524815895856, 47.868794206724843 ], [ 0.473127931023112, 47.869045703187574 ], [ 0.472777128974444, 47.869214897352713 ], [ 0.472090374510324, 47.869590189446711 ], [ 0.470465621765138, 47.870259075567127 ], [ 0.469655478694184, 47.870755693457482 ], [ 0.469318172420903, 47.87090678610911 ], [ 0.468744423028686, 47.871109518928378 ], [ 0.468054036458801, 47.871285149689584 ], [ 0.467707994960117, 47.871325907851492 ], [ 0.466805689606828, 47.871351426192554 ], [ 0.466706699497452, 47.871364347743985 ], [ 0.466911967916889, 47.871397992226299 ], [ 0.467329641410365, 47.871524184563967 ], [ 0.468471195909611, 47.872098976979608 ], [ 0.469068561568346, 47.87254144086139 ], [ 0.469268303249201, 47.872762751967869 ], [ 0.469367357400788, 47.872929487803574 ], [ 0.469749647174623, 47.873366665377802 ], [ 0.470060631832251, 47.873952096044775 ], [ 0.470178836872176, 47.874260665562481 ], [ 0.470214141743429, 47.874416144355912 ], [ 0.470267383180065, 47.875077764534652 ], [ 0.470200004176996, 47.875349411126884 ], [ 0.470197165998233, 47.875519154262577 ], [ 0.470117303400243, 47.875797053483147 ], [ 0.471094198273739, 47.875362061884928 ], [ 0.471493066430498, 47.875235202478898 ], [ 0.472067142327576, 47.875132228264036 ], [ 0.47308715928855, 47.875091267582199 ], [ 0.472950211930363, 47.875036254542309 ], [ 0.472742086783822, 47.874918701502786 ], [ 0.472481789632563, 47.874698964070433 ], [ 0.472317149188477, 47.874494210903066 ], [ 0.472179816805735, 47.874242046898232 ], [ 0.472016324071017, 47.873872206671351 ], [ 0.471863229743524, 47.873409760009039 ], [ 0.471839076862179, 47.87317047837135 ], [ 0.471851002280663, 47.872925164096969 ], [ 0.471926562997969, 47.872650338570509 ], [ 0.471928882117944, 47.872635638399586 ], [ 0.471917650298392, 47.872311233537637 ], [ 0.471939009836147, 47.872128736504109 ], [ 0.47212651979691, 47.871437256118178 ], [ 0.4722368731679, 47.871143235996229 ], [ 0.472341583994093, 47.87075510953067 ], [ 0.472491440127325, 47.870392281028018 ], [ 0.472746318316005, 47.869951058463379 ], [ 0.47287569123127, 47.869782360465379 ], [ 0.473238007881568, 47.869423355604553 ], [ 0.473720308385824, 47.869067408041346 ], [ 0.473938650636583, 47.868948006113605 ], [ 0.474594513943397, 47.868660707885532 ], [ 0.475048747698202, 47.868496325259031 ], [ 0.47530150630672, 47.868426746585996 ], [ 0.475783159345695, 47.868361711881768 ], [ 0.47660491293322, 47.868206485096209 ], [ 0.477084038448711, 47.868135361389236 ], [ 0.477631382812745, 47.868107322837766 ], [ 0.478088337635471, 47.868128182097074 ], [ 0.478393893925593, 47.86816620198104 ], [ 0.47810554224568, 47.867937278174693 ], [ 0.477877284560315, 47.867683076225703 ], [ 0.477763001135048, 47.867514145260344 ], [ 0.477702650354393, 47.867333031919593 ], [ 0.477657005923583, 47.867072326712844 ], [ 0.477663440268245, 47.866766435043594 ], [ 0.477267704222609, 47.866597790467836 ], [ 0.47709709886459, 47.866492676556135 ] ] ] } },
{ "type": "Feature", "properties": { "gid": 54056, "insee_dep": "72", "niveau": 1.0, "surf_m2": 1.084 }, "geometry": { "type": "Polygon", "coordinates": [ [ [ 0.598886881068055, 47.864863542176288 ], [ 0.598843050565369, 47.864867591825444 ], [ 0.598848136706512, 47.864867794977265 ], [ 0.598874593056222, 47.864870867533625 ], [ 0.598886881068055, 47.864863542176288 ] ] ] } },
{ "type": "Feature", "properties": { "gid": 54064, "insee_dep": "72", "niveau": 1.0, "surf_m2": 486.412 }, "geometry": { "type": "Polygon", "coordinates": [ [ [ 0.399570181295083, 47.650999977983595 ], [ 0.399248197606556, 47.651298324597484 ], [ 0.399618940186192, 47.651335626177435 ], [ 0.399583600247696, 47.651214973197504 ], [ 0.399570181295083, 47.650999977983595 ] ] ] } },
{ "type": "Feature", "properties": { "gid": 59894, "insee_dep": "72", "niveau": 1.0, "surf_m2": 241.937 }, "geometry": { "type": "Polygon", "coordinates": [ [ [ 0.512208935438961, 47.751062417216126 ], [ 0.512187928892196, 47.751361946532555 ], [ 0.512376155019305, 47.751444929969665 ], [ 0.512208935438961, 47.751062417216126 ] ] ] } },
{ "type": "Feature", "properties": { "gid": 59987, "insee_dep": "72", "niveau": 1.0, "surf_m2": 112.681 }, "geometry": { "type": "Polygon", "coordinates": [ [ [ 0.662599043527371, 47.808630645865698 ], [ 0.66265067174737, 47.808726703005313 ], [ 0.662724343181694, 47.808810484212472 ], [ 0.662854308009497, 47.808910197143597 ], [ 0.662627424115019, 47.808624343647615 ], [ 0.66256058342966, 47.808500842922243 ], [ 0.662599043527371, 47.808630645865698 ] ] ] } },
{ "type": "Feature", "properties": { "gid": 61721, "insee_dep": "72", "niveau": 1.0, "surf_m2": 88901.524 }, "geometry": { "type": "Polygon", "coordinates": [ [ [ 0.458827305896022, 47.729304680606404 ], [ 0.458222940734894, 47.729710114958628 ], [ 0.458028364145214, 47.729823225399343 ], [ 0.457707395628847, 47.729972213383149 ], [ 0.457368337008847, 47.730072468328245 ], [ 0.457100554636322, 47.730583346475456 ], [ 0.456899052908293, 47.730888371193224 ], [ 0.456708810444665, 47.731118210928884 ], [ 0.456538808152079, 47.731256553542849 ], [ 0.455961374600474, 47.731649476640634 ], [ 0.455668243641736, 47.731825029240966 ], [ 0.455609493473038, 47.731948384553732 ], [ 0.455549927026472, 47.732189808207281 ], [ 0.455530771027064, 47.732624612105631 ], [ 0.455484199070436, 47.732884756395777 ], [ 0.45541373835018, 47.733083980546787 ], [ 0.455121424627012, 47.733498668252928 ], [ 0.454976617843222, 47.733657617552979 ], [ 0.454786343409026, 47.73379301060978 ], [ 0.454463148455739, 47.733948222784136 ], [ 0.454214333908512, 47.734156475743788 ], [ 0.454084008843505, 47.734318515368734 ], [ 0.454015252232673, 47.735343458445094 ], [ 0.4539414334501, 47.735601647501319 ], [ 0.453833799746169, 47.735783649783592 ], [ 0.454016118098102, 47.735898340244113 ], [ 0.454468924253356, 47.736249702722084 ], [ 0.45474803323983, 47.736516088066715 ], [ 0.454913644937054, 47.736739520373206 ], [ 0.455169914069648, 47.737192856873591 ], [ 0.455154388883106, 47.736875214506128 ], [ 0.455286716787346, 47.736309309776338 ], [ 0.455350652936921, 47.736129479005896 ], [ 0.455219290751559, 47.735793365499575 ], [ 0.455179923938937, 47.735496742974405 ], [ 0.455195330143307, 47.735049147354374 ], [ 0.455275872459702, 47.734808611695208 ], [ 0.455424135854604, 47.734559772688073 ], [ 0.455872935592604, 47.733949489410165 ], [ 0.456181962672247, 47.733581592346873 ], [ 0.456501503776748, 47.733299549830683 ], [ 0.457120535924713, 47.73282556383473 ], [ 0.457379627311948, 47.732643324533733 ], [ 0.457595534354296, 47.732533838514982 ], [ 0.457958030074814, 47.732107843676154 ], [ 0.458105586533217, 47.731883822307339 ], [ 0.45818613053237, 47.73165447901296 ], [ 0.458264936236961, 47.731186689802357 ], [ 0.458326738256102, 47.730999941725791 ], [ 0.458643399255825, 47.730552102903154 ], [ 0.45878052963011, 47.730182678646479 ], [ 0.458968221236528, 47.729797437866686 ], [ 0.459419844260481, 47.729049490397045 ], [ 0.459447390584324, 47.728944420606922 ], [ 0.459448007343416, 47.728527219242288 ], [ 0.459347953616391, 47.728702951558667 ], [ 0.459154813518506, 47.728972290286336 ], [ 0.458827305896022, 47.729304680606404 ] ] ] } },
{ "type": "Feature", "properties": { "gid": 61722, "insee_dep": "72", "niveau": 1.0, "surf_m2": 707.544 }, "geometry": { "type": "Polygon", "coordinates": [ [ [ 0.485425304088238, 47.883656236550159 ], [ 0.485296151062808, 47.884148354080772 ], [ 0.48567458920524, 47.884025663878077 ], [ 0.485425304088238, 47.883656236550159 ] ] ] } },
{ "type": "Feature", "properties": { "gid": 61723, "insee_dep": "72", "niveau": 1.0, "surf_m2": 3272676.876 }, "geometry": { "type": "Polygon", "coordinates": [ [ [ 0.493448703331717, 47.825477827677958 ], [ 0.493198797271481, 47.825687350030336 ], [ 0.492868169430127, 47.82583784100779 ], [ 0.492591043182755, 47.825901970735629 ], [ 0.492505887280436, 47.826108004811246 ], [ 0.49238177361205, 47.826263317256867 ], [ 0.492140696382138, 47.826449153329577 ], [ 0.491862856036007, 47.826698109682447 ], [ 0.491809462282874, 47.82688412130944 ], [ 0.491865612002295, 47.827203310846059 ], [ 0.491837683651646, 47.82751929566215 ], [ 0.491702447523866, 47.827768912142055 ], [ 0.491464865051192, 47.827981058304808 ], [ 0.491259527778459, 47.828092353897624 ], [ 0.491025745322797, 47.828174347194071 ], [ 0.490772612971974, 47.828223848792845 ], [ 0.490509975553382, 47.828238932534482 ], [ 0.490248050658844, 47.828219012098963 ], [ 0.489878678199272, 47.828125559463693 ], [ 0.489662075209255, 47.828024409780461 ], [ 0.4894791642785, 47.827896600098057 ], [ 0.489370225329133, 47.827803650948432 ], [ 0.489385681547574, 47.82831625960474 ], [ 0.489358584183629, 47.828905758155223 ], [ 0.48936864858345, 47.829098006465117 ], [ 0.489342903578758, 47.829306647841072 ], [ 0.489224236073216, 47.82973309728618 ], [ 0.4892498547643, 47.830182003140543 ], [ 0.489221849907049, 47.830784347383322 ], [ 0.48911038383243, 47.831210078136685 ], [ 0.488898004587975, 47.831685038060357 ], [ 0.488929744112409, 47.831688792096593 ], [ 0.489200089876714, 47.831687693267277 ], [ 0.489411087891713, 47.831596773643028 ], [ 0.489642796898879, 47.83152270079561 ], [ 0.489891252418995, 47.831479794329987 ], [ 0.490147304167108, 47.831469633928201 ], [ 0.490401524526945, 47.831492593999471 ], [ 0.490644550145275, 47.831547829388256 ], [ 0.490867433470906, 47.83163330540598 ], [ 0.491061965381636, 47.831745874057205 ], [ 0.491285284252402, 47.831956223082003 ], [ 0.491410568632479, 47.832200645163248 ], [ 0.491439917343894, 47.832583374627959 ], [ 0.491591842421152, 47.83308141798647 ], [ 0.491593859721009, 47.833262273588559 ], [ 0.491549124458061, 47.833540484683979 ], [ 0.491477446717231, 47.83370552895812 ], [ 0.491285823848589, 47.834017516348169 ], [ 0.490657238295065, 47.834656604690863 ], [ 0.490359115121761, 47.834835460392746 ], [ 0.490122255131584, 47.834918074300489 ], [ 0.489865746440449, 47.834967375206382 ], [ 0.489599806038257, 47.834981399950045 ], [ 0.489335024739758, 47.834959588266344 ], [ 0.489081949839233, 47.834902810775567 ], [ 0.488746106134239, 47.834757387404252 ], [ 0.488564392573779, 47.834625897512872 ], [ 0.488425075206032, 47.834472731244951 ], [ 0.488190793041271, 47.834036204105345 ], [ 0.488099886016717, 47.83400204969648 ], [ 0.487884597127802, 47.834310484003481 ], [ 0.487738555810293, 47.834608496020664 ], [ 0.487491787216568, 47.835279045269743 ], [ 0.487182752849627, 47.835477129862952 ], [ 0.487017760763765, 47.8356106013944 ], [ 0.48658573927231, 47.836107800061043 ], [ 0.486297246694962, 47.836573895107222 ], [ 0.485762510959287, 47.837262580148519 ], [ 0.485408781635828, 47.837520221374213 ], [ 0.48520635552869, 47.837775349535114 ], [ 0.48503910149801, 47.837928268315835 ], [ 0.484838598454667, 47.838184629307499 ], [ 0.48468240512144, 47.838450022165937 ], [ 0.484620274672636, 47.838601998989148 ], [ 0.484577463497574, 47.838873135123471 ], [ 0.484556582412195, 47.839197223846135 ], [ 0.484528091376567, 47.839274565894414 ], [ 0.484447970914961, 47.839405990918955 ], [ 0.483931406408816, 47.840047087525846 ], [ 0.483780988014195, 47.840200611648548 ], [ 0.483689105130211, 47.840268816705951 ], [ 0.483664420953894, 47.840285354169801 ], [ 0.483491459824139, 47.840598185262444 ], [ 0.483340202448779, 47.840939077279756 ], [ 0.483304299541267, 47.841045776828217 ], [ 0.483277461685373, 47.841328663003836 ], [ 0.483210483232531, 47.841671158444036 ], [ 0.483199335749311, 47.841920031675208 ], [ 0.483057791618191, 47.842040336690886 ], [ 0.482587552157397, 47.842170164959789 ], [ 0.482130670621009, 47.842161114778349 ], [ 0.481838553380383, 47.842138747672259 ], [ 0.481308085384268, 47.84202698018067 ], [ 0.480986639363087, 47.841934976334095 ], [ 0.480719072059828, 47.841884414704261 ], [ 0.48034762459173, 47.842031274551502 ], [ 0.480089248013031, 47.842109946947453 ], [ 0.479812036086491, 47.84215016069961 ], [ 0.479115838817385, 47.842155101110301 ], [ 0.479164800017125, 47.842306369562365 ], [ 0.479171520896599, 47.842493515262383 ], [ 0.479080053016687, 47.842754638427984 ], [ 0.478878314014832, 47.842986007727347 ], [ 0.478584229353694, 47.843167064402834 ], [ 0.478223933641891, 47.8432817186318 ], [ 0.477962603051872, 47.843315958410614 ], [ 0.477553283714041, 47.843341515912371 ], [ 0.477018215267035, 47.843464774332297 ], [ 0.476760541158541, 47.843499436817439 ], [ 0.476316760668614, 47.843520602515468 ], [ 0.475942934215475, 47.843511044181177 ], [ 0.475642469270246, 47.843480081713558 ], [ 0.475208146006653, 47.843386929475678 ], [ 0.474693035471101, 47.84318857052552 ], [ 0.474361907442129, 47.843167208629502 ], [ 0.474205545662677, 47.843140650148044 ], [ 0.473956463335871, 47.843082940783297 ], [ 0.473691410646919, 47.842981627019221 ], [ 0.472594024000556, 47.842852203910724 ], [ 0.472586618332344, 47.842854190972048 ], [ 0.472342395373867, 47.84289409252343 ], [ 0.471898108130297, 47.84291193303892 ], [ 0.47108887153695, 47.842901783225372 ], [ 0.470570406021129, 47.842869515636764 ], [ 0.470200797688307, 47.842803174015408 ], [ 0.46985508806385, 47.842722740565414 ], [ 0.468886054642627, 47.842362553043586 ], [ 0.468756903900304, 47.842389059651097 ], [ 0.468740667219405, 47.842391812115395 ], [ 0.468677826628333, 47.842402467615145 ], [ 0.468612363231069, 47.842412389311896 ], [ 0.468548243468436, 47.842418841696514 ], [ 0.468481671451991, 47.842424349646599 ], [ 0.467913268367853, 47.842444856584613 ], [ 0.467579595710292, 47.842428048785152 ], [ 0.467071955495525, 47.842350270422983 ], [ 0.46545457093495, 47.842041230434248 ], [ 0.465223990800029, 47.84196782979469 ], [ 0.465018316150739, 47.84186628476305 ], [ 0.464825237208792, 47.841734812025116 ], [ 0.46421981255716, 47.841493756551586 ], [ 0.463199451237029, 47.841155919651733 ], [ 0.462914814530024, 47.841090453780168 ], [ 0.46205303573072, 47.840985216410409 ], [ 0.46106904971696, 47.841021309508534 ], [ 0.460239538787781, 47.840996842837122 ], [ 0.459699545066002, 47.840937283204063 ], [ 0.458775642105537, 47.840722872923301 ], [ 0.45863033653932, 47.840686141593636 ], [ 0.458174912205653, 47.840674876301044 ], [ 0.458037063988522, 47.840681622721618 ], [ 0.45784631494654, 47.840723522420731 ], [ 0.457328470650558, 47.840828156221725 ], [ 0.45570908602696, 47.841091044589398 ], [ 0.454501308964816, 47.841179415711935 ], [ 0.453418480147578, 47.841174260989845 ], [ 0.452865185296143, 47.841143715353205 ], [ 0.452208716060997, 47.841067917119148 ], [ 0.45200075259908, 47.841027675536608 ], [ 0.451623603787432, 47.840946451064376 ], [ 0.450789374534711, 47.840807676221914 ], [ 0.450127687973007, 47.840730111184001 ], [ 0.449283905744551, 47.840686954449296 ], [ 0.448059070075464, 47.840580253851073 ], [ 0.446294272529015, 47.840450466551744 ], [ 0.44600096681784, 47.840465995238965 ], [ 0.446718267426268, 47.840567225553798 ], [ 0.44757336719149, 47.840788748983222 ], [ 0.447806252511411, 47.840868325054231 ], [ 0.44865919565934, 47.841234357115368 ], [ 0.449251213212177, 47.841304611190985 ], [ 0.450031468252755, 47.841432914896338 ], [ 0.450501365319876, 47.841592981811807 ], [ 0.450755001623454, 47.841658548742686 ], [ 0.451122248650037, 47.841692332990569 ], [ 0.451517646875757, 47.841774354507351 ], [ 0.452112963491751, 47.841856808390368 ], [ 0.452628262243057, 47.841897160113675 ], [ 0.453091552554817, 47.841906440272616 ], [ 0.453352409614111, 47.841884252201737 ], [ 0.453561193603128, 47.841903830810281 ], [ 0.453832334538897, 47.841956240734511 ], [ 0.454482910143536, 47.842031281182891 ], [ 0.454756123269194, 47.842026774127902 ], [ 0.455067109368897, 47.841994664942305 ], [ 0.455760804865892, 47.841832428022158 ], [ 0.455983266202822, 47.841760944281553 ], [ 0.456216757493571, 47.84173288659678 ], [ 0.456466187241849, 47.841673688576776 ], [ 0.456716411881989, 47.841634312987971 ], [ 0.457278342897352, 47.841565514601172 ], [ 0.457661395813939, 47.841619898615505 ], [ 0.458596817693136, 47.841603282960548 ], [ 0.458868856483536, 47.841636305557088 ], [ 0.459914983314334, 47.84165448357701 ], [ 0.460952542822278, 47.841833808004537 ], [ 0.461384569925748, 47.841874977821867 ], [ 0.461777243596653, 47.841891292305775 ], [ 0.462003042991002, 47.841940318993991 ], [ 0.462165035008745, 47.842078963965342 ], [ 0.462368645018396, 47.842210543927301 ], [ 0.46259275481594, 47.842309672369552 ], [ 0.462839635643182, 47.84239009705415 ], [ 0.46307722450114, 47.842435008560365 ], [ 0.463399198712969, 47.842461917915642 ], [ 0.463657609731881, 47.84245751739963 ], [ 0.464011193384497, 47.84239886355931 ], [ 0.464921156091397, 47.842744804163921 ], [ 0.465472153423049, 47.842911146502246 ], [ 0.466155147999874, 47.843024663246219 ], [ 0.46657664853878, 47.843040117530464 ], [ 0.466810186938214, 47.843063857651522 ], [ 0.4684084405264, 47.843388089638033 ], [ 0.468969732403351, 47.843480917715461 ], [ 0.469168681754292, 47.843528848238378 ], [ 0.46942071398549, 47.84355854438526 ], [ 0.469659786868177, 47.84364885292247 ], [ 0.470102690390697, 47.843783680681291 ], [ 0.470414389501973, 47.843849109024703 ], [ 0.470946791104553, 47.843914268832876 ], [ 0.471468454672162, 47.844011354477828 ], [ 0.472156784023422, 47.844083526026573 ], [ 0.472395777453316, 47.844094152849188 ], [ 0.473302880544569, 47.844233191873791 ], [ 0.474511667051441, 47.844321508646026 ], [ 0.474971411884095, 47.844377437477554 ], [ 0.475714629501534, 47.844409083285555 ], [ 0.476131004936282, 47.844410867751876 ], [ 0.476624776940683, 47.84443856740549 ], [ 0.476795057189218, 47.84443287598161 ], [ 0.476885884883632, 47.844448283229106 ], [ 0.476928997994882, 47.844459087112774 ], [ 0.477601463483302, 47.844854372588522 ], [ 0.478048254093264, 47.84502095011959 ], [ 0.478403157162428, 47.845086996978722 ], [ 0.478999197499719, 47.84511853168442 ], [ 0.47908637076825, 47.845193242664443 ], [ 0.479116817050942, 47.845275871854049 ], [ 0.479093475674456, 47.845418479209826 ], [ 0.479103917386767, 47.845578795399106 ], [ 0.479305089339538, 47.846169856614189 ], [ 0.479425953115019, 47.846355172898413 ], [ 0.479566477875006, 47.846512248387505 ], [ 0.479847708839251, 47.846681465744808 ], [ 0.479948991461087, 47.84674655977561 ], [ 0.480227603584624, 47.846945044911756 ], [ 0.480273275581727, 47.847013508042274 ], [ 0.480275075488354, 47.847137440905513 ], [ 0.480432190692002, 47.84743929074839 ], [ 0.480491154526409, 47.84759701484974 ], [ 0.480536960227476, 47.848010383613456 ], [ 0.480531142958036, 47.848171801531144 ], [ 0.480512166851912, 47.848345487213813 ], [ 0.48062323937736, 47.848703779855406 ], [ 0.480791426895434, 47.849086574141701 ], [ 0.480860888092651, 47.849317995677843 ], [ 0.480988110917134, 47.850214783706285 ], [ 0.481103000241125, 47.850481824632595 ], [ 0.481221239499589, 47.85088236246699 ], [ 0.481284066226804, 47.851353270517237 ], [ 0.481211958265345, 47.851737308906941 ], [ 0.481162305348136, 47.851841763482383 ], [ 0.480905120223247, 47.852216097705707 ], [ 0.480810557925604, 47.852469120635419 ], [ 0.480738537280276, 47.852822209314468 ], [ 0.480452889002155, 47.853005977654057 ], [ 0.480159802593715, 47.853121720422934 ], [ 0.479898822220202, 47.853145810381939 ], [ 0.478975560574121, 47.853174679840812 ], [ 0.4783175420723, 47.853280892604637 ], [ 0.477830077170426, 47.85340364531249 ], [ 0.477177286492699, 47.853403791190594 ], [ 0.47620459601486, 47.853362919889726 ], [ 0.475979518782093, 47.853259659451439 ], [ 0.475789865762836, 47.85313318920393 ], [ 0.475549721400558, 47.853117090534369 ], [ 0.475019425887293, 47.853042144878316 ], [ 0.475014958452279, 47.853150220826755 ], [ 0.474965655104093, 47.853321994651907 ], [ 0.474866788487395, 47.85348538243057 ], [ 0.474722465140568, 47.853632648451267 ], [ 0.4745970253102, 47.853721837518286 ], [ 0.474488740933331, 47.853783149631901 ], [ 0.47451214523736, 47.853968702654349 ], [ 0.474503042543578, 47.854250536024836 ], [ 0.474306398955887, 47.854854011171867 ], [ 0.47429927780642, 47.854867540164207 ], [ 0.474398011553427, 47.854876008276683 ], [ 0.47472715777906, 47.854925005532927 ], [ 0.47535090019727, 47.854910747129928 ], [ 0.475602351384797, 47.854888065674807 ], [ 0.475936028098084, 47.854904409458328 ], [ 0.476293743400578, 47.854827709202524 ], [ 0.476822248863225, 47.854801227536456 ], [ 0.477433624596343, 47.854806514544507 ], [ 0.478008923365148, 47.854849566313803 ], [ 0.479013193101629, 47.855022576273377 ], [ 0.479440238365168, 47.855119183094622 ], [ 0.479890329479385, 47.855282814966806 ], [ 0.480215969242957, 47.855458099228471 ], [ 0.48043092346844, 47.855628534803991 ], [ 0.480568119774802, 47.855768043143001 ], [ 0.480755068854913, 47.856085726375085 ], [ 0.480840590445859, 47.856363238095931 ], [ 0.480985384371162, 47.857459576557872 ], [ 0.480974835490096, 47.857791243011874 ], [ 0.480934134589852, 47.857958859557932 ], [ 0.480858959780768, 47.858114174812997 ], [ 0.480816282942779, 47.8583994561358 ], [ 0.480676109923268, 47.858749646395928 ], [ 0.480400288410813, 47.859190898556456 ], [ 0.480875872059728, 47.858779389924919 ], [ 0.481257006437005, 47.85855369510849 ], [ 0.481642039055172, 47.858359581305123 ], [ 0.48192503183662, 47.858252169475506 ], [ 0.482245945582372, 47.8581629532232 ], [ 0.482590376007568, 47.858022844300578 ], [ 0.482979628269618, 47.857900386054084 ], [ 0.48329437183564, 47.857821751693471 ], [ 0.483579162975903, 47.857777894715156 ], [ 0.484039869507034, 47.857775177476036 ], [ 0.485312452683317, 47.857924430656041 ], [ 0.485991518080923, 47.858027415307099 ], [ 0.487195703308544, 47.8582041733127 ], [ 0.487734684794025, 47.858240595816675 ], [ 0.488762171713459, 47.858232740801753 ], [ 0.488911123178371, 47.858249830910083 ], [ 0.489630303536842, 47.85839495190568 ], [ 0.490975888692491, 47.858480050513478 ], [ 0.491440508387133, 47.858468649006859 ], [ 0.491693289842766, 47.858497171319193 ], [ 0.491946923580367, 47.858546188266416 ], [ 0.492149189672993, 47.858608382853475 ], [ 0.493472120128268, 47.859102963632886 ], [ 0.493925333092353, 47.859295307012914 ], [ 0.494210410089256, 47.859339688038688 ], [ 0.494568317762457, 47.859419667068956 ], [ 0.494829739896403, 47.859495695118888 ], [ 0.495038867758376, 47.859574675743808 ], [ 0.495223672967239, 47.859677523205796 ], [ 0.495491300312234, 47.859863915957391 ], [ 0.49583285252736, 47.860199910589245 ], [ 0.495971204805371, 47.860310592014066 ], [ 0.496330574478676, 47.860434886572648 ], [ 0.496332769467431, 47.860407931035326 ], [ 0.496354846862947, 47.860287948637684 ], [ 0.496429276291668, 47.860122901003415 ], [ 0.496549124202799, 47.85997043929224 ], [ 0.496709987994965, 47.859836163796267 ], [ 0.496905958089576, 47.859725006011914 ], [ 0.497129839207284, 47.859641047898819 ], [ 0.497682187230478, 47.859514891020368 ], [ 0.497509436713708, 47.859410917126844 ], [ 0.497423473786053, 47.859353732980637 ], [ 0.497093330460908, 47.859257292769769 ], [ 0.496890788091935, 47.859257330436833 ], [ 0.496505478916523, 47.859219239344533 ], [ 0.495960412378965, 47.859073321343104 ], [ 0.49504985092962, 47.858929895661866 ], [ 0.493538163774399, 47.858658652751927 ], [ 0.493249303563263, 47.858581684076533 ], [ 0.49266851876647, 47.858371480619596 ], [ 0.492065394281236, 47.858225280780026 ], [ 0.491545276415897, 47.858160740333211 ], [ 0.490917933853555, 47.858052638308038 ], [ 0.49016600708731, 47.85779379625982 ], [ 0.48994526772465, 47.8576713493811 ], [ 0.489675911253195, 47.857485996515848 ], [ 0.489429032809283, 47.857349217737976 ], [ 0.488423337305386, 47.857411765125214 ], [ 0.488007708282871, 47.857476706886473 ], [ 0.487333348833145, 47.857428442089564 ], [ 0.486235559150804, 47.857114777317733 ], [ 0.48600855861474, 47.85703056641745 ], [ 0.485696934325509, 47.85680737970646 ], [ 0.485524095035943, 47.856625609407246 ], [ 0.485373739501086, 47.856505392712592 ], [ 0.485081516154693, 47.85635153938054 ], [ 0.484626184296611, 47.856173359000572 ], [ 0.484591649839599, 47.855730728745115 ], [ 0.484525155488828, 47.855537117571821 ], [ 0.484542645595876, 47.855468286164417 ], [ 0.484650241717663, 47.855280974143575 ], [ 0.484853250161992, 47.854966322101035 ], [ 0.484957996745213, 47.854649216780452 ], [ 0.486556629128735, 47.852833021857691 ], [ 0.486797473338467, 47.852481504406462 ], [ 0.486911549751739, 47.852229154761844 ], [ 0.487123349406775, 47.851923601585185 ], [ 0.487213795783334, 47.851747497654969 ], [ 0.487315762217811, 47.851162674157024 ], [ 0.487268073962262, 47.850318775208571 ], [ 0.487193933680246, 47.849999583085804 ], [ 0.48716302584817, 47.849735293729196 ], [ 0.487270168579501, 47.849255047968079 ], [ 0.487279668016384, 47.848467556550297 ], [ 0.487095118550654, 47.847779603312489 ], [ 0.487073539755642, 47.847572513751196 ], [ 0.487088306915488, 47.847316212750968 ], [ 0.487157074288056, 47.847004188358177 ], [ 0.487171947773256, 47.846754706862612 ], [ 0.486450591348865, 47.846831028702645 ], [ 0.486089531230564, 47.846834295876739 ], [ 0.485714084847886, 47.846773608711672 ], [ 0.485380059475809, 47.846643227622728 ], [ 0.485115315811295, 47.846454026399542 ], [ 0.484941933999969, 47.84622178674681 ], [ 0.484884599332664, 47.846052515641439 ], [ 0.484876614307142, 47.845878983124898 ], [ 0.484957307357727, 47.845624804609869 ], [ 0.48558403455811, 47.844491637787826 ], [ 0.485757120644475, 47.844299174036564 ], [ 0.485918638258318, 47.844162088332681 ], [ 0.486116504498657, 47.844048631577557 ], [ 0.486343241405462, 47.843963091518042 ], [ 0.486590280098354, 47.843908702427079 ], [ 0.486848282336843, 47.843887519657635 ], [ 0.487107497210992, 47.843900342665528 ], [ 0.487477241485219, 47.84398193103916 ], [ 0.48769743449687, 47.844074895092 ], [ 0.487886747707273, 47.844194784276155 ], [ 0.488038023931359, 47.844337066513489 ], [ 0.488290510378946, 47.844631290370295 ], [ 0.488441405864428, 47.844712369199023 ], [ 0.488686481175014, 47.844478076659719 ], [ 0.488916774937093, 47.844312628916526 ], [ 0.48968078780519, 47.843375747964508 ], [ 0.490047628902042, 47.843002384283935 ], [ 0.490494209812986, 47.842388214767851 ], [ 0.490885635333279, 47.842097630931434 ], [ 0.491075404585244, 47.84202615013136 ], [ 0.49127566524322, 47.841962936338575 ], [ 0.491537207629982, 47.841904391059252 ], [ 0.491827050995241, 47.841902678383015 ], [ 0.492318122894073, 47.841835229079116 ], [ 0.492541004465087, 47.841775214522428 ], [ 0.492901377273695, 47.841622119012648 ], [ 0.49334288183178, 47.841666017898731 ], [ 0.494150711646499, 47.841668833952916 ], [ 0.494188055447782, 47.841671103379191 ], [ 0.495100423645871, 47.84207157509509 ], [ 0.49539195606659, 47.84223396243452 ], [ 0.495408421562306, 47.842208612611493 ], [ 0.495467740710982, 47.841817955295809 ], [ 0.495540049525425, 47.841651379499389 ], [ 0.495658503408645, 47.841497242988432 ], [ 0.495912638705269, 47.84130172000873 ], [ 0.49623914565502, 47.841163215066089 ], [ 0.496610816248177, 47.841093272107635 ], [ 0.496996675998566, 47.841097718101707 ], [ 0.497364574055079, 47.841176182696046 ], [ 0.497737196905792, 47.841308852245504 ], [ 0.498338530700134, 47.841564751970026 ], [ 0.498942453240111, 47.841662691126153 ], [ 0.499183417947718, 47.841731244918655 ], [ 0.499496398590676, 47.841889706741696 ], [ 0.499727743755376, 47.842102426700869 ], [ 0.499826473171111, 47.842265514971331 ], [ 0.499876137369383, 47.842438425359788 ], [ 0.499874831169688, 47.842614535037953 ], [ 0.499822605069553, 47.84278710253718 ], [ 0.499721458876498, 47.842949518835745 ], [ 0.499575265426328, 47.843095565972305 ], [ 0.499389621930631, 47.843219649813911 ], [ 0.499171637746727, 47.843317018869584 ], [ 0.498555841548714, 47.843536976184822 ], [ 0.499200681941634, 47.843959493607208 ], [ 0.50037554254292, 47.844662117345777 ], [ 0.500841468971223, 47.844982418149428 ], [ 0.500934463725034, 47.844988927564039 ], [ 0.501193203352318, 47.845024698411692 ], [ 0.501686183296308, 47.845163850438567 ], [ 0.503122836939628, 47.845863413090626 ], [ 0.504019342580183, 47.846194180910913 ], [ 0.504691521626141, 47.846244623273087 ], [ 0.50508726470924, 47.846238354066116 ], [ 0.505342246946408, 47.846263163641865 ], [ 0.50566766478275, 47.846339593251237 ], [ 0.506929140990219, 47.846874412959906 ], [ 0.506973607883111, 47.846891334897009 ], [ 0.507408743815437, 47.847071697144294 ], [ 0.508101077390339, 47.847517702732539 ], [ 0.508202004450191, 47.847592152920235 ], [ 0.508554037278934, 47.847698662543209 ], [ 0.509074778881176, 47.847924337371325 ], [ 0.509159377413814, 47.847952992729859 ], [ 0.509168547837431, 47.84793597197109 ], [ 0.509091129962012, 47.847323666684879 ], [ 0.509118898303032, 47.847147153060433 ], [ 0.509255150723558, 47.84689777479862 ], [ 0.509493639205325, 47.846686046092223 ], [ 0.509699480085805, 47.846575109740513 ], [ 0.509933661616429, 47.846493525975234 ], [ 0.510317930998519, 47.846432781631677 ], [ 0.510581579599194, 47.846435671398673 ], [ 0.510839258550146, 47.846473335884724 ], [ 0.511260358218338, 47.846611887074765 ], [ 0.511774779882901, 47.846847813308251 ], [ 0.511952059102421, 47.846966872779291 ], [ 0.512178257388304, 47.847150324848279 ], [ 0.512480504743773, 47.847479842895616 ], [ 0.512990540642842, 47.848125278898785 ], [ 0.513182593040955, 47.848254665179319 ], [ 0.513384215077306, 47.848484662103033 ], [ 0.513476697530128, 47.848744359632576 ], [ 0.513451894906675, 47.849010892447083 ], [ 0.513311990001845, 47.849260791812505 ], [ 0.513160465943664, 47.849407164189138 ], [ 0.513034339726915, 47.84949244440854 ], [ 0.512794104054304, 47.849607423961203 ], [ 0.514099085720436, 47.851037380903499 ], [ 0.514375245766513, 47.851263867953847 ], [ 0.515139969352201, 47.851623563804189 ], [ 0.516257392614681, 47.852268297840908 ], [ 0.517488481919258, 47.852752409756462 ], [ 0.517954371169916, 47.852838104533106 ], [ 0.518694655663456, 47.852941262102881 ], [ 0.519363914193734, 47.853067729534281 ], [ 0.519595862721634, 47.853127697937289 ], [ 0.520105217179458, 47.853334652727469 ], [ 0.520656972647897, 47.853604522624991 ], [ 0.521016166131874, 47.853574514347969 ], [ 0.522111352238415, 47.853659692246623 ], [ 0.52238527686829, 47.853723002744132 ], [ 0.523369611145162, 47.854034318225338 ], [ 0.522823913578394, 47.853614660952616 ], [ 0.522504188762019, 47.853409574084274 ], [ 0.521547501362576, 47.852956625894954 ], [ 0.520618466020592, 47.852618373403899 ], [ 0.5180163488965, 47.852003351239915 ], [ 0.517130437858573, 47.851659008892447 ], [ 0.516891890139643, 47.851539235380464 ], [ 0.516033942743897, 47.850871679934706 ], [ 0.515709554434198, 47.850765167042468 ], [ 0.515518223463255, 47.850674187270826 ], [ 0.514771398284147, 47.850171284321227 ], [ 0.514620067189577, 47.850048229710367 ], [ 0.514236242537045, 47.849597579181534 ], [ 0.514105435730931, 47.84937852091327 ], [ 0.513857873329937, 47.84872399377285 ], [ 0.513659092156272, 47.848083516784783 ], [ 0.513490530766655, 47.847819081612542 ], [ 0.513003644804425, 47.847355452362862 ], [ 0.512896902180194, 47.84720498402902 ], [ 0.512762898926153, 47.846861446486301 ], [ 0.512681132623846, 47.84643131643697 ], [ 0.512181544389209, 47.846467402655556 ], [ 0.511757531871463, 47.846445591969157 ], [ 0.511457723749766, 47.846402325245059 ], [ 0.511082451974631, 47.846312422237311 ], [ 0.510755658204777, 47.846171816697762 ], [ 0.510301105730061, 47.845906524673119 ], [ 0.510005725864266, 47.84569927940602 ], [ 0.509898107412212, 47.845816482863199 ], [ 0.509721431893813, 47.845951786301775 ], [ 0.509508264696708, 47.846060694158119 ], [ 0.509267145353559, 47.846138840386899 ], [ 0.509007736780971, 47.846183095743207 ], [ 0.508740431740822, 47.846191686414556 ], [ 0.508475939958421, 47.846164268109973 ], [ 0.508224858009276, 47.846101939439194 ], [ 0.507280672474847, 47.845712772116528 ], [ 0.506641109652007, 47.84541451998885 ], [ 0.506454684394928, 47.845289675676682 ], [ 0.506251710754017, 47.845062628951752 ], [ 0.506175136262831, 47.84489328274578 ], [ 0.50615576810131, 47.844628612867517 ], [ 0.50622866329083, 47.844414872262092 ], [ 0.506281079537811, 47.844330018849369 ], [ 0.505508506016941, 47.844223574823204 ], [ 0.50526868028768, 47.844174377822362 ], [ 0.505046716719864, 47.844095902418992 ], [ 0.504381830791843, 47.843804245027975 ], [ 0.504328350556698, 47.843875471993115 ], [ 0.504149363539966, 47.84404369788124 ], [ 0.503849810083774, 47.844208146777824 ], [ 0.503492887801619, 47.844308029867406 ], [ 0.503108435644675, 47.844334999164097 ], [ 0.502852697203261, 47.84431109674113 ], [ 0.502608551975105, 47.844254547376664 ], [ 0.502385107934125, 47.84416745858195 ], [ 0.502238033474887, 47.844083768236516 ], [ 0.502016088370857, 47.844056783914567 ], [ 0.501788622339907, 47.843999660655342 ], [ 0.501602529331427, 47.843929085177692 ], [ 0.501384060182649, 47.843819348807635 ], [ 0.501203194579708, 47.843682062792539 ], [ 0.501073650402812, 47.843550795672087 ], [ 0.500897413825073, 47.843297795866334 ], [ 0.500702533141187, 47.842901267699567 ], [ 0.500651068118107, 47.842725998034439 ], [ 0.500652043597715, 47.84254733849999 ], [ 0.500751185594761, 47.8422883606234 ], [ 0.500958993844167, 47.842060429323666 ], [ 0.501189747317981, 47.841916231263966 ], [ 0.501279832382454, 47.84187485033484 ], [ 0.500249484198004, 47.841453632330676 ], [ 0.498044764033266, 47.840219492915814 ], [ 0.49716643070514, 47.83985593929124 ], [ 0.495498000988029, 47.83928798611592 ], [ 0.495259336500956, 47.839183924536229 ], [ 0.494540070095431, 47.838781900740457 ], [ 0.494044340902294, 47.838426553717575 ], [ 0.493857311059345, 47.838212108601454 ], [ 0.49382061845508, 47.838143613850249 ], [ 0.493640336901736, 47.838070814187397 ], [ 0.493412437126941, 47.837997516655882 ], [ 0.492995635039232, 47.837894751631296 ], [ 0.493137494601623, 47.837640013176433 ], [ 0.493395929112011, 47.837273835326499 ], [ 0.493501620695464, 47.837077160550365 ], [ 0.493484375041212, 47.83687068442066 ], [ 0.493500847172511, 47.836670609184807 ], [ 0.493892617886236, 47.835754579670173 ], [ 0.493958603443814, 47.835651441198259 ], [ 0.494031489503074, 47.835461682463219 ], [ 0.494200258792697, 47.835183342422646 ], [ 0.494254363482334, 47.834995469249691 ], [ 0.494244817626216, 47.834459574276224 ], [ 0.494169500783089, 47.834085496905054 ], [ 0.494401959361104, 47.833638368788698 ], [ 0.494997861956183, 47.832675383321231 ], [ 0.495103027261342, 47.832355024464889 ], [ 0.495184841431345, 47.831890388164197 ], [ 0.495276838554803, 47.831722418098799 ], [ 0.495587569825927, 47.831328685569645 ], [ 0.495877054328543, 47.83119304883293 ], [ 0.496125641134523, 47.830991867168095 ], [ 0.49623874912712, 47.830834510707291 ], [ 0.496309402683044, 47.830644989904954 ], [ 0.496376247656153, 47.830585572866134 ], [ 0.496426032602465, 47.830191697211404 ], [ 0.49648190535038, 47.82999925557413 ], [ 0.496465009515206, 47.830001723068229 ], [ 0.496316650878235, 47.830014651076858 ], [ 0.496056495216594, 47.830009356435788 ], [ 0.495753011734088, 47.829957146633141 ], [ 0.495598393823768, 47.82996280030271 ], [ 0.495222374696069, 47.829935210289037 ], [ 0.494895568516711, 47.829858964664041 ], [ 0.494610471571198, 47.829744473003501 ], [ 0.494342537212582, 47.829558621585413 ], [ 0.494164307027171, 47.829329081654464 ], [ 0.494102961181788, 47.829161070470377 ], [ 0.494071116634816, 47.828707644354907 ], [ 0.494114075183816, 47.828525099021761 ], [ 0.494327112180141, 47.828006268415997 ], [ 0.494509001024566, 47.827701537055212 ], [ 0.4947218987278, 47.827447747005863 ], [ 0.494883959832245, 47.827036050008886 ], [ 0.495082994839903, 47.826803228248579 ], [ 0.495375206700766, 47.826620337518754 ], [ 0.495609195828551, 47.826534427692806 ], [ 0.495863846220848, 47.826481490545397 ], [ 0.496262281692927, 47.826468132329069 ], [ 0.496523480533878, 47.826503774783518 ], [ 0.496677601840655, 47.826543913065116 ], [ 0.496893675977673, 47.826626109011393 ], [ 0.496839352007647, 47.826116713618646 ], [ 0.496858957873077, 47.825890298005433 ], [ 0.497020863602448, 47.825306317406486 ], [ 0.497361029671825, 47.824606368222952 ], [ 0.497498982030325, 47.824123148952722 ], [ 0.497500092913275, 47.822944682889052 ], [ 0.497690681376596, 47.821857718586557 ], [ 0.49771947503397, 47.821019709941623 ], [ 0.49791238638147, 47.820461329901242 ], [ 0.49811004900452, 47.8191427316629 ], [ 0.498198272547055, 47.818792646411787 ], [ 0.498843456124181, 47.817693105087464 ], [ 0.498928241739691, 47.817575976176407 ], [ 0.499803604803544, 47.816560628061069 ], [ 0.500648010404474, 47.815824278691046 ], [ 0.501908100832976, 47.8150733982636 ], [ 0.503220537976653, 47.814368145125869 ], [ 0.504296969514136, 47.813875501493349 ], [ 0.507832781810024, 47.812936155684831 ], [ 0.509461601048968, 47.812530048333109 ], [ 0.510979356682021, 47.812279625633685 ], [ 0.511253333569803, 47.812273436068352 ], [ 0.511750925304816, 47.812326842080367 ], [ 0.512150406672949, 47.811910252020418 ], [ 0.512323162768247, 47.811786451403513 ], [ 0.512904270361728, 47.811506462852392 ], [ 0.513450760976971, 47.811304501938402 ], [ 0.51370816908583, 47.811231775912958 ], [ 0.515634656308194, 47.810980074781902 ], [ 0.515913952807434, 47.810964462201554 ], [ 0.516191941221157, 47.810988438705436 ], [ 0.516648505533934, 47.811091102813613 ], [ 0.517114114861918, 47.811249557329887 ], [ 0.517279372601969, 47.811068523346961 ], [ 0.517573936465057, 47.81085822348858 ], [ 0.517910508130543, 47.81068072944683 ], [ 0.518279169642691, 47.810510885431675 ], [ 0.518907338240457, 47.81032405793222 ], [ 0.519525938695942, 47.810235475245463 ], [ 0.520721839856926, 47.810158433391258 ], [ 0.521151015028254, 47.810152030518083 ], [ 0.521374366157938, 47.810165747054931 ], [ 0.521908801095017, 47.810232118625727 ], [ 0.522799297240386, 47.81025965627947 ], [ 0.523247084347351, 47.810304440219042 ], [ 0.523501492044719, 47.810304449511953 ], [ 0.524178022116231, 47.810272458260542 ], [ 0.524660858007554, 47.810201976960762 ], [ 0.524901968053182, 47.810196630055742 ], [ 0.52552960798866, 47.810125365035354 ], [ 0.52587278805883, 47.810067156350392 ], [ 0.526183048253791, 47.810032129979142 ], [ 0.526447017593938, 47.809962706154742 ], [ 0.526780417365999, 47.809899239545672 ], [ 0.527073610732631, 47.809776475861867 ], [ 0.527648808948573, 47.809591987161568 ], [ 0.528407589794517, 47.809386121992098 ], [ 0.528907056252379, 47.809221657892394 ], [ 0.52943278236877, 47.809088821864322 ], [ 0.530017860777001, 47.809002300567016 ], [ 0.530465306314634, 47.808973091037132 ], [ 0.530238065314385, 47.80877480122868 ], [ 0.529932246411637, 47.808456607716828 ], [ 0.529628116643371, 47.808178523639356 ], [ 0.529533647000789, 47.808031773867341 ], [ 0.529378802021101, 47.807717215386567 ], [ 0.529324535064396, 47.807562208530875 ], [ 0.529278158904862, 47.806980070239049 ], [ 0.529321123285411, 47.806325269502906 ], [ 0.529410878860818, 47.806008652661028 ], [ 0.52942869513822, 47.805725425978402 ], [ 0.529373712037902, 47.805352811189223 ], [ 0.529312842609267, 47.80452589335075 ], [ 0.529356084399875, 47.804339189517954 ], [ 0.529399265397753, 47.804249160166194 ], [ 0.529642702280313, 47.803824139202746 ], [ 0.530142345749082, 47.803073524175815 ], [ 0.530591357372531, 47.802441576426432 ], [ 0.530745659373482, 47.80227443847442 ], [ 0.531086775504044, 47.801981955693485 ], [ 0.531697499021118, 47.801549990309375 ], [ 0.534267980576525, 47.800124337643361 ], [ 0.534858207430537, 47.799708973307972 ], [ 0.535110627568229, 47.79957213534631 ], [ 0.535197211488087, 47.799476205094038 ], [ 0.535366262352334, 47.799204136869939 ], [ 0.534956348986874, 47.79942349695007 ], [ 0.534558928141396, 47.799664562932961 ], [ 0.533564940927388, 47.800225024772573 ], [ 0.532962517755589, 47.800498194020889 ], [ 0.53250720914783, 47.800679590976252 ], [ 0.532305785095996, 47.800823137186683 ], [ 0.53200301626923, 47.801160264596369 ], [ 0.53186289500237, 47.80128633675983 ], [ 0.531575693126693, 47.801500172571934 ], [ 0.530795968151736, 47.802002044107908 ], [ 0.529766752774321, 47.802510381894145 ], [ 0.529094701913998, 47.802806855257252 ], [ 0.528634242689535, 47.803396013083209 ], [ 0.528411186667273, 47.803771385853395 ], [ 0.52830574863056, 47.804118248394019 ], [ 0.528226122854865, 47.804528050740977 ], [ 0.528244319953069, 47.804699707035503 ], [ 0.528274486929385, 47.804772886073494 ], [ 0.528412236597477, 47.80491408861306 ], [ 0.528767772386547, 47.805348581826259 ], [ 0.528816322327922, 47.805436035233001 ], [ 0.528871917706472, 47.805618724531904 ], [ 0.528870647222456, 47.805948890681783 ], [ 0.528756333183413, 47.8062666064532 ], [ 0.528668047500548, 47.806417299738015 ], [ 0.528389410676157, 47.806709830214004 ], [ 0.528551980137396, 47.806942032793238 ], [ 0.528645556569471, 47.807268419184425 ], [ 0.528649782349637, 47.80736671113371 ], [ 0.528602973390832, 47.807648296816367 ], [ 0.528516755057078, 47.807889160139993 ], [ 0.528356684479825, 47.808143235787711 ], [ 0.528135197971921, 47.808362565527027 ], [ 0.52777294669076, 47.808561422909484 ], [ 0.527523935341861, 47.808657616995688 ], [ 0.527250166148421, 47.808715757122059 ], [ 0.526680153108581, 47.808751176513645 ], [ 0.525724685045925, 47.808695291241747 ], [ 0.525375365760045, 47.808911832005791 ], [ 0.525079896559889, 47.809043701957933 ], [ 0.524873623975306, 47.809116950929862 ], [ 0.524357594454895, 47.809209832867069 ], [ 0.524216720502924, 47.809226071369544 ], [ 0.523931298384306, 47.809227789875123 ], [ 0.523380982577625, 47.809186033433697 ], [ 0.523241567905602, 47.809161034572817 ], [ 0.522912676621767, 47.809067257688476 ], [ 0.522419788035646, 47.808891452955145 ], [ 0.522022245437349, 47.808679569446589 ], [ 0.521840613191648, 47.808564199397658 ], [ 0.521493913337828, 47.808578953916687 ], [ 0.521127928495421, 47.808645330604882 ], [ 0.520757103432818, 47.808692078225825 ], [ 0.520131297123386, 47.808710323845673 ], [ 0.519719639437113, 47.808684037710869 ], [ 0.519040975022967, 47.808744448210241 ], [ 0.518673885211783, 47.808721887129416 ], [ 0.518171504809394, 47.808589909088681 ], [ 0.518007666209497, 47.808571262509467 ], [ 0.517664783576248, 47.80864634981171 ], [ 0.517504359357339, 47.808666832280259 ], [ 0.517248985366886, 47.808674218120863 ], [ 0.516860209066198, 47.808764260726413 ], [ 0.516635947549088, 47.808793993919053 ], [ 0.51622484084942, 47.808965172547651 ], [ 0.516007760583129, 47.809025027675048 ], [ 0.514583291055338, 47.809235821572123 ], [ 0.512682555298664, 47.809608262536905 ], [ 0.508980026525022, 47.810516066564432 ], [ 0.507991614918355, 47.810819166630992 ], [ 0.506464305260071, 47.811039387698131 ], [ 0.505586271378923, 47.811048934606944 ], [ 0.504238399559639, 47.811190238972642 ], [ 0.502933521600128, 47.811457313163892 ], [ 0.500884168301273, 47.811908370684122 ], [ 0.500064307984528, 47.81212357737602 ], [ 0.499892675038214, 47.812282091968257 ], [ 0.498963723965927, 47.812800816109906 ], [ 0.498474634104974, 47.813162813063293 ], [ 0.498391100025602, 47.813219231351141 ], [ 0.498754275612352, 47.813118092287837 ], [ 0.499009632785512, 47.813074324839931 ], [ 0.499272774352543, 47.813065163889398 ], [ 0.499533469568897, 47.813090964670984 ], [ 0.499781579597866, 47.813150724769301 ], [ 0.500007454116641, 47.813242119588416 ], [ 0.500202311920436, 47.813361594196891 ], [ 0.500358572448172, 47.813504504542315 ], [ 0.500470159113695, 47.813665290475768 ], [ 0.500532733408568, 47.813837700427356 ], [ 0.500529915813685, 47.814103383951462 ], [ 0.500412055967677, 47.814356936436724 ], [ 0.499970033696075, 47.814961110538015 ], [ 0.499603447030118, 47.815365737342788 ], [ 0.499311824666942, 47.815624792025396 ], [ 0.499100040509884, 47.815769449592949 ], [ 0.498776689286041, 47.815914690016641 ], [ 0.498485214430035, 47.81600832554436 ], [ 0.498146220713064, 47.816080871931035 ], [ 0.497900203917356, 47.816103842883273 ], [ 0.497101970761217, 47.816138934545883 ], [ 0.497018289073315, 47.816177683460111 ], [ 0.496942799352345, 47.816236942432731 ], [ 0.496836353805348, 47.816415689809631 ], [ 0.496918694220178, 47.816826789759276 ], [ 0.49692768453553, 47.816995530323496 ], [ 0.496867228802324, 47.81728754306441 ], [ 0.496791970184354, 47.817477130764516 ], [ 0.496657488889397, 47.817651224316393 ], [ 0.496269357632702, 47.818022602192251 ], [ 0.496098459727614, 47.818135194475921 ], [ 0.495859552311528, 47.818240747833514 ], [ 0.495915849028924, 47.818431477236125 ], [ 0.495892135017994, 47.818691723611238 ], [ 0.495758655331513, 47.818936471561749 ], [ 0.495526610771367, 47.819145177444923 ], [ 0.495326478959727, 47.819255469976305 ], [ 0.495098551642352, 47.819337736446798 ], [ 0.494851366455887, 47.81938889410943 ], [ 0.494594178972158, 47.819407027309886 ], [ 0.494336621023723, 47.819391458541581 ], [ 0.494088340018873, 47.819342768658075 ], [ 0.493753465437484, 47.819211946714361 ], [ 0.493669861600897, 47.81916261716453 ], [ 0.49402832803392, 47.819381985590852 ], [ 0.494024631037124, 47.819392939904759 ], [ 0.493717845203078, 47.819991219333303 ], [ 0.493450833883199, 47.820406728172443 ], [ 0.49307167326995, 47.82110028912728 ], [ 0.492991158242932, 47.821309274947261 ], [ 0.492919231563385, 47.821642298373725 ], [ 0.492682260816661, 47.82198342151667 ], [ 0.492563009106057, 47.82227066853747 ], [ 0.4925070628195, 47.822347950449057 ], [ 0.492569698857776, 47.822349037414398 ], [ 0.492971810749623, 47.822336875407913 ], [ 0.493228025478211, 47.822345726798574 ], [ 0.493477006855072, 47.822387387909345 ], [ 0.493709580688613, 47.822460323615218 ], [ 0.493917173923125, 47.822561844716489 ], [ 0.494092137291604, 47.82268821116736 ], [ 0.49422802247805, 47.822834764940922 ], [ 0.494348063532029, 47.823080477963558 ], [ 0.494367930294123, 47.823252739260127 ], [ 0.494338553933725, 47.823424382769161 ], [ 0.494205012427413, 47.823666915840235 ], [ 0.493955763070748, 47.82392844186662 ], [ 0.493917637626034, 47.824041718574144 ], [ 0.493923311792767, 47.824266755818755 ], [ 0.493853159229271, 47.824634792791059 ], [ 0.493733361145604, 47.824962621581747 ], [ 0.493559095665144, 47.825314408346053 ], [ 0.493448703331717, 47.825477827677958 ] ] ] } },
{ "type": "Feature", "properties": { "gid": 64385, "insee_dep": "72", "niveau": 1.0, "surf_m2": 7280.74 }, "geometry": { "type": "Polygon", "coordinates": [ [ [ 0.421881134934048, 47.719061298270148 ], [ 0.421737378110911, 47.718673883079369 ], [ 0.421590415842684, 47.718349975023266 ], [ 0.421355454294828, 47.7181928653754 ], [ 0.421212037370229, 47.718058821830198 ], [ 0.420701204289256, 47.717834009810232 ], [ 0.420844047315075, 47.718024598903391 ], [ 0.420952454574051, 47.718240478431611 ], [ 0.420991025593801, 47.718427885608754 ], [ 0.421002408619298, 47.718677768002003 ], [ 0.421335509764033, 47.718801403909296 ], [ 0.421604260442499, 47.71896904626864 ], [ 0.421727328459156, 47.719074885145275 ], [ 0.42186067347567, 47.719225288431083 ], [ 0.421973852356417, 47.719476303761795 ], [ 0.42203380268796, 47.719773589816384 ], [ 0.422057934054956, 47.720080441673915 ], [ 0.422547920729717, 47.720368742888184 ], [ 0.422528081632625, 47.720214055238685 ], [ 0.422536761715991, 47.719892726365217 ], [ 0.422199714660905, 47.719588493314163 ], [ 0.422015091738252, 47.719338424296225 ], [ 0.421881134934048, 47.719061298270148 ] ] ] } },
{ "type": "Feature", "properties": { "gid": 65643, "insee_dep": "72", "niveau": 1.0, "surf_m2": 20074.648 }, "geometry": { "type": "Polygon", "coordinates": [ [ [ 0.429263273854359, 47.654691607871982 ], [ 0.429361859292922, 47.65447935929614 ], [ 0.42949372279045, 47.65431304773518 ], [ 0.429708769260006, 47.654134570463249 ], [ 0.429971550132496, 47.653947361866898 ], [ 0.430189520026899, 47.653840592697371 ], [ 0.430349930776825, 47.65378650287311 ], [ 0.430323860048537, 47.653742354569097 ], [ 0.430231310385469, 47.653719015879993 ], [ 0.429784004883827, 47.653676377023423 ], [ 0.428841327072409, 47.653516247296466 ], [ 0.428582224418287, 47.653611312621415 ], [ 0.428201393024273, 47.65384504455718 ], [ 0.428011634810212, 47.653942100794907 ], [ 0.42779934201469, 47.654014792821094 ], [ 0.427071637780196, 47.654212936941128 ], [ 0.426712656598865, 47.654317559917196 ], [ 0.426179653269192, 47.654549250160329 ], [ 0.427195747243569, 47.654597798447121 ], [ 0.427720401888395, 47.654606413826684 ], [ 0.42833674471664, 47.654662414891114 ], [ 0.429018925533507, 47.654673609336946 ], [ 0.429263273854359, 47.654691607871982 ] ] ] } },
{ "type": "Feature", "properties": { "gid": 70951, "insee_dep": "72", "niveau": 1.0, "surf_m2": 368.363 }, "geometry": { "type": "Polygon", "coordinates": [ [ [ 0.664564121599058, 47.809985673269608 ], [ 0.664716310729487, 47.810050011360431 ], [ 0.664987298786245, 47.810100741452942 ], [ 0.664709259321973, 47.809947880802454 ], [ 0.664186314507583, 47.809769973416643 ], [ 0.66417174310044, 47.809763234246837 ], [ 0.664564121599058, 47.809985673269608 ] ] ] } },
{ "type": "Feature", "properties": { "gid": 67845, "insee_dep": "72", "niveau": 2.0, "surf_m2": 24613.616 }, "geometry": { "type": "Polygon", "coordinates": [ [ [ 0.590179018849981, 47.705120847113996 ], [ 0.589794064145035, 47.705068248055284 ], [ 0.588760289333821, 47.704855966192824 ], [ 0.588574851360359, 47.704806066491031 ], [ 0.588248334735093, 47.704778151032521 ], [ 0.588054289150472, 47.704789309637462 ], [ 0.587920173093771, 47.704930715798156 ], [ 0.587744330227229, 47.705192899676049 ], [ 0.587738110740429, 47.705259586554135 ], [ 0.58785073551791, 47.705445273806518 ], [ 0.587992887896086, 47.70556889791073 ], [ 0.588286832058416, 47.705761646123236 ], [ 0.588864556350312, 47.705971450311651 ], [ 0.589066895136206, 47.70608110286706 ], [ 0.589233942146922, 47.706215129469243 ], [ 0.589380570083293, 47.706406662014643 ], [ 0.58979945130476, 47.706267591137205 ], [ 0.589799466938008, 47.706267585946819 ], [ 0.589841148299948, 47.7062283558408 ], [ 0.590512880946259, 47.705596117260839 ], [ 0.590704299928522, 47.705670298804534 ], [ 0.590706352140118, 47.705667946673735 ], [ 0.591197613881804, 47.705104882685305 ], [ 0.59095499904392, 47.705133570462827 ], [ 0.590710579604204, 47.705144187450088 ], [ 0.590179018849981, 47.705120847113996 ] ] ] } },
{ "type": "Feature", "properties": { "gid": 67910, "insee_dep": "72", "niveau": 3.0, "surf_m2": 1411473.186 }, "geometry": { "type": "Polygon", "coordinates": [ [ [ 0.587744330227229, 47.705192899676049 ], [ 0.587920173093771, 47.704930715798156 ], [ 0.588054289150472, 47.704789309637462 ], [ 0.588248334735093, 47.704778151032521 ], [ 0.588574851360359, 47.704806066491031 ], [ 0.588760289333821, 47.704855966192824 ], [ 0.589794064145035, 47.705068248055284 ], [ 0.590179018849981, 47.705120847113996 ], [ 0.590710579604204, 47.705144187450088 ], [ 0.59095499904392, 47.705133570462827 ], [ 0.591197613881804, 47.705104882685305 ], [ 0.591497941086198, 47.704760653044907 ], [ 0.591499231735755, 47.704759173714152 ], [ 0.592295370485192, 47.703495978438902 ], [ 0.592970093089687, 47.703590911994084 ], [ 0.593249241599541, 47.702131540560408 ], [ 0.592717010452858, 47.701872652908861 ], [ 0.592201730991876, 47.701677110465049 ], [ 0.592001311398807, 47.701616080920097 ], [ 0.591413529772812, 47.701475190807471 ], [ 0.591252060719498, 47.701285998096083 ], [ 0.591099382364597, 47.701146965935322 ], [ 0.590855285399037, 47.700961844340512 ], [ 0.590607800857707, 47.700810112689418 ], [ 0.590247826214196, 47.700642901749774 ], [ 0.58997461394643, 47.700552295762527 ], [ 0.58960261444442, 47.700468934159666 ], [ 0.589115213670421, 47.700424781163264 ], [ 0.588877635941906, 47.700420475206172 ], [ 0.588553759326007, 47.700436891422008 ], [ 0.588248297765306, 47.700469776477526 ], [ 0.588020101045894, 47.700521030587382 ], [ 0.587215776652042, 47.700831337067314 ], [ 0.587020877360793, 47.700927381331482 ], [ 0.58690496762024, 47.701004506195545 ], [ 0.586479250059691, 47.700948501352599 ], [ 0.586250032486914, 47.700943547712619 ], [ 0.585708178172772, 47.700998429620924 ], [ 0.58544005499098, 47.701060819235344 ], [ 0.585153075007632, 47.701156898741743 ], [ 0.58491052442418, 47.701275369133413 ], [ 0.584664693064682, 47.701456159853514 ], [ 0.584497768422022, 47.70161893586463 ], [ 0.583930476495455, 47.701018568173652 ], [ 0.583875055851206, 47.700779182363163 ], [ 0.583695960709132, 47.700446336526646 ], [ 0.582683700722887, 47.699382487694329 ], [ 0.582425533524358, 47.699212728831995 ], [ 0.581613755779297, 47.698807519990268 ], [ 0.581266479965935, 47.698610163125004 ], [ 0.580736918795114, 47.698255406310444 ], [ 0.580281070201359, 47.697869723978307 ], [ 0.580119378102126, 47.697659396029039 ], [ 0.579968487791612, 47.697504548295939 ], [ 0.579477253294534, 47.697167993034277 ], [ 0.579052984565813, 47.696957214389052 ], [ 0.578598051177465, 47.696811872787976 ], [ 0.57820938474974, 47.696747062498602 ], [ 0.577932237298648, 47.696724033258924 ], [ 0.577524830438391, 47.696723599576487 ], [ 0.577244353935449, 47.696753618960642 ], [ 0.577020545606261, 47.696794993875187 ], [ 0.576634495150302, 47.696897264262638 ], [ 0.575932005341404, 47.697203581116668 ], [ 0.575739290305477, 47.697331835859323 ], [ 0.57558890743182, 47.697483719015736 ], [ 0.575350924100849, 47.697878730697553 ], [ 0.575142410377355, 47.698357297513766 ], [ 0.574954255997161, 47.698576019147318 ], [ 0.574843583595762, 47.69874092931434 ], [ 0.574777208967376, 47.698980649061745 ], [ 0.57434445343727, 47.699485896843477 ], [ 0.574238648567736, 47.699642195133393 ], [ 0.574166811930269, 47.699894860144838 ], [ 0.574179381080584, 47.700066495596822 ], [ 0.574242468822496, 47.700334987012972 ], [ 0.574414215736183, 47.700640361684165 ], [ 0.574532913170485, 47.700788007549967 ], [ 0.574690187589999, 47.700918192295049 ], [ 0.57488055885591, 47.701026380693584 ], [ 0.575242363802609, 47.70118636038508 ], [ 0.575265066681473, 47.701503639663812 ], [ 0.575393681535871, 47.701797510341393 ], [ 0.575487286469852, 47.701921472306175 ], [ 0.575229166408889, 47.702211642878169 ], [ 0.575176059381394, 47.702296032568661 ], [ 0.575071632132681, 47.702554486589804 ], [ 0.575011797167469, 47.702931445130453 ], [ 0.57503271727603, 47.703184175086477 ], [ 0.575016443521106, 47.703263938142157 ], [ 0.574876769784469, 47.703499683610765 ], [ 0.574679726662765, 47.704105795325653 ], [ 0.574645108356401, 47.704306617187775 ], [ 0.574646237258857, 47.704534891676488 ], [ 0.574788123249692, 47.705181944519921 ], [ 0.575039154377476, 47.705633462046904 ], [ 0.575138951945346, 47.70584673056964 ], [ 0.575288259424788, 47.706303028574027 ], [ 0.575541374051777, 47.706788156202634 ], [ 0.575562141119004, 47.706822127259244 ], [ 0.575595004778776, 47.706875883400336 ], [ 0.57582350753331, 47.707137257838106 ], [ 0.575870643943495, 47.707259043637784 ], [ 0.575879728511946, 47.707469217923332 ], [ 0.575881694626492, 47.707485676395038 ], [ 0.575890650705203, 47.707560681875982 ], [ 0.575953460017817, 47.70773899468648 ], [ 0.576068483483129, 47.707905021884805 ], [ 0.576230952960707, 47.708051879311178 ], [ 0.576619714536781, 47.708332774621766 ], [ 0.576655632785376, 47.708444958831983 ], [ 0.576752856367044, 47.708608097723143 ], [ 0.576841112872787, 47.708722442363907 ], [ 0.577077446990446, 47.709028630358269 ], [ 0.577078557166522, 47.709030064422421 ], [ 0.577085996316132, 47.709039660155234 ], [ 0.577741933733925, 47.709885734524534 ], [ 0.577881867511044, 47.710030447637628 ], [ 0.57806019707142, 47.710154443030071 ], [ 0.578270351123094, 47.710253152265494 ], [ 0.578467137401563, 47.710313201076247 ], [ 0.577947459535279, 47.710376614230817 ], [ 0.577769410250095, 47.71020274741268 ], [ 0.577580793411599, 47.71007722378593 ], [ 0.577234880511429, 47.70989448519493 ], [ 0.576877716468351, 47.709783288482939 ], [ 0.576619470990072, 47.709750579148974 ], [ 0.576330797283355, 47.709733619450525 ], [ 0.575991538616459, 47.709734691964712 ], [ 0.575845871382673, 47.709750483072604 ], [ 0.575826711280523, 47.709754060689669 ], [ 0.575703679504121, 47.709777036634271 ], [ 0.57526688876627, 47.709894450000725 ], [ 0.574961492673252, 47.710056540916703 ], [ 0.574894706056211, 47.710109038614121 ], [ 0.574876859217428, 47.710123066460945 ], [ 0.574802217445092, 47.710194834663838 ], [ 0.574787044820784, 47.710211048504952 ], [ 0.574542404768295, 47.710472482966907 ], [ 0.57442486259426, 47.71063306968724 ], [ 0.574068584224488, 47.710718558435133 ], [ 0.573898373786034, 47.710779643235036 ], [ 0.573875325281935, 47.710788875992058 ], [ 0.573435707681871, 47.710981933530576 ], [ 0.573232877723933, 47.711091359597084 ], [ 0.573065312898978, 47.71122524045979 ], [ 0.572795377030878, 47.71149904239077 ], [ 0.572685319361238, 47.711683837495102 ], [ 0.572589006562152, 47.711934803775634 ], [ 0.572570572595148, 47.71211686098259 ], [ 0.572608246127004, 47.71233874058202 ], [ 0.572629178381768, 47.712413194211877 ], [ 0.572634422134814, 47.712431844084577 ], [ 0.572715108262441, 47.71259785040904 ], [ 0.572821118544497, 47.712750160777723 ], [ 0.572824667716164, 47.712753820171578 ], [ 0.572889471721665, 47.712820636711392 ], [ 0.573053881860216, 47.712947147662767 ], [ 0.573236268980917, 47.713048386370197 ], [ 0.573451543908115, 47.713141036563563 ], [ 0.573689036428469, 47.713204301485227 ], [ 0.574067745650626, 47.71323934262854 ], [ 0.574351851155896, 47.713232115732751 ], [ 0.574500573114572, 47.71321409971717 ], [ 0.57482647920471, 47.713147789493348 ], [ 0.575251297199578, 47.712990715796842 ], [ 0.575801034967354, 47.713250447273445 ], [ 0.576030361534043, 47.713337420818185 ], [ 0.576280524115559, 47.713392323513808 ], [ 0.576727887707587, 47.713453067425618 ], [ 0.57733756241686, 47.713454446525198 ], [ 0.577572027952148, 47.713425716455298 ], [ 0.577926348829675, 47.713356078044718 ], [ 0.578605182873018, 47.713135956724749 ], [ 0.579005769254598, 47.71293349948855 ], [ 0.579370008517021, 47.712645158602562 ], [ 0.579602430002604, 47.712586131338782 ], [ 0.579829397050517, 47.71250894233139 ], [ 0.580119108787953, 47.712342454148633 ], [ 0.580268195089115, 47.712203536565639 ], [ 0.580405243508442, 47.712034235025449 ], [ 0.580498156518266, 47.711851529691927 ], [ 0.580550625362403, 47.711676976296516 ], [ 0.580558060403172, 47.711367533259718 ], [ 0.580525150467933, 47.711167054507328 ], [ 0.580426581801183, 47.710946749354328 ], [ 0.580303333123431, 47.710797348324931 ], [ 0.58004592439794, 47.710609307657329 ], [ 0.579834991005875, 47.710514584660466 ], [ 0.579545307798675, 47.710423649765005 ], [ 0.579153700070228, 47.710354506084094 ], [ 0.579522862860015, 47.710287500854839 ], [ 0.579651542701053, 47.71024917013726 ], [ 0.579866938161935, 47.710156256932969 ], [ 0.580156838637921, 47.710140897648934 ], [ 0.580531046812766, 47.710086795890582 ], [ 0.580786157559385, 47.71001394240448 ], [ 0.580903932636805, 47.709964509600411 ], [ 0.581113566308642, 47.709842299227248 ], [ 0.581439884911164, 47.709607921860879 ], [ 0.581600845650259, 47.70946651608503 ], [ 0.581772502425424, 47.709240727871595 ], [ 0.581947204856571, 47.708933366090783 ], [ 0.582932793295493, 47.708784024715499 ], [ 0.583486449537653, 47.708655071046913 ], [ 0.583691310597598, 47.70857895341117 ], [ 0.583883301165546, 47.708491996930846 ], [ 0.583934272849853, 47.708468911517805 ], [ 0.583970052857422, 47.708452706232428 ], [ 0.584090791133939, 47.708391034490575 ], [ 0.584270164493579, 47.708264125141767 ], [ 0.584725820366405, 47.708512871733554 ], [ 0.584977549862211, 47.708596372723662 ], [ 0.585251275054801, 47.708334929033974 ], [ 0.585943806679727, 47.707772915270176 ], [ 0.586285893324283, 47.707525138610983 ], [ 0.586566396820672, 47.707340925097391 ], [ 0.586566396821259, 47.707340925096979 ], [ 0.586566568628137, 47.707340868062779 ], [ 0.589380570083293, 47.706406662014643 ], [ 0.589233942146922, 47.706215129469243 ], [ 0.589066895136206, 47.70608110286706 ], [ 0.588864556350312, 47.705971450311651 ], [ 0.588286832058416, 47.705761646123236 ], [ 0.587992887896086, 47.70556889791073 ], [ 0.58785073551791, 47.705445273806518 ], [ 0.587738110740429, 47.705259586554135 ], [ 0.587744330227229, 47.705192899676049 ] ] ] } },
{ "type": "Feature", "properties": { "gid": 68037, "insee_dep": "72", "niveau": 1.0, "surf_m2": 2444.247 }, "geometry": { "type": "Polygon", "coordinates": [ [ [ 0.428767089263867, 47.736986990517615 ], [ 0.428963041722819, 47.736961833665376 ], [ 0.429034750962461, 47.736914018927067 ], [ 0.429126372549477, 47.736795989840964 ], [ 0.429150415890136, 47.736017740651342 ], [ 0.429050395986854, 47.736127484097665 ], [ 0.428898308779361, 47.736249000557706 ], [ 0.428708781290247, 47.736444309144098 ], [ 0.428697153140427, 47.736578571793601 ], [ 0.428767089263867, 47.736986990517615 ] ] ] } },
{ "type": "Feature", "properties": { "gid": 68308, "insee_dep": "72", "niveau": 2.0, "surf_m2": 23540.73 }, "geometry": { "type": "Polygon", "coordinates": [ [ [ 0.70198347668693, 47.771264097503703 ], [ 0.702214344003027, 47.77108314259322 ], [ 0.702152521959984, 47.771051607818336 ], [ 0.70213723901006, 47.771043812135218 ], [ 0.70231853637518, 47.770959129056052 ], [ 0.702377565756783, 47.77095308399857 ], [ 0.702377572648284, 47.7709530795657 ], [ 0.702438535958959, 47.770913865092943 ], [ 0.702164185999753, 47.770800115150699 ], [ 0.701780561927658, 47.770726997601521 ], [ 0.701514322977175, 47.770722371588455 ], [ 0.70099345461136, 47.770752660506616 ], [ 0.700745064769539, 47.7707985228053 ], [ 0.700514357667753, 47.770875683604217 ], [ 0.70030991848978, 47.770981269113143 ], [ 0.700139353668011, 47.771111352682901 ], [ 0.700009011111241, 47.771261093349246 ], [ 0.699899068424449, 47.771510221718984 ], [ 0.699886797874507, 47.77168364195294 ], [ 0.699924147327842, 47.771855424718737 ], [ 0.700009729365903, 47.772019175875954 ], [ 0.700140358949104, 47.772168803581565 ], [ 0.700582667838199, 47.772505038936799 ], [ 0.70079131433085, 47.772611774910402 ], [ 0.700985238443591, 47.772677017597104 ], [ 0.700985291220175, 47.772676932122231 ], [ 0.70113864187138, 47.772424356614103 ], [ 0.701187553166315, 47.772343379108811 ], [ 0.701339507746059, 47.772103250193098 ], [ 0.701339507747448, 47.77210325019086 ], [ 0.701872520936943, 47.771451907444394 ], [ 0.70198347668693, 47.771264097503703 ] ] ] } },
{ "type": "Feature", "properties": { "gid": 68831, "insee_dep": "72", "niveau": 1.0, "surf_m2": 303.919 }, "geometry": { "type": "Polygon", "coordinates": [ [ [ 0.379017561659169, 47.75287157642034 ], [ 0.378689366742013, 47.752968717191955 ], [ 0.378419347090861, 47.753012634256578 ], [ 0.378754726170156, 47.753077161307651 ], [ 0.378994948609187, 47.752885164379968 ], [ 0.379017561659169, 47.75287157642034 ] ] ] } },
{ "type": "Feature", "properties": { "gid": 70954, "insee_dep": "72", "niveau": 1.0, "surf_m2": 5777.289 }, "geometry": { "type": "Polygon", "coordinates": [ [ [ 0.331188506444912, 47.714088924068129 ], [ 0.33139545250692, 47.713976128177841 ], [ 0.331529728188974, 47.713916825186814 ], [ 0.330923701332086, 47.713328415390301 ], [ 0.330748713015138, 47.713095541160676 ], [ 0.330690620027002, 47.71292559041536 ], [ 0.330689965099199, 47.712669853986952 ], [ 0.330049865720846, 47.712977100973887 ], [ 0.330439527638537, 47.713310426858612 ], [ 0.331078309155813, 47.71417348344518 ], [ 0.331188506444912, 47.714088924068129 ] ] ] } },
{ "type": "Feature", "properties": { "gid": 70759, "insee_dep": "72", "niveau": 3.0, "surf_m2": 1515569.901 }, "geometry": { "type": "Polygon", "coordinates": [ [ [ 0.426652107614839, 47.83787664505703 ], [ 0.427444556399166, 47.837936290028075 ], [ 0.42820569978323, 47.838036079507461 ], [ 0.428473566463591, 47.838052632959574 ], [ 0.429337015479418, 47.837988316640256 ], [ 0.429932803774898, 47.837844347252705 ], [ 0.430315048979212, 47.837869554027669 ], [ 0.430789637329546, 47.837939468436907 ], [ 0.431058815228453, 47.837944474501718 ], [ 0.431192596701852, 47.837933273732574 ], [ 0.432082071298133, 47.837822968282737 ], [ 0.432339427615606, 47.837753352151097 ], [ 0.432458677687187, 47.837705450705101 ], [ 0.43267190683218, 47.837586039212361 ], [ 0.432763583378196, 47.837515817798284 ], [ 0.433071779921927, 47.837197697136709 ], [ 0.433190673560392, 47.837038560468578 ], [ 0.433440148694993, 47.8365847905782 ], [ 0.433536438478145, 47.836154603638796 ], [ 0.433548944516653, 47.835938722735364 ], [ 0.433865118171929, 47.836159812835731 ], [ 0.433910065338647, 47.836191243525811 ], [ 0.434660276512092, 47.83660431832655 ], [ 0.434894030080543, 47.836705136327055 ], [ 0.435975916522682, 47.83698590850419 ], [ 0.437058620608216, 47.837195734552296 ], [ 0.43754503315198, 47.8373397189023 ], [ 0.437742964316019, 47.837404594454171 ], [ 0.438402547485947, 47.837620780262149 ], [ 0.438813377148074, 47.837734921115761 ], [ 0.43907105833103, 47.837785502511942 ], [ 0.439338553471338, 47.837800403939653 ], [ 0.439472614475307, 47.83779422991563 ], [ 0.439734604518881, 47.837754944039297 ], [ 0.440228636856371, 47.83761127439135 ], [ 0.440885033444161, 47.83738169129137 ], [ 0.441271198392718, 47.837300125779223 ], [ 0.442824757483672, 47.837489716608459 ], [ 0.444520572254338, 47.8376032810514 ], [ 0.445426004386391, 47.837534161918093 ], [ 0.445688968861172, 47.837493949402365 ], [ 0.446679055224813, 47.837269796797173 ], [ 0.44764342753376, 47.837007431137032 ], [ 0.448002230695155, 47.837069800463752 ], [ 0.449152093739027, 47.837160374885528 ], [ 0.449395472259462, 47.837164515545929 ], [ 0.449635929568045, 47.837138868569085 ], [ 0.450290619394027, 47.837027108559141 ], [ 0.450564935751269, 47.836957292374933 ], [ 0.450868717916348, 47.837137250726954 ], [ 0.451330922597881, 47.837388679046065 ], [ 0.451461513264453, 47.837459716629951 ], [ 0.451815295584903, 47.837652161849554 ], [ 0.452013647125327, 47.837741605712722 ], [ 0.452844895550455, 47.838043481127833 ], [ 0.453201624221947, 47.838109765619684 ], [ 0.454596568162144, 47.838229786974857 ], [ 0.456185089472565, 47.838274804812322 ], [ 0.456471903451117, 47.838241435782074 ], [ 0.457512518265267, 47.83803544526652 ], [ 0.457615900175097, 47.838195659436209 ], [ 0.457754298628004, 47.838362169738694 ], [ 0.458075927903339, 47.838749122615731 ], [ 0.458215049326537, 47.838885392307354 ], [ 0.458388853718573, 47.839002225243284 ], [ 0.458747538117828, 47.839202600627665 ], [ 0.45911920843839, 47.839399977667405 ], [ 0.45990777802204, 47.839732919390023 ], [ 0.460151242681056, 47.839813802061819 ], [ 0.460413958502973, 47.839859900266958 ], [ 0.460913980522386, 47.839911890899323 ], [ 0.461431499569529, 47.84005061804838 ], [ 0.462604421704183, 47.840234396402096 ], [ 0.462903771380163, 47.840358584641912 ], [ 0.463140612854852, 47.840436306454144 ], [ 0.46376039879489, 47.840550108398737 ], [ 0.46403665390521, 47.840578382904496 ], [ 0.464380973104656, 47.840886411956696 ], [ 0.464601505279365, 47.841041196979894 ], [ 0.465213920028779, 47.841374935833223 ], [ 0.466276617140609, 47.841860225021207 ], [ 0.467322531900512, 47.842172809695903 ], [ 0.467855697853991, 47.842359729202123 ], [ 0.468106947377368, 47.842410973829907 ], [ 0.468481671451991, 47.842424349646599 ], [ 0.468548243468436, 47.842418841696514 ], [ 0.468612363231069, 47.842412389311896 ], [ 0.468677826628333, 47.842402467615145 ], [ 0.468740667219405, 47.842391812115395 ], [ 0.468756903900304, 47.842389059651097 ], [ 0.468886054642627, 47.842362553043586 ], [ 0.46985508806385, 47.842722740565414 ], [ 0.470200797688307, 47.842803174015408 ], [ 0.470570406021129, 47.842869515636764 ], [ 0.47108887153695, 47.842901783225372 ], [ 0.471898108130297, 47.84291193303892 ], [ 0.472342395373867, 47.84289409252343 ], [ 0.472586618332344, 47.842854190972048 ], [ 0.472594024000556, 47.842852203910724 ], [ 0.472703472367691, 47.842822835399566 ], [ 0.473058573480002, 47.842693801999175 ], [ 0.473164346251243, 47.842636093892636 ], [ 0.473347090183269, 47.842500518637131 ], [ 0.473485300836151, 47.8423428524871 ], [ 0.47353583927285, 47.842257745152224 ], [ 0.473597166866746, 47.842079388347358 ], [ 0.473610318929059, 47.841713897651218 ], [ 0.47356367491338, 47.841537272683318 ], [ 0.473399020455817, 47.841292686456335 ], [ 0.473134509706041, 47.841091690338828 ], [ 0.472842078390372, 47.840931710966586 ], [ 0.472151232953815, 47.840667946170981 ], [ 0.471858632252852, 47.840608856993072 ], [ 0.47129845817726, 47.8405414293875 ], [ 0.470468760940614, 47.840481190877966 ], [ 0.469959078526026, 47.840341102041016 ], [ 0.469631435823953, 47.840159412475757 ], [ 0.469317825703231, 47.840049427718661 ], [ 0.468004641331315, 47.839812627721685 ], [ 0.467593502973388, 47.839716214430268 ], [ 0.467380460248335, 47.839609313108916 ], [ 0.467167376147095, 47.839421578756436 ], [ 0.467128572879012, 47.839391694303117 ], [ 0.467051563783667, 47.839332385789959 ], [ 0.466891646092403, 47.839224467385726 ], [ 0.46680354528885, 47.839115925828359 ], [ 0.466733574131985, 47.838980312726491 ], [ 0.466696208734766, 47.838756279958005 ], [ 0.466616644681296, 47.838580377195541 ], [ 0.466485642482546, 47.838419032675645 ], [ 0.466308668600542, 47.838278980953845 ], [ 0.46620518407598, 47.838218808788518 ], [ 0.465973623247201, 47.838121311360176 ], [ 0.465478751262492, 47.837975345947868 ], [ 0.465105987488723, 47.837943182515225 ], [ 0.464734657908985, 47.837982144969367 ], [ 0.464392747603189, 47.838052252911226 ], [ 0.464307858109682, 47.838069658968784 ], [ 0.464093108443781, 47.838089473497213 ], [ 0.463483377181641, 47.837790703422463 ], [ 0.463171727612118, 47.837683225597885 ], [ 0.462467477352832, 47.837520527850415 ], [ 0.462167457814283, 47.837497069177708 ], [ 0.461798859335135, 47.837496472714058 ], [ 0.460862695558511, 47.83722692585237 ], [ 0.460726995760146, 47.837048246687395 ], [ 0.46052790705664, 47.836786098885597 ], [ 0.46024395305733, 47.836114511966379 ], [ 0.46003058641164, 47.835535564234448 ], [ 0.460095747209831, 47.835358162278141 ], [ 0.460104445972909, 47.835164863048533 ], [ 0.460054154502985, 47.834789352336088 ], [ 0.459977707134008, 47.834612168989757 ], [ 0.459849203004009, 47.834449206999615 ], [ 0.459647944469931, 47.834247157581252 ], [ 0.459326627268157, 47.834006145046523 ], [ 0.459011860958334, 47.833848036384836 ], [ 0.45864244029848, 47.83375834188179 ], [ 0.458531375858984, 47.833747076279337 ], [ 0.45825025212737, 47.833744802171175 ], [ 0.457992866088674, 47.83377893925686 ], [ 0.457750340222818, 47.833846266013637 ], [ 0.457527882844615, 47.833946704594155 ], [ 0.457434597964227, 47.834003490110213 ], [ 0.457140319830265, 47.834201159729908 ], [ 0.456983612792961, 47.834327727793813 ], [ 0.45686380379134, 47.834471411661589 ], [ 0.456644303978417, 47.834893664334139 ], [ 0.456094557536053, 47.835422373808179 ], [ 0.455731026298995, 47.835724561932167 ], [ 0.455235712528608, 47.835770023297485 ], [ 0.454552795504006, 47.835590965009004 ], [ 0.454190326563387, 47.83546634607351 ], [ 0.453940572365076, 47.83542452089911 ], [ 0.453460561382184, 47.835376545788577 ], [ 0.453190621575711, 47.83528696719867 ], [ 0.452638727132946, 47.834982157592819 ], [ 0.452385373492698, 47.834598023828917 ], [ 0.452244090128386, 47.834458011908403 ], [ 0.451888814096007, 47.834213031938475 ], [ 0.451651039554433, 47.833936855421676 ], [ 0.451334640139783, 47.833468814888946 ], [ 0.451204275314532, 47.833339062910881 ], [ 0.450981520374738, 47.833161223022628 ], [ 0.450779290057788, 47.833048368426184 ], [ 0.450424565244879, 47.832934160062244 ], [ 0.450167143932242, 47.832899024010693 ], [ 0.449710339067471, 47.8328981640622 ], [ 0.449449248263515, 47.832933124830895 ], [ 0.44908969179118, 47.83304878044386 ], [ 0.448796745103449, 47.833230664497343 ], [ 0.448529040835487, 47.833478974824679 ], [ 0.448401661095274, 47.833708179160631 ], [ 0.448334752311205, 47.834069043682689 ], [ 0.44835297742327, 47.834356778000476 ], [ 0.447843744271452, 47.834200677664903 ], [ 0.447017139270913, 47.834066652025548 ], [ 0.446749477749015, 47.834043774206634 ], [ 0.446187455368243, 47.83406795106405 ], [ 0.445919912979462, 47.834100317902461 ], [ 0.445667626129054, 47.834168458217349 ], [ 0.445550502398545, 47.834215117909032 ], [ 0.445340346696196, 47.83433120360651 ], [ 0.445249494892612, 47.834399427309592 ], [ 0.445072129848894, 47.834590301752989 ], [ 0.444743841291271, 47.834757391732325 ], [ 0.444337272740929, 47.83488199829258 ], [ 0.443630327295989, 47.834893942293675 ], [ 0.442666097878149, 47.83463068998433 ], [ 0.44215842283882, 47.834521040577101 ], [ 0.441642187138164, 47.83444935876593 ], [ 0.441365499709991, 47.834434226468389 ], [ 0.440570647647241, 47.834501961784355 ], [ 0.440049260785445, 47.834614537910298 ], [ 0.439795798957141, 47.834692024873718 ], [ 0.439679425239267, 47.834743661318775 ], [ 0.439417648911909, 47.834917057290944 ], [ 0.4393720477865, 47.834924749956386 ], [ 0.439033507851528, 47.834938486521544 ], [ 0.438376136886775, 47.834904489668858 ], [ 0.436683325140471, 47.834579726557656 ], [ 0.436156772822273, 47.834295884171063 ], [ 0.435421694464789, 47.833821934615706 ], [ 0.434380644474547, 47.833119860532335 ], [ 0.434343371480632, 47.832991171670947 ], [ 0.434320640226222, 47.832646103037966 ], [ 0.434374686050768, 47.832341574769217 ], [ 0.434380274056562, 47.832166469584365 ], [ 0.434335387105444, 47.831993951646382 ], [ 0.434177648439125, 47.831754230131786 ], [ 0.433923993694758, 47.831555293143623 ], [ 0.433711950826682, 47.831453853579283 ], [ 0.433349487261903, 47.831358043099861 ], [ 0.432961395101176, 47.831336643173948 ], [ 0.432580611109797, 47.831391469032774 ], [ 0.432346884539843, 47.831468327616157 ], [ 0.432052096756214, 47.831590504656184 ], [ 0.431582183916582, 47.831576024447045 ], [ 0.43131804979736, 47.831591288398513 ], [ 0.430943132766091, 47.831678873623112 ], [ 0.430721713430719, 47.83177704024056 ], [ 0.430454073522864, 47.831974334698025 ], [ 0.43028425882504, 47.832215846077005 ], [ 0.430233187885272, 47.832391010594534 ], [ 0.430172459010431, 47.832849141382958 ], [ 0.429992454716754, 47.832961222873649 ], [ 0.429818402638961, 47.833095640397239 ], [ 0.429398451924139, 47.83321601501288 ], [ 0.429202332969394, 47.833239550887711 ], [ 0.428557220044962, 47.833183703640536 ], [ 0.42842335315476, 47.833184795935971 ], [ 0.428159456919559, 47.833213912043583 ], [ 0.427909447597612, 47.833277817001047 ], [ 0.427792812480947, 47.833322067521408 ], [ 0.427582114912352, 47.833432949690575 ], [ 0.427490168430723, 47.833498469795963 ], [ 0.427337677649429, 47.833646385944341 ], [ 0.427278665611734, 47.833727298345018 ], [ 0.427198058016333, 47.833898984127266 ], [ 0.427177273538236, 47.833988033805049 ], [ 0.42717578040499, 47.834168090539805 ], [ 0.42722754874516, 47.834344743505369 ], [ 0.427272841341506, 47.834429571161095 ], [ 0.427330510006499, 47.834510922591832 ], [ 0.42748053973967, 47.834659976265904 ], [ 0.428244651391659, 47.835270811771679 ], [ 0.428419608113446, 47.835370671192351 ], [ 0.428876088790352, 47.835588821530258 ], [ 0.428321028953979, 47.835678327203134 ], [ 0.427381870238542, 47.835680804039988 ], [ 0.42640068124653, 47.835581566445462 ], [ 0.425375192222088, 47.835443655433416 ], [ 0.424032996526722, 47.835120405341584 ], [ 0.422762153065529, 47.834747208713857 ], [ 0.422669689100098, 47.834511672388174 ], [ 0.422648087977452, 47.834227636161152 ], [ 0.422663235597331, 47.834112928273171 ], [ 0.422991488788969, 47.833336679335424 ], [ 0.423005287928245, 47.833069927010598 ], [ 0.422949244033281, 47.832895656750722 ], [ 0.422843277820733, 47.832732246449687 ], [ 0.422691545391557, 47.832586109620344 ], [ 0.422391603522724, 47.832411597600036 ], [ 0.422154855440168, 47.83233171029363 ], [ 0.421899364320239, 47.832284818170123 ], [ 0.421635158704837, 47.832272761659347 ], [ 0.421372608925228, 47.832296012858777 ], [ 0.421122017383728, 47.832353660221251 ], [ 0.420893222594941, 47.832443440356926 ], [ 0.420610221418033, 47.832630341113934 ], [ 0.420472476932023, 47.832782629910007 ], [ 0.419957452226561, 47.833504554237351 ], [ 0.419681433496899, 47.833891448669412 ], [ 0.419307222763572, 47.834418532713592 ], [ 0.419214020143749, 47.834594993373912 ], [ 0.419188357700905, 47.834687158240051 ], [ 0.419180568719065, 47.8347516872795 ], [ 0.419177076016788, 47.834780621207244 ], [ 0.419267680542689, 47.835599754019512 ], [ 0.419335054525813, 47.835765749619213 ], [ 0.419448118948884, 47.83592007571341 ], [ 0.419455810837973, 47.835927615460484 ], [ 0.419520555621884, 47.835991078305554 ], [ 0.420040748871284, 47.836443433000767 ], [ 0.420259214793179, 47.836568809341671 ], [ 0.421111045641797, 47.83688113823208 ], [ 0.421663071032136, 47.837125023645619 ], [ 0.422898552838202, 47.837457993408954 ], [ 0.423745352727295, 47.837618745699977 ], [ 0.424642008472032, 47.837651334995329 ], [ 0.425836057715703, 47.837750957750487 ], [ 0.426652107614839, 47.83787664505703 ] ] ] } },
{ "type": "Feature", "properties": { "gid": 70956, "insee_dep": "72", "niveau": 1.0, "surf_m2": 9373.545 }, "geometry": { "type": "Polygon", "coordinates": [ [ [ 0.418357293762903, 47.696267240464906 ], [ 0.418453234538855, 47.696199122127062 ], [ 0.41867395802957, 47.696084928105478 ], [ 0.418977395076951, 47.695959500739406 ], [ 0.4187059478373, 47.695744118184869 ], [ 0.418553166084563, 47.695566558487172 ], [ 0.418487508966236, 47.695542760724244 ], [ 0.418105123811061, 47.695520740439264 ], [ 0.417537099863603, 47.695440965586165 ], [ 0.417312851321258, 47.695368736439548 ], [ 0.417025530941467, 47.695212632755947 ], [ 0.416620200191238, 47.695353920161665 ], [ 0.416976659058508, 47.695480743509059 ], [ 0.417177325091463, 47.695599411640977 ], [ 0.417263475105971, 47.695668307720688 ], [ 0.417833127427692, 47.696196909847998 ], [ 0.417945703430554, 47.696365646883265 ], [ 0.418024917855388, 47.696585826810676 ], [ 0.41814765156423, 47.696463993524681 ], [ 0.418357293762903, 47.696267240464906 ] ] ] } },
{ "type": "Feature", "properties": { "gid": 70948, "insee_dep": "72", "niveau": 1.0, "surf_m2": 3374.867 }, "geometry": { "type": "Polygon", "coordinates": [ [ [ 0.590882160062853, 47.874897134992821 ], [ 0.590912844164577, 47.87486951571897 ], [ 0.591161102309629, 47.874589186481721 ], [ 0.591176830011615, 47.874566999412693 ], [ 0.591208793684929, 47.874452404604206 ], [ 0.591241152419564, 47.874240574822458 ], [ 0.591241169771909, 47.874220233491023 ], [ 0.591052093591633, 47.874395242720006 ], [ 0.590852906009971, 47.874542225434418 ], [ 0.590222112407159, 47.874849306612525 ], [ 0.590467600591483, 47.874852434060053 ], [ 0.590882160062853, 47.874897134992821 ] ] ] } },
{ "type": "Feature", "properties": { "gid": 73238, "insee_dep": "72", "niveau": 1.0, "surf_m2": 7714.819 }, "geometry": { "type": "Polygon", "coordinates": [ [ [ 0.569541489695968, 47.82312435922789 ], [ 0.569944614666923, 47.823343044348455 ], [ 0.570280926595888, 47.823592929690641 ], [ 0.570678346151635, 47.823930463468244 ], [ 0.570925000840191, 47.824189840253155 ], [ 0.571264064086749, 47.82438372937164 ], [ 0.571476513239871, 47.824543136066808 ], [ 0.571219936351351, 47.824198211132511 ], [ 0.570973161342985, 47.82377964686377 ], [ 0.570773103902849, 47.823529896181086 ], [ 0.570624873764031, 47.823393614905989 ], [ 0.570233536020183, 47.823244162316414 ], [ 0.568270999231407, 47.822301149967565 ], [ 0.567887536786107, 47.82203150767937 ], [ 0.567401731832617, 47.821622135553696 ], [ 0.567665171287225, 47.822014945474223 ], [ 0.567795783876082, 47.822131574350372 ], [ 0.568700369496395, 47.822661701899193 ], [ 0.569061477233704, 47.822901058863323 ], [ 0.569541489695968, 47.82312435922789 ] ] ] } },
{ "type": "Feature", "properties": { "gid": 73258, "insee_dep": "72", "niveau": 1.0, "surf_m2": 8852.468 }, "geometry": { "type": "Polygon", "coordinates": [ [ [ 0.498781377799275, 47.660130096798873 ], [ 0.498476969663656, 47.660141733892843 ], [ 0.497765903307153, 47.660305538015855 ], [ 0.497180913022701, 47.660497083498726 ], [ 0.496948604286267, 47.660635789090911 ], [ 0.49732467886157, 47.6606346540527 ], [ 0.497887453154072, 47.660692948737399 ], [ 0.498089587195302, 47.660738502945634 ], [ 0.498334924301123, 47.660665044397248 ], [ 0.498961126017142, 47.660570088250971 ], [ 0.499223643753872, 47.660550484041273 ], [ 0.499486726233904, 47.660566249188747 ], [ 0.499859891016287, 47.660654483434186 ], [ 0.500347743136405, 47.660834093731893 ], [ 0.500719685559079, 47.661002801711668 ], [ 0.501120556543522, 47.661103063070662 ], [ 0.501645789793769, 47.661162240386851 ], [ 0.502056435827947, 47.661231795621688 ], [ 0.502256215031948, 47.661206926848088 ], [ 0.502298346455017, 47.661203099655786 ], [ 0.501409364602735, 47.661100741866989 ], [ 0.501050500174028, 47.661019019662234 ], [ 0.499980064244443, 47.660649555105991 ], [ 0.49904769620723, 47.660170413414846 ], [ 0.498997449678558, 47.66014295749337 ], [ 0.498781377799275, 47.660130096798873 ] ] ] } },
{ "type": "Feature", "properties": { "gid": 73259, "insee_dep": "72", "niveau": 1.0, "surf_m2": 4591.096 }, "geometry": { "type": "Polygon", "coordinates": [ [ [ 0.418413622642549, 47.714043836580615 ], [ 0.418478425364117, 47.714214546454841 ], [ 0.418503942625246, 47.714450031543386 ], [ 0.418488611365205, 47.714643840243795 ], [ 0.418364240917126, 47.714967549011519 ], [ 0.418273371746848, 47.715142300845272 ], [ 0.41828113331837, 47.715237496500009 ], [ 0.418313169463598, 47.715528254792865 ], [ 0.418497281561207, 47.715857052155677 ], [ 0.418637613265981, 47.716004440448579 ], [ 0.418630290494772, 47.715408056988821 ], [ 0.418667295923955, 47.713864274871561 ], [ 0.418052247469021, 47.713617281742231 ], [ 0.418295750170854, 47.713867837939908 ], [ 0.418413622642549, 47.714043836580615 ] ] ] } },
{ "type": "Feature", "properties": { "gid": 81284, "insee_dep": "72", "niveau": 2.0, "surf_m2": 7691.751 }, "geometry": { "type": "Polygon", "coordinates": [ [ [ 0.478198382603166, 47.862230902361595 ], [ 0.478192210463772, 47.86182748350609 ], [ 0.478280480128548, 47.861564222463201 ], [ 0.478158382674366, 47.86160444427361 ], [ 0.477907213358689, 47.861657804323542 ], [ 0.476832459861966, 47.861809808061011 ], [ 0.476461593813439, 47.861826115719957 ], [ 0.476758356842919, 47.861942386792329 ], [ 0.477304131943627, 47.862278182044925 ], [ 0.477506511874587, 47.862437944121133 ], [ 0.47780092621134, 47.862734471570342 ], [ 0.477987485351692, 47.862463233845105 ], [ 0.478198382603166, 47.862230902361595 ] ] ] } },
{ "type": "Feature", "properties": { "gid": 74831, "insee_dep": "72", "niveau": 3.0, "surf_m2": 162352.836 }, "geometry": { "type": "Polygon", "coordinates": [ [ [ 0.560877542186272, 47.699979941874687 ], [ 0.560657015550737, 47.70006887639304 ], [ 0.560566153548963, 47.700118805446479 ], [ 0.560557289268327, 47.700123676817952 ], [ 0.560216730290473, 47.700336031124394 ], [ 0.560058219888619, 47.700479775087942 ], [ 0.559829057619125, 47.700797472339254 ], [ 0.559736481803728, 47.700977236632582 ], [ 0.559701968848026, 47.701166121638501 ], [ 0.559727058611951, 47.70135568314172 ], [ 0.559806997143477, 47.70161388780383 ], [ 0.560000178089419, 47.701962324966246 ], [ 0.560126830237914, 47.702104804943687 ], [ 0.560290124909336, 47.702229140610058 ], [ 0.560484496001745, 47.702331094120787 ], [ 0.560899575750069, 47.702504761475261 ], [ 0.561272775075364, 47.702588638847111 ], [ 0.561534804129467, 47.702601870797032 ], [ 0.56170717727849, 47.702591932426465 ], [ 0.562166378964619, 47.702799995564817 ], [ 0.562554579370703, 47.702948054561865 ], [ 0.562793437280554, 47.703019325704346 ], [ 0.563048293721916, 47.703057802304109 ], [ 0.563488209744723, 47.703094192848823 ], [ 0.563721893561038, 47.703099581149942 ], [ 0.564218074145562, 47.70305538873869 ], [ 0.564684512159862, 47.702992600054969 ], [ 0.565043359259741, 47.70290541710051 ], [ 0.565725055794637, 47.702600462526021 ], [ 0.566059041480983, 47.70241662304187 ], [ 0.566234359800425, 47.702300398070093 ], [ 0.566709265908452, 47.701839764320134 ], [ 0.56677012038405, 47.701755493468411 ], [ 0.566851365367294, 47.70157646181984 ], [ 0.566899592966517, 47.70140992816863 ], [ 0.566937222382826, 47.701279990725425 ], [ 0.566961895607537, 47.701096396020894 ], [ 0.5669306388772, 47.700913259365059 ], [ 0.566844764128814, 47.700738262212489 ], [ 0.566782386256527, 47.700656132155245 ], [ 0.566622019937247, 47.700506917464246 ], [ 0.566288316712848, 47.70029586265585 ], [ 0.565653916189396, 47.699931847330149 ], [ 0.565233741261798, 47.699739572606497 ], [ 0.564984335438759, 47.699669882022285 ], [ 0.564719246293807, 47.699635531143372 ], [ 0.564365398980708, 47.699622054040837 ], [ 0.563580231107194, 47.699630382965061 ], [ 0.563219900003579, 47.699597705562979 ], [ 0.5629636445541, 47.699604996368528 ], [ 0.56271419859575, 47.699645275099137 ], [ 0.562453262627962, 47.699729014937084 ], [ 0.562041226342027, 47.69982125730467 ], [ 0.561119238780488, 47.699921206356954 ], [ 0.560877542186272, 47.699979941874687 ] ] ] } },
{ "type": "Feature", "properties": { "gid": 75026, "insee_dep": "72", "niveau": 1.0, "surf_m2": 6677.081 }, "geometry": { "type": "Polygon", "coordinates": [ [ [ 0.428777862377297, 47.839968483200089 ], [ 0.430706281033684, 47.840089507199608 ], [ 0.430927547960956, 47.840129450866478 ], [ 0.432379267974657, 47.840483723082514 ], [ 0.432372960551455, 47.840466275147165 ], [ 0.432337390534465, 47.840300147576244 ], [ 0.432354548528245, 47.840111017695222 ], [ 0.432367755633059, 47.840067271047033 ], [ 0.430790814857585, 47.840031029625294 ], [ 0.430065973054241, 47.839971804944454 ], [ 0.429095566742086, 47.839936077721561 ], [ 0.428822929532033, 47.839887581394557 ], [ 0.428693824278166, 47.839849098435629 ], [ 0.428408176180938, 47.839719042454789 ], [ 0.428243465767086, 47.839735777712107 ], [ 0.427874512792022, 47.839732801588454 ], [ 0.42764389899787, 47.839702997966761 ], [ 0.427032912363254, 47.839573849500418 ], [ 0.42701390824774, 47.839594030841383 ], [ 0.426744920947019, 47.839814205555605 ], [ 0.426713290185418, 47.839872151240584 ], [ 0.427418790729971, 47.839789429265807 ], [ 0.42767920891696, 47.839789027017694 ], [ 0.427934802203481, 47.839822624765134 ], [ 0.428253074346826, 47.839905562444599 ], [ 0.428777862377297, 47.839968483200089 ] ] ] } },
{ "type": "Feature", "properties": { "gid": 77992, "insee_dep": "72", "niveau": 1.0, "surf_m2": 1023.502 }, "geometry": { "type": "Polygon", "coordinates": [ [ [ 0.520042119809494, 47.654030954664108 ], [ 0.520042119545278, 47.654030955983501 ], [ 0.520794234330006, 47.653533101370535 ], [ 0.520501836562526, 47.653528697032577 ], [ 0.520339339723457, 47.653583782881441 ], [ 0.520296641543043, 47.653613494778156 ], [ 0.52025527480221, 47.653643234920686 ], [ 0.520205793601646, 47.653675504414032 ], [ 0.520147479749616, 47.653754414200556 ], [ 0.520042119809494, 47.654030954664108 ] ] ] } },
{ "type": "Feature", "properties": { "gid": 78010, "insee_dep": "72", "niveau": 1.0, "surf_m2": 67387.501 }, "geometry": { "type": "Polygon", "coordinates": [ [ [ 0.41016598845129, 47.652027012397554 ], [ 0.410724110040041, 47.652020963957483 ], [ 0.411003570422076, 47.652037904345661 ], [ 0.411271579873603, 47.652094019296491 ], [ 0.41217627056629, 47.65233740718714 ], [ 0.413351978001893, 47.65222691049928 ], [ 0.414672248289434, 47.651994167720922 ], [ 0.416107761840715, 47.651896435517202 ], [ 0.416484985485819, 47.651907854039067 ], [ 0.416727245673465, 47.651955241225565 ], [ 0.417070692701567, 47.652047012942496 ], [ 0.417227789605573, 47.651889434109968 ], [ 0.417615444372727, 47.651615081010469 ], [ 0.41720231711324, 47.651549135985753 ], [ 0.416963132536898, 47.651466838576148 ], [ 0.416753220562557, 47.651353811992394 ], [ 0.416352380371345, 47.651083719749344 ], [ 0.416167436574549, 47.651242244046109 ], [ 0.415435599926078, 47.651648398691385 ], [ 0.41518785609277, 47.651735278287397 ], [ 0.414918758349808, 47.651785366486259 ], [ 0.414221167010329, 47.651818112718608 ], [ 0.413933716677546, 47.651808516636741 ], [ 0.413656026175669, 47.651757426716614 ], [ 0.412986793014434, 47.651570416463628 ], [ 0.412832740376652, 47.651660348476597 ], [ 0.412598430831909, 47.651752198689564 ], [ 0.411826320400105, 47.651926362603554 ], [ 0.411560867902798, 47.651948153996962 ], [ 0.41102666705395, 47.651955501140392 ], [ 0.410666657521193, 47.651927127568278 ], [ 0.410202617174133, 47.651797978585741 ], [ 0.409940188781676, 47.651744016556925 ], [ 0.409213569895348, 47.651481643253462 ], [ 0.408316886667146, 47.651036468502198 ], [ 0.408130330080842, 47.650920913674724 ], [ 0.40764537364727, 47.650486296045941 ], [ 0.407466620892587, 47.650261616440005 ], [ 0.407220099798483, 47.650274745578479 ], [ 0.406944105242868, 47.650251501241577 ], [ 0.406234685411721, 47.650090803453999 ], [ 0.405817305245032, 47.649958735949085 ], [ 0.405451356807435, 47.649876378349738 ], [ 0.405009911561103, 47.649811126738648 ], [ 0.404657471438322, 47.64969710783577 ], [ 0.404369160244855, 47.649518888508865 ], [ 0.404225127859332, 47.64937179255061 ], [ 0.404103225471873, 47.649181836987765 ], [ 0.404029070180029, 47.649014598603799 ], [ 0.404004087439433, 47.648840833147347 ], [ 0.40406035176881, 47.648582251917425 ], [ 0.404158296486478, 47.648420699548616 ], [ 0.404313747472037, 47.648226757700144 ], [ 0.404285136142509, 47.648181138860899 ], [ 0.403338589203659, 47.648261041035909 ], [ 0.402793498736679, 47.648242615865186 ], [ 0.402922345803562, 47.648456880098777 ], [ 0.402999126944704, 47.648635740253525 ], [ 0.403095857003207, 47.649358158256426 ], [ 0.403144875289103, 47.649498680213341 ], [ 0.403372210436092, 47.649724492842118 ], [ 0.403826052575627, 47.65009046030238 ], [ 0.404073111138607, 47.650327015943432 ], [ 0.404400362804993, 47.650343217941234 ], [ 0.405013121325841, 47.650467004737116 ], [ 0.40527502488026, 47.650543507031934 ], [ 0.405530880174965, 47.65064142432329 ], [ 0.40621839020379, 47.650818102304129 ], [ 0.406654674217065, 47.650971005707163 ], [ 0.407212919166655, 47.651007839084606 ], [ 0.408116374828123, 47.651214285785116 ], [ 0.408342025132577, 47.651301666113021 ], [ 0.409499330208702, 47.651971883418021 ], [ 0.409743585928408, 47.652078298269942 ], [ 0.409885115179301, 47.652050368259211 ], [ 0.41016598845129, 47.652027012397554 ] ] ] } },
{ "type": "Feature", "properties": { "gid": 78012, "insee_dep": "72", "niveau": 1.0, "surf_m2": 1686.781 }, "geometry": { "type": "Polygon", "coordinates": [ [ [ 0.47641499722704, 47.645085149154347 ], [ 0.476603046179498, 47.645401117859002 ], [ 0.477021421055226, 47.644589004053742 ], [ 0.476992800014746, 47.644585840588746 ], [ 0.476681672374416, 47.644768236241859 ], [ 0.476386122657599, 47.644931155459112 ], [ 0.476413493493524, 47.645077708129413 ], [ 0.476414831076691, 47.645084869978902 ], [ 0.47641499722704, 47.645085149154347 ] ] ] } },
{ "type": "Feature", "properties": { "gid": 78013, "insee_dep": "72", "niveau": 1.0, "surf_m2": 186944.28 }, "geometry": { "type": "Polygon", "coordinates": [ [ [ 0.430162856382176, 47.685569861335154 ], [ 0.430037260092461, 47.685532880073538 ], [ 0.429806187198058, 47.68543386396442 ], [ 0.429405080713255, 47.68517726063579 ], [ 0.429239024794252, 47.68504498918125 ], [ 0.429020095267898, 47.684789401750244 ], [ 0.42865897230384, 47.684522465794885 ], [ 0.428426637492855, 47.684403915707506 ], [ 0.427823494372166, 47.684249655608347 ], [ 0.427639652482561, 47.684219815539898 ], [ 0.427063727496428, 47.684288976286432 ], [ 0.427187067111891, 47.684600771980378 ], [ 0.427402519096813, 47.684901772611404 ], [ 0.42748702383787, 47.685157722639808 ], [ 0.427467892790219, 47.685630482095739 ], [ 0.427439088868585, 47.685729896070612 ], [ 0.427303144738766, 47.685988313232073 ], [ 0.4277779297163, 47.686512239598805 ], [ 0.427975929788935, 47.686796955357572 ], [ 0.42826524250541, 47.687243265530277 ], [ 0.428770938777652, 47.688186315623192 ], [ 0.428837247834021, 47.68836581038817 ], [ 0.428849581380744, 47.688458054971463 ], [ 0.428705251554341, 47.690353479777265 ], [ 0.428456159678705, 47.691091346761503 ], [ 0.428457453324725, 47.691351661250053 ], [ 0.428653636150386, 47.691604103994585 ], [ 0.429237502896636, 47.691983034837051 ], [ 0.42931779964757, 47.692023099939185 ], [ 0.429451380273357, 47.691950380131303 ], [ 0.429542101960628, 47.691867996039342 ], [ 0.429684485490956, 47.691634888930196 ], [ 0.429816466165304, 47.691236791978241 ], [ 0.430000795752087, 47.69082162841709 ], [ 0.430121232318761, 47.690410197677913 ], [ 0.430184487036188, 47.690262139166258 ], [ 0.430981174832771, 47.689162108826409 ], [ 0.431253693007511, 47.688722394163797 ], [ 0.431583679281908, 47.688327566853914 ], [ 0.431730734529502, 47.688205152861194 ], [ 0.432343659179404, 47.687841994101213 ], [ 0.432693663609945, 47.687680723541135 ], [ 0.432887442928036, 47.687149824259471 ], [ 0.433156053682947, 47.686742597775194 ], [ 0.433283869156487, 47.686593184184595 ], [ 0.433451559551825, 47.686462985650834 ], [ 0.433763845765824, 47.686262968930109 ], [ 0.434219188616882, 47.686013993695731 ], [ 0.434409250162819, 47.685883893123673 ], [ 0.433939627207826, 47.685765125502016 ], [ 0.433179443138558, 47.685600439231209 ], [ 0.432652457310821, 47.685452346426416 ], [ 0.432226521862939, 47.685415451186564 ], [ 0.43192163549305, 47.685410460088747 ], [ 0.431392808333939, 47.685551855674255 ], [ 0.430837147772725, 47.68561677775984 ], [ 0.430700857080278, 47.685626290928411 ], [ 0.430427543390749, 47.68561682253295 ], [ 0.430162856382176, 47.685569861335154 ] ] ] } },
{ "type": "Feature", "properties": { "gid": 78963, "insee_dep": "72", "niveau": 2.0, "surf_m2": 23407.692 }, "geometry": { "type": "Polygon", "coordinates": [ [ [ 0.478096337948975, 47.866018833303357 ], [ 0.478541089557047, 47.865744248204109 ], [ 0.479053863572749, 47.865526469984026 ], [ 0.479336609574449, 47.865438066072848 ], [ 0.47976221194428, 47.865343747959905 ], [ 0.479267011731055, 47.865188524471982 ], [ 0.478978433445785, 47.865057733930954 ], [ 0.478447140532218, 47.864738351001826 ], [ 0.477881649570852, 47.864280333419558 ], [ 0.477831839050949, 47.86446614788008 ], [ 0.477749293257901, 47.864622498245758 ], [ 0.477621645530511, 47.864787192026562 ], [ 0.477438697230731, 47.864935919280271 ], [ 0.477383048721464, 47.865165270522326 ], [ 0.477109622909113, 47.865645345529444 ], [ 0.477007042092606, 47.86579423739056 ], [ 0.476764301799434, 47.866075969824273 ], [ 0.476734395494475, 47.86611748892981 ], [ 0.476743037778474, 47.866134070108181 ], [ 0.476854133044169, 47.866279786055323 ], [ 0.47709709886459, 47.866492676556135 ], [ 0.477267704222609, 47.866597790467836 ], [ 0.477663440268245, 47.866766435043594 ], [ 0.477690191074192, 47.866536024013158 ], [ 0.477752611672533, 47.866371327085837 ], [ 0.477859935765604, 47.866217464428793 ], [ 0.478096337948975, 47.866018833303357 ] ] ] } },
{ "type": "Feature", "properties": { "gid": 81372, "insee_dep": "72", "niveau": 1.0, "surf_m2": 949.209 }, "geometry": { "type": "Polygon", "coordinates": [ [ [ 0.427068080783641, 47.725369822996605 ], [ 0.426955815122754, 47.72476247482134 ], [ 0.426865038855993, 47.724570204236386 ], [ 0.426619071195465, 47.724336160596913 ], [ 0.426723752299901, 47.724530710360526 ], [ 0.426869808221062, 47.725061171574893 ], [ 0.426924116340958, 47.725175838816462 ], [ 0.427068080783641, 47.725369822996605 ] ] ] } },
{ "type": "Feature", "properties": { "gid": 83785, "insee_dep": "72", "niveau": 1.0, "surf_m2": 11306.267 }, "geometry": { "type": "Polygon", "coordinates": [ [ [ 0.36410450589489, 47.739378858673447 ], [ 0.364252282347336, 47.739527340885942 ], [ 0.364372082442459, 47.739742845721892 ], [ 0.364375823805754, 47.739753028765676 ], [ 0.364956381737289, 47.739538690264865 ], [ 0.36577434871359, 47.739208935316952 ], [ 0.365984478866964, 47.73915680480355 ], [ 0.366948666888235, 47.738976666315359 ], [ 0.36655700625468, 47.738975782786753 ], [ 0.365964508162472, 47.738887912896942 ], [ 0.365687637781928, 47.738827486779783 ], [ 0.365325111833532, 47.738819459836101 ], [ 0.364487571655666, 47.738873529108453 ], [ 0.364233144749047, 47.738922860766756 ], [ 0.363514103221841, 47.739103301005876 ], [ 0.363808979868311, 47.739200178893704 ], [ 0.36410450589489, 47.739378858673447 ] ] ] } },
{ "type": "Feature", "properties": { "gid": 86383, "insee_dep": "72", "niveau": 3.0, "surf_m2": 1129326.02 }, "geometry": { "type": "Polygon", "coordinates": [ [ [ 0.454021645220835, 47.652697775636824 ], [ 0.453281341532764, 47.652217213709918 ], [ 0.453036456090503, 47.652115575377927 ], [ 0.45206039454104, 47.651806211691202 ], [ 0.451850447633137, 47.651765625308194 ], [ 0.450676533497693, 47.651610829726771 ], [ 0.450454522696668, 47.651606375497828 ], [ 0.449435503527768, 47.65164667720601 ], [ 0.449215391261231, 47.651680469292756 ], [ 0.448604896009116, 47.651811806368876 ], [ 0.447647589230151, 47.652052481673728 ], [ 0.446935351350876, 47.652350764092496 ], [ 0.446291337146973, 47.652575677155042 ], [ 0.446105235964727, 47.652600929373826 ], [ 0.444723190628377, 47.652423102848047 ], [ 0.443622114560748, 47.652374447931358 ], [ 0.442638662424041, 47.652413867885805 ], [ 0.441444052049485, 47.652580314865638 ], [ 0.440835403344989, 47.65269634729178 ], [ 0.440464020631284, 47.652793197876299 ], [ 0.440146104832028, 47.652943323741077 ], [ 0.439905664278822, 47.653148963420399 ], [ 0.438448285882727, 47.65529630028896 ], [ 0.437549149719019, 47.65674514696903 ], [ 0.437175539981647, 47.657307783078288 ], [ 0.436991628623954, 47.657595882364369 ], [ 0.436933086123276, 47.657772515127945 ], [ 0.436929936448389, 47.657803215568457 ], [ 0.436923810767969, 47.657862916392673 ], [ 0.436928036605805, 47.657953489561649 ], [ 0.436976683074063, 47.658131486735464 ], [ 0.437077060587211, 47.658299309397584 ], [ 0.437145457061112, 47.658377260312108 ], [ 0.437225107673724, 47.658450169034488 ], [ 0.437414839398484, 47.658577966166533 ], [ 0.437759953831693, 47.658737004331016 ], [ 0.438356730573687, 47.659138057777547 ], [ 0.439154941047091, 47.659607221597589 ], [ 0.439865589505963, 47.65994563390759 ], [ 0.441572389232817, 47.66059448086861 ], [ 0.441784764036063, 47.660647363198223 ], [ 0.443152795048836, 47.660893357788005 ], [ 0.44328339544626, 47.660933643807191 ], [ 0.443579840678621, 47.661143600764397 ], [ 0.444078949972657, 47.661450417396388 ], [ 0.44476367207688, 47.661825015440172 ], [ 0.445472195235565, 47.66208442407779 ], [ 0.446418688320928, 47.662364926751088 ], [ 0.446753338537238, 47.662429536063627 ], [ 0.447399816377253, 47.662459228832098 ], [ 0.447946760563157, 47.662531814255537 ], [ 0.448207918158037, 47.662533428589207 ], [ 0.44846452401471, 47.662500593915347 ], [ 0.44870671920975, 47.662434573717775 ], [ 0.449022871520702, 47.662279193494662 ], [ 0.449258648918421, 47.66206850897084 ], [ 0.449426690718431, 47.661812515320477 ], [ 0.449752092784176, 47.66129783293615 ], [ 0.450388288465414, 47.660415394917422 ], [ 0.451177540280562, 47.659424773835809 ], [ 0.452668936344779, 47.657871405137243 ], [ 0.454538393836031, 47.656176466000055 ], [ 0.455771878660126, 47.655208884148401 ], [ 0.455920865059907, 47.655066012281857 ], [ 0.456061143628854, 47.654822141327209 ], [ 0.45609405561925, 47.654648789244916 ], [ 0.45607676513487, 47.654474407924909 ], [ 0.456009922752055, 47.654305571162595 ], [ 0.455896050845436, 47.654148645803467 ], [ 0.455646898845637, 47.653948353468401 ], [ 0.455631382962979, 47.653939921330839 ], [ 0.455545999588299, 47.653893519217526 ], [ 0.455143679014541, 47.653728758602377 ], [ 0.45483319090717, 47.653498773265554 ], [ 0.454482239955752, 47.653133672585227 ], [ 0.454021645220835, 47.652697775636824 ] ] ] } },
{ "type": "Feature", "properties": { "gid": 87483, "insee_dep": "72", "niveau": 1.0, "surf_m2": 123588.347 }, "geometry": { "type": "Polygon", "coordinates": [ [ [ 0.510409058943796, 47.748949484453576 ], [ 0.510722345777608, 47.749093512579137 ], [ 0.511328397527557, 47.749467358175743 ], [ 0.51153800102893, 47.749632135534732 ], [ 0.511800238227824, 47.749897333964235 ], [ 0.511732240859303, 47.749519202159419 ], [ 0.511712348456981, 47.749072205784223 ], [ 0.511764070947264, 47.748806480742395 ], [ 0.511817048529444, 47.748654757561432 ], [ 0.512063852889879, 47.748257548301048 ], [ 0.512176269339246, 47.748116828147779 ], [ 0.512252092020606, 47.747946083897226 ], [ 0.512373206845334, 47.747792256284498 ], [ 0.512535981360008, 47.747657042847031 ], [ 0.51269388609607, 47.747566088430219 ], [ 0.513702296236437, 47.746742731145808 ], [ 0.513826952338724, 47.746504571491322 ], [ 0.513839472121228, 47.745938779996266 ], [ 0.513869934768255, 47.745746803700719 ], [ 0.513954083685166, 47.745497258396668 ], [ 0.514145215905549, 47.745161469735905 ], [ 0.514422236186314, 47.744859818181446 ], [ 0.514686962082769, 47.744657792946228 ], [ 0.514948243797835, 47.744499909985699 ], [ 0.51517209902837, 47.744398355468498 ], [ 0.515532392941407, 47.744269266741604 ], [ 0.515870251767547, 47.744161584489611 ], [ 0.516092862388253, 47.744112879654246 ], [ 0.515914864869763, 47.744056129265587 ], [ 0.51566412802542, 47.743934373188445 ], [ 0.515488577096449, 47.743801211423381 ], [ 0.515355360590609, 47.743647331839639 ], [ 0.515263827842823, 47.743457178257493 ], [ 0.514451877738009, 47.743767976999933 ], [ 0.513427511965296, 47.744065010953584 ], [ 0.512992808922074, 47.744249009920317 ], [ 0.512680430614128, 47.744408888659905 ], [ 0.512575194176664, 47.744522030401782 ], [ 0.512483363153796, 47.744705203798453 ], [ 0.512352226607358, 47.744856143243872 ], [ 0.512180275132786, 47.744987119970297 ], [ 0.511981755555906, 47.745089588432698 ], [ 0.511728219847693, 47.74517314625006 ], [ 0.511587708971177, 47.745685260718574 ], [ 0.511493233045839, 47.745885885387402 ], [ 0.511220599467433, 47.746282207778648 ], [ 0.510624102280536, 47.746854735920216 ], [ 0.510057400877604, 47.747266339378754 ], [ 0.50985418979008, 47.747382945858256 ], [ 0.509740650567035, 47.74743039670178 ], [ 0.509495379267337, 47.747501225268124 ], [ 0.50915542692565, 47.747573259407055 ], [ 0.508524952564944, 47.747670420365793 ], [ 0.50831352346447, 47.748221309369761 ], [ 0.508045994625934, 47.748599541529998 ], [ 0.508789117385241, 47.748606429249044 ], [ 0.509476760414367, 47.748665835273016 ], [ 0.5097549001397, 47.748733212999319 ], [ 0.510409058943796, 47.748949484453576 ] ] ] } },
{ "type": "Feature", "properties": { "gid": 89389, "insee_dep": "72", "niveau": 3.0, "surf_m2": 216488.95 }, "geometry": { "type": "Polygon", "coordinates": [ [ [ 0.385929033030194, 47.641984830091133 ], [ 0.385674165773688, 47.64249268219077 ], [ 0.385072217988446, 47.643441943384445 ], [ 0.384925998590643, 47.643568733705877 ], [ 0.384365605235202, 47.643890106927252 ], [ 0.384201430642051, 47.643921217347085 ], [ 0.383962914590423, 47.643995702780749 ], [ 0.383657042289361, 47.644162813987087 ], [ 0.383436730412443, 47.644383010845267 ], [ 0.383347238909491, 47.644549961110918 ], [ 0.383307987269679, 47.644725535132324 ], [ 0.383320501259335, 47.64490289923512 ], [ 0.383384297674925, 47.645075152159016 ], [ 0.383570188180823, 47.645309402375581 ], [ 0.383747215291013, 47.645440620880834 ], [ 0.384075240546555, 47.645587301401982 ], [ 0.385177492463024, 47.645851494265848 ], [ 0.385855091643075, 47.645934907711784 ], [ 0.386099765436648, 47.645946464111923 ], [ 0.386462284619565, 47.645906744996374 ], [ 0.386689021005208, 47.645843540006219 ], [ 0.387379666984142, 47.645594691022588 ], [ 0.388058012550545, 47.645241303832478 ], [ 0.388211975515619, 47.645127989092543 ], [ 0.38874018404793, 47.644665400240676 ], [ 0.38889155490349, 47.644497764508735 ], [ 0.389332916135835, 47.643861875024051 ], [ 0.389433523930667, 47.643654766862788 ], [ 0.389672384442396, 47.642840942596422 ], [ 0.389856945301585, 47.64165528696477 ], [ 0.389908695699859, 47.641544848878674 ], [ 0.390455054916231, 47.641918454315423 ], [ 0.3909107800642, 47.642160904304532 ], [ 0.391105391106887, 47.642246972605001 ], [ 0.391673081988738, 47.642410747737678 ], [ 0.391915372477815, 47.6424470214452 ], [ 0.392406102274193, 47.642488395703523 ], [ 0.392474699744466, 47.642493228722806 ], [ 0.39270752409343, 47.642509631425206 ], [ 0.392980962700987, 47.642509822759138 ], [ 0.393549171123925, 47.642430366136082 ], [ 0.393794175001176, 47.642359355577995 ], [ 0.394013345653533, 47.642256791560492 ], [ 0.394110447479316, 47.642194915564673 ], [ 0.394274823258841, 47.642053076944734 ], [ 0.394394106141631, 47.64189195563636 ], [ 0.394435269096218, 47.641806158267791 ], [ 0.39453184398235, 47.641409659971615 ], [ 0.394497526584917, 47.641143126792741 ], [ 0.394119391236572, 47.641183981510309 ], [ 0.394119391231353, 47.641183981510885 ], [ 0.393803083673991, 47.64119403490492 ], [ 0.393365689136184, 47.641200484495172 ], [ 0.39336568913592, 47.641200484495187 ], [ 0.392651040425934, 47.641235866215787 ], [ 0.392651040423485, 47.641235866215936 ], [ 0.392651040419868, 47.641235866215816 ], [ 0.392491351411258, 47.641231400595643 ], [ 0.39240565031295, 47.641218691525459 ], [ 0.392149904572323, 47.64118325067259 ], [ 0.391618210581347, 47.641101914683787 ], [ 0.391040058006688, 47.641016171293799 ], [ 0.391040058006521, 47.641016171293785 ], [ 0.391040058006475, 47.641016171293771 ], [ 0.390713284987861, 47.640987424849698 ], [ 0.390628604571642, 47.640982663613585 ], [ 0.389956025387649, 47.640920804575359 ], [ 0.38948577452599, 47.640863464134291 ], [ 0.389255308311502, 47.64083489734444 ], [ 0.386850245450296, 47.641320564320438 ], [ 0.385701008084039, 47.641700244616651 ], [ 0.385924743576871, 47.641919127037852 ], [ 0.385929033030194, 47.641984830091133 ] ] ] } },
{ "type": "Feature", "properties": { "gid": 93439, "insee_dep": "72", "niveau": 1.0, "surf_m2": 403.084 }, "geometry": { "type": "Polygon", "coordinates": [ [ [ 0.414643468763811, 47.704310796155994 ], [ 0.414881857181824, 47.704300067247885 ], [ 0.414928970224667, 47.704090125435954 ], [ 0.415061328887912, 47.70382246066616 ], [ 0.414643468763811, 47.704310796155994 ] ] ] } },
{ "type": "Feature", "properties": { "gid": 95324, "insee_dep": "72", "niveau": 1.0, "surf_m2": 16773.457 }, "geometry": { "type": "Polygon", "coordinates": [ [ [ 0.37075611970118, 47.73703346563542 ], [ 0.370577534339947, 47.736905591951668 ], [ 0.370426634172303, 47.736737469590942 ], [ 0.370391421506256, 47.736748533084075 ], [ 0.370277545507972, 47.736813697893204 ], [ 0.370064710996925, 47.737240096723625 ], [ 0.369778528454687, 47.737687936520281 ], [ 0.369645300503837, 47.737824685395807 ], [ 0.369137190617446, 47.738255138613077 ], [ 0.368752718438068, 47.738524476256323 ], [ 0.36855111674204, 47.73863716366953 ], [ 0.367961414774357, 47.738849699193217 ], [ 0.367606744674787, 47.738918886361603 ], [ 0.368462863988967, 47.738905350147711 ], [ 0.368813773726366, 47.73887778660211 ], [ 0.369383855068354, 47.738681828845699 ], [ 0.369600377908587, 47.738581651782525 ], [ 0.370208682786681, 47.738142654528438 ], [ 0.370879458925385, 47.737726690899059 ], [ 0.371365859111288, 47.73723619480473 ], [ 0.371278491591481, 47.737221838710681 ], [ 0.370968127868431, 47.737135499455604 ], [ 0.37075611970118, 47.73703346563542 ] ] ] } },
{ "type": "Feature", "properties": { "gid": 97095, "insee_dep": "72", "niveau": 1.0, "surf_m2": 466.662 }, "geometry": { "type": "Polygon", "coordinates": [ [ [ 0.414946555481044, 47.712384559489209 ], [ 0.41516408583938, 47.712458501245713 ], [ 0.41496777374932, 47.712262471496231 ], [ 0.414758871963139, 47.711960289572296 ], [ 0.414791166528459, 47.712108383056403 ], [ 0.414790659190872, 47.712351347025695 ], [ 0.414946555481044, 47.712384559489209 ] ] ] } },
{ "type": "Feature", "properties": { "gid": 97091, "insee_dep": "72", "niveau": 1.0, "surf_m2": 13282.901 }, "geometry": { "type": "Polygon", "coordinates": [ [ [ 0.559107468539046, 47.772403800291492 ], [ 0.558873459567422, 47.772187940008124 ], [ 0.558603848105153, 47.772024401198287 ], [ 0.558268344470498, 47.77207800587324 ], [ 0.558035304553557, 47.772090381951493 ], [ 0.557404685476644, 47.772049980995988 ], [ 0.556942795488103, 47.771973365914597 ], [ 0.556692536652248, 47.771911904005243 ], [ 0.556249521699522, 47.771762334472427 ], [ 0.555657822659518, 47.771502067511584 ], [ 0.554930101615323, 47.771489248580785 ], [ 0.554959449002437, 47.771512563905972 ], [ 0.555057018994705, 47.77160690426237 ], [ 0.556061763241819, 47.771748233378858 ], [ 0.556310922618191, 47.771819789542427 ], [ 0.556533536600688, 47.771923769824838 ], [ 0.556720443678732, 47.772055895099285 ], [ 0.556863952394557, 47.772210730135406 ], [ 0.557050825019656, 47.772536930124353 ], [ 0.557181577465432, 47.772906053761837 ], [ 0.557892182954712, 47.772748360626146 ], [ 0.558365637085876, 47.772707527782373 ], [ 0.558975956872634, 47.772544299069999 ], [ 0.559236008816591, 47.77249403526821 ], [ 0.559107468539046, 47.772403800291492 ] ] ] } },
{ "type": "Feature", "properties": { "gid": 100680, "insee_dep": "72", "niveau": 1.0, "surf_m2": 6801.175 }, "geometry": { "type": "Polygon", "coordinates": [ [ [ 0.562078121495744, 47.807871795938489 ], [ 0.56273048989105, 47.808133630044871 ], [ 0.563383586200249, 47.808434060368931 ], [ 0.563419992732435, 47.808190507386996 ], [ 0.563552553040775, 47.807858503295563 ], [ 0.563123951613366, 47.807795480289187 ], [ 0.562749561300007, 47.807676636529735 ], [ 0.562635438146543, 47.807625070590156 ], [ 0.562433711227871, 47.807499691696975 ], [ 0.562274274505262, 47.807349187419881 ], [ 0.562212597290711, 47.807266463608613 ], [ 0.56185121576658, 47.806525985640434 ], [ 0.56197648662208, 47.806946073349145 ], [ 0.562078121495744, 47.807871795938489 ] ] ] } },
{ "type": "Feature", "properties": { "gid": 100703, "insee_dep": "72", "niveau": 1.0, "surf_m2": 46.141 }, "geometry": { "type": "Polygon", "coordinates": [ [ [ 0.490765696490081, 47.824928461639466 ], [ 0.49088679894979, 47.824899614492416 ], [ 0.490844351054735, 47.82485514065116 ], [ 0.490673144613462, 47.824957661451613 ], [ 0.490765696490081, 47.824928461639466 ] ] ] } },
{ "type": "Feature", "properties": { "gid": 102591, "insee_dep": "72", "niveau": 1.0, "surf_m2": 253056980.16299999 }, "geometry": { "type": "Polygon", "coordinates": [ [ [ 0.368944571657208, 47.676577245962108 ], [ 0.369373972251848, 47.676526806242506 ], [ 0.370096540967267, 47.676476045789201 ], [ 0.371283735680798, 47.676459042766894 ], [ 0.372376059793486, 47.676515208372344 ], [ 0.373622556580656, 47.676723900118212 ], [ 0.374717661021168, 47.676985773677053 ], [ 0.374955506588511, 47.67706236336123 ], [ 0.375757345266249, 47.677389874925069 ], [ 0.376191424589538, 47.677603085146778 ], [ 0.376919898696423, 47.677931262968862 ], [ 0.377696798165107, 47.677901964624184 ], [ 0.378480382897508, 47.677899369953401 ], [ 0.378696384037879, 47.677921946927704 ], [ 0.379668382993957, 47.678079553937081 ], [ 0.379868203197305, 47.678123458992111 ], [ 0.380668614302753, 47.678347840127557 ], [ 0.381115999918829, 47.678425914721736 ], [ 0.381639324183887, 47.678556738736297 ], [ 0.382137927725495, 47.678748442878309 ], [ 0.382512469501046, 47.678976856668264 ], [ 0.382666241080236, 47.679036242051076 ], [ 0.382938246157743, 47.679141287825722 ], [ 0.383281710751909, 47.679259087293865 ], [ 0.384455096196071, 47.679487852992473 ], [ 0.385243491497008, 47.679612167505653 ], [ 0.386295185677668, 47.67980036791473 ], [ 0.387128642596272, 47.680085061126235 ], [ 0.387381466004665, 47.680165871602341 ], [ 0.387731796815696, 47.680277846563818 ], [ 0.388144299439209, 47.680408369209161 ], [ 0.388268309630501, 47.680422492854198 ], [ 0.388595052758503, 47.680396661434635 ], [ 0.38920331028163, 47.680227225792954 ], [ 0.389577935853546, 47.680199877461966 ], [ 0.389827528427412, 47.680221692404004 ], [ 0.390295172420325, 47.680293395950997 ], [ 0.390926556913436, 47.68040668923264 ], [ 0.391186150330059, 47.680473806078496 ], [ 0.391306766785403, 47.680520697194829 ], [ 0.392021379296335, 47.680833138591183 ], [ 0.392567959881433, 47.681143666955947 ], [ 0.393369359805286, 47.681378393906435 ], [ 0.393765449524394, 47.681393939164906 ], [ 0.395103470759459, 47.681401500193175 ], [ 0.395400145518123, 47.681429181150328 ], [ 0.396511675544146, 47.681711481347925 ], [ 0.397684003998566, 47.682106458569201 ], [ 0.398133016427662, 47.682132215096203 ], [ 0.399472957126082, 47.682139207369168 ], [ 0.399741468365346, 47.68216224395394 ], [ 0.399997554246103, 47.682221436797526 ], [ 0.400414094965575, 47.682350952979377 ], [ 0.401358231634322, 47.682555576392588 ], [ 0.401785863519812, 47.682535040729157 ], [ 0.402604472350645, 47.682434829689932 ], [ 0.403548842523643, 47.682449223310392 ], [ 0.403616117898838, 47.682456669513812 ], [ 0.403669681946616, 47.682462598062251 ], [ 0.403903378265134, 47.682511468749652 ], [ 0.40443301464588, 47.682659411299355 ], [ 0.404506094899051, 47.682679824311293 ], [ 0.405161349984697, 47.682889096537906 ], [ 0.405403362645174, 47.682941399791467 ], [ 0.40548072555138, 47.682938721347156 ], [ 0.406454491589833, 47.682874723008077 ], [ 0.407255210602917, 47.682903369070679 ], [ 0.40749637869607, 47.68292821809198 ], [ 0.408358755657059, 47.683129482078677 ], [ 0.409502628842245, 47.683467791135669 ], [ 0.409752673052382, 47.683565414632973 ], [ 0.410046913780244, 47.68374014033656 ], [ 0.410117989583204, 47.683788593823031 ], [ 0.410138445833786, 47.683802538355415 ], [ 0.410353366995771, 47.684021453267121 ], [ 0.410440351486402, 47.684186778881489 ], [ 0.410477496957798, 47.68435557427663 ], [ 0.410547343347429, 47.684153743537301 ], [ 0.410672073401429, 47.68387917990075 ], [ 0.410679875899607, 47.683862004342451 ], [ 0.410665074453248, 47.683790866302289 ], [ 0.410663698855363, 47.683768120994465 ], [ 0.410659706128419, 47.683702039477964 ], [ 0.410721193859283, 47.683439468845791 ], [ 0.410893580588786, 47.683200478167819 ], [ 0.411063052436525, 47.683064687268306 ], [ 0.411268704430952, 47.682954008047929 ], [ 0.411627203210252, 47.682844188916867 ], [ 0.411658406873179, 47.682839293703715 ], [ 0.411885982572615, 47.682812597964592 ], [ 0.4126341135249, 47.68281768815082 ], [ 0.413395446795661, 47.68276778933167 ], [ 0.414068557923986, 47.682762638709477 ], [ 0.414498742705675, 47.682802797306294 ], [ 0.414552937874136, 47.682808251193158 ], [ 0.414802016694522, 47.682850196877041 ], [ 0.415420143256111, 47.683040704393157 ], [ 0.415654798277117, 47.683135709015502 ], [ 0.415855784208521, 47.683261066906162 ], [ 0.416014632817374, 47.683411495671145 ], [ 0.416124649753072, 47.683580657962239 ], [ 0.416265797541739, 47.683877181666247 ], [ 0.416328098825444, 47.684103087713325 ], [ 0.41691309585731, 47.683564729017029 ], [ 0.417093891172728, 47.683432602967429 ], [ 0.41712969129049, 47.683413263851001 ], [ 0.417198037628266, 47.683376343622918 ], [ 0.417428620234243, 47.683286244825467 ], [ 0.418164167697395, 47.683061762816394 ], [ 0.418495742912306, 47.682993934541251 ], [ 0.419366570091826, 47.682896730367915 ], [ 0.421114258030738, 47.682822165834779 ], [ 0.42194540336219, 47.682729193090644 ], [ 0.422074119403483, 47.682702553996727 ], [ 0.422775272163113, 47.682557441693099 ], [ 0.424023068406846, 47.682288616355756 ], [ 0.424909783540909, 47.682053179053177 ], [ 0.425760798766317, 47.681876430653489 ], [ 0.426726526500775, 47.681770161137855 ], [ 0.427686218796292, 47.681735207249126 ], [ 0.429201138835161, 47.681913336099988 ], [ 0.430090274097076, 47.682073524954937 ], [ 0.430681119537872, 47.682252013093837 ], [ 0.430916960278217, 47.682345455611447 ], [ 0.431119600719267, 47.68246943160262 ], [ 0.431518719820981, 47.68277020497834 ], [ 0.431731831407847, 47.682734902143196 ], [ 0.431969754286526, 47.682724392315286 ], [ 0.432678766174667, 47.6827398606762 ], [ 0.432920036192226, 47.682774512204013 ], [ 0.434174925122703, 47.683042681470596 ], [ 0.435102614570983, 47.683369289991319 ], [ 0.435775106165534, 47.68359132325034 ], [ 0.435775266306925, 47.683578485803942 ], [ 0.435789086096342, 47.683457540550222 ], [ 0.435852176225412, 47.683289945984377 ], [ 0.436032416542833, 47.683061455643127 ], [ 0.436301509770493, 47.68287705963953 ], [ 0.436637194073447, 47.682752014423031 ], [ 0.436884424613013, 47.682706961767899 ], [ 0.437267693528809, 47.682700994325586 ], [ 0.437639486451827, 47.682764973806428 ], [ 0.43815301698203, 47.682809354810175 ], [ 0.43840670858772, 47.68286515183862 ], [ 0.438638860535351, 47.682953951577936 ], [ 0.438840171697838, 47.683072195800598 ], [ 0.43900257628312, 47.683215146655435 ], [ 0.439119565467551, 47.683377075592396 ], [ 0.439186451003774, 47.683551495142147 ], [ 0.439200185452765, 47.683641216133381 ], [ 0.43917425114663, 47.683881574778248 ], [ 0.439320034290158, 47.68424202728724 ], [ 0.439432775948096, 47.684645628694923 ], [ 0.439485144397589, 47.68483208003402 ], [ 0.440073365371885, 47.684774224196246 ], [ 0.440692733978438, 47.684720708112842 ], [ 0.440458700686716, 47.684343756234192 ], [ 0.440403845810341, 47.68417469724119 ], [ 0.440413450067599, 47.683915676337826 ], [ 0.440531923609144, 47.683669235273477 ], [ 0.440666892877965, 47.683522109427486 ], [ 0.440841066311432, 47.683395146830321 ], [ 0.441161405717307, 47.68325253076155 ], [ 0.441528635287589, 47.683177445732909 ], [ 0.441912322667394, 47.683176113594932 ], [ 0.442359861875697, 47.683262662446346 ], [ 0.442917104450175, 47.683289889436686 ], [ 0.443165749973508, 47.683333507234472 ], [ 0.443504104786115, 47.683456983968526 ], [ 0.443776165509867, 47.683640557930893 ], [ 0.443909236719499, 47.683788950535678 ], [ 0.444024069225025, 47.684036819424733 ], [ 0.444039960714565, 47.684209966733377 ], [ 0.44399116921212, 47.684491805144951 ], [ 0.444035875586972, 47.684782662664794 ], [ 0.44419696860827, 47.68511389504431 ], [ 0.444586115986663, 47.685142521844938 ], [ 0.445238736795586, 47.685225103139963 ], [ 0.445524719709941, 47.685201830335217 ], [ 0.445526405735115, 47.685182706244824 ], [ 0.445584096297731, 47.684971871928312 ], [ 0.445757780303987, 47.684732573550505 ], [ 0.446027616622819, 47.684538104903481 ], [ 0.446369952724436, 47.684405513806446 ], [ 0.446754777045116, 47.68434642395502 ], [ 0.447637699651824, 47.684356350025226 ], [ 0.447981901569184, 47.684392691612388 ], [ 0.448330849536815, 47.684479777087724 ], [ 0.448547975869718, 47.684575508583393 ], [ 0.44873354586563, 47.684697815856374 ], [ 0.448880534163227, 47.684842071817691 ], [ 0.448983379378719, 47.685002815909144 ], [ 0.44903818743467, 47.68517396473726 ], [ 0.449098951409034, 47.685527508466961 ], [ 0.449229396307964, 47.686050325217636 ], [ 0.449239577250382, 47.686356318404762 ], [ 0.449663564344138, 47.686458327976709 ], [ 0.450867901531272, 47.686873707077531 ], [ 0.454028755319903, 47.688030170246456 ], [ 0.455344684973498, 47.688590657572583 ], [ 0.458799118346579, 47.689898527967053 ], [ 0.45984588141817, 47.690331141862451 ], [ 0.460010579147612, 47.690411667730856 ], [ 0.460810888139882, 47.690874503336659 ], [ 0.461027056417975, 47.691070095191854 ], [ 0.461520872587381, 47.691674160515284 ], [ 0.462334611118592, 47.692742915419892 ], [ 0.463312619553389, 47.693866236645562 ], [ 0.463402833024828, 47.694035258687123 ], [ 0.46353659174405, 47.694369292156395 ], [ 0.464936054844986, 47.695834224541564 ], [ 0.468152321509198, 47.698867665417076 ], [ 0.469259164212657, 47.699932674284199 ], [ 0.470450717987553, 47.701091366731703 ], [ 0.47167120502888, 47.702311967092612 ], [ 0.472127401731529, 47.702818653387169 ], [ 0.472334966069862, 47.703081431587279 ], [ 0.472575160775794, 47.703446338375691 ], [ 0.472799963110333, 47.703951664370493 ], [ 0.472921208850955, 47.704445715092596 ], [ 0.472964158420273, 47.704872724135797 ], [ 0.472940741927569, 47.705147633545273 ], [ 0.472870867216049, 47.70538023538581 ], [ 0.473206583264866, 47.705431617379332 ], [ 0.473514537113307, 47.7055240146492 ], [ 0.473669123097272, 47.705537215972278 ], [ 0.473997131516754, 47.705510466060908 ], [ 0.474246021427632, 47.705449057975891 ], [ 0.474502502945947, 47.705422275566747 ], [ 0.474761812066436, 47.705429535020038 ], [ 0.475014127096636, 47.70547056300321 ], [ 0.475249888499508, 47.705543804174262 ], [ 0.475553214526079, 47.705707687877414 ], [ 0.475710716892328, 47.70584692398775 ], [ 0.475825280103826, 47.706004117065405 ], [ 0.475892560605194, 47.706173311065584 ], [ 0.475899769205256, 47.706435521367645 ], [ 0.475815312619912, 47.706723013834448 ], [ 0.475694733181393, 47.706894113468849 ], [ 0.475344773273639, 47.707268019666614 ], [ 0.475002146753078, 47.707508674880287 ], [ 0.474651903816455, 47.707724259732643 ], [ 0.474422282045963, 47.707819230572014 ], [ 0.474174200662013, 47.707899827934341 ], [ 0.473917433442792, 47.707962321216542 ], [ 0.472903796414348, 47.708132321515599 ], [ 0.472771042014211, 47.708149814580921 ], [ 0.472501089940897, 47.708157213885244 ], [ 0.472366669833541, 47.70814704326348 ], [ 0.472105845456101, 47.708099484421737 ], [ 0.471704632057162, 47.707948480436741 ], [ 0.47122149610458, 47.707821777457468 ], [ 0.470899799031944, 47.707689011027014 ], [ 0.470695061236159, 47.70765140778326 ], [ 0.470620465842663, 47.707670099504142 ], [ 0.470590144610899, 47.707907048566994 ], [ 0.470417503418935, 47.708406773649322 ], [ 0.470118601697143, 47.708915285821625 ], [ 0.469988541299081, 47.709216172047675 ], [ 0.469977047887221, 47.709542656803421 ], [ 0.469942506200186, 47.709725894224647 ], [ 0.469853270967762, 47.709900513651476 ], [ 0.469757212636131, 47.710018508008574 ], [ 0.469755973456403, 47.710057747730289 ], [ 0.469817294480998, 47.710033599406117 ], [ 0.470094664408791, 47.709809429878604 ], [ 0.470457410528264, 47.709566515825514 ], [ 0.470786809095348, 47.709429825056631 ], [ 0.471032884790621, 47.70937684915576 ], [ 0.471289475836427, 47.709356884647285 ], [ 0.471546955431875, 47.709370680583007 ], [ 0.471756583764675, 47.709408927283462 ], [ 0.471897515430309, 47.709448309152535 ], [ 0.472011278154523, 47.70920209808709 ], [ 0.472227153775882, 47.708899838128467 ], [ 0.472485227035948, 47.708681373234292 ], [ 0.472715804640645, 47.708545537479729 ], [ 0.47290055401316, 47.708458562304145 ], [ 0.473800911131644, 47.708184389893795 ], [ 0.474063057521399, 47.708130061026488 ], [ 0.474515404278281, 47.708100179255794 ], [ 0.474897675717118, 47.708115857669242 ], [ 0.475157259138582, 47.708146181613721 ], [ 0.475387779568583, 47.70820580112111 ], [ 0.475428779969016, 47.708097185098325 ], [ 0.475526704850533, 47.707946522240867 ], [ 0.475679775369501, 47.707796157215888 ], [ 0.475864592492526, 47.707675542544585 ], [ 0.476080264848383, 47.707581106272755 ], [ 0.476443850408233, 47.70749591390215 ], [ 0.47669982399817, 47.707479839002914 ], [ 0.476955610171914, 47.70749721579007 ], [ 0.477318233922557, 47.707584254993606 ], [ 0.477532846266971, 47.707679786744045 ], [ 0.477628927631532, 47.707737570934974 ], [ 0.47786152819325, 47.707891675581195 ], [ 0.478214818965314, 47.70808530103308 ], [ 0.478868946936202, 47.708578070331107 ], [ 0.479176294976713, 47.708855463950087 ], [ 0.479295004864747, 47.708986696570165 ], [ 0.479628752612964, 47.709518363879511 ], [ 0.479904573274789, 47.709820851459106 ], [ 0.480161070352714, 47.710147605241509 ], [ 0.480561781979772, 47.71050314349668 ], [ 0.480965681192517, 47.710892823681085 ], [ 0.481250369082892, 47.711254607838079 ], [ 0.48135276757283, 47.711440952482647 ], [ 0.481465018811645, 47.712022805365031 ], [ 0.48146310934693, 47.713029049882493 ], [ 0.481368266519578, 47.714368007724431 ], [ 0.481240194846191, 47.714899142580627 ], [ 0.481177951398291, 47.71540973746005 ], [ 0.481077361593789, 47.715869686981485 ], [ 0.481129183083923, 47.71604200871775 ], [ 0.481135907281883, 47.716133521961012 ], [ 0.4811336779235, 47.717225129311068 ], [ 0.481133553064444, 47.717615657026954 ], [ 0.481173911441252, 47.718002052247364 ], [ 0.481272284619152, 47.718540209104312 ], [ 0.481403004976735, 47.718919513015045 ], [ 0.481637078731119, 47.719384228894334 ], [ 0.481689242760148, 47.719894568102291 ], [ 0.481886294207193, 47.720101520069669 ], [ 0.482050918578923, 47.720210551195329 ], [ 0.482801099189983, 47.720538368029736 ], [ 0.483321259083434, 47.720815433776444 ], [ 0.483478433068731, 47.720939539174765 ], [ 0.483688790463501, 47.721185624938663 ], [ 0.483815439952807, 47.721444245942862 ], [ 0.483955476751289, 47.721666856728639 ], [ 0.484035791303456, 47.721774916053889 ], [ 0.48420839408249, 47.721951408207261 ], [ 0.484341075151359, 47.722180406053781 ], [ 0.48446873944142, 47.723139467037349 ], [ 0.484423615881405, 47.723664782320455 ], [ 0.484493000321992, 47.723837606077893 ], [ 0.484715197363955, 47.724046658982857 ], [ 0.484772212518528, 47.724132081067751 ], [ 0.484839251906627, 47.724293668841625 ], [ 0.485152888969149, 47.724308655764766 ], [ 0.485408753950845, 47.72433937202198 ], [ 0.48576399314714, 47.724446413161893 ], [ 0.486367906945754, 47.724765068972737 ], [ 0.486889892259437, 47.725213327328639 ], [ 0.487362778520105, 47.725278178371617 ], [ 0.487676025800444, 47.725357354709878 ], [ 0.487922506987857, 47.725446015242724 ], [ 0.488136222666268, 47.725567363598145 ], [ 0.489020580677045, 47.726187227950064 ], [ 0.489150994668863, 47.726228467999839 ], [ 0.490008724695913, 47.72634288241575 ], [ 0.490119706303278, 47.726175562235376 ], [ 0.490125880820416, 47.725755774862577 ], [ 0.490240906063025, 47.725132887265758 ], [ 0.490321778172611, 47.724964723687584 ], [ 0.490501526451601, 47.724687300480241 ], [ 0.490670999539027, 47.724291291589502 ], [ 0.490678019036516, 47.724080600929646 ], [ 0.490527188913621, 47.723638747952535 ], [ 0.490465704663301, 47.723280564290199 ], [ 0.490488646102964, 47.723104457939058 ], [ 0.490562159119239, 47.722934775549945 ], [ 0.490760535745854, 47.722706482627736 ], [ 0.490944087179338, 47.72258033706936 ], [ 0.491278718250076, 47.722442316217219 ], [ 0.491705097450427, 47.722366824754864 ], [ 0.492148409566659, 47.722340418762293 ], [ 0.492395569989798, 47.722364018253998 ], [ 0.493341830535196, 47.722556495118646 ], [ 0.493770861921993, 47.722699334178436 ], [ 0.493989679771905, 47.722803867890818 ], [ 0.49417309892438, 47.72293581809415 ], [ 0.494313705869263, 47.723089853623826 ], [ 0.494366106766393, 47.723173236739598 ], [ 0.494432453453159, 47.723348520241586 ], [ 0.494445510473579, 47.723529215348485 ], [ 0.494431804780599, 47.723619312321972 ], [ 0.494364619340483, 47.723794450775863 ], [ 0.494246882903085, 47.723956984390227 ], [ 0.49401338765303, 47.724210927215424 ], [ 0.493909631595564, 47.724367874239661 ], [ 0.49378239694762, 47.724705601660773 ], [ 0.493745128588154, 47.724847579102743 ], [ 0.49373617526335, 47.72532058988908 ], [ 0.493657166103567, 47.725804522244204 ], [ 0.494293716171993, 47.726049902959751 ], [ 0.494513755860216, 47.726157771625161 ], [ 0.494861346472923, 47.726412238290933 ], [ 0.495247935660645, 47.726797338966009 ], [ 0.495464912514636, 47.726871222471992 ], [ 0.496029257771591, 47.726988163106171 ], [ 0.49649408936608, 47.727127230290087 ], [ 0.497003850491899, 47.727311593310091 ], [ 0.497112311656147, 47.72736512109369 ], [ 0.497302627842554, 47.727492832145515 ], [ 0.497382549733778, 47.727565720597227 ], [ 0.497507875559171, 47.727725873090343 ], [ 0.497694436911003, 47.728036494237578 ], [ 0.497767638047732, 47.72820297148693 ], [ 0.497792093357602, 47.728375833510903 ], [ 0.497785894527722, 47.72890485572097 ], [ 0.49774530570527, 47.72905909446532 ], [ 0.497689481952065, 47.729172236920206 ], [ 0.497832042594157, 47.729220906456007 ], [ 0.497905154327715, 47.728981374788276 ], [ 0.498043808147617, 47.728678344294728 ], [ 0.498175176387061, 47.728513211783564 ], [ 0.498361603474074, 47.728328131452862 ], [ 0.498546669145534, 47.728181159079071 ], [ 0.49877389117, 47.728064160548286 ], [ 0.498900113544504, 47.728018640478226 ], [ 0.499400827059923, 47.727867777520828 ], [ 0.499600439725586, 47.727834099196571 ], [ 0.499751078127042, 47.727639528647408 ], [ 0.500018230447904, 47.727444857859268 ], [ 0.50023833370105, 47.727348131541106 ], [ 0.500610229775094, 47.727261966191811 ], [ 0.50087197175105, 47.72724705225167 ], [ 0.501132970560589, 47.727267032675151 ], [ 0.501501045443289, 47.727360371714482 ], [ 0.501812798962037, 47.727522057486681 ], [ 0.501975692700326, 47.727661092404318 ], [ 0.502074411723329, 47.72778204621217 ], [ 0.502231508230849, 47.727900325467999 ], [ 0.502951568013303, 47.728161770925865 ], [ 0.503459224452506, 47.728413615974951 ], [ 0.503634161464178, 47.728544930486898 ], [ 0.503767736794018, 47.728696760005057 ], [ 0.503854810556053, 47.728863262398988 ], [ 0.503892032342646, 47.729038029447644 ], [ 0.503877968372576, 47.729214337169608 ], [ 0.503813159070235, 47.729385400082421 ], [ 0.503626766896312, 47.72961787753291 ], [ 0.503450022807392, 47.729748088616205 ], [ 0.503123131466993, 47.729893758171848 ], [ 0.502876248082821, 47.729952324978022 ], [ 0.502486163237558, 47.729976738294411 ], [ 0.502072611406505, 47.729922970888531 ], [ 0.501646991646971, 47.729894017056239 ], [ 0.501333836842806, 47.72998244271102 ], [ 0.500932837713466, 47.730047198126705 ], [ 0.500890188606934, 47.730108678615494 ], [ 0.500983631053129, 47.730297411275252 ], [ 0.501307343441157, 47.730750316996236 ], [ 0.501430660982761, 47.730905886769193 ], [ 0.501685860575239, 47.73112165624309 ], [ 0.501784942957468, 47.731237889156326 ], [ 0.502005367074969, 47.731330218067399 ], [ 0.503267802738845, 47.73174451851493 ], [ 0.503800351427594, 47.732016397794439 ], [ 0.503953979479382, 47.73212746273451 ], [ 0.504181665728086, 47.732330971522963 ], [ 0.504693543310014, 47.733090372232809 ], [ 0.504904901943125, 47.733194238224286 ], [ 0.505626417104942, 47.733426631113758 ], [ 0.506109220768791, 47.733504826746838 ], [ 0.506527237797524, 47.733605807383398 ], [ 0.506757919634192, 47.73369686501276 ], [ 0.5069847677507, 47.733808385407357 ], [ 0.507422447923143, 47.734074338251652 ], [ 0.507873537519952, 47.73440128394865 ], [ 0.5082178967478, 47.734800536992005 ], [ 0.508715874884338, 47.734972369687313 ], [ 0.509096008910722, 47.735124975618049 ], [ 0.509303030194007, 47.735227486468503 ], [ 0.509489844629969, 47.735340172017999 ], [ 0.509753119060554, 47.73553372030166 ], [ 0.509922620839036, 47.735699734289291 ], [ 0.510077330293704, 47.735894961475459 ], [ 0.510621058999351, 47.735624645480371 ], [ 0.511062940252037, 47.735463412770258 ], [ 0.511498790747853, 47.735354905828579 ], [ 0.511748935903703, 47.73531892050547 ], [ 0.512272223789904, 47.735329885026189 ], [ 0.512619587549275, 47.735380181115808 ], [ 0.513022261072708, 47.735493051274631 ], [ 0.513523131101626, 47.735732101559179 ], [ 0.513708088831018, 47.73586473440465 ], [ 0.513963586258339, 47.736113956364555 ], [ 0.514181498555314, 47.736480791868004 ], [ 0.514229857499258, 47.736649383625753 ], [ 0.514228211027484, 47.737296540931915 ], [ 0.514204953461506, 47.73739249903462 ], [ 0.514003175789286, 47.737814034646156 ], [ 0.513953361174548, 47.737971887798999 ], [ 0.514182073809415, 47.738231550070459 ], [ 0.514474939713258, 47.738254937241727 ], [ 0.51482811737266, 47.738346975150264 ], [ 0.515209524310038, 47.738525267422638 ], [ 0.515386899522358, 47.738647555108109 ], [ 0.515526767727091, 47.738790274452803 ], [ 0.515665004054253, 47.739037971089232 ], [ 0.515715575458396, 47.739201523723025 ], [ 0.515718851793984, 47.739377597704355 ], [ 0.515904218539934, 47.739476495376429 ], [ 0.516242073073017, 47.739218045212567 ], [ 0.51638057420176, 47.738993791810501 ], [ 0.516536695059985, 47.738846822545021 ], [ 0.516733210145587, 47.738723867419559 ], [ 0.516962190860551, 47.7386298881164 ], [ 0.517086009151953, 47.738594998962746 ], [ 0.517346053638098, 47.738551183634691 ], [ 0.517479649468422, 47.738542701402849 ], [ 0.517747246120894, 47.7385530129499 ], [ 0.517878540659302, 47.738571703395657 ], [ 0.518384850170487, 47.73869994821284 ], [ 0.518503307126276, 47.738744822215217 ], [ 0.518716934477712, 47.738857700536954 ], [ 0.518892288424083, 47.738997401312098 ], [ 0.519106995116256, 47.739216514987362 ], [ 0.519210170707871, 47.739379567408186 ], [ 0.519263964739506, 47.739553100091555 ], [ 0.519266290285342, 47.739730378205429 ], [ 0.519186737158958, 47.739973791613743 ], [ 0.519151033912361, 47.740301709339526 ], [ 0.519088955301723, 47.74057059973358 ], [ 0.518873667416775, 47.740939859759287 ], [ 0.518486498023627, 47.741373608739408 ], [ 0.518053945556429, 47.741669768495207 ], [ 0.517766611965174, 47.74181298763262 ], [ 0.518285432631207, 47.74187272945283 ], [ 0.518536264193123, 47.741940577756949 ], [ 0.519428350050716, 47.742340422052919 ], [ 0.519801441221313, 47.742543629286068 ], [ 0.520012223212611, 47.742691695871486 ], [ 0.520097484943019, 47.742776909793427 ], [ 0.520445417779857, 47.743184593838215 ], [ 0.520545646253887, 47.743385840300228 ], [ 0.520850498423358, 47.743506786204343 ], [ 0.521037089706313, 47.743623989025764 ], [ 0.521892417671088, 47.744371573810533 ], [ 0.522230462371805, 47.744453947437414 ], [ 0.522593251569008, 47.744521073593447 ], [ 0.522831477706085, 47.744612103131878 ], [ 0.522938958255358, 47.744669489841556 ], [ 0.523166218940934, 47.744811581156931 ], [ 0.523417612015602, 47.745043144710465 ], [ 0.523526645521066, 47.745202509878375 ], [ 0.523581815002209, 47.745338286884234 ], [ 0.524659792049145, 47.745785945833042 ], [ 0.52493219036831, 47.745982162837123 ], [ 0.525136657552876, 47.746260117159302 ], [ 0.525782273673754, 47.746730652625999 ], [ 0.526105134868866, 47.746805171755462 ], [ 0.526230331272231, 47.746847612385686 ], [ 0.526252319132544, 47.746856068956923 ], [ 0.526591774013221, 47.746992074214148 ], [ 0.526796655285361, 47.747114114645385 ], [ 0.527023660230295, 47.747333030982475 ], [ 0.527322501132834, 47.747577549825635 ], [ 0.527509146455942, 47.747775666624747 ], [ 0.527624026365316, 47.747927798394556 ], [ 0.52783939108526, 47.74831262651319 ], [ 0.528014518482385, 47.748747075588476 ], [ 0.528266961975932, 47.748903713862887 ], [ 0.528745766336264, 47.749310990689573 ], [ 0.528858644071278, 47.749453130140687 ], [ 0.52895331112821, 47.749639090703411 ], [ 0.529401907451529, 47.749813035125499 ], [ 0.529655906351715, 47.749954302864239 ], [ 0.53017358131987, 47.750333720363862 ], [ 0.530305268871932, 47.75045130901389 ], [ 0.530674337451566, 47.750919461948961 ], [ 0.530942677199468, 47.751405045387202 ], [ 0.531074655749826, 47.751778070226251 ], [ 0.531078969552401, 47.752139398113727 ], [ 0.531347806255628, 47.75230313192408 ], [ 0.531733455834715, 47.75260683927786 ], [ 0.532137218584895, 47.75310200312714 ], [ 0.532503695454233, 47.753838738550414 ], [ 0.532703396873598, 47.75411818297578 ], [ 0.532845032774276, 47.754463950942139 ], [ 0.532885897600581, 47.754635895554088 ], [ 0.532876896958043, 47.754809928227623 ], [ 0.532689713387709, 47.755762418738534 ], [ 0.532597685249, 47.756087282268105 ], [ 0.532379230382485, 47.756590820305355 ], [ 0.532212694042844, 47.756839009150937 ], [ 0.532754412063146, 47.756808484583189 ], [ 0.53319841362444, 47.756851285666158 ], [ 0.533567803610323, 47.756860035423273 ], [ 0.534395331385461, 47.756823803331017 ], [ 0.534964938777898, 47.756766938861659 ], [ 0.535239309005239, 47.756685407523371 ], [ 0.535386828451821, 47.756657644204829 ], [ 0.535907054014625, 47.75658112349462 ], [ 0.536214261604765, 47.756561580338825 ], [ 0.536287470047433, 47.75656277356812 ], [ 0.53666005231768, 47.756617720422824 ], [ 0.536888962890815, 47.756693095168245 ], [ 0.537092469185668, 47.756796423394107 ], [ 0.537334198587829, 47.756995350529451 ], [ 0.53744443791959, 47.757150214258957 ], [ 0.537509038963367, 47.757316380535897 ], [ 0.537566046758144, 47.757907960093121 ], [ 0.53753204833453, 47.758082462593123 ], [ 0.537448337878908, 47.758249167556606 ], [ 0.537318113133912, 47.758401699241837 ], [ 0.537146355009408, 47.758534225445239 ], [ 0.536825584218265, 47.758684675569512 ], [ 0.536581571427383, 47.758747156974344 ], [ 0.536324190836293, 47.758776421574801 ], [ 0.536218893171179, 47.758777852429255 ], [ 0.536193553565498, 47.75877819708704 ], [ 0.53610749983857, 47.758773674583708 ], [ 0.535445967274283, 47.758990200506048 ], [ 0.534981469105027, 47.75908056095404 ], [ 0.534723894208222, 47.75908789855189 ], [ 0.533958504393184, 47.759052121178584 ], [ 0.533414562142322, 47.758945623154879 ], [ 0.53321661293403, 47.758893317957323 ], [ 0.532967923559999, 47.758978814086227 ], [ 0.532729915349969, 47.759024152837753 ], [ 0.532394697488222, 47.759048384342854 ], [ 0.532149254092596, 47.759047522803996 ], [ 0.532120057383307, 47.759348050028201 ], [ 0.532034411617418, 47.759783381993387 ], [ 0.532019495616844, 47.760349016601644 ], [ 0.532156401050095, 47.760729988376696 ], [ 0.532485370293994, 47.761069094636483 ], [ 0.532897858385523, 47.761060654650038 ], [ 0.533137178728293, 47.761083005871889 ], [ 0.533842115307395, 47.761197801070978 ], [ 0.534078801608399, 47.761269646326816 ], [ 0.534091752137648, 47.761275231927243 ], [ 0.534188259917018, 47.761316855963337 ], [ 0.534468886013236, 47.761498084753079 ], [ 0.53466021488941, 47.76172613017696 ], [ 0.534746029187403, 47.761981667319745 ], [ 0.534740638189328, 47.762156645194693 ], [ 0.534543860524375, 47.76276147568597 ], [ 0.534496027264947, 47.762845661531188 ], [ 0.53436421247722, 47.763002277951323 ], [ 0.534188792348071, 47.763138067190802 ], [ 0.533976791129602, 47.763247593163491 ], [ 0.533736692489699, 47.763326469873114 ], [ 0.533607194971189, 47.763353637667478 ], [ 0.533621928042087, 47.763611444679476 ], [ 0.533609256357268, 47.763774535840255 ], [ 0.533542580784555, 47.764072888023549 ], [ 0.53343577350271, 47.764299106665931 ], [ 0.533419273316091, 47.764470843613843 ], [ 0.53347574835664, 47.764611090309579 ], [ 0.533754141939294, 47.764910596536851 ], [ 0.534089941356506, 47.765109951763172 ], [ 0.53429173699697, 47.765319942394378 ], [ 0.534374974928807, 47.765477347004555 ], [ 0.534500180029091, 47.765987238337871 ], [ 0.534511399681339, 47.766206191823329 ], [ 0.534438996569554, 47.766762792119145 ], [ 0.534622775307828, 47.767084883364255 ], [ 0.53476469525339, 47.767430113021895 ], [ 0.534784488995148, 47.767776787222431 ], [ 0.534832611389434, 47.76809686799001 ], [ 0.534830440263068, 47.768356820524112 ], [ 0.5347965195061, 47.768553411792062 ], [ 0.534690710183737, 47.768846524855 ], [ 0.534592232019339, 47.768998896913331 ], [ 0.534352456582676, 47.769219589401736 ], [ 0.534310970398516, 47.769287329139416 ], [ 0.534455646268077, 47.769519275957514 ], [ 0.534784677012635, 47.769841379314997 ], [ 0.534913768620923, 47.770066522910106 ], [ 0.535149818118676, 47.770606439448748 ], [ 0.535171432632767, 47.770807326958511 ], [ 0.535143513892138, 47.771280912540902 ], [ 0.535256457857319, 47.771636627043193 ], [ 0.535349763085921, 47.772032096205514 ], [ 0.535387318184064, 47.772381837349116 ], [ 0.535600467249524, 47.772709098277154 ], [ 0.53569131814299, 47.772886065446549 ], [ 0.535790671718723, 47.773380966862092 ], [ 0.53606051748648, 47.773592828628743 ], [ 0.536194823474187, 47.773749287422206 ], [ 0.536552635952777, 47.774288948189991 ], [ 0.536744914764364, 47.774639165129066 ], [ 0.536808557456793, 47.774798828030562 ], [ 0.536957356773489, 47.775400640363628 ], [ 0.53696193901499, 47.776430486939901 ], [ 0.537057218215536, 47.776827630904691 ], [ 0.537112552054221, 47.777272562568868 ], [ 0.537264752569332, 47.777858405854431 ], [ 0.53757332188429, 47.778145046248753 ], [ 0.537900247795051, 47.778539619860254 ], [ 0.538141051146827, 47.778884475312807 ], [ 0.538226349742274, 47.7790490917426 ], [ 0.538353232579534, 47.779400095442888 ], [ 0.538380728737078, 47.779500729655226 ], [ 0.538384210768905, 47.779705039474898 ], [ 0.538309075044403, 47.780170712193055 ], [ 0.537935224762243, 47.781140440909823 ], [ 0.537661761056099, 47.781454707395099 ], [ 0.537435040054417, 47.781636155878815 ], [ 0.536979524724768, 47.781869256233762 ], [ 0.536481391663931, 47.782074664165826 ], [ 0.536421581283711, 47.782590946144339 ], [ 0.536317505497134, 47.782896934070564 ], [ 0.536217334269907, 47.783095098524164 ], [ 0.536098679089478, 47.783267568250224 ], [ 0.535771151162122, 47.783635842038045 ], [ 0.535382259136485, 47.784006647925075 ], [ 0.535282440855649, 47.784279523405807 ], [ 0.534926130302644, 47.784873709299966 ], [ 0.534905997468438, 47.7849300977147 ], [ 0.534916229061882, 47.785139324508307 ], [ 0.534889981911052, 47.785400702039368 ], [ 0.534795756989982, 47.785733804346606 ], [ 0.534757889467698, 47.785825486854741 ], [ 0.534640277848296, 47.785998239065677 ], [ 0.534308359949496, 47.786299815294832 ], [ 0.534228047414994, 47.786498919180168 ], [ 0.534288516974942, 47.786668523206998 ], [ 0.534302686680488, 47.786863481194587 ], [ 0.534187422131524, 47.787352183201328 ], [ 0.534109921130676, 47.787537083667935 ], [ 0.533820218046389, 47.78802272322492 ], [ 0.533698558775429, 47.788368667280906 ], [ 0.533593562628625, 47.789006925661937 ], [ 0.533648491622122, 47.789854577181835 ], [ 0.533553423506628, 47.790686133928936 ], [ 0.533482567824719, 47.790977991979616 ], [ 0.533495578603918, 47.791020155459123 ], [ 0.533651871898089, 47.791231017334106 ], [ 0.534012016692069, 47.791635445912249 ], [ 0.534067924571022, 47.791728394344631 ], [ 0.534264338051464, 47.792238247174254 ], [ 0.534676527198769, 47.792853988598289 ], [ 0.534957635305276, 47.793161077944028 ], [ 0.535630091592401, 47.793702540767811 ], [ 0.536128912039512, 47.793916613092264 ], [ 0.536664193096604, 47.794286110157408 ], [ 0.537024163986547, 47.794614621777875 ], [ 0.537161165949899, 47.79477028038108 ], [ 0.537249182970406, 47.794941261342117 ], [ 0.537356651969273, 47.795249896391184 ], [ 0.537972413925583, 47.794928490685344 ], [ 0.538281595537536, 47.794704570704134 ], [ 0.53848277388096, 47.794602435901538 ], [ 0.539927190585912, 47.794119578404512 ], [ 0.540144359094056, 47.794062895005453 ], [ 0.540640544788694, 47.793972549966853 ], [ 0.541632912438107, 47.793928498131187 ], [ 0.541885878041406, 47.793857465697094 ], [ 0.542148584538056, 47.793823653135341 ], [ 0.541616369612173, 47.793718749407773 ], [ 0.54041989366299, 47.793404865930299 ], [ 0.539779285872404, 47.793125782809852 ], [ 0.539115205989516, 47.792800115585415 ], [ 0.538665976010281, 47.79250874163737 ], [ 0.53843326521018, 47.792254709762538 ], [ 0.538081595715761, 47.791975312771157 ], [ 0.537969609943553, 47.791825204362958 ], [ 0.537830797870393, 47.791512804714536 ], [ 0.537669007312838, 47.791045725948173 ], [ 0.537545021274606, 47.790050700449342 ], [ 0.537471530296825, 47.789634521672404 ], [ 0.53749160173927, 47.78945211655801 ], [ 0.537522143415811, 47.789362888028144 ], [ 0.537565980804316, 47.789276212662941 ], [ 0.537691592853055, 47.789114075024131 ], [ 0.537863253216252, 47.78897239929843 ], [ 0.538874918640851, 47.788297536479284 ], [ 0.539934503278756, 47.787708623937988 ], [ 0.541324515740738, 47.787030568376537 ], [ 0.541977010044628, 47.786762872541324 ], [ 0.542293528877887, 47.786688909673501 ], [ 0.542445706203433, 47.786240233044985 ], [ 0.542603794470697, 47.785925103419373 ], [ 0.54271400932323, 47.78576829963616 ], [ 0.542953768437179, 47.785563447138443 ], [ 0.542918638996385, 47.7855759055617 ], [ 0.542689317589924, 47.785635167868818 ], [ 0.542435769664895, 47.785665446999857 ], [ 0.542051113992411, 47.785648305966411 ], [ 0.54168974981887, 47.785557828115778 ], [ 0.541381790209115, 47.785401554090832 ], [ 0.541152897471682, 47.78519250433817 ], [ 0.541022142932045, 47.784948101156033 ], [ 0.540936733615285, 47.784440218006623 ], [ 0.540953182832177, 47.784177187756995 ], [ 0.541026985881176, 47.784008509168359 ], [ 0.541148047294763, 47.783852722303429 ], [ 0.541311745667173, 47.783715775722236 ], [ 0.541511831045267, 47.783602897619623 ], [ 0.541740665256344, 47.783518397395426 ], [ 0.542205832623809, 47.78341500228278 ], [ 0.542901241555697, 47.783203351211085 ], [ 0.54352079337993, 47.783114207808531 ], [ 0.543261234936217, 47.782895122351775 ], [ 0.543118534477612, 47.782742704254133 ], [ 0.542951567874139, 47.782458591048233 ], [ 0.542884842787218, 47.78229466561919 ], [ 0.542681325648593, 47.780564987533296 ], [ 0.54268293261504, 47.780254357341612 ], [ 0.542705331575486, 47.780158143521049 ], [ 0.54281759921256, 47.77991144042953 ], [ 0.542977987215419, 47.779690527591008 ], [ 0.543286240789325, 47.779409063512205 ], [ 0.543185469015402, 47.779337673150629 ], [ 0.542918300339676, 47.779235295978872 ], [ 0.542566397477147, 47.779126664843275 ], [ 0.542264487187315, 47.778971426452784 ], [ 0.542104744571124, 47.778838638283844 ], [ 0.541985135400604, 47.778687886908372 ], [ 0.541909973077572, 47.77852460995279 ], [ 0.541881970806418, 47.778354699476282 ], [ 0.541968727391857, 47.77762688085452 ], [ 0.542042204987253, 47.777454280104251 ], [ 0.542165051412475, 47.777294946498898 ], [ 0.542332376569503, 47.777155222806378 ], [ 0.542651773093198, 47.77699430000272 ], [ 0.54289795241606, 47.77692568764688 ], [ 0.543289971329159, 47.776887653525122 ], [ 0.543347631577937, 47.776889710476588 ], [ 0.542987338497469, 47.775929733585237 ], [ 0.542921582743603, 47.77545723680187 ], [ 0.542936351023161, 47.775181763301696 ], [ 0.542732985589949, 47.775189854976063 ], [ 0.542384790892738, 47.775155304307347 ], [ 0.542031256461551, 47.775046567148536 ], [ 0.541739146069245, 47.774873812825078 ], [ 0.541533203341222, 47.774651676085462 ], [ 0.541326082165139, 47.774237185872323 ], [ 0.541180729545854, 47.773739772226079 ], [ 0.541159690482957, 47.773579511678058 ], [ 0.541160299440405, 47.773246667996901 ], [ 0.541187055794581, 47.77306849306423 ], [ 0.541265612634919, 47.772897416431178 ], [ 0.54139285812475, 47.772740210829546 ], [ 0.541663520800608, 47.772543814724862 ], [ 0.541886740622269, 47.772446716323671 ], [ 0.542134059880446, 47.772381332716797 ], [ 0.542461182306671, 47.772349150705722 ], [ 0.542745390943625, 47.772213426417842 ], [ 0.543083464226207, 47.772127076086313 ], [ 0.543559082392766, 47.772083388520734 ], [ 0.543806134589242, 47.772091568623601 ], [ 0.543920324901381, 47.771668616714571 ], [ 0.54401829493587, 47.7715005829982 ], [ 0.544418735744875, 47.770985781139338 ], [ 0.544588776276692, 47.770843530470927 ], [ 0.54468896663151, 47.770781857506101 ], [ 0.545018790969557, 47.77062819885748 ], [ 0.545299355886157, 47.770532259528444 ], [ 0.546566567975639, 47.770205369275054 ], [ 0.547022958920934, 47.770145058514231 ], [ 0.547309280261242, 47.770131208292362 ], [ 0.54817425805616, 47.77021037093229 ], [ 0.549664118407259, 47.770282118111176 ], [ 0.550619634754239, 47.770410487540403 ], [ 0.550890554749754, 47.7704699357501 ], [ 0.551519177805729, 47.770711425444119 ], [ 0.552396251119829, 47.771123111143659 ], [ 0.552529613879249, 47.771060759053746 ], [ 0.552008548759482, 47.770728596505563 ], [ 0.551868856384756, 47.770601640305912 ], [ 0.551688945022476, 47.770366076038528 ], [ 0.551213465857712, 47.769997658154217 ], [ 0.550361690107695, 47.769544498716066 ], [ 0.549917200843548, 47.769448426919134 ], [ 0.549204937515157, 47.769394161252123 ], [ 0.54888201407182, 47.769341509336115 ], [ 0.548537981178097, 47.769250691238518 ], [ 0.547663998100982, 47.768972793489979 ], [ 0.547079298774948, 47.768737172849768 ], [ 0.547004937084407, 47.768720504218919 ], [ 0.546120377216342, 47.76864119748447 ], [ 0.546202350864899, 47.768713678816248 ], [ 0.54631992924458, 47.768853261795307 ], [ 0.546402568591172, 47.769017202256322 ], [ 0.546435880080933, 47.769275448844112 ], [ 0.546358633939047, 47.769529385926276 ], [ 0.546177233594939, 47.769757946876418 ], [ 0.545903306939123, 47.769966829092155 ], [ 0.545420672496937, 47.770265169979545 ], [ 0.545081451507831, 47.770382767036331 ], [ 0.544762658376782, 47.770446957843177 ], [ 0.544463359351979, 47.770609912138205 ], [ 0.543889448343984, 47.770888957259693 ], [ 0.543671128839539, 47.770975178223992 ], [ 0.543432600681134, 47.771032081470025 ], [ 0.543055779197174, 47.77105830485322 ], [ 0.542643713204146, 47.771030976651993 ], [ 0.542176185024387, 47.770940352227655 ], [ 0.541748392804928, 47.77079353157292 ], [ 0.541410464067237, 47.770597836705967 ], [ 0.541237005215361, 47.770443921273959 ], [ 0.541089526323589, 47.77024206170514 ], [ 0.540978594390422, 47.769989104134041 ], [ 0.540933993022129, 47.769680702654966 ], [ 0.540961093205756, 47.769220488280411 ], [ 0.541200683140368, 47.767873976492396 ], [ 0.541211178903514, 47.767564359037088 ], [ 0.541117156023762, 47.766645045839773 ], [ 0.541181273500506, 47.766068935701938 ], [ 0.541515974162275, 47.764810304952434 ], [ 0.541591255660001, 47.764616023858892 ], [ 0.541628880570732, 47.763659053453793 ], [ 0.541592034193641, 47.763382701516328 ], [ 0.541626445984711, 47.763181801749681 ], [ 0.541763958248542, 47.762832868692762 ], [ 0.542008009158247, 47.762440273348773 ], [ 0.542167352802836, 47.762277607339321 ], [ 0.542062979464586, 47.762079237892117 ], [ 0.542034467079038, 47.761820490427816 ], [ 0.542116610927673, 47.761567009819132 ], [ 0.542270699792853, 47.761341223532796 ], [ 0.542288134062994, 47.761207154107119 ], [ 0.542246642260145, 47.76094769736693 ], [ 0.542276720320727, 47.760775951856708 ], [ 0.542411299475728, 47.760533467975783 ], [ 0.542642683591289, 47.760326849525882 ], [ 0.542951724340473, 47.760173191197133 ], [ 0.543188468870511, 47.760106670212835 ], [ 0.543336567563747, 47.7600827233872 ], [ 0.54341066298905, 47.759706532702587 ], [ 0.543462544666942, 47.759550722662453 ], [ 0.543849681658724, 47.758921778650027 ], [ 0.543833197847455, 47.758625826620964 ], [ 0.543888711737952, 47.758446266879538 ], [ 0.543936511657283, 47.758360279338739 ], [ 0.543997057935292, 47.758278024226421 ], [ 0.54415373512399, 47.758128086334011 ], [ 0.544352236810045, 47.758002680190025 ], [ 0.544527463153939, 47.757927840657693 ], [ 0.544744336885333, 47.757680668853681 ], [ 0.545069712759197, 47.757436854499012 ], [ 0.54547407540109, 47.757176749005005 ], [ 0.545912253323428, 47.757022225833403 ], [ 0.546319240138677, 47.756852397445755 ], [ 0.546401962513835, 47.756694622958044 ], [ 0.546458278048135, 47.75644946299353 ], [ 0.546480655932657, 47.756291833757174 ], [ 0.546413549748528, 47.7560093563838 ], [ 0.546414083066081, 47.755832742863667 ], [ 0.546474223252154, 47.755609197839632 ], [ 0.546540683695373, 47.755457199276236 ], [ 0.546645645906665, 47.75531541669227 ], [ 0.546895212080995, 47.75505360546444 ], [ 0.547211917787145, 47.754831999383285 ], [ 0.547390606659097, 47.754665548136913 ], [ 0.547486733311212, 47.754566398221691 ], [ 0.547761714032765, 47.754202829904699 ], [ 0.547768036894024, 47.753731132670396 ], [ 0.547817261405208, 47.753561176053637 ], [ 0.547978833796184, 47.753325933637967 ], [ 0.548266695293525, 47.753081409462553 ], [ 0.547876150221778, 47.752924842655439 ], [ 0.54768700018261, 47.752815035253171 ], [ 0.547362131583418, 47.752566063312123 ], [ 0.547212100239367, 47.752358537332611 ], [ 0.546771587759919, 47.752077346107022 ], [ 0.546676730390682, 47.752006792009993 ], [ 0.546382589498364, 47.751788015659045 ], [ 0.545812096773601, 47.751423176111743 ], [ 0.545612539995233, 47.751191154569632 ], [ 0.545540048725473, 47.751018763296393 ], [ 0.545519632094178, 47.750840104359561 ], [ 0.545532197481351, 47.750601048567191 ], [ 0.545616346532406, 47.750284422795026 ], [ 0.545771364939536, 47.74983296035596 ], [ 0.545947705088836, 47.749596152461642 ], [ 0.546119125745892, 47.749462099279633 ], [ 0.546440527162289, 47.749309664915096 ], [ 0.54681381762117, 47.749226960786402 ], [ 0.547075628023145, 47.749214374431517 ], [ 0.547336028479696, 47.749236591164689 ], [ 0.547584943805165, 47.749292750633316 ], [ 0.548116642593906, 47.749482190219922 ], [ 0.548505137781007, 47.74963950742368 ], [ 0.548570193709482, 47.749669861792228 ], [ 0.548625071298104, 47.749695466340299 ], [ 0.548834313853826, 47.749832089097026 ], [ 0.549094423098253, 47.750049279770209 ], [ 0.549171996047366, 47.750134709754398 ], [ 0.549377348248576, 47.750271303109749 ], [ 0.54952015726843, 47.750403554777527 ], [ 0.549720932754096, 47.75063025514914 ], [ 0.550151531558302, 47.750954070817805 ], [ 0.550584444794118, 47.751075025185365 ], [ 0.55135188084198, 47.751346870908975 ], [ 0.551518247904759, 47.751139329092709 ], [ 0.551859890283778, 47.750889374027381 ], [ 0.552116207767417, 47.750753978700786 ], [ 0.552475020262661, 47.750608211295962 ], [ 0.552500192924919, 47.750442584503972 ], [ 0.552567094553873, 47.750228396807422 ], [ 0.552677099099913, 47.75005172008072 ], [ 0.552865812943733, 47.749843401888825 ], [ 0.552917653733983, 47.749645459741807 ], [ 0.55303617061583, 47.749384361768442 ], [ 0.553304740531851, 47.74906427210778 ], [ 0.553463472054118, 47.748924299111671 ], [ 0.553769386059651, 47.748759915114341 ], [ 0.554007139760813, 47.748686834301147 ], [ 0.554218036158557, 47.74864885876837 ], [ 0.554339793925899, 47.748595458219448 ], [ 0.554575393163516, 47.748523408228458 ], [ 0.555666848195836, 47.748351632625841 ], [ 0.556225224039922, 47.748348977708794 ], [ 0.556849524557778, 47.748442790110154 ], [ 0.558000035590301, 47.748432643549016 ], [ 0.558225859739621, 47.748456303695839 ], [ 0.55854935012905, 47.748514533084908 ], [ 0.55879616014058, 47.748593937944378 ], [ 0.559057403969246, 47.748722031198795 ], [ 0.559258716331573, 47.748849539527377 ], [ 0.559410561795688, 47.74898779331216 ], [ 0.560045224580969, 47.749068444103649 ], [ 0.560376995981217, 47.74915574795412 ], [ 0.560603933397381, 47.749237660276378 ], [ 0.560890342491993, 47.749411523431327 ], [ 0.561099276668317, 47.749611592516715 ], [ 0.561526442976385, 47.749621232033881 ], [ 0.562497969877869, 47.749732490099639 ], [ 0.562893785472028, 47.749825579479726 ], [ 0.563112225267124, 47.749896385297454 ], [ 0.563308077766437, 47.749992667585154 ], [ 0.563571022555378, 47.750149613437287 ], [ 0.564043665089668, 47.750455475848312 ], [ 0.564332448600951, 47.750676461588426 ], [ 0.564875658530981, 47.750693042693257 ], [ 0.566042097349702, 47.750920804392308 ], [ 0.566216026198045, 47.75089238317225 ], [ 0.566559352120187, 47.750789786463542 ], [ 0.566846380988905, 47.750738768086784 ], [ 0.567233609073672, 47.750610190394276 ], [ 0.567762878499965, 47.750522979045542 ], [ 0.568039888382817, 47.750499718215245 ], [ 0.569706668263529, 47.750478233397963 ], [ 0.570656137105954, 47.750500033737666 ], [ 0.571682076734842, 47.750600965816652 ], [ 0.572015383684333, 47.75068859924864 ], [ 0.572363552701654, 47.750843425894878 ], [ 0.572419932205469, 47.750827253990394 ], [ 0.573148650907768, 47.750343494822509 ], [ 0.573470858720505, 47.750190109487974 ], [ 0.573831082314875, 47.750067817483867 ], [ 0.574105282116324, 47.749998946543514 ], [ 0.574395145928768, 47.749972030960869 ], [ 0.574910801043134, 47.749961524387942 ], [ 0.575029426215257, 47.749937499357017 ], [ 0.575101396887816, 47.74992292337155 ], [ 0.576630233528377, 47.749578447130133 ], [ 0.577167064731296, 47.749485538694955 ], [ 0.57741152129436, 47.749460063827549 ], [ 0.577982034492784, 47.749441468392121 ], [ 0.578117864140632, 47.749450002419017 ], [ 0.578382118859664, 47.749494805181975 ], [ 0.578782260220367, 47.749620210675708 ], [ 0.579346912496064, 47.749853776610792 ], [ 0.579637108227308, 47.750012388996822 ], [ 0.580054334963207, 47.750007928573254 ], [ 0.580741953007547, 47.750088411175213 ], [ 0.580887050087757, 47.750013512576764 ], [ 0.581127949897304, 47.749927505420885 ], [ 0.581256900093404, 47.749897384251234 ], [ 0.581650908056224, 47.749844251691577 ], [ 0.581908246871091, 47.749829798691046 ], [ 0.582597333121119, 47.749882299837509 ], [ 0.582865326906405, 47.749942766541835 ], [ 0.583543522118153, 47.750159334290849 ], [ 0.584479327706284, 47.75023537977976 ], [ 0.585069541900577, 47.750375342733129 ], [ 0.585400161134481, 47.750495803181721 ], [ 0.585745596423845, 47.750699247103633 ], [ 0.586340569934542, 47.750541878269487 ], [ 0.586799364995845, 47.750454826514265 ], [ 0.587040081007974, 47.750428164878691 ], [ 0.587698995800456, 47.750396443470883 ], [ 0.588095041120263, 47.750301294934026 ], [ 0.588390595252281, 47.750254983244226 ], [ 0.589607977248252, 47.750252753908995 ], [ 0.589854100768681, 47.750284252556582 ], [ 0.590666809535061, 47.750446865705364 ], [ 0.590889384979885, 47.750522875344998 ], [ 0.591227514875221, 47.750666583995816 ], [ 0.591902862634284, 47.750686516962048 ], [ 0.592282208120729, 47.750744498189817 ], [ 0.592589362569277, 47.750830598781022 ], [ 0.592716957722222, 47.750881713818288 ], [ 0.593031469543866, 47.75105412701037 ], [ 0.593695905507638, 47.750951330845318 ], [ 0.593667039774864, 47.750790463356928 ], [ 0.593709871701497, 47.750283382632226 ], [ 0.593834868631424, 47.749844935747149 ], [ 0.593850801478533, 47.749672290821088 ], [ 0.593764892362672, 47.749512490011249 ], [ 0.593538959906928, 47.749310077398135 ], [ 0.593408858612403, 47.749167675859972 ], [ 0.593166254717056, 47.74882842749863 ], [ 0.593100013900512, 47.748671972317219 ], [ 0.593081288828396, 47.748428653152132 ], [ 0.593188923038753, 47.747670072412568 ], [ 0.593012971366891, 47.747469218333499 ], [ 0.592881681890164, 47.747251231802117 ], [ 0.592619798756041, 47.746993692188987 ], [ 0.592256034853482, 47.746490937010833 ], [ 0.592188895722481, 47.746331028145626 ], [ 0.592166495124187, 47.746165518475287 ], [ 0.592170942629542, 47.745753342182269 ], [ 0.592208883908072, 47.745411162749271 ], [ 0.592272263589758, 47.745151951356654 ], [ 0.592140065218198, 47.74442781765886 ], [ 0.591928118044193, 47.744313132734852 ], [ 0.591819720814148, 47.744230499749264 ], [ 0.591363566608389, 47.744034863009503 ], [ 0.591187866423634, 47.74391092837179 ], [ 0.590997257226392, 47.743688714949407 ], [ 0.590907412073274, 47.743439243635741 ], [ 0.590925642940131, 47.743182812229193 ], [ 0.591082932324412, 47.742825555390823 ], [ 0.591215644303122, 47.74266006727386 ], [ 0.591414152267005, 47.742495184886685 ], [ 0.591601216581009, 47.742373339489845 ], [ 0.59193828747257, 47.742241967694142 ], [ 0.592188208898975, 47.742193500698797 ], [ 0.592577250971068, 47.742184057865778 ], [ 0.593104522652395, 47.742278344067998 ], [ 0.593757107084783, 47.742486061717138 ], [ 0.593965170257655, 47.742569306748294 ], [ 0.594426823803587, 47.742841268299927 ], [ 0.594583659237093, 47.742976868457362 ], [ 0.594783426570722, 47.743188563863995 ], [ 0.595161559880625, 47.743668478914209 ], [ 0.595235637034147, 47.743826382949301 ], [ 0.595357294777564, 47.744203385835043 ], [ 0.595454276658937, 47.744342556969073 ], [ 0.596571649706043, 47.745078792233762 ], [ 0.596720870412003, 47.745198557472229 ], [ 0.596837091853793, 47.74533394059587 ], [ 0.597177668840233, 47.745844197608953 ], [ 0.597370823832888, 47.746278115026676 ], [ 0.597397438946234, 47.746460321606563 ], [ 0.59721181026776, 47.747625521553346 ], [ 0.596984299783037, 47.748173440746662 ], [ 0.597005440985862, 47.748297984539207 ], [ 0.596999332714899, 47.748437129937109 ], [ 0.597238745129846, 47.748577819333043 ], [ 0.597568063982816, 47.748803433809528 ], [ 0.597770353479122, 47.749027201974272 ], [ 0.597868485828956, 47.749280786798671 ], [ 0.597915275278093, 47.749618238459561 ], [ 0.59791509528871, 47.749890945583566 ], [ 0.597937036124348, 47.74995643162746 ], [ 0.598182465655587, 47.750164664240678 ], [ 0.598895214073545, 47.750568908679426 ], [ 0.599360037257162, 47.750590146338894 ], [ 0.599888094940294, 47.75066422291232 ], [ 0.600756064881606, 47.750831716324072 ], [ 0.601169136382658, 47.750889334216609 ], [ 0.60163419025597, 47.751011684514729 ], [ 0.601937053376428, 47.751138293786951 ], [ 0.602408496827512, 47.751298958456616 ], [ 0.603109270658534, 47.751631046283592 ], [ 0.603816433228936, 47.752126868184099 ], [ 0.604001830136634, 47.752339754919497 ], [ 0.60435840443208, 47.752152730102246 ], [ 0.604606322494808, 47.752078710399822 ], [ 0.604737353636959, 47.75205480850655 ], [ 0.605425935693541, 47.752002212906852 ], [ 0.605898512633585, 47.752041719904511 ], [ 0.606190025231152, 47.751797827731458 ], [ 0.606636640239988, 47.751478808059822 ], [ 0.607548080707603, 47.750964777701959 ], [ 0.607864361787624, 47.750797553782839 ], [ 0.608092246139412, 47.750700587113371 ], [ 0.608215900963516, 47.750664225033205 ], [ 0.60847633088906, 47.75061759725935 ], [ 0.609187181892815, 47.750589320454253 ], [ 0.609430249332749, 47.750610184416459 ], [ 0.609872320145357, 47.750682028146258 ], [ 0.610254293846662, 47.750797154548465 ], [ 0.611083769712243, 47.751009364909287 ], [ 0.611589605751937, 47.751197114265899 ], [ 0.61192716891671, 47.751295862604174 ], [ 0.6119897929133, 47.751301683947496 ], [ 0.612438317001586, 47.75130196872162 ], [ 0.612930037754147, 47.751270113945772 ], [ 0.613238842524208, 47.751302710751411 ], [ 0.61376436284974, 47.751221206277883 ], [ 0.614299240864504, 47.751095076391948 ], [ 0.614820036793935, 47.751049376563891 ], [ 0.615205848379186, 47.75104301603676 ], [ 0.61544345774361, 47.751056539977874 ], [ 0.61599221022214, 47.751162318744761 ], [ 0.616591104263938, 47.751082174544827 ], [ 0.617141795871101, 47.751045527531879 ], [ 0.617285668722045, 47.751041926271455 ], [ 0.617570957130189, 47.751066061204433 ], [ 0.617930582973136, 47.751123544713671 ], [ 0.618163123199082, 47.751176346665638 ], [ 0.618377399696854, 47.751256966110859 ], [ 0.61850412523829, 47.751324546415681 ], [ 0.619040580824085, 47.751385990559676 ], [ 0.619258592310581, 47.75142395244125 ], [ 0.619704073664995, 47.751555174085368 ], [ 0.619952962989978, 47.751653488649701 ], [ 0.620337415919211, 47.751886112078282 ], [ 0.620553285261801, 47.752059561222801 ], [ 0.620819783543279, 47.752346595443967 ], [ 0.620915647778667, 47.752510154228929 ], [ 0.620957966938922, 47.752660007526003 ], [ 0.621323556003344, 47.752557422914514 ], [ 0.621691139197262, 47.752528163615551 ], [ 0.622306578381218, 47.752390615470489 ], [ 0.622814779843387, 47.752337579938491 ], [ 0.62348124901466, 47.752365024197601 ], [ 0.623986738264989, 47.752434824708615 ], [ 0.624458411176, 47.752421541933565 ], [ 0.625085731832286, 47.752442701472617 ], [ 0.625567457044046, 47.752535185117395 ], [ 0.625859637500801, 47.752574122132827 ], [ 0.626099076782189, 47.752642917445108 ], [ 0.626314164996304, 47.75274174368397 ], [ 0.626573576557515, 47.752937790183502 ], [ 0.626737977263414, 47.753176007449888 ], [ 0.626793355334555, 47.753436093028235 ], [ 0.626734989237869, 47.753695881368486 ], [ 0.626634950545771, 47.753857915743772 ], [ 0.62640267950721, 47.754068877103741 ], [ 0.626201609528402, 47.754180325543352 ], [ 0.626199945071719, 47.754181000442969 ], [ 0.626089957011222, 47.754225610385596 ], [ 0.625849724585452, 47.754293148732515 ], [ 0.624738076132368, 47.75451647367511 ], [ 0.623915086377639, 47.754802915535279 ], [ 0.623753823317009, 47.754884040264081 ], [ 0.623590638308019, 47.754999950632595 ], [ 0.623886367252613, 47.755709233264042 ], [ 0.623926433802093, 47.755883409919726 ], [ 0.623951692072586, 47.756324758786427 ], [ 0.623915212590266, 47.756625730669427 ], [ 0.62383257030467, 47.756984464801555 ], [ 0.623754444155267, 47.757140035968973 ], [ 0.623635690669553, 47.757283443022267 ], [ 0.623269059498383, 47.757587648627606 ], [ 0.62294898375023, 47.757799819092362 ], [ 0.622522367204533, 47.758023959360337 ], [ 0.622713952255275, 47.758961534265318 ], [ 0.62274313409646, 47.759606096179205 ], [ 0.622808952510695, 47.759872979046712 ], [ 0.623144020470418, 47.760197276323979 ], [ 0.623979021779233, 47.760239459387236 ], [ 0.624358312210741, 47.760205041928323 ], [ 0.624780629744149, 47.760182460959157 ], [ 0.625291411112179, 47.760179608929803 ], [ 0.625893891038014, 47.76013403501743 ], [ 0.626152780500307, 47.760146734211851 ], [ 0.626891820827968, 47.76028339103857 ], [ 0.627948065849588, 47.760561592293385 ], [ 0.629031211435343, 47.760616033240296 ], [ 0.62979673287772, 47.760689115898145 ], [ 0.630535585022032, 47.760832036037591 ], [ 0.631560911629728, 47.760960260411998 ], [ 0.631873499462728, 47.760964016646568 ], [ 0.632103917728204, 47.760991800669998 ], [ 0.632688116998155, 47.761101318624135 ], [ 0.633459831281214, 47.761306672878042 ], [ 0.634056250152182, 47.761390960955673 ], [ 0.635734035858407, 47.761705964249039 ], [ 0.636185053557232, 47.761816829479855 ], [ 0.636552022478659, 47.761941858398828 ], [ 0.636747648544096, 47.762039434407974 ], [ 0.636936483805606, 47.762179077576434 ], [ 0.637174905312912, 47.762296288096785 ], [ 0.637364612902552, 47.762411210310169 ], [ 0.637580093207571, 47.762623735054788 ], [ 0.637670046886459, 47.762784638174253 ], [ 0.637746619645206, 47.763089671229416 ], [ 0.637737894656523, 47.763270727697332 ], [ 0.637675572466337, 47.763446938873464 ], [ 0.637592755930909, 47.763593711689829 ], [ 0.637456896864352, 47.763748310456862 ], [ 0.637278193221408, 47.763881630574623 ], [ 0.637063768039182, 47.763988357145756 ], [ 0.636822170609055, 47.764064235074699 ], [ 0.636563029664284, 47.764106239488669 ], [ 0.636296677997488, 47.764112696951599 ], [ 0.635644041939309, 47.764037645407114 ], [ 0.635132688837814, 47.763919739448333 ], [ 0.634767850645358, 47.763955569121769 ], [ 0.634524324848489, 47.763962197328127 ], [ 0.633641819463931, 47.763844521103387 ], [ 0.633003871094368, 47.763672320171338 ], [ 0.632644282492934, 47.763524461990151 ], [ 0.63240113556299, 47.763445060685733 ], [ 0.632115580990533, 47.763359712779774 ], [ 0.63183597515706, 47.763295594449268 ], [ 0.631244194245982, 47.763277905034215 ], [ 0.630879667327345, 47.763243704153737 ], [ 0.630353187941069, 47.76322455554137 ], [ 0.629635824568457, 47.763218580937377 ], [ 0.628856141174391, 47.763151381082032 ], [ 0.628152689063546, 47.763065149740768 ], [ 0.62737234505193, 47.762935858935819 ], [ 0.626972116125059, 47.762854172104639 ], [ 0.6264518250039, 47.76284252842273 ], [ 0.626019442693735, 47.762770147139697 ], [ 0.625139841259363, 47.762662804681383 ], [ 0.62499592598516, 47.762637314757598 ], [ 0.624757361096622, 47.762566173426407 ], [ 0.624555533702068, 47.762695079704407 ], [ 0.624519612965107, 47.762711725864285 ], [ 0.624207789241076, 47.762823989858965 ], [ 0.623951193310494, 47.762868909448777 ], [ 0.623686490040747, 47.762878753668453 ], [ 0.623315419817466, 47.762831019255323 ], [ 0.623297063478488, 47.762827284352269 ], [ 0.623057460877997, 47.762750789634531 ], [ 0.622845005538493, 47.76264387749427 ], [ 0.622595175549299, 47.762435989986706 ], [ 0.622299511660851, 47.762097134026106 ], [ 0.622167001048325, 47.761945263143453 ], [ 0.621807452833929, 47.761704449950564 ], [ 0.621660316698978, 47.761580030376244 ], [ 0.621486186759864, 47.761533871973178 ], [ 0.621392312689189, 47.761501239709588 ], [ 0.62102604462392, 47.761358210098315 ], [ 0.620794566055762, 47.761243768653337 ], [ 0.620205626069376, 47.760801313508786 ], [ 0.620067707339703, 47.76067523319486 ], [ 0.619935534901056, 47.760529338109507 ], [ 0.619807516934199, 47.760388028652457 ], [ 0.619772083674138, 47.760345306857538 ], [ 0.619735160101003, 47.760362997310885 ], [ 0.619641844675136, 47.760398895398232 ], [ 0.619620071277283, 47.7604072716723 ], [ 0.619373254990538, 47.760471725203857 ], [ 0.619112429947374, 47.760502074303602 ], [ 0.61884785132294, 47.76049712545661 ], [ 0.618589921946326, 47.760457072227865 ], [ 0.618348786478814, 47.760383489710527 ], [ 0.618133922801257, 47.760279272174756 ], [ 0.617953781244659, 47.760148516751137 ], [ 0.617815445761666, 47.759996365231153 ], [ 0.617543343523939, 47.759508713326248 ], [ 0.617206060900905, 47.758979858392621 ], [ 0.617077159234455, 47.758621032129859 ], [ 0.617060465165661, 47.758130926892022 ], [ 0.616767316008444, 47.757678186586055 ], [ 0.616705593637118, 47.757524761119271 ], [ 0.616638517228041, 47.757224894394142 ], [ 0.616592172141893, 47.756482616083822 ], [ 0.616532879505384, 47.755971020619867 ], [ 0.616460528185098, 47.755760215961665 ], [ 0.616414317059148, 47.755701144584101 ], [ 0.616088321601187, 47.75566511005492 ], [ 0.615187040429402, 47.755525852059854 ], [ 0.614350806176886, 47.755373600896206 ], [ 0.613829876737635, 47.755207175304683 ], [ 0.613316032172082, 47.755009761314909 ], [ 0.612831154708369, 47.754802080740689 ], [ 0.612297027500469, 47.754634119187884 ], [ 0.61206036133349, 47.754625062080919 ], [ 0.611765851534454, 47.754667300995628 ], [ 0.610859539011196, 47.754907909563158 ], [ 0.609884814079252, 47.755196652887726 ], [ 0.609291245494289, 47.755468401768091 ], [ 0.608710848834434, 47.755635758833094 ], [ 0.60807629117781, 47.755718384829933 ], [ 0.607411857192021, 47.755703431355876 ], [ 0.606959121246322, 47.755850230280686 ], [ 0.606362007753493, 47.756003630095051 ], [ 0.60680626799045, 47.756021572092735 ], [ 0.60745518585234, 47.756160375427562 ], [ 0.60809913458284, 47.756362437590745 ], [ 0.608813017943578, 47.756694046566096 ], [ 0.608981569325363, 47.756806712572619 ], [ 0.609476936650696, 47.757202681710901 ], [ 0.610241947170802, 47.757967187832563 ], [ 0.610400565606205, 47.758188382904102 ], [ 0.610551418315166, 47.758553864297689 ], [ 0.610927152690275, 47.758420577899216 ], [ 0.611093928111301, 47.757883656135419 ], [ 0.611227753945354, 47.757638174684523 ], [ 0.611441617585015, 47.757378867219408 ], [ 0.611737894125027, 47.757114761988262 ], [ 0.612106777035169, 47.756671986323155 ], [ 0.612359789864042, 47.756442590115945 ], [ 0.612627779411938, 47.756283921393482 ], [ 0.612937814885346, 47.756166381295706 ], [ 0.613210169329406, 47.756091569358837 ], [ 0.613727861586628, 47.756031743356054 ], [ 0.613984548095499, 47.756036356088615 ], [ 0.614419959804146, 47.756102200825538 ], [ 0.614664980654481, 47.756176140520374 ], [ 0.614777987583576, 47.756225185631379 ], [ 0.614979274351856, 47.756344947139311 ], [ 0.615221083076524, 47.756553486276104 ], [ 0.615354419345529, 47.756699874909224 ], [ 0.615610716180262, 47.757147868034188 ], [ 0.615915025522566, 47.757500761937308 ], [ 0.6159839586492, 47.757654229364036 ], [ 0.616116968702818, 47.758108504865447 ], [ 0.616126364057281, 47.758575864102305 ], [ 0.616096994332662, 47.758770912191487 ], [ 0.615963196877439, 47.759193542911952 ], [ 0.6157009702323, 47.759694904441695 ], [ 0.615644786991222, 47.759860177649458 ], [ 0.615700555646569, 47.760010862820003 ], [ 0.616181944943053, 47.760551056654514 ], [ 0.616454071159039, 47.760707568458947 ], [ 0.616920482991997, 47.761068253791059 ], [ 0.617049522185784, 47.761217494096549 ], [ 0.617297885217714, 47.761580995025035 ], [ 0.617381860631685, 47.761742998228208 ], [ 0.617418704776866, 47.76191280354368 ], [ 0.617445862087928, 47.762332306639593 ], [ 0.617420670779583, 47.762523723482758 ], [ 0.617645057254521, 47.762573285964116 ], [ 0.617839472715682, 47.76236723597799 ], [ 0.618123655723565, 47.762197943981818 ], [ 0.618517919384077, 47.762043599498163 ], [ 0.618972800213599, 47.761952624621394 ], [ 0.619107950225958, 47.761940115108374 ], [ 0.619380390611718, 47.761943225888899 ], [ 0.619869318017979, 47.76201261524632 ], [ 0.620321192864136, 47.762112411165063 ], [ 0.620554522849682, 47.762201602919632 ], [ 0.620756696481584, 47.762320444839972 ], [ 0.621083492348368, 47.762560945056379 ], [ 0.621374871783374, 47.762906297517318 ], [ 0.621479624707328, 47.763087688290405 ], [ 0.621710191396043, 47.763665164606138 ], [ 0.621819897214403, 47.763855412386782 ], [ 0.622425041776475, 47.764135278268391 ], [ 0.622998688831161, 47.764467567286694 ], [ 0.623160365967624, 47.764579020003772 ], [ 0.623515195036918, 47.764870305804244 ], [ 0.623653689331328, 47.76500829512981 ], [ 0.623752087016029, 47.765161131010522 ], [ 0.623892208064161, 47.765449259718046 ], [ 0.624055752611225, 47.765926182287444 ], [ 0.624087386420609, 47.766128484843762 ], [ 0.624000592949626, 47.766632278385764 ], [ 0.623891717724044, 47.766898226325161 ], [ 0.624070626974431, 47.76719975678396 ], [ 0.624203429416806, 47.767615305456019 ], [ 0.624230043595972, 47.767825491023714 ], [ 0.624209536309348, 47.768253391978334 ], [ 0.624117149868683, 47.768772077440161 ], [ 0.6240195982196, 47.768960067841292 ], [ 0.623770684031639, 47.76930977910898 ], [ 0.623689911742543, 47.769509693023323 ], [ 0.623494231307034, 47.769737301782456 ], [ 0.623312818077502, 47.769863494906701 ], [ 0.622981493737008, 47.770002479783642 ], [ 0.622604708129161, 47.770070938372818 ], [ 0.622214654248018, 47.770063021866434 ], [ 0.621844660286321, 47.769979407898347 ], [ 0.621526336055888, 47.769827239000485 ], [ 0.621286878728723, 47.769619517592872 ], [ 0.62123758236779, 47.769560654583621 ], [ 0.621417519198905, 47.769859800961868 ], [ 0.621558494669163, 47.770039093694265 ], [ 0.621716818505246, 47.770197261236575 ], [ 0.622113014735212, 47.770508820604768 ], [ 0.622652473088203, 47.770814272872606 ], [ 0.623235444921949, 47.771230437024677 ], [ 0.623433395376184, 47.771479643080617 ], [ 0.623496578031917, 47.771598110593018 ], [ 0.623530680224447, 47.771796522400336 ], [ 0.623551189211253, 47.772694586911612 ], [ 0.623573428402936, 47.772844901217056 ], [ 0.623634327939505, 47.773066193875145 ], [ 0.623706173449663, 47.773234174730575 ], [ 0.623929833661595, 47.773527496883197 ], [ 0.624087253762064, 47.773662464004403 ], [ 0.624455171920084, 47.773922452014659 ], [ 0.625327869427685, 47.774401612113991 ], [ 0.625499886261976, 47.774650928112862 ], [ 0.625855527876399, 47.774986890785129 ], [ 0.626330587442419, 47.775348329454353 ], [ 0.62655131335061, 47.775465797423479 ], [ 0.626572458234113, 47.775405858820804 ], [ 0.62686538099855, 47.774864503674202 ], [ 0.626881274804942, 47.774688401120443 ], [ 0.626824959214677, 47.774348797719632 ], [ 0.626668944970734, 47.773729998810168 ], [ 0.626667869077892, 47.77339565937919 ], [ 0.62675017630616, 47.773154409795296 ], [ 0.627040953823543, 47.772804082617121 ], [ 0.626976299798751, 47.772684735652717 ], [ 0.626802249618687, 47.77248899971044 ], [ 0.6267126899316, 47.772334269281323 ], [ 0.626503432488964, 47.771610234498581 ], [ 0.626487465074691, 47.771348328542764 ], [ 0.626584117110072, 47.771094428488617 ], [ 0.626785189882637, 47.770870070333935 ], [ 0.627073626722041, 47.770694284489821 ], [ 0.627424961125754, 47.770581980215404 ], [ 0.627477575540561, 47.770573001873672 ], [ 0.627809395212613, 47.770542683221976 ], [ 0.628113769211713, 47.770566483302296 ], [ 0.628194321051962, 47.770579727022444 ], [ 0.628304757970046, 47.770605782361145 ], [ 0.628516372550436, 47.770587712217193 ], [ 0.628773114967133, 47.770597587664881 ], [ 0.629022287191224, 47.77064046254506 ], [ 0.629361787604363, 47.770762850163976 ], [ 0.629553040490644, 47.770878744756502 ], [ 0.629707786490232, 47.771017208795371 ], [ 0.629820283875045, 47.771173103552947 ], [ 0.629886359395217, 47.771340647605399 ], [ 0.629941810406745, 47.771697840354072 ], [ 0.630121482400557, 47.771798579198759 ], [ 0.630586092863427, 47.772110751006302 ], [ 0.631712768604586, 47.772722492552916 ], [ 0.632034802499425, 47.772930600441285 ], [ 0.632212050750912, 47.773076533801117 ], [ 0.63243165589111, 47.773301942207546 ], [ 0.632650943927566, 47.77362102156458 ], [ 0.632722849449524, 47.773694083331826 ], [ 0.633967372339598, 47.77450647863224 ], [ 0.634315414482027, 47.774814186360437 ], [ 0.634670817673657, 47.775183266698498 ], [ 0.634801868040503, 47.775284621137679 ], [ 0.636195103796718, 47.776070998312946 ], [ 0.636874463345977, 47.776402211247166 ], [ 0.637650818932645, 47.776709134451806 ], [ 0.639465175373367, 47.777273668178587 ], [ 0.639475458301199, 47.777239619390336 ], [ 0.639501505966587, 47.777170748078426 ], [ 0.639372097757108, 47.777032860405207 ], [ 0.639280489666917, 47.776878090577192 ], [ 0.639208980023815, 47.776557112403545 ], [ 0.639021542371934, 47.776211612992569 ], [ 0.638729460733677, 47.775757681835614 ], [ 0.637571943676115, 47.775181274576497 ], [ 0.637133600516288, 47.774915300920966 ], [ 0.636878977218587, 47.77474066787056 ], [ 0.636696385137735, 47.774583969483203 ], [ 0.636365101417996, 47.774127347558156 ], [ 0.636054303869664, 47.773604405843543 ], [ 0.635606462135042, 47.772979165422342 ], [ 0.635385525733972, 47.772628702609019 ], [ 0.635222158472436, 47.77226847686704 ], [ 0.634888872540888, 47.771999180194982 ], [ 0.634450932536746, 47.771478656092683 ], [ 0.634340718082655, 47.77130438296723 ], [ 0.634232591790514, 47.771066689962616 ], [ 0.633951733658338, 47.770710074158458 ], [ 0.633840766646703, 47.770462618332999 ], [ 0.63283156353631, 47.770235094651206 ], [ 0.630882460858337, 47.770186403445734 ], [ 0.629778033458477, 47.770078370445049 ], [ 0.629523126217082, 47.770034546308835 ], [ 0.629176859892182, 47.769908106016565 ], [ 0.628900375514905, 47.769719060970445 ], [ 0.628717731221999, 47.769483861859165 ], [ 0.628644815461103, 47.769222971045465 ], [ 0.628645449875154, 47.769184514381216 ], [ 0.628646280320203, 47.769134194782616 ], [ 0.62871374327364, 47.768904316236707 ], [ 0.628656117464126, 47.7686536110105 ], [ 0.628679647281176, 47.768476038010228 ], [ 0.628754633487548, 47.768305075403795 ], [ 0.628956627879298, 47.768075563704372 ], [ 0.629007420260543, 47.768037599551015 ], [ 0.629045295834741, 47.76800929037563 ], [ 0.629249566572342, 47.767896073886547 ], [ 0.629552889529304, 47.767795492110366 ], [ 0.629724275484697, 47.767701056778321 ], [ 0.630017661065623, 47.767581186018148 ], [ 0.630331001258527, 47.767501489956864 ], [ 0.630713062115048, 47.767476243029876 ], [ 0.631588432422999, 47.767586842473641 ], [ 0.631840196069093, 47.767634720110955 ], [ 0.632073280470917, 47.767714776644304 ], [ 0.6323263767143, 47.767843740452307 ], [ 0.632557751878691, 47.767862366738775 ], [ 0.632817097082484, 47.767915350637153 ], [ 0.63371043075892, 47.768034317335996 ], [ 0.633788581818702, 47.768043582843852 ], [ 0.633869764043124, 47.768033097190532 ], [ 0.634321593058341, 47.767649071778095 ], [ 0.634426237522305, 47.767450806765879 ], [ 0.634754118600957, 47.76697631695766 ], [ 0.635000235386031, 47.766708942489984 ], [ 0.635201334008883, 47.766568329788853 ], [ 0.635534561002268, 47.766401728601004 ], [ 0.635885203453162, 47.766311212288912 ], [ 0.6362593610052, 47.766290103703902 ], [ 0.636557085219447, 47.766316758234233 ], [ 0.63682963151208, 47.766365132965014 ], [ 0.637081040921754, 47.766451005167482 ], [ 0.637235917910931, 47.766529050775951 ], [ 0.637407545959064, 47.766641275362389 ], [ 0.637546729406755, 47.766772340436496 ], [ 0.637695185722152, 47.766989536551392 ], [ 0.637736183414296, 47.767090228615707 ], [ 0.637798344716686, 47.767311527314483 ], [ 0.637804935893165, 47.767506301692471 ], [ 0.637750657387155, 47.767757252739486 ], [ 0.637585022674416, 47.768036360319272 ], [ 0.637317710807626, 47.768292317854041 ], [ 0.63691196736174, 47.768868202468717 ], [ 0.636782401155888, 47.769017383315138 ], [ 0.637242098957235, 47.769287418952388 ], [ 0.637701951401869, 47.769383919929524 ], [ 0.638099977048797, 47.769541307503175 ], [ 0.638360464183395, 47.769618034648097 ], [ 0.639124495306434, 47.769790780594015 ], [ 0.639335986879533, 47.769856454348968 ], [ 0.639894848403771, 47.770117885459065 ], [ 0.640075561527743, 47.770242151022728 ], [ 0.640665067282888, 47.770324434680887 ], [ 0.641218984062043, 47.770444942254159 ], [ 0.641436183235153, 47.770506955140135 ], [ 0.641984990477667, 47.770703848944407 ], [ 0.642186460721797, 47.770792706166482 ], [ 0.642439279623307, 47.770966116699221 ], [ 0.64287086482619, 47.771078312043663 ], [ 0.643104845193837, 47.771169984873218 ], [ 0.643623017344282, 47.771480911723508 ], [ 0.644070461103051, 47.771808249806874 ], [ 0.644391811778974, 47.771736380617142 ], [ 0.64470232454733, 47.77163153839318 ], [ 0.644931117155149, 47.771519516860025 ], [ 0.645023098223319, 47.771441398352223 ], [ 0.645135385682361, 47.771304203700055 ], [ 0.645448361704387, 47.770816267350689 ], [ 0.645683964682513, 47.770489445086852 ], [ 0.645849704834238, 47.770298248528 ], [ 0.646108673414221, 47.770062909236053 ], [ 0.646258573413822, 47.76995241472769 ], [ 0.646554217128, 47.769773177577662 ], [ 0.647327209771407, 47.769443896563963 ], [ 0.648022557632832, 47.769202326286354 ], [ 0.648516018947307, 47.769062157451017 ], [ 0.649131398430538, 47.768918903061646 ], [ 0.649250408559213, 47.768848277149331 ], [ 0.649462444120794, 47.768758417837148 ], [ 0.649748754497622, 47.76867855271815 ], [ 0.650015074734171, 47.768576376371236 ], [ 0.65026016466875, 47.768517391280753 ], [ 0.650786525815183, 47.768464259954072 ], [ 0.651563898452099, 47.768485461924342 ], [ 0.652584818628573, 47.768679525379589 ], [ 0.652315989366984, 47.768395164493086 ], [ 0.652100226788989, 47.768084847713027 ], [ 0.652025181380373, 47.767927236598688 ], [ 0.651944169367207, 47.767672505700681 ], [ 0.651921456931723, 47.76740725532467 ], [ 0.651784773107677, 47.767495107684063 ], [ 0.651479747057372, 47.767635694854135 ], [ 0.651228847452235, 47.767706725329006 ], [ 0.650895239162691, 47.767751253892918 ], [ 0.650509672432012, 47.767738649123949 ], [ 0.650228273806261, 47.767678129824297 ], [ 0.649899000018287, 47.767662108235669 ], [ 0.649635457480959, 47.767607434924734 ], [ 0.649452276324446, 47.767549737959833 ], [ 0.649226742851242, 47.767443873482279 ], [ 0.649038141260765, 47.767309115901142 ], [ 0.648856250096305, 47.767121765092327 ], [ 0.648764870867295, 47.766960888177024 ], [ 0.648720630808938, 47.76679121960295 ], [ 0.648744877607938, 47.766502316685525 ], [ 0.648917755974263, 47.76601264973332 ], [ 0.649015943675782, 47.76583467208156 ], [ 0.649301954825761, 47.765532584744676 ], [ 0.649702178917767, 47.76526529427754 ], [ 0.65002235928331, 47.765099009527638 ], [ 0.650226339050749, 47.765011683183452 ], [ 0.650869679042327, 47.764804769700824 ], [ 0.651195914626361, 47.764726035551739 ], [ 0.651456120544968, 47.764631221510136 ], [ 0.651806642199749, 47.764561829521433 ], [ 0.652115888327612, 47.764534503696709 ], [ 0.652362098222147, 47.764540510514486 ], [ 0.652434401629366, 47.764524698942594 ], [ 0.652815185018442, 47.764110325749392 ], [ 0.653055293721651, 47.763925137507506 ], [ 0.65341247194532, 47.763765795677863 ], [ 0.653832021348008, 47.763635184833198 ], [ 0.653986776048567, 47.763562985244974 ], [ 0.654050281465037, 47.763364455811626 ], [ 0.654181445532703, 47.762736445551326 ], [ 0.654077117332596, 47.76198370289908 ], [ 0.654065522991023, 47.76161060027659 ], [ 0.654020156031771, 47.761222951414567 ], [ 0.653856749008797, 47.760998403776746 ], [ 0.653744062946067, 47.760807864340606 ], [ 0.653671766352091, 47.76063957902614 ], [ 0.653656893423051, 47.760377487230798 ], [ 0.653709907193621, 47.76020596939842 ], [ 0.653811196715594, 47.760044625985017 ], [ 0.653956925235753, 47.75989957229001 ], [ 0.654141567573438, 47.759776302659184 ], [ 0.654358130001654, 47.759679489618755 ], [ 0.654598404028023, 47.759612800799992 ], [ 0.654853287496741, 47.759578763132588 ], [ 0.655241813518514, 47.759591397885572 ], [ 0.65717888345978, 47.759983910276446 ], [ 0.657515136007448, 47.760118922051561 ], [ 0.657700566781221, 47.760243179727297 ], [ 0.657846523258635, 47.760389424762792 ], [ 0.657979664038678, 47.760637567526842 ], [ 0.658000350152886, 47.760901082029058 ], [ 0.657950378756085, 47.761074107534284 ], [ 0.65785134994912, 47.761237246293447 ], [ 0.657707058823559, 47.761384242266267 ], [ 0.657519130010177, 47.761511431517519 ], [ 0.657549229116871, 47.761849074403742 ], [ 0.657550115432, 47.762199922874281 ], [ 0.657524933383281, 47.76248723734124 ], [ 0.657558754643649, 47.762867279387677 ], [ 0.657644604218573, 47.763179550234646 ], [ 0.657692067976007, 47.763540157225698 ], [ 0.657590732368288, 47.764056242707326 ], [ 0.657451640671319, 47.764400086934828 ], [ 0.65740024345732, 47.764496098230232 ], [ 0.657250931016586, 47.764673321488225 ], [ 0.656883605755455, 47.764983317686415 ], [ 0.656491935478584, 47.765236248586497 ], [ 0.656039161834164, 47.765419229428083 ], [ 0.65605893767, 47.765546245101476 ], [ 0.656112019805029, 47.765691836226871 ], [ 0.656226979336552, 47.765879637463101 ], [ 0.656396055032923, 47.765975441360347 ], [ 0.656786663396131, 47.766025626395475 ], [ 0.656917892889666, 47.765728419435213 ], [ 0.657034797749235, 47.76557855247129 ], [ 0.657191268300335, 47.765446100882301 ], [ 0.657436884887431, 47.765274223536132 ], [ 0.657661656323306, 47.765148897928015 ], [ 0.657635702081809, 47.764972525112277 ], [ 0.657635617925161, 47.764764721582353 ], [ 0.657662084987869, 47.764586140606788 ], [ 0.657785643996669, 47.764248030956765 ], [ 0.657876232407336, 47.763900356306308 ], [ 0.658038898933701, 47.763585049636298 ], [ 0.65816417845976, 47.763437433546422 ], [ 0.658369471349362, 47.763248160847873 ], [ 0.658550416625324, 47.763130391409263 ], [ 0.658760911534128, 47.763037595445276 ], [ 0.658788668417509, 47.76302884002429 ], [ 0.658874938635118, 47.763001628819616 ], [ 0.659234832812092, 47.762908394112088 ], [ 0.65975581351899, 47.762815271868057 ], [ 0.660240149194656, 47.762791370529392 ], [ 0.660947814298675, 47.762784890960042 ], [ 0.661316249883455, 47.762816848341501 ], [ 0.661657359197929, 47.762916024415063 ], [ 0.661856388526477, 47.763015891792698 ], [ 0.662244660012317, 47.763294049458146 ], [ 0.662461424897442, 47.763470894806744 ], [ 0.662998561834344, 47.763498631411863 ], [ 0.663869745190091, 47.763611617413225 ], [ 0.664868956987719, 47.763873382175944 ], [ 0.665960924911157, 47.764239554437765 ], [ 0.666151653177018, 47.764337631526224 ], [ 0.666519574794605, 47.76456483280721 ], [ 0.66712108251859, 47.764835665097763 ], [ 0.667517098477939, 47.765055437801578 ], [ 0.667688389046503, 47.765169444372788 ], [ 0.668270809762317, 47.765649184947797 ], [ 0.668544390021435, 47.765946925567064 ], [ 0.669886029714503, 47.767285857091295 ], [ 0.670222639905556, 47.767566081676335 ], [ 0.671133677683595, 47.768103552702392 ], [ 0.671397387943407, 47.768298095013776 ], [ 0.672581034625692, 47.769037230091854 ], [ 0.67359879593386, 47.769641299216048 ], [ 0.674739372618254, 47.770176027645554 ], [ 0.675452392281798, 47.77054838400516 ], [ 0.675574222225734, 47.770594341564447 ], [ 0.676636956523596, 47.770887184960365 ], [ 0.677346668109514, 47.771183720885077 ], [ 0.677894243430508, 47.771198745371493 ], [ 0.678534563858019, 47.771247439545654 ], [ 0.678758007427118, 47.771277624805947 ], [ 0.678880237902713, 47.771301607450816 ], [ 0.679141044148113, 47.771310698235887 ], [ 0.679611106339248, 47.771480980512372 ], [ 0.680026611580141, 47.771594160209062 ], [ 0.680468427325292, 47.771673079880017 ], [ 0.680700370029162, 47.771696916976431 ], [ 0.681491017254374, 47.771683637369911 ], [ 0.681735497055678, 47.771648544060625 ], [ 0.682472515243951, 47.771584425344024 ], [ 0.68280971411638, 47.7716227500649 ], [ 0.682961984654022, 47.771624928471908 ], [ 0.683356206672781, 47.771587375047105 ], [ 0.683341748559873, 47.771547016690512 ], [ 0.683017424307951, 47.771133723063819 ], [ 0.682939467027704, 47.770960988862157 ], [ 0.68291421989214, 47.770781240646421 ], [ 0.682942700410101, 47.770601711867734 ], [ 0.682976812228077, 47.770514295944167 ], [ 0.683023758671428, 47.770429628135901 ], [ 0.683154135672533, 47.770271913040737 ], [ 0.683328582188492, 47.770134914093283 ], [ 0.683430199723505, 47.770075945274939 ], [ 0.683657109676891, 47.769980035404458 ], [ 0.683780113501026, 47.769944062010453 ], [ 0.683907848036034, 47.769916587494599 ], [ 0.684172326900457, 47.76988815536378 ], [ 0.684829282004786, 47.769902580791474 ], [ 0.685096065417292, 47.769873229600904 ], [ 0.685356571580606, 47.769863427918416 ], [ 0.685656712881895, 47.769874989060881 ], [ 0.686093027518548, 47.769942684899512 ], [ 0.686431832572135, 47.770070574325985 ], [ 0.6866209692206, 47.770190233954949 ], [ 0.686772214857142, 47.770332290018629 ], [ 0.686915997207766, 47.770575456958809 ], [ 0.686951183786888, 47.770748701281931 ], [ 0.686954299855513, 47.771150583242743 ], [ 0.686901825302584, 47.771388100253802 ], [ 0.688007182929577, 47.771384163385406 ], [ 0.689012479327407, 47.771409095121555 ], [ 0.689268580534063, 47.771382767737805 ], [ 0.689506206776359, 47.771336255248805 ], [ 0.689821522863063, 47.771425513928236 ], [ 0.690219816533347, 47.771591927495329 ], [ 0.691023095855753, 47.771819390264767 ], [ 0.691824914204649, 47.771953723490121 ], [ 0.692097571670643, 47.771976959181821 ], [ 0.692981321472748, 47.771987741142183 ], [ 0.693638359444575, 47.771931454394455 ], [ 0.693867011280507, 47.771897508046223 ], [ 0.694240575355563, 47.771905451437007 ], [ 0.694676171298225, 47.771855202673926 ], [ 0.694935308790501, 47.771900071814308 ], [ 0.695315636933319, 47.771935058369245 ], [ 0.69589686173987, 47.771919849359087 ], [ 0.696147877941066, 47.771889939402413 ], [ 0.696516576876951, 47.771799030277521 ], [ 0.696752258989381, 47.771719303520577 ], [ 0.69699261584968, 47.771615179624185 ], [ 0.697064370320365, 47.771610860567897 ], [ 0.697511885994886, 47.771723658871991 ], [ 0.697885265614397, 47.771791353017072 ], [ 0.698268991449968, 47.771820093850231 ], [ 0.698505872908261, 47.771994295333577 ], [ 0.698680450363188, 47.77208841350442 ], [ 0.699009354574117, 47.772228883860123 ], [ 0.699342100708059, 47.772335026577117 ], [ 0.699939846334634, 47.772465121204881 ], [ 0.700614642459966, 47.772523130330832 ], [ 0.700582667838199, 47.772505038936799 ], [ 0.700140358949104, 47.772168803581565 ], [ 0.700009729365903, 47.772019175875954 ], [ 0.699924147327842, 47.771855424718737 ], [ 0.699886797874507, 47.77168364195294 ], [ 0.699899068424449, 47.771510221718984 ], [ 0.700009011111241, 47.771261093349246 ], [ 0.700139353668011, 47.771111352682901 ], [ 0.70030991848978, 47.770981269113143 ], [ 0.700514357667753, 47.770875683604217 ], [ 0.700745064769539, 47.7707985228053 ], [ 0.70099345461136, 47.770752660506616 ], [ 0.701514322977175, 47.770722371588455 ], [ 0.701780561927658, 47.770726997601521 ], [ 0.702164185999753, 47.770800115150699 ], [ 0.70243853595894, 47.770913865092922 ], [ 0.702498459810679, 47.770875319161021 ], [ 0.702915664207966, 47.770740338267707 ], [ 0.703033242108768, 47.770708428980726 ], [ 0.70296152431768, 47.770606175714576 ], [ 0.703114309959646, 47.770408380305426 ], [ 0.702813224497692, 47.769895540443429 ], [ 0.702823469656893, 47.769812903254561 ], [ 0.702841930002249, 47.769756539263625 ], [ 0.703296884112355, 47.769458422156163 ], [ 0.703369194169997, 47.76923743791555 ], [ 0.70339858754181, 47.768896757062031 ], [ 0.70344648794705, 47.768684298116931 ], [ 0.703538046434298, 47.768419570874812 ], [ 0.703596631083114, 47.76814519270107 ], [ 0.703681894325089, 47.767933466361441 ], [ 0.703695512309661, 47.767913119538036 ], [ 0.703722946269569, 47.767848731953876 ], [ 0.703796296240242, 47.767758328007837 ], [ 0.703565220631548, 47.767789812884544 ], [ 0.703429559571301, 47.767745733018415 ], [ 0.703305107741665, 47.767751395732013 ], [ 0.703108956086663, 47.767685419393217 ], [ 0.702849595990802, 47.767660522218982 ], [ 0.702663499319884, 47.767609149037753 ], [ 0.702562312484468, 47.767509018306043 ], [ 0.702546398789711, 47.767382647776678 ], [ 0.70263113855789, 47.767306874655361 ], [ 0.702676064401296, 47.767194303662791 ], [ 0.702679414885918, 47.767054804855604 ], [ 0.70231095514567, 47.766865690792194 ], [ 0.701975156879054, 47.766600681098765 ], [ 0.701725363025964, 47.766539952377343 ], [ 0.701423671294978, 47.766536731410909 ], [ 0.701237437718504, 47.766519568993779 ], [ 0.701110138564101, 47.766560289697949 ], [ 0.700970013797992, 47.766712410169688 ], [ 0.700902529401671, 47.766852450582746 ], [ 0.700939025441282, 47.767027848115887 ], [ 0.70089199738092, 47.767188999761217 ], [ 0.70073493750754, 47.767207525697167 ], [ 0.700621032532435, 47.767185479719899 ], [ 0.700551966912334, 47.767114791275894 ], [ 0.70048459952584, 47.766881160618254 ], [ 0.700521225381208, 47.76671350188051 ], [ 0.700567943187268, 47.766559547573728 ], [ 0.700529207040919, 47.766466944263833 ], [ 0.700323282456574, 47.766380061516728 ], [ 0.700126646734716, 47.766356390083729 ], [ 0.699365405621505, 47.766325227426051 ], [ 0.699128959991586, 47.766264755352466 ], [ 0.699014967962804, 47.766213892659465 ], [ 0.698914374099733, 47.766100263891673 ], [ 0.698739000698826, 47.766048194573401 ], [ 0.698498460429333, 47.766051570405153 ], [ 0.698227190258482, 47.766055242052346 ], [ 0.698061558907557, 47.766024973263484 ], [ 0.697938994645255, 47.765925318350071 ], [ 0.697913973888614, 47.765762751049841 ], [ 0.698004491151316, 47.765275603333016 ], [ 0.698120357127126, 47.765097797537308 ], [ 0.698158016843926, 47.76484461976613 ], [ 0.698125724464816, 47.764757544664207 ], [ 0.697861604685655, 47.764657807704182 ], [ 0.697622588443171, 47.764626095228891 ], [ 0.697491310487433, 47.76451186162712 ], [ 0.697371386474705, 47.764320415072547 ], [ 0.697279772755969, 47.764277193985663 ], [ 0.696983236852156, 47.764278564820792 ], [ 0.696777885923193, 47.764333052648986 ], [ 0.696647286362201, 47.764357496034563 ], [ 0.696503633705555, 47.76431325055843 ], [ 0.696396299205704, 47.764201287554087 ], [ 0.696288295364628, 47.764197361670263 ], [ 0.696186233670997, 47.764241274872127 ], [ 0.695988312291035, 47.764216670553317 ], [ 0.695803353684281, 47.764108581928909 ], [ 0.695694949348308, 47.763959679944037 ], [ 0.695262595040434, 47.763735969361868 ], [ 0.695032243143444, 47.76365850057438 ], [ 0.694658425863227, 47.763748386070525 ], [ 0.694526609341638, 47.763770101865532 ], [ 0.694071146641287, 47.763679194010024 ], [ 0.69383504855746, 47.763672742921294 ], [ 0.693604110580687, 47.763732123750188 ], [ 0.693410997104161, 47.763904801955611 ], [ 0.69331168458032, 47.764100938020405 ], [ 0.693256417741415, 47.764205198426239 ], [ 0.693180386082825, 47.764295543369968 ], [ 0.693134272798902, 47.764435100481307 ], [ 0.693024196964443, 47.764602210746666 ], [ 0.692783476228959, 47.764640687583849 ], [ 0.692597984871256, 47.764575803536324 ], [ 0.692382966021251, 47.764452710264855 ], [ 0.69228316172703, 47.76429046815803 ], [ 0.692225205526198, 47.764025502344062 ], [ 0.692108064173936, 47.763893532626291 ], [ 0.692016455462896, 47.763850307411943 ], [ 0.691723846761534, 47.763853543145665 ], [ 0.691439673252344, 47.763847039831703 ], [ 0.691265242105518, 47.763896725216107 ], [ 0.69118862211572, 47.764000563666052 ], [ 0.691188267262918, 47.764316604696354 ], [ 0.691101993878646, 47.764427456091795 ], [ 0.69090911385164, 47.764471374624343 ], [ 0.690613808167251, 47.76453668356303 ], [ 0.690518068603951, 47.76461943475686 ], [ 0.690451144956329, 47.764745974535899 ], [ 0.690353108312352, 47.764912419499737 ], [ 0.689950719579317, 47.765075561196895 ], [ 0.689769116798833, 47.765198037087757 ], [ 0.689464302449487, 47.765236142936175 ], [ 0.689298385228701, 47.765304902349939 ], [ 0.689190092363828, 47.765430624990508 ], [ 0.688779404315755, 47.765538673234786 ], [ 0.68846308002984, 47.765534229487734 ], [ 0.688210459663391, 47.765569760859272 ], [ 0.688109801208694, 47.765611894034777 ], [ 0.68805411488513, 47.765633305021225 ], [ 0.687827824003228, 47.765646844924092 ], [ 0.687649174208833, 47.76563971515089 ], [ 0.687115844559087, 47.765558047641392 ], [ 0.686723534455992, 47.765519682938596 ], [ 0.686315916458954, 47.765464806805483 ], [ 0.686020933772667, 47.765399549423755 ], [ 0.685361326154977, 47.765396416141691 ], [ 0.685315423652738, 47.765807001981919 ], [ 0.684899062767102, 47.765830284902343 ], [ 0.684808466545465, 47.765702434298412 ], [ 0.6846410044344, 47.765714430039033 ], [ 0.684531838656922, 47.765859940623884 ], [ 0.684286042592373, 47.765891996870444 ], [ 0.684129047445615, 47.765448584703506 ], [ 0.683931525192385, 47.765476192462401 ], [ 0.683735382572091, 47.765564155561471 ], [ 0.683561743463952, 47.765725509048551 ], [ 0.683511112130067, 47.765776720711216 ], [ 0.683398563583445, 47.765877142198384 ], [ 0.683229654475134, 47.76595303737615 ], [ 0.68306796232749, 47.765985854799972 ], [ 0.682865322424557, 47.766315001406888 ], [ 0.682622687287475, 47.766642455652388 ], [ 0.682395038646535, 47.766932388257381 ], [ 0.682138461481427, 47.76721184310518 ], [ 0.681993382785028, 47.76747639674889 ], [ 0.681812079319058, 47.767775349512846 ], [ 0.681650753066847, 47.768106212334132 ], [ 0.681484865322293, 47.768327133001819 ], [ 0.681176741192054, 47.768563245190116 ], [ 0.680805305635453, 47.768780994586209 ], [ 0.680360943808424, 47.769017107468535 ], [ 0.679856016498826, 47.769233109765409 ], [ 0.679352575840165, 47.769414923328924 ], [ 0.678879471016012, 47.769574825545263 ], [ 0.678515593373461, 47.76964955041668 ], [ 0.678121728452952, 47.769676857541761 ], [ 0.67779949299578, 47.769684874187597 ], [ 0.677474628204788, 47.769661322972553 ], [ 0.677063455855392, 47.769595539619857 ], [ 0.675927600385787, 47.769302873386614 ], [ 0.675580018248776, 47.769187923084736 ], [ 0.675115364784442, 47.76897070016426 ], [ 0.674911785241356, 47.768922537059851 ], [ 0.674888000973492, 47.768916662225379 ], [ 0.6746500799651, 47.768859712902326 ], [ 0.674128475159619, 47.768753908011583 ], [ 0.673474765373131, 47.768614861521179 ], [ 0.67276544536636, 47.768464801354156 ], [ 0.67244118711714, 47.768366512677666 ], [ 0.672030792990605, 47.768161160712054 ], [ 0.671598271684693, 47.767912146743754 ], [ 0.671087823568043, 47.767551729053849 ], [ 0.670707173971419, 47.767185787311838 ], [ 0.670358904976385, 47.766842999108796 ], [ 0.670048614611562, 47.766609016788635 ], [ 0.669635456317685, 47.766406302053099 ], [ 0.669225374290237, 47.7661334136221 ], [ 0.668875939583625, 47.765817610126987 ], [ 0.668410977209425, 47.765242882713899 ], [ 0.668005021738829, 47.764815197894649 ], [ 0.667384830434357, 47.76440035156778 ], [ 0.666757852262242, 47.764018682326011 ], [ 0.666220866866492, 47.763655911528666 ], [ 0.665668042196465, 47.763258605877716 ], [ 0.66501867545611, 47.76290079181792 ], [ 0.663954973452142, 47.762277183911813 ], [ 0.66392609316472, 47.762265802473479 ], [ 0.663737234765237, 47.762187298103804 ], [ 0.663449082310109, 47.761997859508021 ], [ 0.662904660846396, 47.761714161890417 ], [ 0.662322834458759, 47.761339671425887 ], [ 0.661773502893405, 47.760985636360608 ], [ 0.660452598143469, 47.760382069328564 ], [ 0.6597044688731, 47.760085280525189 ], [ 0.659043179455646, 47.7598181366929 ], [ 0.658552268095981, 47.759594015844051 ], [ 0.657701137499765, 47.759028624652814 ], [ 0.657418455200718, 47.758897807883145 ], [ 0.657021549045122, 47.758752998732589 ], [ 0.656697406226659, 47.758684380874165 ], [ 0.655946355049622, 47.758818817415332 ], [ 0.655584420161931, 47.758759344543925 ], [ 0.655353513510244, 47.758696191793845 ], [ 0.654757427027552, 47.758374501562507 ], [ 0.654055310007167, 47.758246978670584 ], [ 0.653913320983677, 47.758196410046537 ], [ 0.653663703476894, 47.758042835138916 ], [ 0.653456261950167, 47.757992754943771 ], [ 0.653194758255061, 47.757836239406025 ], [ 0.653008820275115, 47.757540769937648 ], [ 0.65275280327873, 47.757078214339472 ], [ 0.652397603834395, 47.756593859349906 ], [ 0.65208546934212, 47.756162592240607 ], [ 0.651740170405787, 47.755756771554921 ], [ 0.651378757278666, 47.755413657117238 ], [ 0.651234959277479, 47.755313524491932 ], [ 0.651114540369157, 47.755228267827327 ], [ 0.650835896702285, 47.755097515200184 ], [ 0.650440331155998, 47.754953609853906 ], [ 0.650288777480029, 47.754908247160671 ], [ 0.649881588941296, 47.754785717114352 ], [ 0.649332347706976, 47.754614410650419 ], [ 0.648948319691754, 47.754481537047631 ], [ 0.648613347702942, 47.754265906540525 ], [ 0.648226605660197, 47.754013217255313 ], [ 0.647668608847119, 47.753738175958489 ], [ 0.647073365807238, 47.753490296869508 ], [ 0.64654925185539, 47.753264554882286 ], [ 0.645978771974432, 47.753091004112321 ], [ 0.645443539848916, 47.752965882951351 ], [ 0.644598079025098, 47.752881340233365 ], [ 0.644163502898909, 47.752865391232824 ], [ 0.643609083215611, 47.752872240555071 ], [ 0.642699692451294, 47.752814310818529 ], [ 0.642058526589066, 47.75263931701965 ], [ 0.640432346678435, 47.752004150306483 ], [ 0.639727963563549, 47.751809860047736 ], [ 0.638838234234724, 47.751670355742171 ], [ 0.638086583406786, 47.751578653157416 ], [ 0.636063391050652, 47.751527005474706 ], [ 0.635354016454551, 47.751565803351987 ], [ 0.634760273761623, 47.751646553233996 ], [ 0.634253264472571, 47.751698437945372 ], [ 0.633275472620028, 47.751738101108366 ], [ 0.632142815397403, 47.751777324786381 ], [ 0.631017452776322, 47.751862608033719 ], [ 0.629922300240025, 47.751989012417397 ], [ 0.628971512188863, 47.752051697796347 ], [ 0.627992084122783, 47.752067872219854 ], [ 0.627451069116552, 47.752013685993219 ], [ 0.627003063709787, 47.751939772075211 ], [ 0.626627114695647, 47.751806987339144 ], [ 0.626229412306462, 47.751653049848649 ], [ 0.625861100088823, 47.751498806620475 ], [ 0.62553409358027, 47.751316585692841 ], [ 0.625258311888757, 47.75115341207205 ], [ 0.62503590045404, 47.75102103553111 ], [ 0.624546337348454, 47.750771581231625 ], [ 0.62421645295958, 47.750534370440569 ], [ 0.624005084015249, 47.750274351829404 ], [ 0.624070375863629, 47.750037958008377 ], [ 0.624092343437573, 47.7499645668982 ], [ 0.623930391251382, 47.749764080462107 ], [ 0.623834271616513, 47.749644170001169 ], [ 0.623717488155593, 47.749359057226499 ], [ 0.623572609683197, 47.748925699682658 ], [ 0.623529719990882, 47.748779856045637 ], [ 0.623486084878904, 47.748710535693874 ], [ 0.623143794154751, 47.748422644004251 ], [ 0.622887168003003, 47.748309377986089 ], [ 0.622653846549071, 47.748272222778397 ], [ 0.622447533032572, 47.748258127048707 ], [ 0.622223726112979, 47.748276992332173 ], [ 0.621615397934593, 47.748475338415929 ], [ 0.621486217118626, 47.74849792602285 ], [ 0.621322507794337, 47.748486495005302 ], [ 0.621143869589593, 47.748420733138659 ], [ 0.620991252190065, 47.748310477214616 ], [ 0.620878872067455, 47.748106491354022 ], [ 0.620753333401768, 47.747808590670651 ], [ 0.620520815905207, 47.747395057720588 ], [ 0.620259519787045, 47.746968332639106 ], [ 0.619960718866837, 47.746544445940508 ], [ 0.619722200472967, 47.746175811593467 ], [ 0.619337220837334, 47.745499843651977 ], [ 0.619283046105471, 47.745248415046277 ], [ 0.619278941071035, 47.744952081648336 ], [ 0.619180296209039, 47.744650223215231 ], [ 0.61907813380534, 47.744337487593349 ], [ 0.618775594947159, 47.743699212090206 ], [ 0.618659777035763, 47.743393401661706 ], [ 0.618578403103426, 47.743123409745621 ], [ 0.618549207916188, 47.742850877677675 ], [ 0.618524939783817, 47.74255773530318 ], [ 0.618568204579372, 47.742247057510511 ], [ 0.618610617956193, 47.741925556844748 ], [ 0.61866479903613, 47.741639413415434 ], [ 0.618750713482317, 47.741389933939509 ], [ 0.618896248594023, 47.741180387154316 ], [ 0.61901520713989, 47.741057643873155 ], [ 0.619114487380584, 47.74095701156795 ], [ 0.619369913871809, 47.740767709023942 ], [ 0.619635773468496, 47.7406137360055 ], [ 0.619843270037183, 47.740451371724127 ], [ 0.620037542168098, 47.740256321660965 ], [ 0.62030397844792, 47.7398205156084 ], [ 0.620381927310521, 47.739599687574668 ], [ 0.620425521411539, 47.739370957240034 ], [ 0.62041044033642, 47.739170748877484 ], [ 0.620344365124118, 47.739006422321303 ], [ 0.620318079890847, 47.738937452977581 ], [ 0.620195454860606, 47.738724252033819 ], [ 0.620030441893426, 47.73853360076653 ], [ 0.619851979559922, 47.738375092185258 ], [ 0.619687906965995, 47.738223179210323 ], [ 0.619488618247956, 47.737993110110381 ], [ 0.619320834837607, 47.737864532994472 ], [ 0.619064041711722, 47.737636895002481 ], [ 0.618796454972442, 47.737382022948722 ], [ 0.618249349874476, 47.736989994151124 ], [ 0.61798675939043, 47.736832471401897 ], [ 0.617742760552796, 47.736677127432571 ], [ 0.6175099043304, 47.736451773861468 ], [ 0.617353880958278, 47.736269405420842 ], [ 0.617220318185895, 47.736032565988467 ], [ 0.616897935330978, 47.735690128937534 ], [ 0.616477999217313, 47.735320490857923 ], [ 0.615992643487634, 47.734951319171913 ], [ 0.614826726210498, 47.734190980945989 ], [ 0.614028325968867, 47.733748784583753 ], [ 0.612244389093303, 47.732871361270469 ], [ 0.611294617800007, 47.732442264354539 ], [ 0.610567320301757, 47.732171682274426 ], [ 0.610679245655774, 47.732027192088317 ], [ 0.611755552352051, 47.730773234663104 ], [ 0.611755597351309, 47.73077318170116 ], [ 0.61148367660476, 47.73065852702706 ], [ 0.610989605910726, 47.730329156461686 ], [ 0.610626906819866, 47.730329376197247 ], [ 0.610324540669307, 47.730305581606729 ], [ 0.609866182963559, 47.730200762529478 ], [ 0.609251931043506, 47.730092170067842 ], [ 0.608707591939178, 47.730043784796337 ], [ 0.608303233353445, 47.72993973532936 ], [ 0.607824125954355, 47.730023566704055 ], [ 0.606702235851589, 47.730188670874149 ], [ 0.60633118280013, 47.730267389240275 ], [ 0.606187924520221, 47.730283152036449 ], [ 0.605207777902962, 47.730309319213305 ], [ 0.603626608634964, 47.730267218459183 ], [ 0.602954638104999, 47.730267021872216 ], [ 0.60239965820029, 47.730312336894059 ], [ 0.601260393264523, 47.730307943211059 ], [ 0.600990518149765, 47.730269797720375 ], [ 0.600450347373536, 47.730108989859659 ], [ 0.600152407594621, 47.73009342960794 ], [ 0.599548762481666, 47.730093805315775 ], [ 0.598440693363058, 47.73013811101589 ], [ 0.598176107249597, 47.730130926651498 ], [ 0.597918837465435, 47.73008862587124 ], [ 0.597679019589266, 47.730012874680746 ], [ 0.597466103614465, 47.729906657782941 ], [ 0.597215147721169, 47.729699653886605 ], [ 0.596868060650708, 47.729305837933886 ], [ 0.596753938175627, 47.72913932263161 ], [ 0.596746912838062, 47.729123315624129 ], [ 0.596572027466898, 47.729161014336071 ], [ 0.596224295996206, 47.729279628689085 ], [ 0.595620427686613, 47.729401049566079 ], [ 0.595374740698465, 47.729431954412298 ], [ 0.5947663992073, 47.729466627513723 ], [ 0.593739387754881, 47.729424748906183 ], [ 0.593353182730135, 47.729394774496406 ], [ 0.593027343797087, 47.729347188403878 ], [ 0.592673042401313, 47.729274713810128 ], [ 0.592253133482273, 47.729134948169907 ], [ 0.592016252287695, 47.729046519132481 ], [ 0.591879053170698, 47.728995301206346 ], [ 0.59168692403826, 47.728908078918387 ], [ 0.590841750974473, 47.728440604053098 ], [ 0.590435357242807, 47.728139409085266 ], [ 0.589967888723459, 47.728092609022582 ], [ 0.589823808443408, 47.728064191806908 ], [ 0.589438710205944, 47.727943965256955 ], [ 0.588946574142934, 47.727724627033716 ], [ 0.58856575609281, 47.727492776387834 ], [ 0.588355910029225, 47.727295052360631 ], [ 0.588144887986232, 47.726988881030699 ], [ 0.588094991257527, 47.726816740455654 ], [ 0.588071986680499, 47.726509332814601 ], [ 0.587820350039002, 47.726521944518431 ], [ 0.587550216118583, 47.726503229413737 ], [ 0.587291296501505, 47.726447991126498 ], [ 0.587113649553457, 47.726386274654814 ], [ 0.586800034100954, 47.726773371813756 ], [ 0.58644512013034, 47.727036153733444 ], [ 0.586410947527777, 47.727079418998073 ], [ 0.586381043919903, 47.727228860085326 ], [ 0.586503693355249, 47.727459164730142 ], [ 0.58653533876323, 47.727633453551384 ], [ 0.586487789602402, 47.727894351662918 ], [ 0.586487139260973, 47.727895685358341 ], [ 0.58644708592398, 47.727977852314595 ], [ 0.586330544738544, 47.728134854763489 ], [ 0.58617104086771, 47.728273602351145 ], [ 0.585864897582407, 47.728436184333944 ], [ 0.585502187196204, 47.728532153416033 ], [ 0.585244111519167, 47.728554824778882 ], [ 0.584984423776081, 47.728543255932316 ], [ 0.583746143571685, 47.728315382974316 ], [ 0.583506186097078, 47.728242975992615 ], [ 0.583323203923149, 47.728156850611875 ], [ 0.582884498244876, 47.72814053008323 ], [ 0.582547580804589, 47.728082992819473 ], [ 0.58198173762195, 47.727927096389401 ], [ 0.581775373763822, 47.7278394974335 ], [ 0.581391393144711, 47.727628619627502 ], [ 0.581001617986862, 47.727449828949631 ], [ 0.580891608954327, 47.727453604655487 ], [ 0.580660496765964, 47.727516907241288 ], [ 0.580405484527334, 47.727550460381927 ], [ 0.579657562658904, 47.727576838053615 ], [ 0.579339147486298, 47.727556494705418 ], [ 0.579005306345037, 47.727571016562905 ], [ 0.578526290876931, 47.727686418354303 ], [ 0.577300525150013, 47.727885336947843 ], [ 0.576328611662107, 47.727892451875533 ], [ 0.576242770227801, 47.728047579333364 ], [ 0.576104869543616, 47.728198862822239 ], [ 0.575822620260215, 47.728384388345674 ], [ 0.575472349727573, 47.728506184183217 ], [ 0.57476090426505, 47.728665233988103 ], [ 0.574516104691606, 47.728688844064827 ], [ 0.57426905095701, 47.728681561878446 ], [ 0.574028235076074, 47.728643639129686 ], [ 0.573724291079405, 47.728547230803002 ], [ 0.573497013644955, 47.728900406652436 ], [ 0.57341455727223, 47.728986351885389 ], [ 0.573144605607488, 47.729192339269503 ], [ 0.572889814661531, 47.729337242261622 ], [ 0.572275514961921, 47.72960591600976 ], [ 0.572016404185278, 47.729693885646107 ], [ 0.571497679482098, 47.729788132977433 ], [ 0.571163507897968, 47.729872416715772 ], [ 0.570839669854479, 47.730035586291038 ], [ 0.570546469912413, 47.730225886001705 ], [ 0.570195206971746, 47.730359292625472 ], [ 0.570058513807931, 47.730398676403766 ], [ 0.569627439755906, 47.730474912788033 ], [ 0.568975318629304, 47.730673475866972 ], [ 0.56859867844208, 47.730718652751499 ], [ 0.568291264847891, 47.730963212618974 ], [ 0.567758270623466, 47.731307428461065 ], [ 0.566560832056684, 47.731936246765152 ], [ 0.565026243530146, 47.732574175790077 ], [ 0.563738630897235, 47.733080667252025 ], [ 0.562935772761383, 47.733299166116367 ], [ 0.562429186333046, 47.733368580067065 ], [ 0.562027223247565, 47.7333706789749 ], [ 0.562021657310136, 47.733387937790624 ], [ 0.561942960720744, 47.733549798437089 ], [ 0.561812518286379, 47.733705766803439 ], [ 0.561638887488163, 47.733841225249719 ], [ 0.561428939600749, 47.733950812152258 ], [ 0.561312895843932, 47.733994501891011 ], [ 0.561064417962488, 47.734057513651798 ], [ 0.560264839986911, 47.734200952018838 ], [ 0.560044232170531, 47.734227392489274 ], [ 0.55993223998697, 47.734231152472454 ], [ 0.558842540285165, 47.734205170781102 ], [ 0.558458946303851, 47.734139930840264 ], [ 0.558226390436086, 47.734055244902287 ], [ 0.558023142349794, 47.733941296632587 ], [ 0.55785717544849, 47.733802555998267 ], [ 0.55772596039916, 47.733626767017789 ], [ 0.557699838019225, 47.733575616442423 ], [ 0.557009826891945, 47.733540697988893 ], [ 0.556861220741923, 47.733525794347834 ], [ 0.556376677049173, 47.733434012112625 ], [ 0.555643292655539, 47.733373750498025 ], [ 0.555342331671985, 47.7334148220122 ], [ 0.555201415064768, 47.733419620102211 ], [ 0.554702872310098, 47.733398229940967 ], [ 0.554507872390079, 47.733421907474792 ], [ 0.553995899942846, 47.733436797771304 ], [ 0.553559490984258, 47.7334138155476 ], [ 0.553246405126586, 47.733380144629855 ], [ 0.55319301362471, 47.733413793149211 ], [ 0.553063399300938, 47.733483930042865 ], [ 0.552837929706825, 47.733568825495098 ], [ 0.552592441087687, 47.733622829400709 ], [ 0.552336129982176, 47.733643919717252 ], [ 0.552206910867929, 47.733641825276088 ], [ 0.552078598307848, 47.733631304912272 ], [ 0.551458264340467, 47.733559722647648 ], [ 0.551202470357184, 47.733512145812533 ], [ 0.550965692369753, 47.733431359415071 ], [ 0.550757295437654, 47.733320558207957 ], [ 0.55058552324998, 47.733184125576372 ], [ 0.550410936175966, 47.732943447546148 ], [ 0.550356636938643, 47.73276823065634 ], [ 0.550348930081194, 47.732661097897051 ], [ 0.550267449776207, 47.732428673092784 ], [ 0.549989468412815, 47.732495162625369 ], [ 0.549723149233675, 47.73253314051162 ], [ 0.549246923417279, 47.732534119269339 ], [ 0.547353120320218, 47.73240425424536 ], [ 0.545890490228654, 47.732395591803211 ], [ 0.545196795012711, 47.732314545224213 ], [ 0.544605326541178, 47.732213842585175 ], [ 0.544056569202846, 47.732150802163559 ], [ 0.543472936964173, 47.732144599675003 ], [ 0.543153855550913, 47.732163392020013 ], [ 0.542688853898151, 47.73216166032558 ], [ 0.542065026142386, 47.732100607905394 ], [ 0.54177615447296, 47.732044897905297 ], [ 0.53987581863957, 47.731500462915278 ], [ 0.539640121231471, 47.731409628019641 ], [ 0.539055865794476, 47.731125521357498 ], [ 0.539043589537559, 47.731138997428921 ], [ 0.538862148693779, 47.731288813671085 ], [ 0.53865836083709, 47.731399176401155 ], [ 0.538426592571096, 47.731480620689169 ], [ 0.538175736570794, 47.731530019669997 ], [ 0.537915420180741, 47.731545479460046 ], [ 0.537413711694143, 47.731507999908587 ], [ 0.537147873878322, 47.731448839654057 ], [ 0.53690618695498, 47.731353557016476 ], [ 0.536556137812816, 47.731145048234119 ], [ 0.536379142647429, 47.731012248666538 ], [ 0.536132861507837, 47.73073972826446 ], [ 0.536025972920741, 47.730586255903148 ], [ 0.535963647606155, 47.730421982216413 ], [ 0.535958101713627, 47.730168125659084 ], [ 0.53601322366967, 47.730002682866029 ], [ 0.536141651268012, 47.729793756473242 ], [ 0.53579248040075, 47.729722663287212 ], [ 0.535530123630679, 47.729647402247124 ], [ 0.535297459880546, 47.729536248439551 ], [ 0.534632417015245, 47.729140162896861 ], [ 0.534478790294023, 47.729073120235569 ], [ 0.534271527920293, 47.72900972321488 ], [ 0.533839488149539, 47.728915070258104 ], [ 0.533445822278525, 47.728865160670715 ], [ 0.532663631949176, 47.728894618159849 ], [ 0.532314912645597, 47.728932270231887 ], [ 0.530947954628523, 47.729155131376977 ], [ 0.530708466967681, 47.729168629103235 ], [ 0.53039328481681, 47.72916146782336 ], [ 0.530101468024008, 47.729114929549077 ], [ 0.529798279712458, 47.729035568738944 ], [ 0.528783836202947, 47.728695680463893 ], [ 0.528587621374354, 47.728597208013092 ], [ 0.528326021538451, 47.728412436251276 ], [ 0.52801471654088, 47.728121301539311 ], [ 0.527737157350487, 47.727786584474096 ], [ 0.52756770081705, 47.727430770714598 ], [ 0.52726651719513, 47.727352207175869 ], [ 0.52711900487471, 47.727348666076878 ], [ 0.526876022647587, 47.72731846009345 ], [ 0.526465253072653, 47.727209557092323 ], [ 0.525950049823681, 47.726980760005169 ], [ 0.525358511141707, 47.726754326987333 ], [ 0.525089197211587, 47.726589886738871 ], [ 0.524803360068924, 47.72628049877045 ], [ 0.524663631960491, 47.726038862696683 ], [ 0.524525113054456, 47.725503502184182 ], [ 0.524522751599205, 47.725310609545836 ], [ 0.524560052662531, 47.725118752450662 ], [ 0.524234943234639, 47.725161705472225 ], [ 0.524109478126487, 47.725218216624697 ], [ 0.523919225003696, 47.725359960991142 ], [ 0.523502523867268, 47.725618911271027 ], [ 0.523161271105661, 47.725908185201078 ], [ 0.522404677339525, 47.726452709009472 ], [ 0.522202011497419, 47.726556434392727 ], [ 0.521852770102716, 47.726658912455164 ], [ 0.521474842646109, 47.726690627498044 ], [ 0.52122214647994, 47.726670935086958 ], [ 0.520979585953807, 47.726619236134759 ], [ 0.520755979960577, 47.726537409619084 ], [ 0.520248237322273, 47.726261151584914 ], [ 0.520149340035648, 47.7262004579826 ], [ 0.51998094462625, 47.726060620241242 ], [ 0.519857205887292, 47.725900954406782 ], [ 0.519783080008343, 47.725727857488621 ], [ 0.519765630680952, 47.725638426290523 ], [ 0.519770837810512, 47.725458282657591 ], [ 0.519829118533722, 47.725282448356047 ], [ 0.519938135675325, 47.725117969715114 ], [ 0.520010380915721, 47.725042073517521 ], [ 0.520360052016387, 47.724766935578742 ], [ 0.520756791299215, 47.72442284146225 ], [ 0.520811637476077, 47.72435759997969 ], [ 0.520608945151246, 47.724124816719602 ], [ 0.520272303518101, 47.723561609580955 ], [ 0.520223487920399, 47.723402356788149 ], [ 0.520121965929037, 47.722801345261423 ], [ 0.51999407048975, 47.722484469700959 ], [ 0.519372161414817, 47.721907610826428 ], [ 0.519227215142391, 47.721677779817796 ], [ 0.519047961594485, 47.721228764466389 ], [ 0.519006527376844, 47.72106833914728 ], [ 0.5190086085476, 47.720905501255551 ], [ 0.519074969230763, 47.720455625278873 ], [ 0.519074647402033, 47.720009151736001 ], [ 0.5190078217851, 47.719757850177956 ], [ 0.51880477149179, 47.719419100032802 ], [ 0.518082866171394, 47.718807488632542 ], [ 0.517625034362082, 47.718308813201425 ], [ 0.517246034047278, 47.717843473363708 ], [ 0.517170465806177, 47.717698106468291 ], [ 0.51702574823532, 47.717318356010438 ], [ 0.516748803813642, 47.717191690293717 ], [ 0.516575582125286, 47.717080838143886 ], [ 0.516434419903154, 47.716950921939187 ], [ 0.516041744572358, 47.716504444436524 ], [ 0.515928498689667, 47.716266995685302 ], [ 0.515816304449444, 47.715544813001166 ], [ 0.515724648643462, 47.715252970740991 ], [ 0.515171056285747, 47.714960427105851 ], [ 0.515007673925457, 47.714839959474112 ], [ 0.514459329474997, 47.714256026724868 ], [ 0.514024443168685, 47.713693319539075 ], [ 0.51381707438293, 47.713504165366437 ], [ 0.512950367143958, 47.713098642828093 ], [ 0.512565741885694, 47.712886879173226 ], [ 0.511639102068931, 47.712644125653469 ], [ 0.510752648063798, 47.712384038572651 ], [ 0.510015346343429, 47.712143777664245 ], [ 0.509801875667063, 47.712036095535815 ], [ 0.509551428835517, 47.711826528926728 ], [ 0.50944069082506, 47.711662923624019 ], [ 0.5092818997501, 47.711324699772099 ], [ 0.509134988023199, 47.710830291797052 ], [ 0.50910988417771, 47.71068695316616 ], [ 0.509074912440604, 47.709881790408566 ], [ 0.509210478771418, 47.709405751300942 ], [ 0.509296934404951, 47.709223483798262 ], [ 0.509590976492026, 47.708774682681742 ], [ 0.509735214564991, 47.708606428950013 ], [ 0.509929610504997, 47.708463002114449 ], [ 0.510261627710178, 47.708265794211925 ], [ 0.510488181606932, 47.708157248030496 ], [ 0.511736814151554, 47.707787025020842 ], [ 0.513219324038762, 47.707264099936154 ], [ 0.513551195694743, 47.706705138096382 ], [ 0.513686202327934, 47.706559261944783 ], [ 0.513859853222017, 47.706433383579899 ], [ 0.514375965443897, 47.706180590999672 ], [ 0.514630829682083, 47.706103776652078 ], [ 0.51490380004086, 47.706064455698709 ], [ 0.515466068247461, 47.70605930101739 ], [ 0.515698508697692, 47.705841262573173 ], [ 0.51616094087963, 47.705498371275375 ], [ 0.516784499040612, 47.705207424689185 ], [ 0.517063985668927, 47.705132712011952 ], [ 0.517477074178374, 47.705057303125606 ], [ 0.518180262071625, 47.704974226970968 ], [ 0.518421718308056, 47.704962309775041 ], [ 0.518804959672007, 47.704986832812139 ], [ 0.518905114297058, 47.704976759454553 ], [ 0.519161688806803, 47.70483700803662 ], [ 0.519573133354996, 47.704669467171904 ], [ 0.519934983986694, 47.704589425726745 ], [ 0.520445071518981, 47.704558438010892 ], [ 0.520762481037723, 47.704380046251835 ], [ 0.521021252221352, 47.704286158103741 ], [ 0.521733333249198, 47.704146184095791 ], [ 0.521988655543043, 47.704112164107066 ], [ 0.522235920039064, 47.704024289844774 ], [ 0.523026330680452, 47.703865930492995 ], [ 0.524246404497382, 47.703560029459766 ], [ 0.524971972597224, 47.703417952365662 ], [ 0.525240920769816, 47.703297205686034 ], [ 0.526252349558395, 47.702925723897458 ], [ 0.526658211800559, 47.702756628636443 ], [ 0.527065385865199, 47.702665679785618 ], [ 0.527261955138187, 47.702539260096643 ], [ 0.527496351675987, 47.702441198178619 ], [ 0.527755617505565, 47.702377780058001 ], [ 0.528185971642207, 47.70230544018748 ], [ 0.528877532465875, 47.702089090390963 ], [ 0.529391701723073, 47.701863436290203 ], [ 0.529621697127623, 47.701782779515419 ], [ 0.529870462934098, 47.701733681792035 ], [ 0.531454197031997, 47.701523541879496 ], [ 0.531496365829002, 47.701511160388186 ], [ 0.531616531312321, 47.701425124884366 ], [ 0.532036690250141, 47.701076727663001 ], [ 0.532240651179453, 47.700961323205156 ], [ 0.532787458433796, 47.700762459880991 ], [ 0.533295001228589, 47.700662444767865 ], [ 0.533691393614341, 47.700362888270227 ], [ 0.53387715956559, 47.70024710898889 ], [ 0.53409196301975, 47.700157083948582 ], [ 0.534413042827085, 47.70005550640753 ], [ 0.534695203804828, 47.700008442750921 ], [ 0.535547751828486, 47.699989371776034 ], [ 0.536439666444422, 47.699868390583319 ], [ 0.537079510331911, 47.699817025635546 ], [ 0.537343218725066, 47.699829513711023 ], [ 0.537884259126662, 47.69992546016887 ], [ 0.538107220225432, 47.699981773439518 ], [ 0.538262012958253, 47.700041866894324 ], [ 0.538661875753921, 47.699938676607772 ], [ 0.538922416665257, 47.699915757677616 ], [ 0.539184557521822, 47.699927773645342 ], [ 0.539558579001928, 47.700009915284767 ], [ 0.539880827106336, 47.700162149612495 ], [ 0.540123258042731, 47.700371230476534 ], [ 0.540229772265822, 47.700533372930494 ], [ 0.540282544116692, 47.700688554022094 ], [ 0.540288091435783, 47.700715588606407 ], [ 0.541134727060464, 47.700429623740611 ], [ 0.542065256274403, 47.700236144020593 ], [ 0.542964471849833, 47.700111549500754 ], [ 0.544018889958331, 47.700040449865575 ], [ 0.544798941932468, 47.699951851226594 ], [ 0.545151579720735, 47.69987176203184 ], [ 0.545679943678534, 47.6997903012739 ], [ 0.546325973269994, 47.699654827726867 ], [ 0.546554535759701, 47.699582535144209 ], [ 0.547569613371595, 47.699160243031628 ], [ 0.549083501757702, 47.698693440223742 ], [ 0.550213324534681, 47.698278178333275 ], [ 0.551388586783499, 47.697990301421299 ], [ 0.551785237133474, 47.697735003953568 ], [ 0.551961599591984, 47.697639387288469 ], [ 0.553317327049806, 47.697127599238932 ], [ 0.554295610142705, 47.696854603939514 ], [ 0.554538194821289, 47.696806230299202 ], [ 0.555251117842007, 47.696755222011952 ], [ 0.5554990764761, 47.696754539466262 ], [ 0.55586067514127, 47.696811372320717 ], [ 0.55622863474943, 47.696946966047783 ], [ 0.556504248745589, 47.696822686553382 ], [ 0.556763211545565, 47.696757831051094 ], [ 0.556898755900706, 47.696739322296359 ], [ 0.557716698824949, 47.696710206207712 ], [ 0.557850253847476, 47.696710763432193 ], [ 0.558113771719029, 47.696738835432541 ], [ 0.559364520543982, 47.6970498191939 ], [ 0.561061955857478, 47.697535443535521 ], [ 0.561235093722235, 47.697595385547103 ], [ 0.563300749024859, 47.698447205394885 ], [ 0.563732225683051, 47.698571897540091 ], [ 0.564143242573374, 47.698747211936812 ], [ 0.56578150885399, 47.698894189506014 ], [ 0.565849735866057, 47.698718181311349 ], [ 0.565904269256686, 47.698633330779522 ], [ 0.566060620855948, 47.698420698467181 ], [ 0.566198343845727, 47.698271872838582 ], [ 0.566478163534413, 47.698089318212475 ], [ 0.566824142977074, 47.69796908262002 ], [ 0.567077155471731, 47.69792885331622 ], [ 0.567586416436128, 47.697882618046918 ], [ 0.568465703845973, 47.697834258704795 ], [ 0.569201465862855, 47.697711406139796 ], [ 0.569980793154334, 47.697612879005717 ], [ 0.570634693845085, 47.697617395120879 ], [ 0.571175869775768, 47.697549104128818 ], [ 0.57141057794479, 47.697347818906351 ], [ 0.572763002625342, 47.696116509601993 ], [ 0.573363229105171, 47.695698283640809 ], [ 0.573965321640737, 47.695321159627362 ], [ 0.574281962844851, 47.694993214876895 ], [ 0.574633942692373, 47.694552764998605 ], [ 0.575265753396316, 47.693688889069819 ], [ 0.575394195668182, 47.693567722802037 ], [ 0.576430221747649, 47.69274404783728 ], [ 0.577719796994047, 47.691936779030819 ], [ 0.578686508860313, 47.691396362076958 ], [ 0.579101557174593, 47.691215509875569 ], [ 0.579350513105805, 47.691130489031089 ], [ 0.579620226521796, 47.69108231435132 ], [ 0.580178775841363, 47.691029556620094 ], [ 0.580204359526088, 47.691001754745855 ], [ 0.580464101004357, 47.690807883182167 ], [ 0.580685627008213, 47.690708103678844 ], [ 0.581053961816887, 47.690606986771776 ], [ 0.581638137638512, 47.690492599317778 ], [ 0.581966578293347, 47.690377698033551 ], [ 0.582220084614769, 47.690333529851173 ], [ 0.582481486339554, 47.690323665763593 ], [ 0.582866351981398, 47.6903736585652 ], [ 0.583103673439481, 47.690448304645841 ], [ 0.583391045509133, 47.690603768634034 ], [ 0.583428184686945, 47.690631539440261 ], [ 0.583643212669243, 47.690543065427697 ], [ 0.584143402861052, 47.690380787481551 ], [ 0.584932868828567, 47.689941233831142 ], [ 0.585621839382783, 47.689705032153803 ], [ 0.585786903361686, 47.689627304528685 ], [ 0.586123076447409, 47.689395996909901 ], [ 0.586449975211797, 47.68925604384355 ], [ 0.58874795726751, 47.68878444659844 ], [ 0.590448263679871, 47.688227612735282 ], [ 0.590667121876331, 47.688126497316588 ], [ 0.590911637822701, 47.688051974109563 ], [ 0.591040976789562, 47.688027539875449 ], [ 0.591307264913469, 47.688005565226092 ], [ 0.591847412777459, 47.688030213860898 ], [ 0.591921638905234, 47.688023203442896 ], [ 0.591924049693529, 47.687867029270954 ], [ 0.591976315745564, 47.687693629019137 ], [ 0.592077815136178, 47.687530484574552 ], [ 0.592224623223248, 47.6873839012856 ], [ 0.592411066696225, 47.68725954601949 ], [ 0.593347466701446, 47.686754339270564 ], [ 0.595981524194348, 47.685866429065477 ], [ 0.596838840914532, 47.685539345862225 ], [ 0.59777257416235, 47.685007224210125 ], [ 0.598414147889927, 47.68472144840819 ], [ 0.598668864373146, 47.68463604289532 ], [ 0.599183241267381, 47.684543121693814 ], [ 0.599364405135722, 47.684437454038374 ], [ 0.600107617130415, 47.683898647892129 ], [ 0.601040129027279, 47.683322376071672 ], [ 0.601998657429332, 47.682951245945944 ], [ 0.60283832775113, 47.682758609305779 ], [ 0.603337895522923, 47.682653555717096 ], [ 0.604637184697633, 47.682574536435141 ], [ 0.60529611844954, 47.682533130672311 ], [ 0.605085161706039, 47.682368588043104 ], [ 0.604928622812599, 47.682217097800439 ], [ 0.604821179986828, 47.682047216735725 ], [ 0.604675690642777, 47.68171170383107 ], [ 0.604615827391828, 47.681207916294831 ], [ 0.604633864665551, 47.680845289524171 ], [ 0.604669142148781, 47.680724744978171 ], [ 0.604506418271631, 47.680657376316631 ], [ 0.604589055447168, 47.680658169321532 ], [ 0.604680939026432, 47.680631236491315 ], [ 0.604728174346272, 47.680588980809503 ], [ 0.604778645187584, 47.680445035799515 ], [ 0.604881113555002, 47.680271539492303 ], [ 0.604885073116081, 47.680213088632186 ], [ 0.604798483954444, 47.680151881859807 ], [ 0.604612383035835, 47.680109347106203 ], [ 0.604562004177367, 47.680073195487047 ], [ 0.604502221112152, 47.680008935850822 ], [ 0.604499240962124, 47.679897213709083 ], [ 0.604547622793066, 47.679592037760337 ], [ 0.604715655171757, 47.679324432941257 ], [ 0.604829376613062, 47.679286241124039 ], [ 0.604959449364965, 47.679210563549603 ], [ 0.605117820602572, 47.6791282617015 ], [ 0.605212813201528, 47.67903205425695 ], [ 0.605310468323868, 47.678965617543568 ], [ 0.605561700050716, 47.678567343614844 ], [ 0.605432315468703, 47.678518444809349 ], [ 0.605142305706608, 47.67862405968684 ], [ 0.604902264143258, 47.678669429287666 ], [ 0.604738824864686, 47.678681594747182 ], [ 0.604624870232109, 47.678797885945393 ], [ 0.604442035798288, 47.678925551481065 ], [ 0.604107445480458, 47.679065654125282 ], [ 0.603726843841565, 47.679133628598443 ], [ 0.603463868086118, 47.679135667060585 ], [ 0.603202686081519, 47.679106912423613 ], [ 0.603182408874528, 47.679361586566159 ], [ 0.602903016477645, 47.68002944317756 ], [ 0.602777135163847, 47.680229775087952 ], [ 0.602486236514154, 47.680570894840585 ], [ 0.602055462020468, 47.680997555787023 ], [ 0.600912993730648, 47.68182332673701 ], [ 0.600750686314362, 47.682040692741388 ], [ 0.600603990260568, 47.682195481350227 ], [ 0.600181296342279, 47.682494327040502 ], [ 0.599979976634276, 47.682608417709424 ], [ 0.599749417615664, 47.682693613278744 ], [ 0.599278722186759, 47.682828724990763 ], [ 0.599147544773616, 47.68286101322316 ], [ 0.598873830072341, 47.682897007493409 ], [ 0.598595015545779, 47.682893754629347 ], [ 0.598011084993432, 47.682841580036047 ], [ 0.597668453336786, 47.682756879592986 ], [ 0.597366491650449, 47.682627854293884 ], [ 0.59633094161514, 47.68280431003285 ], [ 0.595710296896364, 47.682830702470326 ], [ 0.595932990450066, 47.68309446639411 ], [ 0.596020597121608, 47.683266087711168 ], [ 0.59604475002711, 47.683355493770833 ], [ 0.596055427655177, 47.683446088708401 ], [ 0.596036062145929, 47.683627148043598 ], [ 0.595963289599562, 47.683801900581088 ], [ 0.595907718772529, 47.68388467292835 ], [ 0.595761032777306, 47.684036797652446 ], [ 0.595572126460818, 47.684165952979228 ], [ 0.595101767092781, 47.684383936602394 ], [ 0.594739751152192, 47.68451526533832 ], [ 0.594572338528598, 47.68457367551823 ], [ 0.593800179150426, 47.685082728033009 ], [ 0.592987975651469, 47.685514074151044 ], [ 0.590681705862795, 47.686568758230848 ], [ 0.58979326123923, 47.686847622883697 ], [ 0.589544187131001, 47.686905361772538 ], [ 0.588662210873478, 47.686989364604401 ], [ 0.588269038705996, 47.687000104182296 ], [ 0.587779372711553, 47.687255803115498 ], [ 0.587222031331292, 47.687537554930074 ], [ 0.586585452200014, 47.687732802158635 ], [ 0.586236148543435, 47.687799995780026 ], [ 0.585599726759934, 47.688028387330398 ], [ 0.585259589624745, 47.688092994775317 ], [ 0.584598502217567, 47.688120064645091 ], [ 0.584045871035052, 47.688184039444423 ], [ 0.58358755521883, 47.688286794130711 ], [ 0.582702026647091, 47.688604984636406 ], [ 0.581625542752732, 47.688947519430869 ], [ 0.580796226611727, 47.689188858570326 ], [ 0.580421343195631, 47.689233575103664 ], [ 0.579952016821479, 47.689243582630397 ], [ 0.579450134976333, 47.689228229818085 ], [ 0.5790559607776, 47.689346331105689 ], [ 0.578746740354027, 47.689469106369152 ], [ 0.578495652662362, 47.689522907405809 ], [ 0.578233797231227, 47.689542319103793 ], [ 0.577843213473609, 47.689505671893407 ], [ 0.577485599537896, 47.689393472246131 ], [ 0.577192250293119, 47.689215536945547 ], [ 0.577045367413946, 47.689067885553612 ], [ 0.576795871213668, 47.688673623711381 ], [ 0.576526020881767, 47.688803886402532 ], [ 0.576172100318479, 47.688893194225102 ], [ 0.576573660281449, 47.689445427745554 ], [ 0.57666370549659, 47.689705549761094 ], [ 0.57665878187739, 47.689883974022699 ], [ 0.576554445618526, 47.690141650690094 ], [ 0.576424240849938, 47.690296949260571 ], [ 0.576251216493674, 47.69043184980962 ], [ 0.57604217397928, 47.690541050564306 ], [ 0.575762031857765, 47.69062965282437 ], [ 0.575591888052001, 47.690730163634356 ], [ 0.575369481229895, 47.690818506118013 ], [ 0.574999247563843, 47.690892947271919 ], [ 0.574741493558555, 47.690901148636542 ], [ 0.574362533289987, 47.690850544663022 ], [ 0.574020973824769, 47.690728700015143 ], [ 0.573745501090555, 47.690545846533055 ], [ 0.573603332391314, 47.690386552440692 ], [ 0.573596808767533, 47.690376310756456 ], [ 0.572891251278858, 47.691111183388479 ], [ 0.572278484205394, 47.691677582861622 ], [ 0.57211478602477, 47.691984900410709 ], [ 0.571996225264914, 47.692532923453385 ], [ 0.571847415304388, 47.692780583816365 ], [ 0.571350477049793, 47.69323674978439 ], [ 0.571149135839014, 47.693359232195384 ], [ 0.57091526428168, 47.693451692108148 ], [ 0.570268144050963, 47.693604356125341 ], [ 0.570012300025544, 47.693644333188537 ], [ 0.569749812346406, 47.693649672626698 ], [ 0.569365879196629, 47.693592657697913 ], [ 0.568851526133978, 47.693424135051622 ], [ 0.568629245713971, 47.693329665585281 ], [ 0.56802463310717, 47.69294836889803 ], [ 0.567607638716176, 47.692633865870881 ], [ 0.567084897024163, 47.692493519068329 ], [ 0.566996028118597, 47.692527993201217 ], [ 0.56678725916224, 47.692587587634776 ], [ 0.566475076745848, 47.692627009375585 ], [ 0.566324077396783, 47.692847501822897 ], [ 0.566219092093201, 47.693221085912072 ], [ 0.566145974641382, 47.693400039255742 ], [ 0.566089324786897, 47.693484747805726 ], [ 0.565938850720778, 47.693640120257555 ], [ 0.56574436753708, 47.693771346075259 ], [ 0.565181437334344, 47.694025252013461 ], [ 0.564932997274943, 47.694111210389075 ], [ 0.564663489588213, 47.694160352851412 ], [ 0.564145940474591, 47.694216343644101 ], [ 0.563829664807457, 47.694224866252661 ], [ 0.563296988771745, 47.694193254465212 ], [ 0.562240126446926, 47.694018090077563 ], [ 0.561455685546389, 47.693941799952874 ], [ 0.560895518238189, 47.693837891455054 ], [ 0.560660722601105, 47.693777778793674 ], [ 0.560240148324732, 47.693602188182908 ], [ 0.560038544809782, 47.693472782577508 ], [ 0.559750526348441, 47.69323753715242 ], [ 0.559619743459435, 47.693076606375016 ], [ 0.559559807618973, 47.692954163986286 ], [ 0.559217772820323, 47.693022876969465 ], [ 0.558477820770033, 47.693217951132425 ], [ 0.558198426407286, 47.69325009233264 ], [ 0.557633988536593, 47.69327385099789 ], [ 0.555574859702971, 47.693181109615438 ], [ 0.555109188494555, 47.693127722638472 ], [ 0.554407049398675, 47.693439479409228 ], [ 0.554085408298534, 47.693524235087466 ], [ 0.553566825660933, 47.69361075128046 ], [ 0.553265391192235, 47.693636946355269 ], [ 0.55247113038575, 47.693584361487424 ], [ 0.552219413094075, 47.693532099918599 ], [ 0.551882441663545, 47.693393965405541 ], [ 0.551697648135684, 47.693267288689071 ], [ 0.55155334302822, 47.693118557024711 ], [ 0.55142463248339, 47.692866984515639 ], [ 0.551402205845965, 47.692689828568319 ], [ 0.551431796450269, 47.69251315326764 ], [ 0.551555146095027, 47.692285226147384 ], [ 0.551248151453608, 47.692134305163165 ], [ 0.551231299905221, 47.692123499144586 ], [ 0.551062148478461, 47.692209626672934 ], [ 0.550986462462378, 47.692224163048806 ], [ 0.550768992809549, 47.692530275539468 ], [ 0.550615842749533, 47.692658693993224 ], [ 0.550430567230274, 47.692766095866105 ], [ 0.550143442708718, 47.692903830178018 ], [ 0.549930778614381, 47.692987074048759 ], [ 0.548993469088098, 47.693215703981927 ], [ 0.549114138157249, 47.693273425564975 ], [ 0.549300854916382, 47.693396900482277 ], [ 0.549448303201789, 47.693542596857945 ], [ 0.549550814269595, 47.693704916455395 ], [ 0.549612216235518, 47.693965800029844 ], [ 0.549589279673042, 47.694141577851596 ], [ 0.549515987369343, 47.694310956677988 ], [ 0.549395155162737, 47.694467425361822 ], [ 0.549231426114125, 47.694604971164587 ], [ 0.549031094780068, 47.694718305726433 ], [ 0.548625862174205, 47.694873097897869 ], [ 0.54837879238478, 47.695149940361695 ], [ 0.548220332620114, 47.695273712201569 ], [ 0.547755688687582, 47.695524098612857 ], [ 0.547513804783055, 47.695607453038221 ], [ 0.547360752300523, 47.695640669834908 ], [ 0.546763994600477, 47.696759558183928 ], [ 0.546557033886617, 47.696979393623288 ], [ 0.546060862332122, 47.697305263176702 ], [ 0.545868323882252, 47.69740831200825 ], [ 0.545651042439838, 47.69748575851051 ], [ 0.54504463743813, 47.697611798670955 ], [ 0.544767383071389, 47.697629065246026 ], [ 0.544628270415213, 47.697622959885209 ], [ 0.543600929075466, 47.697480542274903 ], [ 0.543317546127689, 47.69761038122121 ], [ 0.542738023166302, 47.697818035167757 ], [ 0.542471043731661, 47.697888161227155 ], [ 0.541579345547937, 47.697985763644041 ], [ 0.540791268702586, 47.698025712699909 ], [ 0.539890189053838, 47.697943061379618 ], [ 0.539361953398522, 47.697853273525865 ], [ 0.538821494310906, 47.697879156316574 ], [ 0.538126203151573, 47.697936204959682 ], [ 0.537194896701596, 47.697900543080713 ], [ 0.53682749955964, 47.697824588863341 ], [ 0.536129308481053, 47.697548086680335 ], [ 0.535951993705874, 47.697504685490536 ], [ 0.535601833642498, 47.697636431671683 ], [ 0.535368713232243, 47.697683354939315 ], [ 0.535126844250633, 47.6977009015487 ], [ 0.53441024447618, 47.697704203058343 ], [ 0.534154506416319, 47.697672860164118 ], [ 0.533720849561411, 47.697589557135807 ], [ 0.533499295382419, 47.697576672934453 ], [ 0.533288376615895, 47.697581852663404 ], [ 0.532685851839491, 47.698131373822683 ], [ 0.532597796418969, 47.69820475503785 ], [ 0.532390058031661, 47.698330886440004 ], [ 0.531720854553988, 47.698591278480713 ], [ 0.531460228335061, 47.698648894141613 ], [ 0.53112607177739, 47.698697785055103 ], [ 0.530912384685712, 47.6989009682556 ], [ 0.530817195852107, 47.698969364515598 ], [ 0.530711973418735, 47.699030697739971 ], [ 0.530476105538085, 47.699129592050191 ], [ 0.529496038075568, 47.699374160383357 ], [ 0.529060329419979, 47.699442481487267 ], [ 0.528926931016027, 47.699511237682202 ], [ 0.528423435905824, 47.699875935076577 ], [ 0.528191519567231, 47.69998703919287 ], [ 0.528063732284808, 47.700029447069014 ], [ 0.526381534685272, 47.700530384638895 ], [ 0.524953634529999, 47.700814410167929 ], [ 0.523314841021568, 47.701036286855341 ], [ 0.522671898258207, 47.701072400836097 ], [ 0.522539488231497, 47.70114562121227 ], [ 0.522308788517294, 47.701233665944571 ], [ 0.52180136748286, 47.701347407107569 ], [ 0.521005243679165, 47.701434273729035 ], [ 0.519478010517632, 47.701519778087714 ], [ 0.51901029892526, 47.701594921629926 ], [ 0.518632527445305, 47.701673208297812 ], [ 0.518482871974707, 47.701688397554975 ], [ 0.517780104485993, 47.701684181680108 ], [ 0.517497013220954, 47.70170962967395 ], [ 0.516925148948754, 47.701801590628605 ], [ 0.516676719600356, 47.701892555580237 ], [ 0.516444115804003, 47.701941367231498 ], [ 0.516123364842467, 47.701982692295481 ], [ 0.515605030239409, 47.702002695574933 ], [ 0.515345317974963, 47.70196890767415 ], [ 0.514986899846248, 47.701855369442988 ], [ 0.514782428928804, 47.701742116806621 ], [ 0.514615098516262, 47.701603846271325 ], [ 0.514447679267498, 47.70136165517696 ], [ 0.514398185161978, 47.701186266316206 ], [ 0.514400950307982, 47.70100773334358 ], [ 0.514490557899635, 47.700770512831411 ], [ 0.514444747512843, 47.700763479523367 ], [ 0.514085874965197, 47.700698324929782 ], [ 0.513448891765718, 47.700906707752516 ], [ 0.513383283875684, 47.700916507797608 ], [ 0.512842693328839, 47.700795963809597 ], [ 0.51235263001451, 47.700739390470488 ], [ 0.512073845274935, 47.70074418255907 ], [ 0.511572561714151, 47.700788501360286 ], [ 0.511337735691931, 47.700824048635269 ], [ 0.511204566597234, 47.700858207516291 ], [ 0.511030272397706, 47.700981230847823 ], [ 0.510698007759419, 47.701179830310785 ], [ 0.510363026719081, 47.701525710645413 ], [ 0.509881242064272, 47.701926352705996 ], [ 0.50924696149732, 47.702275173677748 ], [ 0.508587487224825, 47.702517488203803 ], [ 0.508101740503236, 47.702881217606212 ], [ 0.507785819185351, 47.703038279774496 ], [ 0.507540931446439, 47.703225597824513 ], [ 0.507319550455928, 47.703340971783781 ], [ 0.506755229413996, 47.703529229455341 ], [ 0.506551724289193, 47.703620061362635 ], [ 0.506306729522288, 47.703692129341334 ], [ 0.506045364909299, 47.703729771283726 ], [ 0.50503374659125, 47.703805062533142 ], [ 0.504642122766558, 47.703987461823317 ], [ 0.504388423939382, 47.704051272401976 ], [ 0.504072636129052, 47.704103562508209 ], [ 0.503750090620911, 47.704116924980809 ], [ 0.503488567033093, 47.704100042422297 ], [ 0.503237025361864, 47.704048876306672 ], [ 0.503005227882631, 47.703965410056988 ], [ 0.502802174621781, 47.703852886922824 ], [ 0.50263574686757, 47.703715672669055 ], [ 0.502462976524851, 47.703511801484048 ], [ 0.502387707798245, 47.703350398910516 ], [ 0.502358522834251, 47.703182338771668 ], [ 0.502404929521481, 47.702749868563409 ], [ 0.502473654691118, 47.702580362335468 ], [ 0.50258986250549, 47.702423103215914 ], [ 0.502749125603483, 47.702284084023781 ], [ 0.503055069688243, 47.702121109244359 ], [ 0.503292396771923, 47.702048868152218 ], [ 0.503516341700083, 47.702012758721004 ], [ 0.503814526327913, 47.701913333371024 ], [ 0.504153513941029, 47.701822410065667 ], [ 0.504550479052673, 47.701745817504651 ], [ 0.504798429302516, 47.701541357447972 ], [ 0.505255833280993, 47.701068717871117 ], [ 0.505741414152702, 47.700668820748156 ], [ 0.505940800305237, 47.700535959966381 ], [ 0.506414664185719, 47.700280617926538 ], [ 0.506992065492303, 47.699876135189264 ], [ 0.507160522006844, 47.699706338324539 ], [ 0.506764365518579, 47.699647771881786 ], [ 0.506638494891114, 47.699616831505594 ], [ 0.505639499716664, 47.699332123616557 ], [ 0.505425690007259, 47.699255043663392 ], [ 0.50523608731025, 47.699153104974698 ], [ 0.504708149179612, 47.698811926757259 ], [ 0.504231197895509, 47.698476814125073 ], [ 0.503588642709736, 47.697884791842476 ], [ 0.503241652909385, 47.697682243063213 ], [ 0.502946128536136, 47.697548255633642 ], [ 0.502599565050383, 47.69746783615026 ], [ 0.502374241617572, 47.697399188982843 ], [ 0.501922141555119, 47.69719077607165 ], [ 0.501705559828996, 47.697063145623609 ], [ 0.5011642242361, 47.696578135203339 ], [ 0.500659692385665, 47.696178153347191 ], [ 0.500208852981851, 47.69587002838518 ], [ 0.499843673730169, 47.695563782783793 ], [ 0.499688779772126, 47.695400611651763 ], [ 0.499581183465665, 47.695219253550619 ], [ 0.49909767811679, 47.694942072310511 ], [ 0.498775867469657, 47.69471035032992 ], [ 0.498430653347658, 47.694377755241881 ], [ 0.496913621934457, 47.693162345365671 ], [ 0.496382594782002, 47.692659245566411 ], [ 0.496281798137389, 47.692516739370767 ], [ 0.496194699494651, 47.692317150381044 ], [ 0.495939400359508, 47.692150859677874 ], [ 0.495310411125064, 47.6916821309797 ], [ 0.494844993563237, 47.691184207365929 ], [ 0.494231664004792, 47.69062632872788 ], [ 0.493858190223838, 47.690173215506427 ], [ 0.493463905699626, 47.689883403798753 ], [ 0.493035104439678, 47.68965345773907 ], [ 0.492495350639377, 47.68939781649668 ], [ 0.491915275552908, 47.689232454510808 ], [ 0.4911956652915, 47.688933017913563 ], [ 0.490993833669692, 47.688828735862856 ], [ 0.489619175542612, 47.687952430452164 ], [ 0.489343579174861, 47.68768114393076 ], [ 0.488821176096355, 47.687365004877499 ], [ 0.488423278829147, 47.68700524026989 ], [ 0.487922379879658, 47.68666441422242 ], [ 0.487446065838929, 47.686284014500913 ], [ 0.486498988554043, 47.685737297829547 ], [ 0.486333166765496, 47.68559037303806 ], [ 0.485888528911588, 47.685064339799688 ], [ 0.485799644185458, 47.684925122170554 ], [ 0.48553540678778, 47.684385959658535 ], [ 0.485433802008839, 47.684292813953689 ], [ 0.484976418556753, 47.684008552940959 ], [ 0.484521762511121, 47.683636955533323 ], [ 0.48416716325026, 47.683305618454568 ], [ 0.483151905566784, 47.682557496694749 ], [ 0.482358774120814, 47.682026169862965 ], [ 0.481590384721734, 47.681620496023776 ], [ 0.481433907325162, 47.681504227136244 ], [ 0.480982965983924, 47.681103884582157 ], [ 0.48086061203149, 47.680973360797978 ], [ 0.480482187384948, 47.680480607914973 ], [ 0.480106958865823, 47.679860218228846 ], [ 0.47955842115185, 47.679041892626223 ], [ 0.479289222667424, 47.678851288080324 ], [ 0.478545189466474, 47.678399307365382 ], [ 0.477905161602115, 47.678033600494217 ], [ 0.476914914886127, 47.677568147430783 ], [ 0.476185558973646, 47.677131845024505 ], [ 0.475482696463993, 47.676604614206965 ], [ 0.474904801627852, 47.676071872073521 ], [ 0.474768174928134, 47.675911811893194 ], [ 0.474445367397933, 47.675249104434663 ], [ 0.47437054252127, 47.674864675599594 ], [ 0.474103015130698, 47.674638695467209 ], [ 0.47320720472108, 47.674126545048111 ], [ 0.472873354871938, 47.673830362491621 ], [ 0.472226349545164, 47.673427712396908 ], [ 0.472125695325748, 47.673357899149785 ], [ 0.471960722460293, 47.673198352180854 ], [ 0.471624948631268, 47.672784521191616 ], [ 0.471534532028822, 47.672646872098056 ], [ 0.471322932577964, 47.67210005597596 ], [ 0.471202795046673, 47.671856739338068 ], [ 0.47081516150172, 47.671477569060265 ], [ 0.470261845912773, 47.671045489023172 ], [ 0.470128783257765, 47.67088839931909 ], [ 0.469908762861643, 47.670554691427313 ], [ 0.469825955545708, 47.670385934890469 ], [ 0.469793870818543, 47.670209476353754 ], [ 0.46981376002736, 47.670032200611516 ], [ 0.469938799794561, 47.66977982566803 ], [ 0.470170463105081, 47.669527674074331 ], [ 0.470323297999811, 47.669193012434825 ], [ 0.470415934809017, 47.668866397888024 ], [ 0.470480120849762, 47.668714110978527 ], [ 0.470775562620759, 47.6683553516092 ], [ 0.471008576815462, 47.668161075970168 ], [ 0.471204230739747, 47.66805900246402 ], [ 0.471842479546776, 47.667785843685451 ], [ 0.472207847034421, 47.667655359080726 ], [ 0.472456191998306, 47.667589813849901 ], [ 0.472718885143544, 47.667558980143482 ], [ 0.472852335411895, 47.667557021286072 ], [ 0.473237687319916, 47.667586126254236 ], [ 0.47352584766032, 47.667634661607586 ], [ 0.473782288745837, 47.667553774949553 ], [ 0.474048718443421, 47.667509079518837 ], [ 0.475230953343821, 47.667474690057475 ], [ 0.476130545839773, 47.667361249435686 ], [ 0.476571676435076, 47.667272595253877 ], [ 0.477362364673933, 47.666854052290688 ], [ 0.477580257732377, 47.666758214681707 ], [ 0.478685482932711, 47.66645389243299 ], [ 0.479777026667328, 47.666251218096932 ], [ 0.480834410248245, 47.666036110948717 ], [ 0.48173109490111, 47.665933412270086 ], [ 0.482109060673567, 47.665893722953463 ], [ 0.482700019905896, 47.665814913185621 ], [ 0.482971259727939, 47.665739123670463 ], [ 0.483357490944142, 47.665551992409462 ], [ 0.483713746069051, 47.665335557356094 ], [ 0.484613075320388, 47.664695054061134 ], [ 0.484817885418869, 47.664577061928519 ], [ 0.484932464071259, 47.664529141917079 ], [ 0.485689049101104, 47.664260172891503 ], [ 0.486530374216878, 47.664059019030489 ], [ 0.48701100183339, 47.664018953190201 ], [ 0.487028138600487, 47.664014369657657 ], [ 0.486810503597329, 47.66400770868124 ], [ 0.485714334990646, 47.664034277458427 ], [ 0.485079965074694, 47.664073850531302 ], [ 0.483858316356969, 47.664305938213914 ], [ 0.482704369568235, 47.66467947296394 ], [ 0.481396311082815, 47.665048234120022 ], [ 0.481171627189529, 47.665083074430797 ], [ 0.480449092462945, 47.665151367692033 ], [ 0.47986448911144, 47.665296150855816 ], [ 0.47941280659291, 47.665516677636695 ], [ 0.47841399556806, 47.66618728011214 ], [ 0.477505351656905, 47.666641130904566 ], [ 0.476131781448794, 47.667179476972933 ], [ 0.475781107208036, 47.667273627129141 ], [ 0.47517163309352, 47.667372732023836 ], [ 0.474900539949231, 47.667397308305951 ], [ 0.474158147436852, 47.667360718882222 ], [ 0.473887405260616, 47.66730727269497 ], [ 0.473639384224307, 47.667216527514825 ], [ 0.472992076931199, 47.666908491525511 ], [ 0.472352609701932, 47.666430582054744 ], [ 0.472040864356129, 47.666713430511841 ], [ 0.471381225919439, 47.667225198018848 ], [ 0.470925101194259, 47.66763481046744 ], [ 0.470745848746052, 47.667747457896432 ], [ 0.470539109303904, 47.667836049065862 ], [ 0.470007286629355, 47.667958835504464 ], [ 0.468894455178465, 47.668340694441873 ], [ 0.468648461303461, 47.668405799585535 ], [ 0.46856516379509, 47.668418646180875 ], [ 0.468256066697568, 47.668439151897935 ], [ 0.467163088026207, 47.668434115894755 ], [ 0.466604543712198, 47.668500990032591 ], [ 0.465632697856401, 47.668651623667877 ], [ 0.465275281377053, 47.66867352761485 ], [ 0.464320740990807, 47.66858985749888 ], [ 0.463218847512343, 47.668416421951619 ], [ 0.463087675775066, 47.668390351038504 ], [ 0.462840605012055, 47.668311749036995 ], [ 0.462070916163769, 47.667998101061691 ], [ 0.461088197146305, 47.667644000162916 ], [ 0.460405487831247, 47.667348382701483 ], [ 0.459175388131896, 47.667143494146949 ], [ 0.458095750287048, 47.666912266155236 ], [ 0.457187797322345, 47.666599138716911 ], [ 0.456982956587044, 47.666510769498146 ], [ 0.456805287139025, 47.666398734 ], [ 0.456541078800032, 47.666163882213624 ], [ 0.456338386195691, 47.666067791281627 ], [ 0.455698259859663, 47.665984789158159 ], [ 0.455621171877736, 47.66597205457056 ], [ 0.455346464214907, 47.665891685264313 ], [ 0.45468042494454, 47.665627908074377 ], [ 0.454477293414694, 47.665506242015752 ], [ 0.454224307072712, 47.665257038264635 ], [ 0.453855863371345, 47.665159086730682 ], [ 0.453201821720451, 47.66489314409295 ], [ 0.452343614136476, 47.66488333340962 ], [ 0.452120323675663, 47.664866923342188 ], [ 0.451344879242068, 47.664715921682756 ], [ 0.4510946164321, 47.664625642299782 ], [ 0.450981568271004, 47.664567529187906 ], [ 0.45049800215216, 47.664290240441183 ], [ 0.45040732822777, 47.664238245182098 ], [ 0.449648896533048, 47.66383419493809 ], [ 0.449062576157903, 47.663573484067037 ], [ 0.448478812152396, 47.66339982324142 ], [ 0.447905725991757, 47.663187190500395 ], [ 0.447323003704287, 47.662900868784376 ], [ 0.444865785130021, 47.66251434726545 ], [ 0.44455999098164, 47.662440688017078 ], [ 0.444121806842563, 47.662292308969207 ], [ 0.444003340046796, 47.662246932908381 ], [ 0.443789989779023, 47.6621329396174 ], [ 0.443358181575065, 47.661791889247148 ], [ 0.443219895883263, 47.661657035023758 ], [ 0.443027441542166, 47.661401413565258 ], [ 0.442723032132831, 47.6613908745557 ], [ 0.442069096071927, 47.661285276848709 ], [ 0.441826084078382, 47.661226474974661 ], [ 0.441204586731746, 47.661028314274454 ], [ 0.440101387419662, 47.660567534992886 ], [ 0.439110184372192, 47.660044747310614 ], [ 0.438764080480655, 47.659886182631901 ], [ 0.437976784755687, 47.659803468696111 ], [ 0.437354224584059, 47.659694787359605 ], [ 0.437129956637774, 47.659648505382421 ], [ 0.435981271207193, 47.659588395382428 ], [ 0.435448919830091, 47.659546977758787 ], [ 0.435038865121816, 47.65951461314706 ], [ 0.434564827265337, 47.65947881053382 ], [ 0.433494776240636, 47.659409563342017 ], [ 0.431917988826074, 47.65919703131236 ], [ 0.43158829247647, 47.65912245248748 ], [ 0.43100813027978, 47.659161966126533 ], [ 0.430765648501455, 47.659150028562422 ], [ 0.430530416820249, 47.659108518691603 ], [ 0.430076305473022, 47.65896889284317 ], [ 0.429473606064073, 47.658943985507968 ], [ 0.42880185704736, 47.658886182501973 ], [ 0.428576785694709, 47.65885325938703 ], [ 0.427659802003797, 47.65859834326443 ], [ 0.42668298043269, 47.658135609964837 ], [ 0.426307205202792, 47.657920379790802 ], [ 0.425902956037246, 47.657856035992779 ], [ 0.425220852894877, 47.657775600257615 ], [ 0.424217720755267, 47.657728299058 ], [ 0.422220633434779, 47.657581808615546 ], [ 0.421972756166322, 47.657669301325086 ], [ 0.421480569711478, 47.657802446083167 ], [ 0.421001795435564, 47.657894883775974 ], [ 0.420761565330695, 47.657909983940812 ], [ 0.420521243319558, 47.657895564533582 ], [ 0.419941350818021, 47.65779102356808 ], [ 0.419088169277821, 47.658027636769077 ], [ 0.418699163631833, 47.658223843138444 ], [ 0.418559202319757, 47.658294436293552 ], [ 0.418458839655479, 47.658340404625662 ], [ 0.418273170172202, 47.658417354143445 ], [ 0.417657150954353, 47.658672654806466 ], [ 0.41687006088437, 47.65896575943988 ], [ 0.416658111815544, 47.659028848342089 ], [ 0.41551660306761, 47.659221841807067 ], [ 0.415042411770777, 47.659259574304329 ], [ 0.413381099990712, 47.659335024031407 ], [ 0.413174367707011, 47.659366346505919 ], [ 0.412775299062534, 47.65949830732211 ], [ 0.412477156017502, 47.659587764317259 ], [ 0.411928449893277, 47.659752398709536 ], [ 0.411705635437705, 47.659803868408083 ], [ 0.411472888711221, 47.659828031151221 ], [ 0.410486075048597, 47.659815212207917 ], [ 0.409971829094161, 47.659960636548952 ], [ 0.409842829635188, 47.65998364668279 ], [ 0.409577873060409, 47.660003026443754 ], [ 0.408833308628899, 47.660006879988991 ], [ 0.408122839046456, 47.659955568583221 ], [ 0.407595536527746, 47.659993982305963 ], [ 0.407355095117852, 47.659973701211214 ], [ 0.406645581510652, 47.659874281662375 ], [ 0.406313357766453, 47.659774810809957 ], [ 0.405777693059671, 47.659502659650897 ], [ 0.404895951299298, 47.658800478007997 ], [ 0.404525159035217, 47.658549196182832 ], [ 0.404171498885984, 47.658471042906307 ], [ 0.403950977638395, 47.658378522593075 ], [ 0.403761199719396, 47.658258867147893 ], [ 0.403609368697404, 47.658116619898948 ], [ 0.403555584900367, 47.658046549545489 ], [ 0.403549546963711, 47.658038683021019 ], [ 0.403368364231565, 47.657760503156958 ], [ 0.403259631232429, 47.657532225714611 ], [ 0.403231572174893, 47.65741230099178 ], [ 0.40261408163956, 47.657227344526603 ], [ 0.402359524348952, 47.657134197567302 ], [ 0.401706976770648, 47.657119683286794 ], [ 0.400825324110943, 47.656999601151853 ], [ 0.400553779122309, 47.656940377000886 ], [ 0.400307130304793, 47.6568434424711 ], [ 0.400196737357366, 47.656782160266275 ], [ 0.399542420884306, 47.656369422968794 ], [ 0.399001109745352, 47.656237408690217 ], [ 0.398461482669108, 47.656247140712246 ], [ 0.398002008082692, 47.656310428764712 ], [ 0.397561156024423, 47.656360661712348 ], [ 0.397266489159949, 47.656371041843371 ], [ 0.396890144359782, 47.656348039689107 ], [ 0.396651157321449, 47.656293202469989 ], [ 0.39621522784393, 47.656160871124193 ], [ 0.395715628179642, 47.655960210268113 ], [ 0.395301593927135, 47.655817513275537 ], [ 0.395084949334933, 47.655738440059551 ], [ 0.394514765027407, 47.655488560204624 ], [ 0.394319155382496, 47.655360398400994 ], [ 0.394236912841876, 47.655286860760164 ], [ 0.394109376207163, 47.655126890908313 ], [ 0.394104239118658, 47.655117808343341 ], [ 0.39268837891227, 47.655746678587398 ], [ 0.392419874296406, 47.65581661565146 ], [ 0.391836761430606, 47.655882098313874 ], [ 0.391228199010086, 47.655944877234425 ], [ 0.390922145589345, 47.655952388908894 ], [ 0.390157836977005, 47.655911563636664 ], [ 0.390063605339327, 47.65590652984752 ], [ 0.389820145717698, 47.655877992585559 ], [ 0.388965666627936, 47.655721531023872 ], [ 0.388731803662924, 47.655662321379289 ], [ 0.38818312180751, 47.655482142636529 ], [ 0.387929200690025, 47.65539875796221 ], [ 0.387693200865304, 47.655299464795952 ], [ 0.387204258062562, 47.655042283449113 ], [ 0.386787594956252, 47.654914373496652 ], [ 0.386369715506666, 47.654764677599587 ], [ 0.385812635752582, 47.654658951458821 ], [ 0.385578927120205, 47.654580956168431 ], [ 0.385129312631036, 47.654353169092779 ], [ 0.384943568483977, 47.65423620337252 ], [ 0.384734617674689, 47.654021641133859 ], [ 0.384469050272462, 47.653639309914823 ], [ 0.384259238321918, 47.653274441388355 ], [ 0.38411688013127, 47.653085387447966 ], [ 0.383446284345409, 47.652684329901106 ], [ 0.38324582059259, 47.652534921095295 ], [ 0.382602377738132, 47.651921414861746 ], [ 0.382338885147545, 47.651512644350845 ], [ 0.382313810741343, 47.65146430636748 ], [ 0.382285391523093, 47.651409521774575 ], [ 0.382178892373826, 47.651155816633313 ], [ 0.382090782641476, 47.650795865155395 ], [ 0.382010303092634, 47.650724413749948 ], [ 0.381821502830624, 47.650825211503985 ], [ 0.381589829173079, 47.650906059098126 ], [ 0.381209920432901, 47.650966612544295 ], [ 0.381086894005013, 47.650969572301868 ], [ 0.38107947214786, 47.650969750835579 ], [ 0.380820344510179, 47.650950154947402 ], [ 0.380571830329176, 47.650896823613401 ], [ 0.380494465687772, 47.650868022094826 ], [ 0.380424583276909, 47.651117329402943 ], [ 0.38021082143211, 47.651778970249431 ], [ 0.380007434552643, 47.652419229196461 ], [ 0.379876291434464, 47.652836861942134 ], [ 0.379825864399571, 47.652995134772659 ], [ 0.379795043432355, 47.653107016819618 ], [ 0.379782364749235, 47.653175177030342 ], [ 0.379765824421128, 47.653240548864012 ], [ 0.379747245500857, 47.653320284354365 ], [ 0.37923871336033, 47.654094188613094 ], [ 0.378766168001706, 47.654433914941215 ], [ 0.378624388124571, 47.65476935415893 ], [ 0.378641122003048, 47.654781437262649 ], [ 0.378790086309193, 47.654896452370004 ], [ 0.378923781319914, 47.654996715310624 ], [ 0.379070304991435, 47.655107172333253 ], [ 0.379103552123852, 47.655135836376914 ], [ 0.379133871143151, 47.655169838236311 ], [ 0.379153715440746, 47.655200002755649 ], [ 0.379162863953173, 47.655230827911176 ], [ 0.379177918192729, 47.655277095511316 ], [ 0.379196839410355, 47.655353169189141 ], [ 0.379256409422953, 47.655632786516193 ], [ 0.379289407540242, 47.655747901121899 ], [ 0.379327736948032, 47.655890152865183 ], [ 0.379383602010348, 47.656055312567482 ], [ 0.379434721517327, 47.656235675724119 ], [ 0.379476786235997, 47.656410432219424 ], [ 0.379515475626939, 47.65657250477706 ], [ 0.37955944700084, 47.656735596360946 ], [ 0.379593998956524, 47.656846242711339 ], [ 0.37963130244571, 47.656955149586054 ], [ 0.379302218443232, 47.657033323695394 ], [ 0.378745172270554, 47.657057750858208 ], [ 0.379240677295905, 47.658041498724764 ], [ 0.379139182672981, 47.658099561138016 ], [ 0.378996681018234, 47.658178317557514 ], [ 0.378842018350401, 47.658260403314564 ], [ 0.378706571430597, 47.658331212405272 ], [ 0.378561847671091, 47.658400912611505 ], [ 0.378435986074923, 47.658466532961718 ], [ 0.378314561017944, 47.658523246888514 ], [ 0.378198594516676, 47.65857738143211 ], [ 0.378070422824672, 47.658635744884776 ], [ 0.377853489374119, 47.658737145355722 ], [ 0.377670728306095, 47.658821300743185 ], [ 0.377413006532223, 47.658938896035991 ], [ 0.377196291822362, 47.659035797312661 ], [ 0.37701117533743, 47.659113594731366 ], [ 0.376917307470645, 47.659152013638995 ], [ 0.376801426687493, 47.659204347595612 ], [ 0.37670054674148, 47.659249813576963 ], [ 0.376623855794991, 47.659291319683909 ], [ 0.376533941603127, 47.659357745200722 ], [ 0.376456763540733, 47.659409146698422 ], [ 0.376416555222915, 47.659440664869244 ], [ 0.376408034803396, 47.659451280558848 ], [ 0.376395342684693, 47.659465404909724 ], [ 0.376399739474777, 47.659484415925405 ], [ 0.376432062303398, 47.659558989707499 ], [ 0.376472330314943, 47.659634642468504 ], [ 0.376489467393187, 47.659665647160722 ], [ 0.376494443424335, 47.659699981117733 ], [ 0.376489257651066, 47.65975119800499 ], [ 0.37647396965651, 47.659926468738668 ], [ 0.376438402025952, 47.660134605711072 ], [ 0.37638596622383, 47.66033335803295 ], [ 0.376339029623154, 47.660501613935807 ], [ 0.376323368015688, 47.660548993220189 ], [ 0.376313346293595, 47.660617212591681 ], [ 0.376275726583148, 47.660758660140928 ], [ 0.376244000993922, 47.660834497376378 ], [ 0.376215156099106, 47.660878878841224 ], [ 0.376201357016659, 47.660915492918775 ], [ 0.376196392159162, 47.660962211808879 ], [ 0.376197196293783, 47.66100005440709 ], [ 0.376197111467458, 47.661028871198859 ], [ 0.376181183998669, 47.661081647992518 ], [ 0.376173423126369, 47.661131005841753 ], [ 0.376156518118165, 47.66117655600442 ], [ 0.376131534965721, 47.661223725921531 ], [ 0.376086360102532, 47.661301962827515 ], [ 0.376080329099489, 47.661343254258455 ], [ 0.376072564459025, 47.661365594488146 ], [ 0.376058414656397, 47.661436422865236 ], [ 0.376053538157033, 47.661481342556485 ], [ 0.376044489769146, 47.661529770892137 ], [ 0.376035928293898, 47.661568303736438 ], [ 0.376040107418501, 47.661618830297179 ], [ 0.376049033901957, 47.661654153542131 ], [ 0.376051081019695, 47.661693825212062 ], [ 0.376049089042818, 47.661734306756976 ], [ 0.376047008530408, 47.661776587480702 ], [ 0.376042486121305, 47.661814310444747 ], [ 0.37602975269212, 47.661856351927717 ], [ 0.376021637432663, 47.661912906465076 ], [ 0.376003094162584, 47.661991741407647 ], [ 0.375998261833166, 47.662035761493748 ], [ 0.375994668982714, 47.662054593067097 ], [ 0.37599058918773, 47.662083320126726 ], [ 0.375973812938138, 47.662099153875531 ], [ 0.375952241416378, 47.662104072922737 ], [ 0.375856054914565, 47.662108216793392 ], [ 0.375730749850347, 47.662108104247103 ], [ 0.375600962913307, 47.66211779732199 ], [ 0.375544680681578, 47.662123737813054 ], [ 0.375405395222406, 47.662136819655217 ], [ 0.375270237395263, 47.662147292303942 ], [ 0.37514213615441, 47.662149818067611 ], [ 0.374209952862836, 47.662969117872549 ], [ 0.373523848400033, 47.663474234885996 ], [ 0.375072159153407, 47.663869261556812 ], [ 0.375359514588804, 47.664829434043376 ], [ 0.37541729338032, 47.66796205553004 ], [ 0.375176108061363, 47.668311467221024 ], [ 0.374855818936176, 47.668723943241346 ], [ 0.374676500315878, 47.668981083285694 ], [ 0.377433673237342, 47.670201139305625 ], [ 0.377294041231735, 47.670681616725609 ], [ 0.377170955797038, 47.671096723008965 ], [ 0.377067705219829, 47.671460941300261 ], [ 0.37702830542527, 47.671611354245982 ], [ 0.377012069924799, 47.671697445416349 ], [ 0.376769534687885, 47.671667685831856 ], [ 0.376361889820613, 47.671606301093362 ], [ 0.376119930912058, 47.671564845550513 ], [ 0.375895927803103, 47.672350524393948 ], [ 0.374381049142152, 47.672273271257701 ], [ 0.374359146654538, 47.673855096899359 ], [ 0.373642139752473, 47.67390202640761 ], [ 0.372835387756261, 47.673713684051151 ], [ 0.372649480679441, 47.67472625881328 ], [ 0.372287333905787, 47.676203171404268 ], [ 0.372184031749766, 47.676432297444663 ], [ 0.371159026487773, 47.676261551501192 ], [ 0.370434120238232, 47.676116461008469 ], [ 0.369231264790681, 47.675848035897239 ], [ 0.369120667680545, 47.675819429507108 ], [ 0.368862837444852, 47.676534719519545 ], [ 0.368944571657208, 47.676577245962108 ] ], [ [ 0.483763010409167, 47.713330736925613 ], [ 0.484049387383487, 47.713588517894379 ], [ 0.484239587096366, 47.713727325852105 ], [ 0.484596333788372, 47.713903138135386 ], [ 0.484818359063316, 47.713988547077768 ], [ 0.485060447643579, 47.7140438062833 ], [ 0.485420405226768, 47.714076670066142 ], [ 0.485673698328804, 47.714067036190272 ], [ 0.486037175241009, 47.713992646380021 ], [ 0.486354836560091, 47.713852121063653 ], [ 0.486528215617019, 47.713727129724603 ], [ 0.486748431534151, 47.713479973524024 ], [ 0.487068042277641, 47.713344122293059 ], [ 0.487252438003066, 47.71321882 ], [ 0.48739703008463, 47.713071629849367 ], [ 0.487525004020756, 47.712899881120826 ], [ 0.487618618468959, 47.712651440889488 ], [ 0.487627189249562, 47.712494824975806 ], [ 0.487605735832519, 47.712323950064203 ], [ 0.487484967564521, 47.712080486906132 ], [ 0.487261700684393, 47.711858370065947 ], [ 0.486792757260041, 47.711536030288578 ], [ 0.486605690050365, 47.711339309183941 ], [ 0.486488576950436, 47.711243259927443 ], [ 0.486913574060107, 47.711103939553496 ], [ 0.487431021500024, 47.710963127834454 ], [ 0.487739506425369, 47.71082965193407 ], [ 0.487874237918549, 47.710793707490566 ], [ 0.488218657908406, 47.710930028612061 ], [ 0.488679752048012, 47.711015770246384 ], [ 0.488968820915021, 47.711100716444228 ], [ 0.489275738407746, 47.711156118145119 ], [ 0.489623728092587, 47.711176709485535 ], [ 0.490189111700367, 47.711154691563728 ], [ 0.490312934139224, 47.711137395893239 ], [ 0.490489812913681, 47.711527963664949 ], [ 0.490709428648892, 47.711851247266786 ], [ 0.490947198421237, 47.712129318507408 ], [ 0.491273612533294, 47.712387302678032 ], [ 0.491572239232732, 47.712533974050828 ], [ 0.491035874410775, 47.712709782259694 ], [ 0.490535401162965, 47.712852167330468 ], [ 0.489974954051176, 47.713069958486159 ], [ 0.489735232292157, 47.713194994233049 ], [ 0.48939417487024, 47.713418991413576 ], [ 0.489239911319073, 47.713540072018361 ], [ 0.488959115308648, 47.713832947177558 ], [ 0.48866996450971, 47.714288351303949 ], [ 0.488576485971045, 47.714522574068702 ], [ 0.48853346646828, 47.714697581620584 ], [ 0.488538324647438, 47.714929532072176 ], [ 0.488580998349069, 47.715123983784302 ], [ 0.488386722862898, 47.715164992030729 ], [ 0.487943384877412, 47.7152917446681 ], [ 0.487508350991775, 47.715493699695777 ], [ 0.487350041728587, 47.715582561451228 ], [ 0.486941968848176, 47.715591650878565 ], [ 0.486231367670963, 47.715650706209665 ], [ 0.485728544497034, 47.71571311075455 ], [ 0.485596204015437, 47.715612075302346 ], [ 0.485148435455189, 47.715182572508112 ], [ 0.484123700564989, 47.714417437385165 ], [ 0.484030292000143, 47.714242794205987 ], [ 0.483851733233326, 47.713586145364516 ], [ 0.483763010409167, 47.713330736925613 ] ] ] } },
{ "type": "Feature", "properties": { "gid": 106200, "insee_dep": "72", "niveau": 1.0, "surf_m2": 73.902 }, "geometry": { "type": "Polygon", "coordinates": [ [ [ 0.456879478881524, 47.741491064441156 ], [ 0.456984715641049, 47.741341072461786 ], [ 0.456660338369491, 47.741653223220759 ], [ 0.456784041943879, 47.741570568957812 ], [ 0.456879478881524, 47.741491064441156 ] ] ] } },
{ "type": "Feature", "properties": { "gid": 112605, "insee_dep": "72", "niveau": 1.0, "surf_m2": 1039937.605 }, "geometry": { "type": "Polygon", "coordinates": [ [ [ 0.588590447154752, 47.870308466868856 ], [ 0.58886193604677, 47.870253927866351 ], [ 0.589223170892266, 47.870240686255897 ], [ 0.589532698375697, 47.87028451198271 ], [ 0.589569970652832, 47.870245241939003 ], [ 0.589278514050951, 47.870069227282485 ], [ 0.589049489218002, 47.869955572335961 ], [ 0.589003809289194, 47.869900609471124 ], [ 0.588966356862298, 47.86972336099965 ], [ 0.588988832284874, 47.869523033234444 ], [ 0.58902318712987, 47.869296837913815 ], [ 0.589122846687936, 47.86907648661051 ], [ 0.588637355375564, 47.868805391944129 ], [ 0.588665576904713, 47.868625891485259 ], [ 0.588850725750792, 47.868497337737587 ], [ 0.589432524885654, 47.868621844146681 ], [ 0.590087486076904, 47.868284143358252 ], [ 0.590463287899605, 47.868259448084757 ], [ 0.590769496068975, 47.868087457269112 ], [ 0.590978061623827, 47.868062027017658 ], [ 0.591401314769491, 47.867994183466784 ], [ 0.591978327529035, 47.86787006809039 ], [ 0.592333885718812, 47.867790026856859 ], [ 0.592366454452294, 47.867661937798083 ], [ 0.592381602752366, 47.867534391607983 ], [ 0.592500733703032, 47.867444995466826 ], [ 0.593310885008667, 47.867166286795666 ], [ 0.593591962376457, 47.86698747044219 ], [ 0.593752401724241, 47.866783668974868 ], [ 0.594002165082834, 47.866587101727823 ], [ 0.594664304458038, 47.866326057480833 ], [ 0.595366224043788, 47.866043314972728 ], [ 0.595526496892764, 47.865990775247283 ], [ 0.596061642232943, 47.865815359643946 ], [ 0.596244130418472, 47.865685839661687 ], [ 0.596438195067053, 47.865596174267971 ], [ 0.59644131118885, 47.865595221517935 ], [ 0.596721754894487, 47.865421274129361 ], [ 0.597400273356234, 47.865145372323667 ], [ 0.597190460121426, 47.865202828969132 ], [ 0.596933731705884, 47.865237496660278 ], [ 0.596245311480608, 47.865252845355229 ], [ 0.595653304781694, 47.865525951444724 ], [ 0.595443476337403, 47.865606455902039 ], [ 0.595215550521452, 47.865660253149059 ], [ 0.594774602369614, 47.865735045924424 ], [ 0.594460812006578, 47.865827633506072 ], [ 0.594214042267794, 47.865868379170564 ], [ 0.593960273876199, 47.865876985883709 ], [ 0.593451904187765, 47.865828196384811 ], [ 0.593321384410023, 47.865801712117154 ], [ 0.593075704966785, 47.865722700804646 ], [ 0.592858900002094, 47.865611844444636 ], [ 0.592829165963273, 47.865591129212753 ], [ 0.592641929388679, 47.865661408150395 ], [ 0.592679955460717, 47.86547373686318 ], [ 0.592506281000374, 47.865308324362189 ], [ 0.592376470299803, 47.865154584257098 ], [ 0.592293836499359, 47.864986733226289 ], [ 0.592236366542529, 47.864740867214891 ], [ 0.592056231326786, 47.86414465725521 ], [ 0.592071303816361, 47.86370317621423 ], [ 0.592051618627606, 47.863484011728318 ], [ 0.591876354110344, 47.863156904872163 ], [ 0.591807021427329, 47.862961208428842 ], [ 0.591732204976711, 47.862336500475209 ], [ 0.591633750727417, 47.86189370738991 ], [ 0.591546888138966, 47.861803945328184 ], [ 0.590912836695561, 47.861274815191841 ], [ 0.590316037318481, 47.860545431671071 ], [ 0.590240664709809, 47.860396252592018 ], [ 0.589898186180222, 47.859494436846589 ], [ 0.589667022144775, 47.859165193527687 ], [ 0.589573077948309, 47.858983041933222 ], [ 0.589467449022963, 47.858434148131529 ], [ 0.589000431495168, 47.857942078222294 ], [ 0.588851675372538, 47.857683089175509 ], [ 0.588665477003467, 47.857753712522147 ], [ 0.588293794877484, 47.857826400631033 ], [ 0.58789999270866, 47.857823470167929 ], [ 0.587524538458552, 47.857743463499759 ], [ 0.587199995551616, 47.857593321079861 ], [ 0.587026077807748, 47.857460473322938 ], [ 0.586845636464149, 47.857224883113105 ], [ 0.586785755593929, 47.857052474250253 ], [ 0.586707866031568, 47.856665155981965 ], [ 0.586344700028719, 47.856415068470042 ], [ 0.586144980239715, 47.856193315655169 ], [ 0.586067945578049, 47.856028048226854 ], [ 0.58603937777298, 47.855855908676979 ], [ 0.586089214609654, 47.855598775917976 ], [ 0.586182434491977, 47.855437329396281 ], [ 0.586319879981356, 47.855290891578214 ], [ 0.5864964575213, 47.855164886022685 ], [ 0.586705629828648, 47.855063979935288 ], [ 0.586944063997009, 47.854991041710683 ], [ 0.587032625899183, 47.854973606702096 ], [ 0.587008199288794, 47.854783634362811 ], [ 0.587019951888159, 47.854428485855429 ], [ 0.587102041947429, 47.853880707087029 ], [ 0.587043480994394, 47.853677797572324 ], [ 0.587024325739282, 47.853357748463104 ], [ 0.586831187055295, 47.853252397279981 ], [ 0.586503004211697, 47.853032482470347 ], [ 0.58585442500564, 47.852504193358953 ], [ 0.585499396093059, 47.852087091661616 ], [ 0.585179390705557, 47.851785335997789 ], [ 0.585058249189958, 47.851646244406673 ], [ 0.584849133971075, 47.851261944918669 ], [ 0.584808251413466, 47.851105391818265 ], [ 0.584842496790931, 47.8506995649131 ], [ 0.584924741258275, 47.850458894310535 ], [ 0.585001478719676, 47.849758159028973 ], [ 0.585067468062456, 47.849591160325097 ], [ 0.585213894878597, 47.849326188901607 ], [ 0.585499685530355, 47.848898800403546 ], [ 0.585667886671332, 47.848386477263311 ], [ 0.585654846024401, 47.84747364839621 ], [ 0.585678209489708, 47.847304271527832 ], [ 0.585748500157561, 47.847140877886275 ], [ 0.586000708941342, 47.846810354753813 ], [ 0.585792474958626, 47.84632331563791 ], [ 0.585761604278199, 47.846159925467788 ], [ 0.585795927440857, 47.845686677594983 ], [ 0.585864996477821, 47.845210681928798 ], [ 0.585854912626761, 47.844811713327218 ], [ 0.585781061017191, 47.844544203573193 ], [ 0.585758568365449, 47.844383641930499 ], [ 0.585779004625747, 47.844222956553423 ], [ 0.585872263189656, 47.843868129699331 ], [ 0.58598443768903, 47.843572177827845 ], [ 0.586061473520413, 47.843429647524161 ], [ 0.586016286519227, 47.843176578904192 ], [ 0.585885343505147, 47.84278899977199 ], [ 0.585770932792525, 47.842616981249499 ], [ 0.585605814135784, 47.842464775750386 ], [ 0.58521334873761, 47.842186619911537 ], [ 0.584866985941113, 47.841993412233293 ], [ 0.584663956829547, 47.841899941143303 ], [ 0.584438928460261, 47.841833092056405 ], [ 0.583802570945855, 47.841728262297082 ], [ 0.583726021752273, 47.841689661450879 ], [ 0.583888177858098, 47.841480416771347 ], [ 0.584164149995117, 47.841304510250751 ], [ 0.584467448502936, 47.841014263624018 ], [ 0.584350732647297, 47.840732752661481 ], [ 0.584325793619725, 47.840569706032205 ], [ 0.584345192023354, 47.84040631765879 ], [ 0.584483290087584, 47.839867754171657 ], [ 0.584833492898969, 47.839128914115783 ], [ 0.584892224071543, 47.838738319771501 ], [ 0.584948655592817, 47.838555444449987 ], [ 0.585059938412308, 47.838384349945834 ], [ 0.585313714010139, 47.838136999022758 ], [ 0.585037485784655, 47.838081208604038 ], [ 0.584800437076849, 47.837993955344203 ], [ 0.583925941769597, 47.837498152265994 ], [ 0.583409972332845, 47.837150501707093 ], [ 0.582878463194424, 47.836617349405387 ], [ 0.582373867059024, 47.836043320865187 ], [ 0.581802692632039, 47.835084738044429 ], [ 0.581746359909794, 47.834844684015636 ], [ 0.581800010204802, 47.834527594662589 ], [ 0.581587656219881, 47.834347983010588 ], [ 0.581473619233592, 47.8341844385846 ], [ 0.581384302799203, 47.833955682099734 ], [ 0.580789262677708, 47.833298617547257 ], [ 0.5802511637402, 47.832616211722829 ], [ 0.578974582344083, 47.831738964511686 ], [ 0.577951848048863, 47.831175252073329 ], [ 0.577144877807362, 47.830831610307037 ], [ 0.576922344290674, 47.830712807930517 ], [ 0.576742111458607, 47.830565029463884 ], [ 0.576410456638767, 47.830219456031884 ], [ 0.576321601009259, 47.830084265706759 ], [ 0.576175022727013, 47.82978428405567 ], [ 0.576140949791446, 47.829591801983668 ], [ 0.57616887567835, 47.829398872091609 ], [ 0.5763425522615, 47.828836563042245 ], [ 0.576433114919757, 47.828649232994138 ], [ 0.576582036406131, 47.828479660126462 ], [ 0.5769341067241, 47.828163696141026 ], [ 0.576784126206992, 47.828013565856445 ], [ 0.576725659281911, 47.827929687104145 ], [ 0.576344498575639, 47.827300533783017 ], [ 0.57626486900478, 47.827113314369591 ], [ 0.576228818537996, 47.826808193363277 ], [ 0.576007155127654, 47.826476459566507 ], [ 0.575786130576278, 47.826211582727232 ], [ 0.575385562494743, 47.826007765948631 ], [ 0.575023478971991, 47.82579773133137 ], [ 0.574458874598506, 47.82560838207629 ], [ 0.573478083488895, 47.825469904864249 ], [ 0.573230409761048, 47.825417589509847 ], [ 0.572035519246186, 47.824966511790507 ], [ 0.571830618565082, 47.824867433927842 ], [ 0.571657889981239, 47.82474487531988 ], [ 0.571645896178577, 47.824733643378686 ], [ 0.571855457972569, 47.825027596793362 ], [ 0.571939335863325, 47.825192680665474 ], [ 0.572433636487638, 47.825426492180078 ], [ 0.573500396065858, 47.82611224044571 ], [ 0.573775505635374, 47.826230167390655 ], [ 0.573983330095394, 47.82634011086725 ], [ 0.574401622570974, 47.826663139746735 ], [ 0.574770057281063, 47.826893270933738 ], [ 0.574976520464711, 47.827093181359643 ], [ 0.575235297619517, 47.827517658204115 ], [ 0.575301002898823, 47.827661911788667 ], [ 0.57546038563564, 47.828459883555006 ], [ 0.575469721579982, 47.828624348103688 ], [ 0.575371486654129, 47.829862827019113 ], [ 0.575439131119745, 47.830143346963979 ], [ 0.575649189510867, 47.83037828266464 ], [ 0.575906610584748, 47.830937754971686 ], [ 0.575955805133401, 47.831103723224402 ], [ 0.575960934477593, 47.831221280065542 ], [ 0.576335661430943, 47.831325161969183 ], [ 0.57676146046091, 47.831398525791542 ], [ 0.576989242797478, 47.831452960933291 ], [ 0.577696316539572, 47.831727764712419 ], [ 0.577981032028629, 47.831913802715178 ], [ 0.578480107940572, 47.832362289338349 ], [ 0.578598135827272, 47.832528208429856 ], [ 0.578815247458264, 47.832953047895103 ], [ 0.579170887790706, 47.833503238442304 ], [ 0.579846646833648, 47.834399518643259 ], [ 0.580117927063809, 47.83482108259647 ], [ 0.580551300670824, 47.835374014886206 ], [ 0.580896583263095, 47.836246151664604 ], [ 0.580980975069397, 47.836527728894502 ], [ 0.581307767319054, 47.836925936720746 ], [ 0.581392697492398, 47.83708590370518 ], [ 0.581604157831063, 47.837651876690281 ], [ 0.5817224244888, 47.838076160796241 ], [ 0.581750515746734, 47.839203594472146 ], [ 0.581685440847411, 47.839543563003645 ], [ 0.581660883986694, 47.83986513598289 ], [ 0.58154522855956, 47.840267107601989 ], [ 0.581472782883715, 47.840429277257165 ], [ 0.581219573594645, 47.840759987299634 ], [ 0.580885513737724, 47.8411255749918 ], [ 0.580457519627299, 47.841736861405906 ], [ 0.580594968936137, 47.841888980870173 ], [ 0.580685422489096, 47.842038185586546 ], [ 0.580795356788218, 47.842291816686895 ], [ 0.580894658416562, 47.842723100660997 ], [ 0.581044792268933, 47.842976097537019 ], [ 0.581601084435712, 47.843246944132574 ], [ 0.582297537885062, 47.843682009461027 ], [ 0.58248189542225, 47.843824162421704 ], [ 0.582735740352366, 47.844067261712205 ], [ 0.582855861831433, 47.844207654883391 ], [ 0.58293664704116, 47.84436027152686 ], [ 0.583080416118511, 47.844748373141506 ], [ 0.58314111745932, 47.845997419323027 ], [ 0.583182184521922, 47.847499402656851 ], [ 0.58307410721279, 47.848424155731756 ], [ 0.582979513139737, 47.849780234539878 ], [ 0.583010575852093, 47.850116645636767 ], [ 0.583006488780534, 47.850377966109342 ], [ 0.582897399982349, 47.850801774878512 ], [ 0.582817529409571, 47.850945207001473 ], [ 0.582915472066123, 47.851022093301196 ], [ 0.583058987713429, 47.851181425102745 ], [ 0.583388931799747, 47.851661237864484 ], [ 0.58345218654796, 47.851828476670725 ], [ 0.58352466374374, 47.852430658244771 ], [ 0.583797024083042, 47.852628766368269 ], [ 0.583954366673616, 47.852781987813195 ], [ 0.584061481784978, 47.852953728611411 ], [ 0.584161902004114, 47.853290051924262 ], [ 0.584346306143323, 47.853422927081638 ], [ 0.584508633214714, 47.853566349364847 ], [ 0.58474576474349, 47.853832809897085 ], [ 0.584859652336136, 47.854054581949612 ], [ 0.58492775972561, 47.854360267741789 ], [ 0.584903092662174, 47.854603434564019 ], [ 0.584854302678234, 47.854779279679853 ], [ 0.58462998607904, 47.855178963877307 ], [ 0.584553430629933, 47.855645538930844 ], [ 0.584519622976577, 47.856732291235211 ], [ 0.584557207408702, 47.856874243304141 ], [ 0.584904270682965, 47.857159774513313 ], [ 0.585258694710447, 47.857629209937841 ], [ 0.585346942217092, 47.857876391940621 ], [ 0.585352710117603, 47.85822825834196 ], [ 0.585753279057568, 47.858477506642494 ], [ 0.58575877224283, 47.858569013031143 ], [ 0.586477017946979, 47.858815937888409 ], [ 0.586699092033506, 47.858935848691303 ], [ 0.586878414083395, 47.859084680318958 ], [ 0.587285081643929, 47.859523872480281 ], [ 0.58758124954057, 47.859968437555352 ], [ 0.587620475278592, 47.860065724780931 ], [ 0.587664312356463, 47.860310964539593 ], [ 0.587731695866852, 47.860461578455755 ], [ 0.588038884845858, 47.860743580403081 ], [ 0.588533457516604, 47.861383733116043 ], [ 0.588609413816721, 47.86157020570402 ], [ 0.588871065038974, 47.862692038329989 ], [ 0.588928270422615, 47.862945406994683 ], [ 0.588939783143, 47.863111718937084 ], [ 0.588924963522861, 47.863210084370522 ], [ 0.588858842332553, 47.863381209657959 ], [ 0.588387046928151, 47.864046480216267 ], [ 0.588037652850797, 47.864446400528664 ], [ 0.587791315143287, 47.864761489614722 ], [ 0.587655868872165, 47.865177920286484 ], [ 0.587573987357963, 47.865347261131042 ], [ 0.58739350231605, 47.865619975424799 ], [ 0.586905937833165, 47.866261090023471 ], [ 0.586671845488058, 47.866769008022942 ], [ 0.586475408700617, 47.867062657560936 ], [ 0.586323277259139, 47.867232375494694 ], [ 0.586227328400308, 47.867307757762866 ], [ 0.586160132289358, 47.86735500508054 ], [ 0.586120990957631, 47.867558021498937 ], [ 0.586128311774715, 47.867717202410113 ], [ 0.586159462431137, 47.867833536283392 ], [ 0.586634147080061, 47.868010302987926 ], [ 0.586838031198443, 47.868103716270973 ], [ 0.587012955359345, 47.868220733665716 ], [ 0.587152971692996, 47.868357374736213 ], [ 0.587332990057354, 47.868573265209825 ], [ 0.587573422904511, 47.868951250183819 ], [ 0.587652609677538, 47.869228689897639 ], [ 0.587690686557859, 47.869287960311205 ], [ 0.58800783017862, 47.869514887010489 ], [ 0.588217401749373, 47.869769352483466 ], [ 0.588294205051043, 47.869926447014663 ], [ 0.588390663814179, 47.870380101218352 ], [ 0.588590447154752, 47.870308466868856 ] ] ] } },
{ "type": "Feature", "properties": { "gid": 112608, "insee_dep": "72", "niveau": 1.0, "surf_m2": 91.217 }, "geometry": { "type": "Polygon", "coordinates": [ [ [ 0.423628525572779, 47.72153906952714 ], [ 0.423685350013337, 47.721571753401989 ], [ 0.423874707345691, 47.721678835260199 ], [ 0.423840236863165, 47.721619295368818 ], [ 0.423590471972252, 47.721468166899818 ], [ 0.423628525572779, 47.72153906952714 ] ] ] } },
{ "type": "Feature", "properties": { "gid": 113653, "insee_dep": "72", "niveau": 1.0, "surf_m2": 3679.462 }, "geometry": { "type": "Polygon", "coordinates": [ [ [ 0.48604545404039, 47.881157137056142 ], [ 0.486321161444962, 47.880965225765102 ], [ 0.486626708655724, 47.880792129136779 ], [ 0.486895584563567, 47.880662036176645 ], [ 0.485900791591977, 47.880732075096709 ], [ 0.485469523028501, 47.880740236721778 ], [ 0.485627278024183, 47.881161882653998 ], [ 0.485702680528739, 47.881459768578033 ], [ 0.48604545404039, 47.881157137056142 ] ] ] } },
{ "type": "Feature", "properties": { "gid": 114297, "insee_dep": "72", "niveau": 1.0, "surf_m2": 12114.661 }, "geometry": { "type": "Polygon", "coordinates": [ [ [ 0.507799787491793, 47.660528352211358 ], [ 0.509179052921724, 47.659539064847372 ], [ 0.50968448252368, 47.659301316888993 ], [ 0.509716626393584, 47.659284736027615 ], [ 0.509320139452732, 47.659376613431874 ], [ 0.508895975756577, 47.659523348131536 ], [ 0.508374315483115, 47.659764350598465 ], [ 0.508167490262361, 47.659842637885269 ], [ 0.507612815552226, 47.659975822284231 ], [ 0.506924075797995, 47.660097317430285 ], [ 0.505756369088615, 47.660509132726411 ], [ 0.505296755098948, 47.660627347872783 ], [ 0.506288449961795, 47.660615876547084 ], [ 0.506830294395162, 47.660688318584356 ], [ 0.507350776493863, 47.660646659213093 ], [ 0.507611442724844, 47.660604902976267 ], [ 0.507799787491793, 47.660528352211358 ] ] ] } },
{ "type": "Feature", "properties": { "gid": 115012, "insee_dep": "72", "niveau": 3.0, "surf_m2": 285308.028 }, "geometry": { "type": "Polygon", "coordinates": [ [ [ 0.618990670563852, 47.69121343158902 ], [ 0.619030234874588, 47.691061568031905 ], [ 0.619069546125029, 47.690910674938301 ], [ 0.619069546121654, 47.690910674929363 ], [ 0.618747930263679, 47.690069232586602 ], [ 0.618427364988978, 47.690120747123615 ], [ 0.617827718526764, 47.690153659012267 ], [ 0.617688826823417, 47.690131072309264 ], [ 0.617254114576641, 47.689665946606056 ], [ 0.616533154037088, 47.689117241187056 ], [ 0.615871678547694, 47.688779474873542 ], [ 0.615250651759754, 47.688533937884451 ], [ 0.614400115167895, 47.688037595546106 ], [ 0.61406091135, 47.687918804194744 ], [ 0.613276428530638, 47.687789944990591 ], [ 0.613019270016652, 47.687782065234799 ], [ 0.612764663027036, 47.687807707173093 ], [ 0.612522101152171, 47.687865915689571 ], [ 0.612300633763414, 47.687954520017108 ], [ 0.611840309737979, 47.688226097047014 ], [ 0.61165569427683, 47.688362737503709 ], [ 0.611579943544001, 47.688439932041973 ], [ 0.611465557051865, 47.688607993138767 ], [ 0.611404461432068, 47.688788292751397 ], [ 0.611318439380929, 47.689262015978613 ], [ 0.611308624280741, 47.689360890469125 ], [ 0.611337388616053, 47.689557826347247 ], [ 0.611610249999257, 47.69040189500727 ], [ 0.61200552772244, 47.691196371683638 ], [ 0.612192159229688, 47.691404071185367 ], [ 0.61295145655755, 47.692024367321785 ], [ 0.613893965699959, 47.692624877453099 ], [ 0.614728776367752, 47.693104986703872 ], [ 0.614503976109074, 47.693077780186663 ], [ 0.613887836080829, 47.693083314338232 ], [ 0.613866695533712, 47.693084493857299 ], [ 0.613738331837991, 47.69309165872464 ], [ 0.61359116295566, 47.693111291317059 ], [ 0.613554864639373, 47.69311907890684 ], [ 0.613448193067557, 47.693141962912335 ], [ 0.613168877305801, 47.693232703812313 ], [ 0.613008295728893, 47.693314454544378 ], [ 0.613008317589549, 47.69331447133348 ], [ 0.613066427853568, 47.69335734811564 ], [ 0.613196581147419, 47.69345905828424 ], [ 0.613196581147523, 47.693459058284333 ], [ 0.613196581147543, 47.69345905828434 ], [ 0.613196581141976, 47.693459058303176 ], [ 0.613121055905294, 47.693715955087036 ], [ 0.613121055912455, 47.693715955091029 ], [ 0.614201326435351, 47.69431341164151 ], [ 0.614569418567653, 47.694522630013942 ], [ 0.614569418568189, 47.694522630014234 ], [ 0.61481434992274, 47.694263253016054 ], [ 0.614930651944118, 47.694140090619022 ], [ 0.614930651944136, 47.694140090619022 ], [ 0.614930651944157, 47.694140090619001 ], [ 0.615268913767428, 47.694121776829391 ], [ 0.61597640276703, 47.694048857967054 ], [ 0.61795823425865, 47.69393256710562 ], [ 0.618638760942974, 47.693746522828214 ], [ 0.618923121354222, 47.693382216489397 ], [ 0.618844013123266, 47.693083158482501 ], [ 0.618705187891199, 47.692558340044599 ], [ 0.618928208980044, 47.692402596464575 ], [ 0.619509302471077, 47.692411727803496 ], [ 0.618523477312876, 47.691311973950924 ], [ 0.618523477312906, 47.691311973950924 ], [ 0.618523477312897, 47.69131197395091 ], [ 0.618990670563852, 47.69121343158902 ] ] ] } },
{ "type": "Feature", "properties": { "gid": 116490, "insee_dep": "72", "niveau": 1.0, "surf_m2": 232.49 }, "geometry": { "type": "Polygon", "coordinates": [ [ [ 0.521195832410085, 47.65329416206211 ], [ 0.521007149293121, 47.653295375719551 ], [ 0.521007149292664, 47.653295375719708 ], [ 0.520897292301341, 47.653336270215775 ], [ 0.520897292300969, 47.653336270215931 ], [ 0.520865581013098, 47.653359011183056 ], [ 0.520861458808255, 47.653370162378145 ], [ 0.520845762704801, 47.653412622696109 ], [ 0.520871330162331, 47.653438928350518 ], [ 0.52089838806393, 47.653456064560388 ], [ 0.520900702924909, 47.653469148785305 ], [ 0.521195832410085, 47.65329416206211 ] ] ] } },
{ "type": "Feature", "properties": { "gid": 118421, "insee_dep": "72", "niveau": 1.0, "surf_m2": 60637.281 }, "geometry": { "type": "Polygon", "coordinates": [ [ [ 0.407327845757823, 47.633535971181011 ], [ 0.407384898305427, 47.633104844208141 ], [ 0.40738489621092, 47.633104843709873 ], [ 0.407301332771434, 47.633089309911178 ], [ 0.407257954282166, 47.633074644327507 ], [ 0.407146121186085, 47.63304803918124 ], [ 0.407146121185888, 47.633048039181226 ], [ 0.40714612118584, 47.633048039181247 ], [ 0.407001371969096, 47.633120474361988 ], [ 0.406676292874111, 47.633202413632823 ], [ 0.406676292873662, 47.633202413632951 ], [ 0.406676292873228, 47.633202413633214 ], [ 0.406457549303774, 47.633344351196008 ], [ 0.406457549303762, 47.633344351196008 ], [ 0.406457549303753, 47.633344351196016 ], [ 0.40636045490855, 47.633368311753529 ], [ 0.406260198601447, 47.633375090870771 ], [ 0.406167946657766, 47.633409065271564 ], [ 0.406049925983413, 47.633452373656823 ], [ 0.40604992598274, 47.633452373657072 ], [ 0.406026948049067, 47.633454465902233 ], [ 0.405914759338455, 47.633464681126419 ], [ 0.405743801184802, 47.633555444898874 ], [ 0.405469179968664, 47.633668221157464 ], [ 0.405009463730224, 47.633833620783733 ], [ 0.405009463727961, 47.633833620784372 ], [ 0.404426602856969, 47.634000496051272 ], [ 0.404170175584911, 47.634077938809156 ], [ 0.403862300957062, 47.634162054036167 ], [ 0.403641645513213, 47.634178762484055 ], [ 0.403536300022102, 47.634207940818158 ], [ 0.403536300015266, 47.634207940821227 ], [ 0.403358999031081, 47.634288144702694 ], [ 0.403196795874052, 47.634367000349634 ], [ 0.403058105899864, 47.634424255558457 ], [ 0.40305810589755, 47.63442425555882 ], [ 0.40270637677941, 47.634478573791753 ], [ 0.402706376771747, 47.634478573792961 ], [ 0.402633235655601, 47.634503064061697 ], [ 0.402593192950223, 47.634531892807324 ], [ 0.40259319295013, 47.634531892807573 ], [ 0.40255601165225, 47.634666153830878 ], [ 0.40254516631287, 47.634684174894986 ], [ 0.402500924373792, 47.634757688991066 ], [ 0.4024739621441, 47.634846247359874 ], [ 0.402445318476047, 47.63494197301322 ], [ 0.402393084800137, 47.635056986843701 ], [ 0.402297481651118, 47.635132310719122 ], [ 0.402173139534998, 47.635223205778672 ], [ 0.401991828308332, 47.635307429832501 ], [ 0.401846085477451, 47.635372632034851 ], [ 0.401754895372903, 47.635412030198445 ], [ 0.401643346281582, 47.635459080595787 ], [ 0.401317171094566, 47.635672466627923 ], [ 0.401317171092521, 47.635672466629288 ], [ 0.401315785308544, 47.635728272167 ], [ 0.401274733125087, 47.635777791509021 ], [ 0.401194134792624, 47.635873261318608 ], [ 0.401157353705012, 47.63591301157026 ], [ 0.40054728941027, 47.636624363819102 ], [ 0.400469406194238, 47.636664057212862 ], [ 0.400429060893682, 47.636683243864375 ], [ 0.399783926182396, 47.637004528767555 ], [ 0.399783926181872, 47.637004528767832 ], [ 0.399552994209286, 47.637149784851125 ], [ 0.399552994208836, 47.637149784851118 ], [ 0.399308761559291, 47.637157855122631 ], [ 0.399308761558677, 47.637157855122695 ], [ 0.399150750734881, 47.637119213407267 ], [ 0.399122772982575, 47.637132087721483 ], [ 0.399064879697053, 47.637158728002888 ], [ 0.398942909226703, 47.637146105084163 ], [ 0.398668692452024, 47.637167915600934 ], [ 0.398469438911143, 47.637401232159441 ], [ 0.398469438909902, 47.63740123216094 ], [ 0.398496273027191, 47.637490438310742 ], [ 0.398581805603781, 47.637774776957208 ], [ 0.398577820725896, 47.637893738438009 ], [ 0.398575957535302, 47.637949360513637 ], [ 0.398530396602635, 47.638036603136847 ], [ 0.39841126804371, 47.638062834015336 ], [ 0.398407825020056, 47.638063592131388 ], [ 0.398407825020049, 47.638063592131388 ], [ 0.398407825020016, 47.638063592131395 ], [ 0.398407825019323, 47.638063592131395 ], [ 0.398013093607012, 47.638070108323923 ], [ 0.398013093605943, 47.638070108323966 ], [ 0.397894383148492, 47.638099884571623 ], [ 0.397771079751374, 47.638169184185621 ], [ 0.397702129115454, 47.638244197718585 ], [ 0.397702129115414, 47.638244197720525 ], [ 0.39770040288604, 47.638416171335074 ], [ 0.397700402886045, 47.638416171336694 ], [ 0.397700402885892, 47.638416171337013 ], [ 0.397647064102019, 47.638536631530968 ], [ 0.397626054198863, 47.638601836714187 ], [ 0.397585098675736, 47.638676573392615 ], [ 0.397585098675564, 47.638676573393006 ], [ 0.397585098675491, 47.63867657339302 ], [ 0.397492466481432, 47.638690719795598 ], [ 0.397376533691623, 47.638690838078368 ], [ 0.397248402026331, 47.638695187318341 ], [ 0.397186208246852, 47.638713614170179 ], [ 0.397137075857285, 47.638764753213046 ], [ 0.397046110199812, 47.638826667511587 ], [ 0.397046110199773, 47.638826667511587 ], [ 0.397045833653061, 47.638826720167202 ], [ 0.396931785730719, 47.638848435290029 ], [ 0.396931785730641, 47.63884843529015 ], [ 0.396914115379802, 47.638910181936041 ], [ 0.396926389888836, 47.638939390229197 ], [ 0.396933217461543, 47.638955637035046 ], [ 0.397119359837693, 47.638991306247355 ], [ 0.397154069353932, 47.639017296235487 ], [ 0.397152639478872, 47.639026301786913 ], [ 0.397150222168522, 47.639041526335873 ], [ 0.397128895674946, 47.639068969227381 ], [ 0.397060718791776, 47.639100771476123 ], [ 0.396875057536492, 47.639137159845177 ], [ 0.396781648310745, 47.639194516548621 ], [ 0.39677342679453, 47.639253772019096 ], [ 0.396791680694332, 47.639289301773559 ], [ 0.396791680694368, 47.63928930177358 ], [ 0.396831846187393, 47.639312711703511 ], [ 0.396852309148501, 47.639330278950716 ], [ 0.396852309148644, 47.639330278950816 ], [ 0.396822878451958, 47.639387260513566 ], [ 0.39675408481682, 47.639513610441703 ], [ 0.396754084816755, 47.63951361044186 ], [ 0.39671842347523, 47.639534429633308 ], [ 0.396667623386876, 47.639537800219287 ], [ 0.396667026730528, 47.639537800361147 ], [ 0.396595438398087, 47.639542495265765 ], [ 0.396595438397812, 47.639542495265808 ], [ 0.396587553812805, 47.639567535936116 ], [ 0.396600099411409, 47.639598509742868 ], [ 0.396603013852564, 47.639605705196196 ], [ 0.396603013852773, 47.639605705196338 ], [ 0.396652233590823, 47.639634720527944 ], [ 0.396683691951852, 47.63966169366023 ], [ 0.396890311978999, 47.63959845521272 ], [ 0.397141663482402, 47.639557323068068 ], [ 0.397913535134132, 47.639530665112353 ], [ 0.397963935836376, 47.639324763963927 ], [ 0.398099491611211, 47.639093227204633 ], [ 0.398240056896473, 47.638956735393243 ], [ 0.398499037013291, 47.638793836371789 ], [ 0.398638263043543, 47.638122305585014 ], [ 0.398738363933543, 47.637882865502007 ], [ 0.39885763108092, 47.637737554647899 ], [ 0.399287490741514, 47.637387911829975 ], [ 0.399389753338357, 47.637326622959208 ], [ 0.399619373806601, 47.637226833817756 ], [ 0.400014029168157, 47.637135315093929 ], [ 0.40024620257352, 47.636927613878555 ], [ 0.400675988770513, 47.636603684367621 ], [ 0.400865004666052, 47.636486272416519 ], [ 0.40120192972459, 47.636361301419463 ], [ 0.401449979772522, 47.636316598912003 ], [ 0.401623724654931, 47.636304459539431 ], [ 0.401798709780771, 47.636132130504357 ], [ 0.401908338076376, 47.636052780915549 ], [ 0.402465118902541, 47.635702209384895 ], [ 0.402698362412752, 47.635604885132494 ], [ 0.403219869941977, 47.635472378873551 ], [ 0.403777245124816, 47.635225900655023 ], [ 0.404426517488617, 47.634858690928169 ], [ 0.405253422617127, 47.634447778299808 ], [ 0.405512458052527, 47.634347168966038 ], [ 0.406020920592282, 47.634236143188566 ], [ 0.406099904391247, 47.634098504957258 ], [ 0.406260969996363, 47.633923508011904 ], [ 0.406546092297391, 47.633744622387205 ], [ 0.406773659974365, 47.633659816531157 ], [ 0.407327845757823, 47.633535971181011 ] ] ] } },
{ "type": "Feature", "properties": { "gid": 119597, "insee_dep": "72", "niveau": 1.0, "surf_m2": 1326.385 }, "geometry": { "type": "Polygon", "coordinates": [ [ [ 0.450491097053189, 47.881706761434359 ], [ 0.450263024636759, 47.88188971973824 ], [ 0.45007046904884, 47.88201591007568 ], [ 0.449508052885929, 47.882264385738495 ], [ 0.449917335598171, 47.882505427420647 ], [ 0.450029818442871, 47.882270721615868 ], [ 0.450150979203668, 47.882081905458961 ], [ 0.450310876440909, 47.881886804753414 ], [ 0.450491097053189, 47.881706761434359 ] ] ] } },
{ "type": "Feature", "properties": { "gid": 120383, "insee_dep": "72", "niveau": 1.0, "surf_m2": 71.399 }, "geometry": { "type": "Polygon", "coordinates": [ [ [ 0.488531917788374, 47.894665807515722 ], [ 0.488469209897619, 47.894586328675167 ], [ 0.488457640537649, 47.894721407698846 ], [ 0.488584087767058, 47.894731868718615 ], [ 0.488531917788374, 47.894665807515722 ] ] ] } }
]
}
